Date,Open,High,Low,Close,Volume
2025-02-10 09:56:00+05:30,1258.7,1259.45,1257.8,1257.8,10466
2025-02-10 09:57:00+05:30,1257.8,1258.45,1257.6,1258.45,8747
2025-02-10 09:58:00+05:30,1258.45,1258.6,1258.1,1258.3,4887
2025-02-10 09:59:00+05:30,1258.3,1258.3,1257.9,1258.05,2810
2025-02-10 10:00:00+05:30,1258.05,1258.2,1257.85,1258.0,1975
2025-02-10 10:01:00+05:30,1258.2,1259.3,1258.1,1259.0,11286
2025-02-10 10:02:00+05:30,1258.95,1259.05,1258.9,1259.0,1678
2025-02-10 10:03:00+05:30,1258.95,1259.6,1258.7,1259.45,6773
2025-02-10 10:04:00+05:30,1259.05,1259.45,1259.0,1259.0,3529
2025-02-10 10:05:00+05:30,1259.05,1259.1,1258.4,1258.7,4751
2025-02-10 10:06:00+05:30,1258.7,1258.85,1257.85,1257.85,25211
2025-02-10 10:07:00+05:30,1258.0,1258.85,1257.7,1257.95,17089
2025-02-10 10:08:00+05:30,1257.95,1258.7,1257.2,1257.2,12369
2025-02-10 10:09:00+05:30,1257.2,1257.45,1255.45,1255.55,34380
2025-02-10 10:10:00+05:30,1255.55,1255.7,1254.25,1254.7,27545
2025-02-10 10:11:00+05:30,1254.5,1255.2,1254.0,1254.0,17344
2025-02-10 10:12:00+05:30,1254.0,1254.1,1252.5,1252.95,21283
2025-02-10 10:13:00+05:30,1252.95,1253.3,1252.55,1252.65,9742
2025-02-10 10:14:00+05:30,1252.65,1253.7,1252.55,1252.6,9238
2025-02-10 10:15:00+05:30,1252.65,1252.65,1251.1,1251.55,39918
2025-02-10 10:16:00+05:30,1251.55,1252.6,1251.45,1252.5,11793
2025-02-10 10:17:00+05:30,1252.5,1252.65,1251.7,1252.05,9079
2025-02-10 10:18:00+05:30,1252.15,1253.0,1252.0,1252.95,5014
2025-02-10 10:19:00+05:30,1252.95,1252.95,1252.25,1252.25,9240
2025-02-10 10:20:00+05:30,1252.25,1252.5,1251.9,1251.9,5426
2025-02-10 10:21:00+05:30,1252.0,1252.5,1251.65,1251.65,11017
2025-02-10 10:22:00+05:30,1251.8,1252.55,1251.0,1252.2,9034
2025-02-10 10:23:00+05:30,1252.2,1252.6,1251.65,1252.2,6593
2025-02-10 10:24:00+05:30,1252.2,1252.65,1252.0,1252.0,5852
2025-02-10 10:25:00+05:30,1252.1,1252.15,1251.7,1252.0,3300
2025-02-10 10:26:00+05:30,1252.0,1252.1,1251.5,1251.6,4813
2025-02-10 10:27:00+05:30,1251.9,1251.95,1251.4,1251.75,7466
2025-02-10 10:28:00+05:30,1251.75,1252.15,1251.35,1252.0,3822
2025-02-10 10:29:00+05:30,1252.0,1252.15,1251.8,1251.8,4007
2025-02-10 10:30:00+05:30,1251.8,1252.1,1251.5,1251.7,5725
2025-02-10 10:31:00+05:30,1251.7,1252.45,1251.6,1252.45,4930
2025-02-10 10:32:00+05:30,1252.3,1252.4,1252.0,1252.2,1818
2025-02-10 10:33:00+05:30,1252.2,1252.3,1251.7,1251.8,6461
2025-02-10 10:34:00+05:30,1251.8,1252.0,1251.3,1251.45,5314
2025-02-10 10:35:00+05:30,1251.5,1251.5,1250.05,1250.65,10980
2025-02-10 10:36:00+05:30,1250.6,1251.3,1250.0,1251.25,14693
2025-02-10 10:37:00+05:30,1251.25,1252.5,1251.15,1251.95,12943
2025-02-10 10:38:00+05:30,1251.9,1252.4,1251.75,1252.0,8646
2025-02-10 10:39:00+05:30,1252.0,1252.75,1251.75,1252.0,4315
2025-02-10 10:40:00+05:30,1252.0,1252.4,1252.0,1252.25,3852
2025-02-10 10:41:00+05:30,1252.1,1252.55,1251.75,1251.9,5977
2025-02-10 10:42:00+05:30,1251.85,1252.6,1251.7,1251.7,5997
2025-02-10 10:43:00+05:30,1251.7,1251.95,1249.35,1249.6,14069
2025-02-10 10:44:00+05:30,1249.8,1251.6,1249.55,1251.45,10560
2025-02-10 10:45:00+05:30,1251.45,1251.45,1251.15,1251.25,2505
2025-02-10 10:46:00+05:30,1251.25,1252.55,1251.2,1252.15,3208
2025-02-10 10:47:00+05:30,1252.15,1252.2,1250.25,1250.35,10051
2025-02-10 10:48:00+05:30,1250.35,1251.5,1250.05,1251.2,7306
2025-02-10 10:49:00+05:30,1251.2,1251.25,1250.95,1251.1,2768
2025-02-10 10:50:00+05:30,1251.1,1251.2,1251.1,1251.15,2125
2025-02-10 10:51:00+05:30,1251.15,1251.6,1251.15,1251.45,2282
2025-02-10 10:52:00+05:30,1251.5,1252.0,1251.5,1251.95,1509
2025-02-10 10:53:00+05:30,1251.95,1253.0,1251.5,1251.6,15046
2025-02-10 10:54:00+05:30,1251.6,1252.35,1251.55,1252.05,3548
2025-02-10 10:55:00+05:30,1252.05,1252.2,1251.55,1251.85,6785
2025-02-10 10:56:00+05:30,1251.8,1251.8,1251.55,1251.65,2340
2025-02-10 10:57:00+05:30,1251.65,1251.7,1251.65,1251.65,800
2025-02-10 10:58:00+05:30,1251.65,1252.55,1251.65,1252.25,7157
2025-02-10 10:59:00+05:30,1252.3,1253.0,1252.25,1252.3,7953
2025-02-10 11:00:00+05:30,1252.3,1253.2,1252.3,1253.05,19149
2025-02-10 11:01:00+05:30,1253.05,1254.0,1253.0,1254.0,3954
2025-02-10 11:02:00+05:30,1254.0,1254.3,1253.8,1254.1,3954
2025-02-10 11:03:00+05:30,1254.0,1254.0,1253.45,1253.85,7124
2025-02-10 11:04:00+05:30,1253.85,1255.0,1253.85,1254.9,11281
2025-02-10 11:05:00+05:30,1254.8,1254.85,1254.35,1254.5,2077
2025-02-10 11:06:00+05:30,1254.5,1254.55,1254.15,1254.4,2153
2025-02-10 11:07:00+05:30,1254.4,1254.4,1253.9,1254.35,8896
2025-02-10 11:08:00+05:30,1254.35,1254.35,1253.5,1254.0,9496
2025-02-10 11:09:00+05:30,1254.0,1254.15,1253.7,1254.0,4951
2025-02-10 11:10:00+05:30,1253.95,1254.0,1253.1,1253.5,5394
2025-02-10 11:11:00+05:30,1253.5,1253.5,1253.0,1253.05,1679
2025-02-10 11:12:00+05:30,1253.05,1253.1,1253.05,1253.1,726
2025-02-10 11:13:00+05:30,1253.05,1253.05,1252.45,1252.85,13874
2025-02-10 11:14:00+05:30,1252.85,1254.55,1252.85,1254.5,10187
2025-02-10 11:15:00+05:30,1254.35,1254.5,1253.35,1253.65,5100
2025-02-10 11:16:00+05:30,1253.65,1253.95,1253.5,1253.9,3088
2025-02-10 11:17:00+05:30,1254.0,1254.4,1253.8,1253.9,3627
2025-02-10 11:18:00+05:30,1253.9,1254.35,1253.5,1253.75,5955
2025-02-10 11:19:00+05:30,1253.75,1254.45,1253.7,1254.25,5105
2025-02-10 11:20:00+05:30,1254.25,1254.5,1253.6,1253.9,4996
2025-02-10 11:21:00+05:30,1253.9,1254.1,1253.85,1254.1,3225
2025-02-10 11:22:00+05:30,1254.0,1254.1,1254.0,1254.1,2790
2025-02-10 11:23:00+05:30,1254.1,1254.1,1253.0,1253.5,9165
2025-02-10 11:24:00+05:30,1253.5,1254.3,1253.5,1253.9,13691
2025-02-10 11:25:00+05:30,1253.85,1254.05,1253.5,1253.95,5036
2025-02-10 11:26:00+05:30,1253.95,1253.95,1253.25,1253.5,7621
2025-02-10 11:27:00+05:30,1253.5,1254.25,1253.3,1253.95,29870
2025-02-10 11:28:00+05:30,1253.9,1254.0,1253.35,1254.0,4744
2025-02-10 11:29:00+05:30,1254.0,1254.0,1253.35,1253.55,8755
2025-02-10 11:30:00+05:30,1253.55,1254.0,1253.25,1253.5,11442
2025-02-10 11:31:00+05:30,1253.5,1254.0,1253.25,1254.0,7742
2025-02-10 11:32:00+05:30,1254.0,1254.0,1253.65,1253.8,3736
2025-02-10 11:33:00+05:30,1253.8,1254.8,1253.75,1254.6,21756
2025-02-10 11:34:00+05:30,1254.6,1256.6,1254.55,1256.6,14913
2025-02-10 11:35:00+05:30,1256.6,1256.7,1255.7,1255.9,5665
2025-02-10 11:36:00+05:30,1255.9,1256.45,1255.75,1256.1,6313
2025-02-10 11:37:00+05:30,1256.1,1256.3,1255.35,1255.65,19571
2025-02-10 11:38:00+05:30,1255.65,1255.65,1255.15,1255.35,7391
2025-02-10 11:39:00+05:30,1255.35,1255.6,1255.3,1255.6,3597
2025-02-10 11:40:00+05:30,1255.6,1256.1,1255.45,1255.7,12530
2025-02-10 11:41:00+05:30,1255.7,1255.7,1255.0,1255.2,8907
2025-02-10 11:42:00+05:30,1255.15,1255.5,1255.05,1255.5,8265
2025-02-10 11:43:00+05:30,1255.5,1255.9,1255.15,1255.4,11172
2025-02-10 11:44:00+05:30,1255.4,1256.45,1255.1,1255.25,16813
2025-02-10 11:45:00+05:30,1255.45,1256.45,1255.4,1256.15,5131
2025-02-10 11:46:00+05:30,1256.15,1256.25,1255.55,1255.6,3106
2025-02-10 11:47:00+05:30,1255.6,1255.8,1255.5,1255.6,3493
2025-02-10 11:48:00+05:30,1255.6,1255.8,1255.55,1255.7,5265
2025-02-10 11:49:00+05:30,1255.65,1255.7,1255.05,1255.35,4793
2025-02-10 11:50:00+05:30,1255.35,1255.55,1254.8,1255.3,5713
2025-02-10 11:51:00+05:30,1255.35,1255.6,1255.05,1255.55,4059
2025-02-10 11:52:00+05:30,1255.55,1256.0,1255.1,1255.95,3684
2025-02-10 11:53:00+05:30,1255.8,1256.0,1255.35,1256.0,4570
2025-02-10 11:54:00+05:30,1256.0,1256.0,1255.6,1255.95,7082
2025-02-10 11:55:00+05:30,1255.95,1256.45,1255.95,1256.45,13383
2025-02-10 11:56:00+05:30,1256.45,1256.45,1255.7,1255.95,7771
2025-02-10 11:57:00+05:30,1255.95,1256.0,1254.85,1255.35,7623
2025-02-10 11:58:00+05:30,1255.35,1255.75,1255.15,1255.75,6286
2025-02-10 11:59:00+05:30,1255.75,1256.0,1255.25,1255.7,9843
2025-02-10 12:00:00+05:30,1255.7,1255.75,1254.9,1255.3,10429
2025-02-10 12:01:00+05:30,1255.35,1255.35,1254.0,1254.35,14450
2025-02-10 12:02:00+05:30,1254.35,1254.55,1254.05,1254.5,9970
2025-02-10 12:03:00+05:30,1254.5,1255.45,1254.3,1254.3,46098
2025-02-10 12:04:00+05:30,1254.55,1255.3,1254.2,1254.75,13709
2025-02-10 12:05:00+05:30,1254.55,1254.75,1253.75,1253.85,12375
2025-02-10 12:06:00+05:30,1254.0,1254.75,1253.85,1254.25,5426
2025-02-10 12:07:00+05:30,1254.2,1255.35,1254.2,1255.3,4166
2025-02-10 12:08:00+05:30,1255.3,1255.75,1255.3,1255.75,5361
2025-02-10 12:09:00+05:30,1255.75,1255.95,1254.6,1254.6,15792
2025-02-10 12:10:00+05:30,1254.85,1255.5,1254.6,1255.4,28028
2025-02-10 12:11:00+05:30,1255.25,1255.6,1254.6,1255.15,6618
2025-02-10 12:12:00+05:30,1255.15,1255.65,1254.85,1255.0,9393
2025-02-10 12:13:00+05:30,1255.0,1255.0,1254.05,1254.55,5753
2025-02-10 12:14:00+05:30,1254.55,1255.55,1254.5,1255.0,8145
2025-02-10 12:15:00+05:30,1255.0,1255.75,1254.9,1255.4,14133
2025-02-10 12:16:00+05:30,1255.3,1255.6,1254.75,1255.0,14109
2025-02-10 12:17:00+05:30,1255.0,1255.3,1254.4,1254.9,8648
2025-02-10 12:18:00+05:30,1254.85,1255.0,1254.35,1255.0,7128
2025-02-10 12:19:00+05:30,1255.0,1255.5,1254.7,1254.75,9462
2025-02-10 12:20:00+05:30,1254.75,1255.65,1254.6,1254.95,9718
2025-02-10 12:21:00+05:30,1254.95,1255.75,1254.95,1255.45,15548
2025-02-10 12:22:00+05:30,1255.45,1255.7,1254.95,1255.45,8408
2025-02-10 12:23:00+05:30,1255.45,1255.8,1254.55,1255.75,39164
2025-02-10 12:24:00+05:30,1255.8,1255.95,1255.4,1255.9,7541
2025-02-10 12:25:00+05:30,1255.9,1255.9,1255.4,1255.55,6411
2025-02-10 12:26:00+05:30,1255.55,1256.35,1255.5,1256.15,8640
2025-02-10 12:27:00+05:30,1256.15,1256.45,1255.85,1256.05,9819
2025-02-10 12:28:00+05:30,1256.05,1256.45,1255.95,1256.45,9155
2025-02-10 12:29:00+05:30,1256.45,1256.45,1256.35,1256.35,8654
2025-02-10 12:30:00+05:30,1256.4,1257.0,1255.05,1256.85,47801
2025-02-10 12:31:00+05:30,1256.95,1257.2,1256.0,1256.35,39248
2025-02-10 12:32:00+05:30,1256.4,1256.5,1255.0,1255.0,11828
2025-02-10 12:33:00+05:30,1255.05,1255.95,1255.0,1255.7,9287
2025-02-10 12:34:00+05:30,1255.6,1256.0,1255.4,1255.6,6298
2025-02-10 12:35:00+05:30,1255.4,1255.5,1253.55,1254.05,20644
2025-02-10 12:36:00+05:30,1253.85,1254.75,1252.8,1253.35,13285
2025-02-10 12:37:00+05:30,1253.05,1253.9,1253.05,1253.5,8025
2025-02-10 12:38:00+05:30,1253.5,1254.2,1253.1,1254.1,10404
2025-02-10 12:39:00+05:30,1254.0,1254.55,1253.7,1254.5,8310
2025-02-10 12:40:00+05:30,1254.55,1254.65,1254.15,1254.55,8378
2025-02-10 12:41:00+05:30,1254.55,1254.55,1253.7,1253.7,9084
2025-02-10 12:42:00+05:30,1253.7,1253.75,1253.35,1253.75,7814
2025-02-10 12:43:00+05:30,1253.5,1253.75,1253.5,1253.5,7354
2025-02-10 12:44:00+05:30,1253.6,1254.0,1253.5,1253.5,18955
2025-02-10 12:45:00+05:30,1253.5,1254.0,1253.1,1253.3,9448
2025-02-10 12:46:00+05:30,1253.3,1253.9,1253.2,1253.9,7167
2025-02-10 12:47:00+05:30,1253.6,1254.0,1253.5,1253.5,9513
2025-02-10 12:48:00+05:30,1253.75,1254.0,1253.5,1253.5,11029
2025-02-10 12:49:00+05:30,1253.5,1254.0,1253.5,1253.7,6544
2025-02-10 12:50:00+05:30,1253.7,1254.0,1253.6,1253.65,9618
2025-02-10 12:51:00+05:30,1253.65,1253.85,1253.5,1253.5,6839
2025-02-10 12:52:00+05:30,1253.5,1253.75,1253.5,1253.55,7481
2025-02-10 12:53:00+05:30,1253.55,1253.85,1253.4,1253.75,10009
2025-02-10 12:54:00+05:30,1253.75,1254.0,1253.35,1253.5,7902
2025-02-10 12:55:00+05:30,1253.5,1253.95,1253.35,1253.35,6952
2025-02-10 12:56:00+05:30,1253.5,1253.75,1252.75,1252.75,8355
2025-02-10 12:57:00+05:30,1252.7,1252.85,1251.55,1251.55,10515
2025-02-10 12:58:00+05:30,1251.6,1252.65,1251.55,1252.35,7870
2025-02-10 12:59:00+05:30,1252.3,1252.9,1252.15,1252.25,7393
2025-02-10 13:00:00+05:30,1252.4,1253.25,1252.2,1252.35,9621
2025-02-10 13:01:00+05:30,1252.2,1253.0,1252.2,1252.75,6463
2025-02-10 13:02:00+05:30,1252.75,1253.5,1252.35,1253.2,7964
2025-02-10 13:03:00+05:30,1252.75,1253.5,1252.65,1253.15,10406
2025-02-10 13:04:00+05:30,1252.75,1253.15,1252.45,1252.6,7571
2025-02-10 13:05:00+05:30,1252.6,1253.0,1252.2,1252.2,7672
2025-02-10 13:06:00+05:30,1252.2,1253.75,1252.1,1253.1,14461
2025-02-10 13:07:00+05:30,1253.1,1253.45,1252.5,1252.5,9284
2025-02-10 13:08:00+05:30,1252.55,1253.0,1252.25,1252.75,7710
2025-02-10 13:09:00+05:30,1252.75,1253.0,1252.5,1252.5,8522
2025-02-10 13:10:00+05:30,1252.5,1253.0,1252.5,1252.8,8907
2025-02-10 13:11:00+05:30,1252.8,1252.85,1252.25,1252.45,6843
2025-02-10 13:12:00+05:30,1252.45,1252.8,1252.25,1252.5,7428
2025-02-10 13:13:00+05:30,1252.5,1252.9,1252.45,1252.7,6790
2025-02-10 13:14:00+05:30,1252.7,1253.0,1252.35,1253.0,8379
2025-02-10 13:15:00+05:30,1252.75,1253.0,1252.5,1252.65,8070
2025-02-10 13:16:00+05:30,1252.75,1253.0,1252.5,1252.65,6439
2025-02-10 13:17:00+05:30,1252.7,1252.8,1252.0,1252.15,7297
2025-02-10 13:18:00+05:30,1252.2,1252.9,1252.0,1252.4,6843
2025-02-10 13:19:00+05:30,1252.4,1252.95,1252.15,1252.55,7621
2025-02-10 13:20:00+05:30,1252.55,1252.95,1252.0,1252.4,9546
2025-02-10 13:21:00+05:30,1252.45,1252.9,1252.35,1252.6,7923
2025-02-10 13:22:00+05:30,1252.55,1253.0,1252.5,1252.6,14776
2025-02-10 13:23:00+05:30,1252.8,1253.0,1252.5,1252.85,6804
2025-02-10 13:24:00+05:30,1252.85,1252.85,1252.2,1252.2,6883
2025-02-10 13:25:00+05:30,1252.2,1253.0,1252.2,1252.95,12975
2025-02-10 13:26:00+05:30,1252.85,1253.2,1252.7,1252.9,33217
2025-02-10 13:27:00+05:30,1253.2,1253.4,1252.9,1253.15,12866
2025-02-10 13:28:00+05:30,1253.15,1253.65,1252.95,1253.35,9557
2025-02-10 13:29:00+05:30,1253.35,1254.0,1253.2,1253.7,11448
2025-02-10 13:30:00+05:30,1253.95,1253.95,1253.35,1253.7,8586
2025-02-10 13:31:00+05:30,1253.7,1253.85,1253.45,1253.5,8634
2025-02-10 13:32:00+05:30,1253.75,1253.95,1252.65,1253.1,10627
2025-02-10 13:33:00+05:30,1253.1,1253.85,1253.05,1253.6,10616
2025-02-10 13:34:00+05:30,1253.55,1253.85,1252.4,1252.8,25815
2025-02-10 13:35:00+05:30,1252.8,1254.4,1252.7,1254.1,35647
2025-02-10 13:36:00+05:30,1253.85,1254.4,1253.45,1253.7,16869
2025-02-10 13:37:00+05:30,1253.7,1254.55,1253.6,1253.9,13543
2025-02-10 13:38:00+05:30,1254.05,1254.45,1253.9,1254.05,8600
2025-02-10 13:39:00+05:30,1254.0,1254.85,1254.0,1254.85,14305
2025-02-10 13:40:00+05:30,1254.9,1255.25,1254.3,1254.3,13774
2025-02-10 13:41:00+05:30,1254.3,1255.3,1254.3,1254.85,12857
2025-02-10 13:42:00+05:30,1254.75,1255.5,1254.55,1254.85,11708
2025-02-10 13:43:00+05:30,1255.0,1255.75,1254.85,1255.75,9532
2025-02-10 13:44:00+05:30,1255.7,1256.55,1255.6,1255.75,12686
2025-02-10 13:45:00+05:30,1255.7,1256.9,1255.6,1256.15,14521
2025-02-10 13:46:00+05:30,1256.1,1256.75,1256.0,1256.1,9356
2025-02-10 13:47:00+05:30,1256.0,1256.65,1255.8,1256.5,13831
2025-02-10 13:48:00+05:30,1256.5,1256.7,1256.1,1256.7,9995
2025-02-10 13:49:00+05:30,1256.6,1257.3,1255.9,1255.9,19800
2025-02-10 13:50:00+05:30,1256.05,1256.95,1255.85,1256.7,15908
2025-02-10 13:51:00+05:30,1256.2,1258.5,1256.15,1258.0,23416
2025-02-10 13:52:00+05:30,1258.15,1258.35,1256.55,1257.35,14357
2025-02-10 13:53:00+05:30,1257.35,1257.75,1257.0,1257.0,12888
2025-02-10 13:54:00+05:30,1257.0,1257.65,1256.6,1256.6,11981
2025-02-10 13:55:00+05:30,1256.65,1257.0,1256.25,1256.5,11095
2025-02-10 13:56:00+05:30,1256.65,1257.55,1256.35,1257.1,10813
2025-02-10 13:57:00+05:30,1257.1,1257.6,1257.0,1257.0,9062
2025-02-10 13:58:00+05:30,1257.05,1257.85,1256.9,1257.2,13025
2025-02-10 13:59:00+05:30,1257.2,1257.8,1257.15,1257.5,9913
2025-02-10 14:00:00+05:30,1257.6,1257.95,1257.1,1257.3,11542
2025-02-10 14:01:00+05:30,1257.3,1257.95,1257.2,1257.65,8142
2025-02-10 14:02:00+05:30,1257.55,1257.7,1256.85,1256.9,14894
2025-02-10 14:03:00+05:30,1256.9,1257.6,1256.55,1256.6,14368
2025-02-10 14:04:00+05:30,1257.05,1257.15,1256.2,1256.65,15189
2025-02-10 14:05:00+05:30,1256.65,1257.1,1256.1,1256.7,14220
2025-02-10 14:06:00+05:30,1256.5,1257.4,1256.5,1256.55,9916
2025-02-10 14:07:00+05:30,1256.55,1257.4,1256.4,1256.8,10114
2025-02-10 14:08:00+05:30,1256.5,1257.2,1256.4,1256.5,11326
2025-02-10 14:09:00+05:30,1256.5,1257.35,1256.4,1256.55,10774
2025-02-10 14:10:00+05:30,1256.55,1257.45,1256.45,1256.95,13880
2025-02-10 14:11:00+05:30,1256.95,1257.0,1256.4,1256.5,7408
2025-02-10 14:12:00+05:30,1256.5,1256.95,1256.3,1256.3,13111
2025-02-10 14:13:00+05:30,1256.65,1256.65,1256.0,1256.0,7569
2025-02-10 14:14:00+05:30,1256.0,1256.1,1255.05,1255.25,18674
2025-02-10 14:15:00+05:30,1255.25,1256.0,1255.1,1255.7,7139
2025-02-10 14:16:00+05:30,1255.8,1256.7,1255.8,1256.2,20525
2025-02-10 14:17:00+05:30,1256.2,1256.55,1256.05,1256.1,7512
2025-02-10 14:18:00+05:30,1256.1,1256.65,1256.0,1256.45,16750
2025-02-10 14:19:00+05:30,1256.45,1256.75,1256.0,1256.05,18009
2025-02-10 14:20:00+05:30,1256.0,1256.45,1255.9,1255.95,10433
2025-02-10 14:21:00+05:30,1255.95,1256.0,1255.8,1255.8,9795
2025-02-10 14:22:00+05:30,1255.8,1255.85,1255.55,1255.55,15293
2025-02-10 14:23:00+05:30,1255.6,1255.6,1255.35,1255.35,12607
2025-02-10 14:24:00+05:30,1255.35,1256.9,1255.25,1256.8,14807
2025-02-10 14:25:00+05:30,1256.8,1257.55,1256.75,1257.25,13118
2025-02-10 14:26:00+05:30,1257.25,1258.25,1257.05,1257.85,13800
2025-02-10 14:27:00+05:30,1257.85,1258.4,1257.65,1258.15,9975
2025-02-10 14:28:00+05:30,1258.15,1258.4,1257.75,1257.9,9594
2025-02-10 14:29:00+05:30,1257.85,1258.5,1257.5,1258.0,15062
2025-02-10 14:30:00+05:30,1257.9,1258.5,1257.75,1258.05,11616
2025-02-10 14:31:00+05:30,1258.0,1258.5,1257.9,1258.1,14061
2025-02-10 14:32:00+05:30,1258.1,1258.2,1257.6,1257.75,12403
2025-02-10 14:33:00+05:30,1257.8,1258.2,1257.6,1258.0,10479
2025-02-10 14:34:00+05:30,1257.95,1258.2,1257.6,1258.0,11156
2025-02-10 14:35:00+05:30,1258.0,1258.55,1257.75,1257.75,12847
2025-02-10 14:36:00+05:30,1257.75,1258.45,1257.75,1258.05,14032
2025-02-10 14:37:00+05:30,1258.05,1258.55,1257.75,1258.05,13101
2025-02-10 14:38:00+05:30,1258.1,1258.75,1258.0,1258.5,15289
2025-02-10 14:39:00+05:30,1258.5,1259.25,1258.25,1258.7,17797
2025-02-10 14:40:00+05:30,1258.65,1259.9,1258.65,1259.3,17979
2025-02-10 14:41:00+05:30,1259.35,1259.9,1258.55,1259.15,23459
2025-02-10 14:42:00+05:30,1259.1,1259.85,1259.0,1259.45,25644
2025-02-10 14:43:00+05:30,1259.25,1259.8,1259.0,1259.2,17756
2025-02-10 14:44:00+05:30,1259.2,1260.0,1259.05,1259.05,38846
2025-02-10 14:45:00+05:30,1259.05,1259.7,1258.85,1259.1,25434
2025-02-10 14:46:00+05:30,1259.0,1259.45,1258.75,1258.75,16930
2025-02-10 14:47:00+05:30,1258.75,1260.5,1258.6,1260.35,41521
2025-02-10 14:48:00+05:30,1260.25,1261.7,1260.05,1261.45,24307
2025-02-10 14:49:00+05:30,1261.3,1261.45,1260.35,1260.5,15978
2025-02-10 14:50:00+05:30,1260.7,1261.6,1260.3,1261.5,20427
2025-02-10 14:51:00+05:30,1261.5,1262.9,1261.3,1262.05,25468
2025-02-10 14:52:00+05:30,1261.65,1262.4,1261.5,1262.0,36206
2025-02-10 14:53:00+05:30,1262.2,1262.45,1261.75,1261.85,16588
2025-02-10 14:54:00+05:30,1261.85,1263.0,1261.75,1262.3,16929
2025-02-10 14:55:00+05:30,1262.3,1262.7,1261.8,1262.2,10981
2025-02-10 14:56:00+05:30,1262.2,1262.9,1261.85,1262.55,22325
2025-02-10 14:57:00+05:30,1262.9,1263.65,1262.55,1263.0,36534
2025-02-10 14:58:00+05:30,1263.0,1263.45,1262.95,1263.35,10663
2025-02-10 14:59:00+05:30,1263.35,1263.95,1263.0,1263.8,14824
2025-02-10 15:00:00+05:30,1263.95,1264.45,1262.75,1262.75,43829
2025-02-10 15:01:00+05:30,1262.75,1263.65,1261.8,1263.0,86625
2025-02-10 15:02:00+05:30,1263.35,1263.5,1262.25,1262.65,20548
2025-02-10 15:03:00+05:30,1262.75,1264.0,1262.6,1263.75,52848
2025-02-10 15:04:00+05:30,1263.95,1263.95,1263.0,1263.05,25004
2025-02-10 15:05:00+05:30,1263.05,1264.0,1263.0,1263.75,71430
2025-02-10 15:06:00+05:30,1263.75,1263.75,1263.5,1263.7,22086
2025-02-10 15:07:00+05:30,1263.7,1264.8,1263.0,1264.5,83552
2025-02-10 15:08:00+05:30,1264.5,1264.95,1264.45,1264.85,42400
2025-02-10 15:09:00+05:30,1264.9,1264.9,1264.1,1264.3,43038
2025-02-10 15:10:00+05:30,1264.3,1265.0,1264.3,1264.4,58451
2025-02-10 15:11:00+05:30,1264.55,1264.6,1264.35,1264.5,31302
2025-02-10 15:12:00+05:30,1264.55,1264.55,1263.85,1263.9,30140
2025-02-10 15:13:00+05:30,1263.95,1263.95,1263.6,1263.65,28249
2025-02-10 15:14:00+05:30,1263.6,1264.25,1263.0,1263.15,68292
2025-02-10 15:15:00+05:30,1263.4,1263.4,1262.2,1262.4,29260
2025-02-10 15:16:00+05:30,1262.4,1262.4,1261.75,1261.9,51403
2025-02-10 15:17:00+05:30,1261.95,1261.95,1261.85,1261.9,30565
2025-02-10 15:18:00+05:30,1261.9,1263.0,1261.9,1262.65,123801
2025-02-10 15:19:00+05:30,1262.8,1262.8,1262.65,1262.8,23286
2025-02-10 15:20:00+05:30,1262.8,1262.9,1262.6,1262.75,44933
2025-02-10 15:21:00+05:30,1262.75,1262.75,1262.4,1262.45,21295
2025-02-10 15:22:00+05:30,1262.45,1262.45,1262.15,1262.2,24314
2025-02-10 15:23:00+05:30,1262.15,1262.2,1260.6,1260.85,110071
2025-02-10 15:24:00+05:30,1260.85,1260.9,1260.8,1260.9,42533
2025-02-10 15:25:00+05:30,1260.9,1261.0,1259.95,1260.95,129111
2025-02-10 15:26:00+05:30,1260.95,1261.1,1260.95,1260.95,21584
2025-02-10 15:27:00+05:30,1261.0,1261.45,1260.85,1260.9,34283
2025-02-10 15:28:00+05:30,1260.9,1261.35,1259.65,1260.25,34493
2025-02-10 15:29:00+05:30,1260.25,1260.35,1259.1,1259.6,10451
2025-02-11 09:15:00+05:30,1255.85,1258.25,1251.5,1257.5,196696
2025-02-11 09:16:00+05:30,1257.5,1258.05,1256.05,1257.6,48581
2025-02-11 09:17:00+05:30,1257.35,1259.05,1255.4,1258.5,45328
2025-02-11 09:18:00+05:30,1258.5,1259.05,1257.85,1258.25,32116
2025-02-11 09:19:00+05:30,1258.3,1260.7,1258.3,1260.0,17864
2025-02-11 09:20:00+05:30,1260.15,1260.45,1259.65,1259.95,10319
2025-02-11 09:21:00+05:30,1259.9,1260.4,1259.2,1259.55,9712
2025-02-11 09:22:00+05:30,1259.6,1260.0,1258.7,1259.75,11707
2025-02-11 09:23:00+05:30,1259.75,1260.0,1259.05,1259.1,7584
2025-02-11 09:24:00+05:30,1259.1,1259.5,1258.1,1259.5,8380
2025-02-11 09:25:00+05:30,1259.35,1260.4,1259.25,1260.4,12846
2025-02-11 09:26:00+05:30,1260.35,1260.4,1259.2,1259.25,15565
2025-02-11 09:27:00+05:30,1259.25,1259.45,1258.15,1258.6,14907
2025-02-11 09:28:00+05:30,1258.55,1259.45,1258.3,1258.3,15862
2025-02-11 09:29:00+05:30,1258.3,1259.0,1256.2,1256.5,583739
2025-02-11 09:30:00+05:30,1256.5,1256.8,1255.4,1255.85,18901
2025-02-11 09:31:00+05:30,1255.5,1256.45,1254.35,1254.9,16938
2025-02-11 09:32:00+05:30,1254.85,1254.9,1253.95,1254.15,9029
2025-02-11 09:33:00+05:30,1254.15,1254.3,1252.55,1253.55,14629
2025-02-11 09:34:00+05:30,1253.3,1254.0,1252.9,1253.15,13277
2025-02-11 09:35:00+05:30,1253.15,1253.5,1252.05,1252.55,21615
2025-02-11 09:36:00+05:30,1252.55,1254.0,1252.55,1253.25,7907
2025-02-11 09:37:00+05:30,1253.2,1254.2,1252.8,1254.2,9529
2025-02-11 09:38:00+05:30,1254.1,1254.85,1253.35,1253.75,10881
2025-02-11 09:39:00+05:30,1253.75,1254.35,1253.25,1253.7,8929
2025-02-11 09:40:00+05:30,1253.75,1255.15,1253.75,1255.05,5740
2025-02-11 09:41:00+05:30,1255.1,1256.8,1254.8,1255.95,23612
2025-02-11 09:42:00+05:30,1255.65,1256.35,1255.0,1255.9,5792
2025-02-11 09:43:00+05:30,1255.85,1256.5,1255.5,1256.5,7347
2025-02-11 09:44:00+05:30,1256.25,1256.8,1255.8,1256.45,10106
2025-02-11 09:45:00+05:30,1256.6,1256.7,1255.55,1255.95,6923
2025-02-11 09:46:00+05:30,1255.75,1255.85,1254.05,1254.35,16007
2025-02-11 09:47:00+05:30,1254.25,1254.95,1253.55,1254.35,14503
2025-02-11 09:48:00+05:30,1254.45,1255.45,1254.0,1255.4,12588
2025-02-11 09:49:00+05:30,1255.35,1255.8,1254.55,1255.55,11405
2025-02-11 09:50:00+05:30,1255.3,1256.25,1254.7,1255.35,9451
2025-02-11 09:51:00+05:30,1255.35,1255.45,1254.0,1254.9,7538
2025-02-11 09:52:00+05:30,1254.85,1255.45,1254.45,1254.8,10354
2025-02-11 09:53:00+05:30,1254.9,1255.5,1254.55,1255.35,12071
2025-02-11 09:54:00+05:30,1255.3,1255.8,1254.8,1254.8,12807
2025-02-11 09:55:00+05:30,1254.8,1255.8,1254.65,1255.3,9538
2025-02-11 09:56:00+05:30,1255.1,1255.45,1254.75,1255.4,9650
2025-02-11 09:57:00+05:30,1255.35,1255.85,1255.0,1255.1,6030
2025-02-11 09:58:00+05:30,1255.0,1255.5,1254.85,1255.25,11759
2025-02-11 09:59:00+05:30,1255.25,1256.25,1255.05,1256.15,18958
2025-02-11 10:00:00+05:30,1256.15,1257.0,1255.7,1256.6,12358
2025-02-11 10:01:00+05:30,1256.6,1257.45,1256.0,1256.9,10189
2025-02-11 10:02:00+05:30,1256.85,1257.45,1256.7,1257.25,8063
2025-02-11 10:03:00+05:30,1257.2,1258.0,1256.85,1257.85,11946
2025-02-11 10:04:00+05:30,1257.85,1258.2,1257.15,1257.35,13801
2025-02-11 10:05:00+05:30,1257.4,1258.2,1257.0,1257.65,14591
2025-02-11 10:06:00+05:30,1257.6,1257.95,1256.4,1256.95,11363
2025-02-11 10:07:00+05:30,1256.95,1257.7,1256.75,1257.25,8124
2025-02-11 10:08:00+05:30,1257.15,1258.0,1256.65,1257.45,11642
2025-02-11 10:09:00+05:30,1257.8,1258.2,1257.3,1258.2,8565
2025-02-11 10:10:00+05:30,1258.15,1258.95,1257.7,1258.6,8895
2025-02-11 10:11:00+05:30,1258.3,1259.0,1258.15,1258.5,10462
2025-02-11 10:12:00+05:30,1258.2,1258.45,1256.65,1258.0,34341
2025-02-11 10:13:00+05:30,1258.05,1258.6,1257.9,1258.4,14117
2025-02-11 10:14:00+05:30,1258.35,1258.95,1258.25,1258.9,13704
2025-02-11 10:15:00+05:30,1258.55,1259.85,1258.45,1259.8,17383
2025-02-11 10:16:00+05:30,1259.45,1259.85,1258.6,1258.95,12127
2025-02-11 10:17:00+05:30,1258.65,1259.3,1258.0,1258.7,12234
2025-02-11 10:18:00+05:30,1258.65,1259.3,1258.1,1258.95,16879
2025-02-11 10:19:00+05:30,1258.95,1259.2,1258.35,1258.7,11254
2025-02-11 10:20:00+05:30,1258.65,1259.9,1258.25,1259.8,20079
2025-02-11 10:21:00+05:30,1259.5,1260.0,1259.5,1259.8,8590
2025-02-11 10:22:00+05:30,1259.8,1260.6,1259.55,1260.6,4848
2025-02-11 10:23:00+05:30,1260.55,1261.85,1260.45,1261.15,12007
2025-02-11 10:24:00+05:30,1261.0,1261.15,1259.65,1259.7,12138
2025-02-11 10:25:00+05:30,1259.7,1260.0,1259.3,1259.9,8593
2025-02-11 10:26:00+05:30,1259.7,1261.35,1259.7,1261.25,24996
2025-02-11 10:27:00+05:30,1261.2,1261.55,1260.25,1260.7,6043
2025-02-11 10:28:00+05:30,1260.65,1260.7,1260.05,1260.5,6139
2025-02-11 10:29:00+05:30,1260.65,1260.95,1259.7,1260.0,6138
2025-02-11 10:30:00+05:30,1259.75,1260.4,1259.65,1260.0,5468
2025-02-11 10:31:00+05:30,1260.0,1260.15,1259.05,1259.3,19375
2025-02-11 10:32:00+05:30,1259.3,1259.65,1259.2,1259.25,4565
2025-02-11 10:33:00+05:30,1259.25,1259.5,1257.95,1258.15,11506
2025-02-11 10:34:00+05:30,1258.15,1258.6,1258.05,1258.6,3592
2025-02-11 10:35:00+05:30,1258.55,1258.6,1257.6,1258.0,8528
2025-02-11 10:36:00+05:30,1257.95,1258.0,1256.95,1257.6,15334
2025-02-11 10:37:00+05:30,1257.3,1257.9,1256.5,1256.6,11471
2025-02-11 10:38:00+05:30,1256.6,1256.6,1254.55,1254.6,15198
2025-02-11 10:39:00+05:30,1254.7,1255.8,1254.5,1255.6,10117
2025-02-11 10:40:00+05:30,1255.7,1256.3,1255.4,1255.4,6597
2025-02-11 10:41:00+05:30,1255.5,1256.35,1255.05,1256.2,10397
2025-02-11 10:42:00+05:30,1256.15,1256.8,1255.65,1256.5,14876
2025-02-11 10:43:00+05:30,1256.5,1256.55,1255.7,1256.1,5921
2025-02-11 10:44:00+05:30,1255.8,1256.4,1255.65,1256.15,6430
2025-02-11 10:45:00+05:30,1256.1,1257.0,1255.65,1256.7,8801
2025-02-11 10:46:00+05:30,1256.7,1257.4,1256.65,1257.25,6084
2025-02-11 10:47:00+05:30,1257.15,1257.25,1256.4,1257.0,10410
2025-02-11 10:48:00+05:30,1256.75,1257.05,1256.35,1257.05,16098
2025-02-11 10:49:00+05:30,1256.9,1257.3,1256.45,1257.2,8094
2025-02-11 10:50:00+05:30,1257.15,1258.0,1256.75,1257.8,11836
2025-02-11 10:51:00+05:30,1257.7,1258.1,1257.35,1257.95,9938
2025-02-11 10:52:00+05:30,1257.95,1258.4,1257.4,1257.85,5271
2025-02-11 10:53:00+05:30,1257.85,1258.4,1257.65,1258.35,5405
2025-02-11 10:54:00+05:30,1258.35,1258.85,1258.25,1258.25,6201
2025-02-11 10:55:00+05:30,1258.25,1259.0,1258.25,1259.0,8500
2025-02-11 10:56:00+05:30,1258.95,1259.4,1258.55,1258.9,4942
2025-02-11 10:57:00+05:30,1258.85,1260.05,1258.75,1259.7,12802
2025-02-11 10:58:00+05:30,1259.75,1260.25,1259.25,1259.65,8003
2025-02-11 10:59:00+05:30,1259.6,1259.7,1259.0,1259.35,3897
2025-02-11 11:00:00+05:30,1259.3,1260.0,1259.25,1260.0,13358
2025-02-11 11:01:00+05:30,1259.95,1260.25,1259.3,1260.15,5318
2025-02-11 11:02:00+05:30,1260.1,1261.0,1260.05,1260.6,17074
2025-02-11 11:03:00+05:30,1260.6,1260.8,1260.25,1260.35,7428
2025-02-11 11:04:00+05:30,1260.35,1260.85,1260.1,1260.85,8385
2025-02-11 11:05:00+05:30,1260.75,1260.95,1260.4,1260.9,5923
2025-02-11 11:06:00+05:30,1260.9,1261.0,1260.55,1260.75,4261
2025-02-11 11:07:00+05:30,1260.75,1260.9,1260.1,1260.6,3505
2025-02-11 11:08:00+05:30,1260.45,1261.0,1260.0,1260.9,6310
2025-02-11 11:09:00+05:30,1260.55,1261.0,1260.2,1260.4,3159
2025-02-11 11:10:00+05:30,1260.5,1261.55,1260.0,1260.55,19590
2025-02-11 11:11:00+05:30,1260.5,1260.65,1260.0,1260.5,8670
2025-02-11 11:12:00+05:30,1260.3,1260.85,1260.0,1260.35,11363
2025-02-11 11:13:00+05:30,1260.35,1260.65,1259.65,1260.45,9750
2025-02-11 11:14:00+05:30,1260.4,1260.65,1260.15,1260.55,6974
2025-02-11 11:15:00+05:30,1260.5,1261.0,1260.0,1260.2,10468
2025-02-11 11:16:00+05:30,1260.2,1260.6,1259.8,1259.8,10706
2025-02-11 11:17:00+05:30,1259.85,1260.25,1259.25,1260.0,8380
2025-02-11 11:18:00+05:30,1259.95,1260.7,1259.6,1260.25,13419
2025-02-11 11:19:00+05:30,1260.2,1260.4,1259.95,1260.25,7357
2025-02-11 11:20:00+05:30,1260.25,1260.25,1259.25,1260.05,11575
2025-02-11 11:21:00+05:30,1260.0,1260.35,1259.45,1260.05,10453
2025-02-11 11:22:00+05:30,1260.0,1260.1,1259.4,1259.9,6539
2025-02-11 11:23:00+05:30,1259.85,1260.1,1259.55,1259.75,6833
2025-02-11 11:24:00+05:30,1259.95,1260.3,1259.55,1260.3,8990
2025-02-11 11:25:00+05:30,1260.05,1260.55,1259.95,1260.15,11998
2025-02-11 11:26:00+05:30,1260.1,1260.55,1259.55,1260.1,9256
2025-02-11 11:27:00+05:30,1260.05,1260.2,1258.7,1258.9,16268
2025-02-11 11:28:00+05:30,1258.95,1259.65,1258.95,1259.45,5218
2025-02-11 11:29:00+05:30,1259.45,1259.5,1258.6,1258.7,4345
2025-02-11 11:30:00+05:30,1258.7,1259.1,1257.55,1257.6,17077
2025-02-11 11:31:00+05:30,1258.1,1258.5,1257.45,1258.3,9629
2025-02-11 11:32:00+05:30,1258.0,1258.45,1257.2,1257.6,10614
2025-02-11 11:33:00+05:30,1257.35,1257.95,1256.75,1257.25,6822
2025-02-11 11:34:00+05:30,1256.9,1257.35,1256.75,1257.25,5399
2025-02-11 11:35:00+05:30,1257.2,1257.35,1256.7,1257.0,5926
2025-02-11 11:36:00+05:30,1257.0,1257.35,1256.6,1257.2,8321
2025-02-11 11:37:00+05:30,1257.2,1257.35,1256.75,1257.35,3964
2025-02-11 11:38:00+05:30,1257.35,1257.35,1256.5,1257.35,5446
2025-02-11 11:39:00+05:30,1257.3,1257.95,1257.05,1257.55,13750
2025-02-11 11:40:00+05:30,1257.55,1258.0,1257.25,1257.95,4094
2025-02-11 11:41:00+05:30,1257.9,1258.0,1257.65,1258.0,6503
2025-02-11 11:42:00+05:30,1257.95,1258.0,1257.6,1257.7,4447
2025-02-11 11:43:00+05:30,1257.7,1258.0,1257.25,1257.3,3778
2025-02-11 11:44:00+05:30,1257.25,1257.35,1256.4,1256.65,3922
2025-02-11 11:45:00+05:30,1256.55,1256.75,1256.0,1256.5,4835
2025-02-11 11:46:00+05:30,1256.4,1256.8,1255.55,1256.25,9848
2025-02-11 11:47:00+05:30,1256.25,1256.65,1255.7,1256.45,7331
2025-02-11 11:48:00+05:30,1256.45,1256.55,1255.85,1256.15,3964
2025-02-11 11:49:00+05:30,1256.15,1256.5,1255.9,1256.35,2324
2025-02-11 11:50:00+05:30,1256.35,1256.8,1255.9,1256.25,9283
2025-02-11 11:51:00+05:30,1256.2,1256.65,1255.9,1255.95,4986
2025-02-11 11:52:00+05:30,1256.35,1256.4,1255.75,1255.85,3405
2025-02-11 11:53:00+05:30,1255.85,1256.5,1255.15,1256.35,6740
2025-02-11 11:54:00+05:30,1256.0,1256.45,1254.55,1254.55,27719
2025-02-11 11:55:00+05:30,1254.55,1254.8,1253.0,1253.45,18576
2025-02-11 11:56:00+05:30,1253.45,1254.15,1252.15,1253.0,20668
2025-02-11 11:57:00+05:30,1252.85,1253.3,1252.4,1252.55,4536
2025-02-11 11:58:00+05:30,1252.5,1253.65,1252.5,1253.65,7508
2025-02-11 11:59:00+05:30,1253.65,1254.3,1253.35,1254.05,5183
2025-02-11 12:00:00+05:30,1254.0,1254.3,1253.75,1253.75,6007
2025-02-11 12:01:00+05:30,1253.9,1253.9,1252.75,1253.1,8739
2025-02-11 12:02:00+05:30,1253.1,1253.75,1253.1,1253.25,20137
2025-02-11 12:03:00+05:30,1253.3,1253.9,1253.3,1253.85,3192
2025-02-11 12:04:00+05:30,1253.75,1253.95,1253.25,1253.4,5745
2025-02-11 12:05:00+05:30,1253.45,1253.6,1253.25,1253.35,1696
2025-02-11 12:06:00+05:30,1253.5,1254.35,1253.25,1254.0,3981
2025-02-11 12:07:00+05:30,1254.0,1254.55,1253.5,1253.5,14199
2025-02-11 12:08:00+05:30,1253.45,1254.25,1253.4,1254.05,1953
2025-02-11 12:09:00+05:30,1254.1,1254.25,1254.05,1254.2,1418
2025-02-11 12:10:00+05:30,1254.2,1254.4,1254.0,1254.05,2145
2025-02-11 12:11:00+05:30,1254.05,1254.35,1253.65,1254.05,2536
2025-02-11 12:12:00+05:30,1254.05,1254.15,1253.3,1253.75,3008
2025-02-11 12:13:00+05:30,1253.75,1254.15,1253.55,1253.7,4450
2025-02-11 12:14:00+05:30,1253.7,1254.0,1253.5,1253.55,3119
2025-02-11 12:15:00+05:30,1253.5,1253.85,1253.35,1253.6,2832
2025-02-11 12:16:00+05:30,1253.6,1254.05,1253.6,1253.8,2083
2025-02-11 12:17:00+05:30,1253.8,1254.3,1253.7,1254.3,4744
2025-02-11 12:18:00+05:30,1254.25,1254.3,1253.95,1254.15,2050
2025-02-11 12:19:00+05:30,1254.15,1255.15,1254.15,1254.45,6769
2025-02-11 12:20:00+05:30,1254.45,1255.9,1254.25,1254.8,11830
2025-02-11 12:21:00+05:30,1254.9,1255.35,1254.8,1255.1,4289
2025-02-11 12:22:00+05:30,1255.1,1255.75,1255.05,1255.2,2669
2025-02-11 12:23:00+05:30,1255.2,1255.25,1254.6,1254.8,5979
2025-02-11 12:24:00+05:30,1254.85,1255.7,1254.8,1255.1,2912
2025-02-11 12:25:00+05:30,1255.1,1255.45,1255.1,1255.2,2199
2025-02-11 12:26:00+05:30,1255.2,1255.45,1255.1,1255.2,2919
2025-02-11 12:27:00+05:30,1255.2,1255.45,1254.15,1254.25,12740
2025-02-11 12:28:00+05:30,1254.35,1254.75,1253.6,1253.8,4054
2025-02-11 12:29:00+05:30,1253.65,1254.5,1253.6,1254.5,1430
2025-02-11 12:30:00+05:30,1254.45,1254.9,1254.35,1254.8,8318
2025-02-11 12:31:00+05:30,1254.6,1255.5,1254.6,1255.35,3126
2025-02-11 12:32:00+05:30,1255.4,1255.65,1255.0,1255.05,10022
2025-02-11 12:33:00+05:30,1255.0,1255.6,1255.0,1255.4,2197
2025-02-11 12:34:00+05:30,1255.65,1255.8,1255.4,1255.75,2527
2025-02-11 12:35:00+05:30,1255.75,1255.8,1255.2,1255.45,3528
2025-02-11 12:36:00+05:30,1255.6,1256.0,1255.45,1255.95,1937
2025-02-11 12:37:00+05:30,1255.9,1256.7,1255.7,1256.6,4515
2025-02-11 12:38:00+05:30,1256.65,1256.75,1255.5,1255.5,11726
2025-02-11 12:39:00+05:30,1255.5,1255.75,1255.5,1255.5,6818
2025-02-11 12:40:00+05:30,1255.5,1255.7,1255.0,1255.3,11425
2025-02-11 12:41:00+05:30,1255.55,1256.0,1255.0,1255.75,5550
2025-02-11 12:42:00+05:30,1255.7,1255.9,1255.55,1255.8,3264
2025-02-11 12:43:00+05:30,1255.8,1256.3,1255.8,1256.25,3637
2025-02-11 12:44:00+05:30,1256.2,1256.3,1256.1,1256.3,2704
2025-02-11 12:45:00+05:30,1256.25,1256.6,1256.1,1256.2,4651
2025-02-11 12:46:00+05:30,1256.2,1256.5,1255.75,1256.05,3295
2025-02-11 12:47:00+05:30,1256.05,1256.55,1256.05,1256.2,3608
2025-02-11 12:48:00+05:30,1256.05,1256.05,1255.45,1255.5,2677
2025-02-11 12:49:00+05:30,1255.5,1255.5,1254.4,1255.25,3585
2025-02-11 12:50:00+05:30,1255.25,1255.85,1254.95,1255.1,3232
2025-02-11 12:51:00+05:30,1255.1,1255.7,1254.95,1255.6,3119
2025-02-11 12:52:00+05:30,1255.55,1255.6,1254.95,1255.4,3746
2025-02-11 12:53:00+05:30,1255.25,1255.45,1255.1,1255.3,1733
2025-02-11 12:54:00+05:30,1255.1,1255.25,1254.7,1254.75,1051
2025-02-11 12:55:00+05:30,1254.8,1255.3,1252.5,1253.15,8993
2025-02-11 12:56:00+05:30,1253.35,1253.9,1252.65,1252.95,10702
2025-02-11 12:57:00+05:30,1252.95,1253.25,1252.45,1252.95,4428
2025-02-11 12:58:00+05:30,1252.95,1253.65,1252.4,1253.3,4722
2025-02-11 12:59:00+05:30,1253.3,1254.25,1253.05,1254.1,2525
2025-02-11 13:00:00+05:30,1253.9,1254.45,1252.55,1252.55,13535
2025-02-11 13:01:00+05:30,1252.7,1252.8,1251.05,1251.6,34760
2025-02-11 13:02:00+05:30,1251.6,1251.95,1251.0,1251.3,13580
2025-02-11 13:03:00+05:30,1251.35,1252.2,1251.05,1251.65,12068
2025-02-11 13:04:00+05:30,1251.65,1252.25,1251.2,1251.45,7728
2025-02-11 13:05:00+05:30,1251.25,1252.0,1250.0,1251.65,23853
2025-02-11 13:06:00+05:30,1251.6,1252.0,1251.0,1251.0,9711
2025-02-11 13:07:00+05:30,1251.0,1251.55,1250.5,1250.6,12619
2025-02-11 13:08:00+05:30,1250.55,1251.95,1250.55,1251.7,13893
2025-02-11 13:09:00+05:30,1251.75,1251.9,1250.75,1251.0,14483
2025-02-11 13:10:00+05:30,1251.0,1251.5,1250.35,1250.4,16964
2025-02-11 13:11:00+05:30,1250.35,1250.85,1249.6,1249.6,11381
2025-02-11 13:12:00+05:30,1249.8,1250.3,1249.1,1249.6,15488
2025-02-11 13:13:00+05:30,1249.55,1249.55,1248.4,1249.05,24051
2025-02-11 13:14:00+05:30,1249.0,1249.6,1248.4,1249.5,33759
2025-02-11 13:15:00+05:30,1249.3,1251.4,1248.5,1250.65,48262
2025-02-11 13:16:00+05:30,1250.6,1251.65,1250.1,1250.95,18823
2025-02-11 13:17:00+05:30,1250.85,1251.65,1250.05,1251.45,11023
2025-02-11 13:18:00+05:30,1251.25,1251.6,1250.25,1250.7,7175
2025-02-11 13:19:00+05:30,1250.7,1251.65,1250.05,1251.3,15320
2025-02-11 13:20:00+05:30,1251.3,1251.8,1250.5,1251.05,12739
2025-02-11 13:21:00+05:30,1250.85,1251.8,1250.85,1251.25,12877
2025-02-11 13:22:00+05:30,1251.25,1251.8,1250.65,1250.9,18129
2025-02-11 13:23:00+05:30,1251.0,1251.8,1250.9,1251.8,14800
2025-02-11 13:24:00+05:30,1251.65,1251.8,1251.1,1251.1,7711
2025-02-11 13:25:00+05:30,1251.1,1251.7,1251.0,1251.3,4296
2025-02-11 13:26:00+05:30,1251.3,1251.75,1251.0,1251.1,11481
2025-02-11 13:27:00+05:30,1251.1,1251.75,1251.0,1251.25,8652
2025-02-11 13:28:00+05:30,1251.25,1251.75,1250.05,1250.25,10676
2025-02-11 13:29:00+05:30,1250.15,1251.15,1249.95,1250.95,10250
2025-02-11 13:30:00+05:30,1251.0,1251.75,1250.25,1251.65,9424
2025-02-11 13:31:00+05:30,1251.6,1252.75,1251.6,1252.3,14680
2025-02-11 13:32:00+05:30,1252.05,1252.4,1251.75,1252.3,6812
2025-02-11 13:33:00+05:30,1252.25,1252.3,1250.25,1250.4,8021
2025-02-11 13:34:00+05:30,1250.4,1251.1,1249.9,1250.6,16293
2025-02-11 13:35:00+05:30,1250.6,1251.15,1250.5,1250.7,9763
2025-02-11 13:36:00+05:30,1250.65,1251.75,1250.6,1250.65,14986
2025-02-11 13:37:00+05:30,1250.65,1251.35,1250.3,1250.55,15090
2025-02-11 13:38:00+05:30,1250.55,1251.45,1250.15,1251.15,15757
2025-02-11 13:39:00+05:30,1251.1,1252.75,1250.65,1252.55,11079
2025-02-11 13:40:00+05:30,1252.55,1253.45,1251.75,1252.0,16504
2025-02-11 13:41:00+05:30,1251.95,1253.35,1251.85,1252.15,11541
2025-02-11 13:42:00+05:30,1252.3,1252.55,1251.8,1252.05,6537
2025-02-11 13:43:00+05:30,1252.4,1253.45,1251.95,1252.6,17726
2025-02-11 13:44:00+05:30,1252.55,1253.5,1252.5,1253.0,8916
2025-02-11 13:45:00+05:30,1252.95,1253.25,1252.6,1253.1,5468
2025-02-11 13:46:00+05:30,1253.05,1253.4,1251.75,1252.05,10101
2025-02-11 13:47:00+05:30,1252.0,1253.05,1251.95,1252.45,8896
2025-02-11 13:48:00+05:30,1252.45,1253.25,1251.95,1252.5,8819
2025-02-11 13:49:00+05:30,1252.45,1253.5,1252.2,1253.15,4677
2025-02-11 13:50:00+05:30,1253.15,1253.95,1252.95,1253.15,12868
2025-02-11 13:51:00+05:30,1253.05,1253.75,1252.5,1253.35,10062
2025-02-11 13:52:00+05:30,1253.35,1253.85,1252.65,1253.2,11589
2025-02-11 13:53:00+05:30,1253.2,1253.6,1252.6,1252.65,4898
2025-02-11 13:54:00+05:30,1252.6,1253.65,1252.15,1253.1,18952
2025-02-11 13:55:00+05:30,1253.1,1253.8,1252.45,1253.15,11444
2025-02-11 13:56:00+05:30,1252.95,1253.55,1252.4,1252.45,11691
2025-02-11 13:57:00+05:30,1252.45,1253.45,1252.2,1252.8,13043
2025-02-11 13:58:00+05:30,1253.05,1253.45,1252.2,1252.8,7251
2025-02-11 13:59:00+05:30,1252.7,1253.2,1252.25,1252.8,10810
2025-02-11 14:00:00+05:30,1252.8,1253.2,1252.35,1252.45,9845
2025-02-11 14:01:00+05:30,1252.45,1253.75,1252.35,1252.4,19002
2025-02-11 14:02:00+05:30,1252.4,1252.4,1251.4,1251.9,13109
2025-02-11 14:03:00+05:30,1251.6,1251.95,1249.15,1249.2,21616
2025-02-11 14:04:00+05:30,1249.2,1250.55,1249.1,1249.65,18965
2025-02-11 14:05:00+05:30,1249.65,1250.65,1249.5,1250.25,18384
2025-02-11 14:06:00+05:30,1250.25,1250.75,1249.3,1249.85,17577
2025-02-11 14:07:00+05:30,1249.85,1250.1,1248.6,1248.7,14148
2025-02-11 14:08:00+05:30,1248.7,1249.95,1248.55,1249.75,11666
2025-02-11 14:09:00+05:30,1249.7,1251.0,1249.5,1250.05,22683
2025-02-11 14:10:00+05:30,1250.05,1251.25,1250.0,1250.65,13272
2025-02-11 14:11:00+05:30,1250.75,1251.9,1250.2,1251.2,10661
2025-02-11 14:12:00+05:30,1251.1,1251.55,1250.55,1251.0,7093
2025-02-11 14:13:00+05:30,1251.0,1251.7,1250.15,1251.4,13988
2025-02-11 14:14:00+05:30,1251.35,1252.5,1251.1,1252.35,7182
2025-02-11 14:15:00+05:30,1252.3,1252.35,1251.4,1251.55,6888
2025-02-11 14:16:00+05:30,1251.55,1252.45,1251.25,1252.1,11835
2025-02-11 14:17:00+05:30,1252.05,1252.5,1250.6,1251.35,24848
2025-02-11 14:18:00+05:30,1251.3,1251.8,1250.8,1251.55,13331
2025-02-11 14:19:00+05:30,1251.55,1252.0,1250.95,1252.0,12278
2025-02-11 14:20:00+05:30,1251.95,1252.05,1251.0,1252.05,29733
2025-02-11 14:21:00+05:30,1252.0,1252.3,1250.85,1251.1,11843
2025-02-11 14:22:00+05:30,1251.15,1252.0,1250.85,1251.15,18440
2025-02-11 14:23:00+05:30,1251.15,1252.3,1251.15,1251.9,13149
2025-02-11 14:24:00+05:30,1251.85,1253.75,1251.85,1253.35,12386
2025-02-11 14:25:00+05:30,1253.3,1253.9,1252.95,1253.15,8842
2025-02-11 14:26:00+05:30,1253.15,1254.25,1252.95,1253.8,10144
2025-02-11 14:27:00+05:30,1253.75,1254.8,1253.5,1254.4,11583
2025-02-11 14:28:00+05:30,1254.4,1255.6,1254.1,1254.35,15835
2025-02-11 14:29:00+05:30,1254.3,1254.65,1253.4,1253.95,17604
2025-02-11 14:30:00+05:30,1253.6,1254.5,1253.35,1253.9,17336
2025-02-11 14:31:00+05:30,1253.95,1255.5,1253.9,1254.5,8373
2025-02-11 14:32:00+05:30,1254.45,1255.25,1254.35,1255.2,15436
2025-02-11 14:33:00+05:30,1254.8,1255.35,1254.2,1254.4,12658
2025-02-11 14:34:00+05:30,1254.4,1255.15,1254.0,1254.8,8614
2025-02-11 14:35:00+05:30,1254.75,1255.9,1254.45,1254.85,24924
2025-02-11 14:36:00+05:30,1254.8,1255.4,1254.0,1254.3,18347
2025-02-11 14:37:00+05:30,1254.25,1254.75,1254.0,1254.25,15740
2025-02-11 14:38:00+05:30,1254.4,1254.9,1253.75,1254.25,25511
2025-02-11 14:39:00+05:30,1254.4,1255.7,1254.4,1255.4,38814
2025-02-11 14:40:00+05:30,1255.4,1255.9,1254.65,1254.65,36766
2025-02-11 14:41:00+05:30,1254.65,1255.05,1253.2,1253.5,53276
2025-02-11 14:42:00+05:30,1253.45,1254.7,1253.4,1254.0,54387
2025-02-11 14:43:00+05:30,1254.0,1254.85,1253.6,1254.5,22340
2025-02-11 14:44:00+05:30,1254.45,1255.4,1254.2,1255.05,34559
2025-02-11 14:45:00+05:30,1255.05,1255.65,1254.8,1254.9,32557
2025-02-11 14:46:00+05:30,1254.9,1255.35,1254.8,1254.95,22931
2025-02-11 14:47:00+05:30,1254.95,1255.75,1254.8,1255.25,29501
2025-02-11 14:48:00+05:30,1255.05,1255.5,1254.75,1254.9,26246
2025-02-11 14:49:00+05:30,1254.9,1255.5,1254.85,1255.15,23303
2025-02-11 14:50:00+05:30,1255.3,1257.0,1255.1,1256.95,26166
2025-02-11 14:51:00+05:30,1256.95,1257.95,1256.3,1256.5,10995
2025-02-11 14:52:00+05:30,1256.5,1258.35,1256.3,1257.6,19327
2025-02-11 14:53:00+05:30,1257.4,1257.9,1257.2,1257.45,10769
2025-02-11 14:54:00+05:30,1257.7,1259.0,1257.65,1258.5,21842
2025-02-11 14:55:00+05:30,1258.75,1259.45,1258.0,1258.35,20746
2025-02-11 14:56:00+05:30,1258.3,1258.9,1256.5,1256.6,22396
2025-02-11 14:57:00+05:30,1256.5,1256.7,1254.95,1255.3,49244
2025-02-11 14:58:00+05:30,1255.3,1256.4,1255.0,1255.7,35466
2025-02-11 14:59:00+05:30,1255.45,1256.5,1255.3,1255.45,24648
2025-02-11 15:00:00+05:30,1255.45,1256.05,1254.65,1255.5,70947
2025-02-11 15:01:00+05:30,1255.5,1255.7,1254.45,1255.3,48882
2025-02-11 15:02:00+05:30,1255.35,1256.2,1255.05,1255.8,47711
2025-02-11 15:03:00+05:30,1255.75,1256.4,1255.25,1255.8,51963
2025-02-11 15:04:00+05:30,1255.85,1256.6,1255.15,1255.85,35542
2025-02-11 15:05:00+05:30,1255.85,1255.85,1254.6,1254.7,86811
2025-02-11 15:06:00+05:30,1254.9,1255.75,1254.75,1255.0,49466
2025-02-11 15:07:00+05:30,1255.0,1255.4,1253.3,1253.6,75203
2025-02-11 15:08:00+05:30,1253.6,1254.35,1253.1,1253.4,82259
2025-02-11 15:09:00+05:30,1253.4,1254.3,1253.0,1253.4,86377
2025-02-11 15:10:00+05:30,1253.45,1254.1,1253.0,1253.0,73445
2025-02-11 15:11:00+05:30,1253.15,1253.25,1252.1,1252.3,109993
2025-02-11 15:12:00+05:30,1252.35,1253.15,1251.95,1252.2,78252
2025-02-11 15:13:00+05:30,1252.25,1252.75,1251.5,1252.2,69379
2025-02-11 15:14:00+05:30,1252.2,1252.7,1251.65,1252.1,72561
2025-02-11 15:15:00+05:30,1252.2,1253.2,1251.95,1252.25,69030
2025-02-11 15:16:00+05:30,1252.25,1253.2,1252.0,1252.5,56402
2025-02-11 15:17:00+05:30,1252.5,1252.55,1251.6,1252.1,58576
2025-02-11 15:18:00+05:30,1252.15,1252.5,1251.5,1251.8,38832
2025-02-11 15:19:00+05:30,1251.95,1252.25,1251.2,1251.95,43504
2025-02-11 15:20:00+05:30,1252.05,1252.05,1250.6,1250.6,52244
2025-02-11 15:21:00+05:30,1250.65,1251.4,1250.2,1250.55,50681
2025-02-11 15:22:00+05:30,1250.55,1250.55,1249.25,1249.5,35297
2025-02-11 15:23:00+05:30,1249.45,1250.25,1249.15,1249.55,43216
2025-02-11 15:24:00+05:30,1249.55,1250.0,1249.3,1250.0,40841
2025-02-11 15:25:00+05:30,1249.8,1250.2,1249.35,1249.55,39284
2025-02-11 15:26:00+05:30,1249.6,1249.8,1249.0,1249.3,34026
2025-02-11 15:27:00+05:30,1249.5,1249.75,1248.75,1248.95,30491
2025-02-11 15:28:00+05:30,1248.95,1249.65,1248.45,1249.0,29885
2025-02-11 15:29:00+05:30,1249.0,1249.75,1248.5,1248.55,13635
2025-02-12 09:15:00+05:30,1257.95,1269.75,1256.0,1257.4,225853
2025-02-12 09:16:00+05:30,1257.1,1258.45,1256.65,1257.75,46985
2025-02-12 09:17:00+05:30,1257.75,1258.35,1256.25,1257.2,43436
2025-02-12 09:18:00+05:30,1257.5,1259.5,1256.7,1256.95,39712
2025-02-12 09:19:00+05:30,1257.0,1259.0,1256.5,1258.45,38108
2025-02-12 09:20:00+05:30,1258.15,1259.5,1257.35,1258.8,42793
2025-02-12 09:21:00+05:30,1259.15,1259.9,1257.55,1257.55,13390
2025-02-12 09:22:00+05:30,1257.55,1258.75,1256.05,1258.1,69546
2025-02-12 09:23:00+05:30,1258.1,1258.95,1257.75,1257.9,23053
2025-02-12 09:24:00+05:30,1257.9,1258.65,1256.25,1256.7,100560
2025-02-12 09:25:00+05:30,1256.7,1259.5,1256.15,1259.45,21607
2025-02-12 09:26:00+05:30,1259.25,1259.45,1258.05,1258.25,12816
2025-02-12 09:27:00+05:30,1258.35,1259.45,1258.15,1259.15,17917
2025-02-12 09:28:00+05:30,1259.1,1261.0,1259.05,1259.7,22162
2025-02-12 09:29:00+05:30,1259.6,1260.1,1258.55,1258.85,12819
2025-02-12 09:30:00+05:30,1258.8,1259.85,1258.55,1259.15,23910
2025-02-12 09:31:00+05:30,1258.95,1259.85,1258.2,1258.25,16000
2025-02-12 09:32:00+05:30,1258.3,1258.8,1257.0,1258.4,26725
2025-02-12 09:33:00+05:30,1258.25,1259.6,1258.1,1258.55,21371
2025-02-12 09:34:00+05:30,1258.35,1258.35,1256.25,1256.6,11207
2025-02-12 09:35:00+05:30,1256.6,1256.95,1253.9,1253.9,29479
2025-02-12 09:36:00+05:30,1254.0,1255.8,1253.65,1254.15,27296
2025-02-12 09:37:00+05:30,1254.45,1254.65,1253.5,1254.4,17609
2025-02-12 09:38:00+05:30,1254.15,1255.0,1253.5,1253.75,17351
2025-02-12 09:39:00+05:30,1253.8,1255.8,1253.75,1254.05,26313
2025-02-12 09:40:00+05:30,1254.05,1254.5,1253.05,1253.25,33142
2025-02-12 09:41:00+05:30,1253.05,1254.75,1252.8,1254.35,28456
2025-02-12 09:42:00+05:30,1254.35,1255.5,1253.5,1253.5,39340
2025-02-12 09:43:00+05:30,1253.55,1254.5,1253.35,1253.65,27223
2025-02-12 09:44:00+05:30,1253.65,1254.9,1253.4,1254.1,43003
2025-02-12 09:45:00+05:30,1253.75,1254.75,1251.1,1251.35,39368
2025-02-12 09:46:00+05:30,1251.35,1252.2,1250.75,1251.5,48760
2025-02-12 09:47:00+05:30,1251.5,1253.0,1251.1,1252.3,41567
2025-02-12 09:48:00+05:30,1252.25,1253.55,1251.35,1251.55,31165
2025-02-12 09:49:00+05:30,1251.45,1252.45,1250.55,1251.25,39427
2025-02-12 09:50:00+05:30,1251.2,1251.7,1250.2,1251.15,25702
2025-02-12 09:51:00+05:30,1250.75,1251.85,1250.6,1250.85,12708
2025-02-12 09:52:00+05:30,1250.85,1252.25,1250.8,1251.25,29301
2025-02-12 09:53:00+05:30,1251.1,1252.0,1250.95,1252.0,41625
2025-02-12 09:54:00+05:30,1252.0,1252.85,1251.0,1252.45,19870
2025-02-12 09:55:00+05:30,1252.1,1252.45,1250.3,1251.35,27647
2025-02-12 09:56:00+05:30,1251.75,1251.8,1250.65,1251.05,17898
2025-02-12 09:57:00+05:30,1251.05,1251.75,1250.15,1250.8,55630
2025-02-12 09:58:00+05:30,1250.8,1251.05,1249.1,1249.55,24756
2025-02-12 09:59:00+05:30,1249.15,1249.55,1248.05,1249.35,27309
2025-02-12 10:00:00+05:30,1249.4,1249.4,1248.0,1248.2,13736
2025-02-12 10:01:00+05:30,1248.0,1248.45,1247.0,1248.35,18322
2025-02-12 10:02:00+05:30,1248.35,1249.1,1248.05,1248.05,9532
2025-02-12 10:03:00+05:30,1248.05,1249.0,1247.3,1248.25,11593
2025-02-12 10:04:00+05:30,1248.6,1249.0,1247.65,1247.65,17311
2025-02-12 10:05:00+05:30,1247.65,1248.5,1247.45,1248.45,10117
2025-02-12 10:06:00+05:30,1248.45,1249.85,1248.45,1249.25,21919
2025-02-12 10:07:00+05:30,1249.25,1249.8,1248.5,1248.95,15576
2025-02-12 10:08:00+05:30,1249.15,1250.9,1248.9,1249.55,37672
2025-02-12 10:09:00+05:30,1249.5,1250.0,1249.5,1249.75,12033
2025-02-12 10:10:00+05:30,1249.65,1250.65,1249.55,1250.3,28157
2025-02-12 10:11:00+05:30,1250.3,1251.85,1249.8,1250.15,41583
2025-02-12 10:12:00+05:30,1250.15,1250.2,1249.0,1249.95,11055
2025-02-12 10:13:00+05:30,1249.95,1250.25,1249.55,1249.75,9301
2025-02-12 10:14:00+05:30,1250.0,1250.0,1249.25,1249.7,11846
2025-02-12 10:15:00+05:30,1249.55,1250.5,1248.75,1249.25,17330
2025-02-12 10:16:00+05:30,1249.25,1249.7,1248.0,1249.15,24909
2025-02-12 10:17:00+05:30,1249.1,1250.5,1249.05,1249.7,10862
2025-02-12 10:18:00+05:30,1249.25,1249.8,1248.9,1249.55,5847
2025-02-12 10:19:00+05:30,1249.4,1250.5,1249.15,1249.95,13186
2025-02-12 10:20:00+05:30,1250.25,1251.2,1249.8,1250.9,18515
2025-02-12 10:21:00+05:30,1250.85,1252.15,1250.4,1252.05,9075
2025-02-12 10:22:00+05:30,1252.0,1252.3,1250.4,1251.2,39838
2025-02-12 10:23:00+05:30,1251.05,1252.55,1250.6,1250.75,33965
2025-02-12 10:24:00+05:30,1250.75,1251.45,1249.9,1250.55,151704
2025-02-12 10:25:00+05:30,1250.6,1251.25,1249.55,1249.9,81421
2025-02-12 10:26:00+05:30,1249.75,1252.0,1249.4,1251.7,12538
2025-02-12 10:27:00+05:30,1251.75,1251.75,1250.0,1250.25,21454
2025-02-12 10:28:00+05:30,1250.05,1250.5,1249.0,1249.4,8422
2025-02-12 10:29:00+05:30,1249.25,1251.05,1249.0,1249.75,8132
2025-02-12 10:30:00+05:30,1249.85,1250.95,1249.75,1250.15,4307
2025-02-12 10:31:00+05:30,1250.15,1250.7,1249.75,1250.3,10225
2025-02-12 10:32:00+05:30,1250.15,1251.15,1250.05,1250.65,3330
2025-02-12 10:33:00+05:30,1250.7,1251.9,1250.7,1250.85,14008
2025-02-12 10:34:00+05:30,1250.75,1251.35,1250.1,1250.95,9017
2025-02-12 10:35:00+05:30,1250.65,1250.85,1249.85,1250.15,8598
2025-02-12 10:36:00+05:30,1250.05,1250.95,1249.95,1250.35,9104
2025-02-12 10:37:00+05:30,1250.35,1250.9,1249.5,1249.5,10331
2025-02-12 10:38:00+05:30,1249.55,1250.15,1248.5,1249.8,14484
2025-02-12 10:39:00+05:30,1249.8,1251.55,1249.8,1250.45,7097
2025-02-12 10:40:00+05:30,1250.65,1251.05,1249.45,1250.0,8319
2025-02-12 10:41:00+05:30,1250.05,1251.0,1249.35,1250.35,10972
2025-02-12 10:42:00+05:30,1250.45,1250.75,1249.55,1250.15,7195
2025-02-12 10:43:00+05:30,1250.3,1250.55,1248.55,1248.85,18002
2025-02-12 10:44:00+05:30,1248.8,1249.1,1246.55,1246.7,97935
2025-02-12 10:45:00+05:30,1246.6,1248.2,1246.6,1247.95,45602
2025-02-12 10:46:00+05:30,1248.0,1250.4,1248.0,1250.3,12577
2025-02-12 10:47:00+05:30,1250.1,1250.75,1249.55,1249.6,40221
2025-02-12 10:48:00+05:30,1249.7,1250.8,1249.4,1250.2,30870
2025-02-12 10:49:00+05:30,1250.2,1252.25,1249.9,1251.35,14734
2025-02-12 10:50:00+05:30,1251.35,1253.0,1251.0,1252.7,22101
2025-02-12 10:51:00+05:30,1252.7,1252.8,1251.7,1252.5,4688
2025-02-12 10:52:00+05:30,1252.5,1253.0,1252.1,1252.6,6901
2025-02-12 10:53:00+05:30,1252.6,1252.7,1252.1,1252.5,16156
2025-02-12 10:54:00+05:30,1252.4,1253.0,1251.8,1251.95,10105
2025-02-12 10:55:00+05:30,1251.95,1252.0,1250.3,1251.6,6505
2025-02-12 10:56:00+05:30,1251.6,1252.45,1251.25,1251.55,6916
2025-02-12 10:57:00+05:30,1251.4,1251.55,1250.15,1250.35,4645
2025-02-12 10:58:00+05:30,1250.45,1250.85,1250.1,1250.1,4911
2025-02-12 10:59:00+05:30,1250.1,1250.5,1249.25,1249.5,9847
2025-02-12 11:00:00+05:30,1249.35,1249.75,1248.4,1248.4,14779
2025-02-12 11:01:00+05:30,1248.55,1248.9,1248.1,1248.15,4745
2025-02-12 11:02:00+05:30,1248.15,1248.45,1247.35,1248.2,7535
2025-02-12 11:03:00+05:30,1248.3,1248.95,1248.2,1248.35,4467
2025-02-12 11:04:00+05:30,1248.4,1249.05,1248.35,1248.8,3975
2025-02-12 11:05:00+05:30,1248.8,1248.8,1246.95,1247.65,10744
2025-02-12 11:06:00+05:30,1247.65,1248.45,1247.05,1247.6,9083
2025-02-12 11:07:00+05:30,1247.6,1248.55,1247.55,1248.0,15216
2025-02-12 11:08:00+05:30,1248.0,1249.2,1247.55,1248.35,25072
2025-02-12 11:09:00+05:30,1248.35,1249.3,1248.35,1249.05,8573
2025-02-12 11:10:00+05:30,1249.05,1249.75,1248.5,1249.6,4440
2025-02-12 11:11:00+05:30,1249.6,1249.6,1248.1,1248.15,5053
2025-02-12 11:12:00+05:30,1248.3,1248.4,1247.1,1247.7,5597
2025-02-12 11:13:00+05:30,1247.3,1247.85,1247.05,1247.4,4009
2025-02-12 11:14:00+05:30,1247.75,1247.75,1245.5,1245.7,22049
2025-02-12 11:15:00+05:30,1245.5,1246.45,1244.65,1246.45,16991
2025-02-12 11:16:00+05:30,1246.3,1247.6,1246.0,1246.45,10418
2025-02-12 11:17:00+05:30,1246.4,1247.35,1246.35,1247.05,3726
2025-02-12 11:18:00+05:30,1246.8,1247.5,1246.8,1247.05,2434
2025-02-12 11:19:00+05:30,1247.1,1247.5,1246.6,1247.3,3224
2025-02-12 11:20:00+05:30,1247.25,1247.35,1246.0,1246.05,4636
2025-02-12 11:21:00+05:30,1246.05,1247.05,1245.75,1245.75,3690
2025-02-12 11:22:00+05:30,1245.75,1246.6,1245.7,1245.75,5375
2025-02-12 11:23:00+05:30,1245.75,1247.0,1245.75,1246.65,6692
2025-02-12 11:24:00+05:30,1247.0,1247.8,1246.6,1247.3,11603
2025-02-12 11:25:00+05:30,1247.55,1248.25,1247.05,1248.1,6099
2025-02-12 11:26:00+05:30,1247.6,1248.25,1247.0,1247.45,6159
2025-02-12 11:27:00+05:30,1247.45,1247.65,1246.65,1246.9,9934
2025-02-12 11:28:00+05:30,1246.75,1247.0,1246.3,1246.3,14806
2025-02-12 11:29:00+05:30,1246.45,1247.0,1246.15,1246.4,4462
2025-02-12 11:30:00+05:30,1246.4,1247.0,1246.2,1246.85,6354
2025-02-12 11:31:00+05:30,1246.85,1247.0,1246.35,1246.45,8416
2025-02-12 11:32:00+05:30,1246.55,1246.7,1245.0,1245.15,15575
2025-02-12 11:33:00+05:30,1245.15,1246.1,1245.0,1246.1,3918
2025-02-12 11:34:00+05:30,1246.0,1246.2,1245.6,1245.85,3781
2025-02-12 11:35:00+05:30,1246.15,1246.2,1245.35,1245.85,4948
2025-02-12 11:36:00+05:30,1245.85,1246.0,1245.3,1245.6,5852
2025-02-12 11:37:00+05:30,1245.85,1246.1,1245.65,1246.05,11248
2025-02-12 11:38:00+05:30,1246.0,1247.45,1246.0,1246.9,37412
2025-02-12 11:39:00+05:30,1247.0,1248.0,1247.0,1247.65,4780
2025-02-12 11:40:00+05:30,1248.0,1248.0,1247.4,1247.45,15048
2025-02-12 11:41:00+05:30,1247.45,1248.35,1247.15,1248.0,10242
2025-02-12 11:42:00+05:30,1248.1,1249.25,1247.7,1249.0,8245
2025-02-12 11:43:00+05:30,1249.0,1250.95,1249.0,1250.6,29378
2025-02-12 11:44:00+05:30,1250.4,1252.8,1250.4,1252.2,57166
2025-02-12 11:45:00+05:30,1252.5,1255.6,1252.0,1254.2,106681
2025-02-12 11:46:00+05:30,1254.2,1254.3,1251.05,1251.75,21256
2025-02-12 11:47:00+05:30,1252.25,1254.0,1251.85,1252.5,67371
2025-02-12 11:48:00+05:30,1252.7,1252.95,1250.1,1250.75,37863
2025-02-12 11:49:00+05:30,1250.75,1252.0,1250.55,1251.85,24841
2025-02-12 11:50:00+05:30,1251.9,1251.9,1250.85,1251.2,24512
2025-02-12 11:51:00+05:30,1251.2,1251.8,1249.85,1251.6,25359
2025-02-12 11:52:00+05:30,1251.05,1251.5,1250.85,1251.35,19972
2025-02-12 11:53:00+05:30,1251.35,1251.4,1250.7,1250.8,9478
2025-02-12 11:54:00+05:30,1250.9,1251.45,1250.3,1251.4,13638
2025-02-12 11:55:00+05:30,1251.35,1253.0,1250.8,1252.95,12864
2025-02-12 11:56:00+05:30,1253.0,1253.3,1251.75,1252.0,64803
2025-02-12 11:57:00+05:30,1251.85,1252.4,1251.05,1252.15,9341
2025-02-12 11:58:00+05:30,1252.1,1253.0,1251.95,1252.1,36425
2025-02-12 11:59:00+05:30,1252.0,1252.15,1250.3,1251.3,26715
2025-02-12 12:00:00+05:30,1251.2,1252.55,1251.2,1252.2,3466
2025-02-12 12:01:00+05:30,1252.15,1252.6,1251.65,1252.0,17915
2025-02-12 12:02:00+05:30,1251.95,1252.0,1250.85,1252.0,40884
2025-02-12 12:03:00+05:30,1251.55,1252.45,1251.0,1251.1,6269
2025-02-12 12:04:00+05:30,1251.0,1251.65,1250.65,1251.1,5332
2025-02-12 12:05:00+05:30,1251.1,1251.1,1249.35,1249.6,13602
2025-02-12 12:06:00+05:30,1249.55,1251.15,1249.55,1250.45,6728
2025-02-12 12:07:00+05:30,1250.4,1250.85,1249.75,1250.0,14399
2025-02-12 12:08:00+05:30,1250.0,1250.65,1249.25,1249.6,8168
2025-02-12 12:09:00+05:30,1249.65,1250.2,1249.35,1249.8,4430
2025-02-12 12:10:00+05:30,1249.75,1250.8,1249.75,1250.55,5131
2025-02-12 12:11:00+05:30,1250.7,1251.0,1250.0,1250.0,13485
2025-02-12 12:12:00+05:30,1250.0,1251.0,1249.5,1250.75,4918
2025-02-12 12:13:00+05:30,1250.8,1251.75,1250.55,1251.05,12941
2025-02-12 12:14:00+05:30,1251.0,1251.35,1250.45,1250.85,6428
2025-02-12 12:15:00+05:30,1250.85,1251.65,1250.85,1251.1,10044
2025-02-12 12:16:00+05:30,1251.1,1251.6,1250.7,1251.0,8487
2025-02-12 12:17:00+05:30,1251.0,1251.2,1250.25,1250.25,6942
2025-02-12 12:18:00+05:30,1250.25,1251.3,1250.25,1250.55,13934
2025-02-12 12:19:00+05:30,1250.5,1250.5,1249.4,1250.05,8139
2025-02-12 12:20:00+05:30,1250.05,1251.0,1250.05,1250.9,5657
2025-02-12 12:21:00+05:30,1250.9,1251.4,1250.75,1251.0,8731
2025-02-12 12:22:00+05:30,1251.05,1251.6,1250.9,1251.3,6635
2025-02-12 12:23:00+05:30,1251.3,1251.9,1251.05,1251.1,9235
2025-02-12 12:24:00+05:30,1251.15,1251.35,1250.65,1250.8,6614
2025-02-12 12:25:00+05:30,1250.9,1251.75,1250.75,1251.15,13641
2025-02-12 12:26:00+05:30,1251.2,1251.65,1250.3,1250.55,9412
2025-02-12 12:27:00+05:30,1250.9,1250.9,1249.45,1249.6,9088
2025-02-12 12:28:00+05:30,1249.55,1250.75,1249.55,1250.35,6504
2025-02-12 12:29:00+05:30,1250.4,1251.0,1250.1,1250.55,7308
2025-02-12 12:30:00+05:30,1250.6,1253.0,1250.6,1253.0,15294
2025-02-12 12:31:00+05:30,1252.85,1253.0,1250.85,1251.3,67330
2025-02-12 12:32:00+05:30,1251.25,1252.35,1251.0,1252.0,5114
2025-02-12 12:33:00+05:30,1252.05,1253.0,1251.9,1252.8,12713
2025-02-12 12:34:00+05:30,1252.8,1254.4,1252.8,1253.0,41178
2025-02-12 12:35:00+05:30,1253.0,1253.35,1252.8,1252.9,9453
2025-02-12 12:36:00+05:30,1252.9,1253.65,1252.85,1253.0,11588
2025-02-12 12:37:00+05:30,1253.05,1253.5,1252.8,1253.05,8128
2025-02-12 12:38:00+05:30,1253.1,1253.4,1252.3,1252.6,10471
2025-02-12 12:39:00+05:30,1252.5,1253.0,1252.4,1252.4,6262
2025-02-12 12:40:00+05:30,1252.4,1253.8,1252.4,1252.75,47333
2025-02-12 12:41:00+05:30,1252.75,1253.0,1252.2,1252.5,31587
2025-02-12 12:42:00+05:30,1252.4,1253.2,1252.2,1252.4,6525
2025-02-12 12:43:00+05:30,1252.45,1253.05,1252.2,1252.65,6834
2025-02-12 12:44:00+05:30,1252.7,1253.65,1252.45,1253.2,9988
2025-02-12 12:45:00+05:30,1253.35,1254.0,1252.7,1253.8,59404
2025-02-12 12:46:00+05:30,1253.85,1254.75,1253.75,1254.3,11817
2025-02-12 12:47:00+05:30,1254.3,1255.95,1254.3,1255.35,19322
2025-02-12 12:48:00+05:30,1255.35,1255.85,1255.0,1255.5,11660
2025-02-12 12:49:00+05:30,1255.5,1256.75,1255.3,1255.3,43898
2025-02-12 12:50:00+05:30,1255.3,1257.95,1255.3,1257.95,37851
2025-02-12 12:51:00+05:30,1257.95,1258.65,1257.0,1257.55,20546
2025-02-12 12:52:00+05:30,1257.6,1258.05,1257.1,1257.15,10777
2025-02-12 12:53:00+05:30,1257.3,1257.85,1256.25,1256.25,16648
2025-02-12 12:54:00+05:30,1256.35,1256.5,1255.25,1255.5,15813
2025-02-12 12:55:00+05:30,1255.3,1256.9,1255.1,1256.25,18135
2025-02-12 12:56:00+05:30,1256.25,1256.75,1255.05,1256.25,32169
2025-02-12 12:57:00+05:30,1256.2,1256.65,1255.5,1255.5,11408
2025-02-12 12:58:00+05:30,1255.55,1255.95,1255.0,1255.55,15939
2025-02-12 12:59:00+05:30,1255.95,1256.4,1255.65,1255.95,7409
2025-02-12 13:00:00+05:30,1255.95,1256.8,1255.45,1256.1,9768
2025-02-12 13:01:00+05:30,1256.15,1256.75,1255.05,1255.7,64029
2025-02-12 13:02:00+05:30,1255.85,1256.2,1253.7,1253.7,18534
2025-02-12 13:03:00+05:30,1253.95,1254.95,1253.8,1254.4,12540
2025-02-12 13:04:00+05:30,1254.4,1255.25,1254.0,1254.45,21698
2025-02-12 13:05:00+05:30,1254.5,1255.15,1254.2,1254.65,10243
2025-02-12 13:06:00+05:30,1254.65,1255.05,1254.3,1254.6,26935
2025-02-12 13:07:00+05:30,1254.65,1256.5,1254.4,1256.3,44247
2025-02-12 13:08:00+05:30,1256.3,1256.5,1254.95,1255.05,14269
2025-02-12 13:09:00+05:30,1255.3,1255.3,1254.1,1254.15,12167
2025-02-12 13:10:00+05:30,1254.15,1255.05,1253.95,1254.6,22990
2025-02-12 13:11:00+05:30,1254.55,1256.4,1254.5,1256.15,21149
2025-02-12 13:12:00+05:30,1256.2,1256.65,1255.6,1255.65,8731
2025-02-12 13:13:00+05:30,1255.65,1256.5,1255.0,1255.95,36956
2025-02-12 13:14:00+05:30,1256.1,1256.1,1254.75,1255.0,14973
2025-02-12 13:15:00+05:30,1255.0,1255.45,1254.3,1254.9,13481
2025-02-12 13:16:00+05:30,1254.85,1255.5,1254.6,1255.15,9058
2025-02-12 13:17:00+05:30,1255.15,1255.85,1255.1,1255.75,9724
2025-02-12 13:18:00+05:30,1255.75,1256.3,1255.7,1255.9,8620
2025-02-12 13:19:00+05:30,1255.85,1256.45,1255.3,1255.7,12009
2025-02-12 13:20:00+05:30,1255.7,1256.3,1255.55,1256.2,9966
2025-02-12 13:21:00+05:30,1256.2,1258.75,1255.9,1257.45,44364
2025-02-12 13:22:00+05:30,1257.45,1258.45,1257.35,1257.65,8580
2025-02-12 13:23:00+05:30,1257.65,1258.5,1257.55,1257.85,10372
2025-02-12 13:24:00+05:30,1257.95,1259.0,1257.95,1258.2,14825
2025-02-12 13:25:00+05:30,1258.25,1258.65,1258.0,1258.5,12244
2025-02-12 13:26:00+05:30,1258.4,1259.55,1258.4,1259.2,11111
2025-02-12 13:27:00+05:30,1259.2,1259.5,1258.6,1258.85,17760
2025-02-12 13:28:00+05:30,1258.85,1258.95,1257.65,1258.05,10012
2025-02-12 13:29:00+05:30,1258.1,1259.2,1257.85,1258.9,12917
2025-02-12 13:30:00+05:30,1259.0,1259.4,1258.5,1258.9,6906
2025-02-12 13:31:00+05:30,1258.85,1259.35,1258.45,1258.55,10751
2025-02-12 13:32:00+05:30,1258.5,1258.9,1257.9,1258.45,10079
2025-02-12 13:33:00+05:30,1258.45,1259.5,1258.45,1259.0,9888
2025-02-12 13:34:00+05:30,1259.05,1259.5,1258.7,1258.8,8692
2025-02-12 13:35:00+05:30,1258.8,1259.2,1258.2,1258.9,9115
2025-02-12 13:36:00+05:30,1258.9,1259.0,1258.3,1259.0,6338
2025-02-12 13:37:00+05:30,1259.0,1259.5,1258.85,1259.3,11953
2025-02-12 13:38:00+05:30,1259.15,1259.5,1258.8,1258.95,8360
2025-02-12 13:39:00+05:30,1258.9,1259.5,1258.8,1259.25,10023
2025-02-12 13:40:00+05:30,1259.2,1261.0,1259.2,1260.3,33304
2025-02-12 13:41:00+05:30,1259.8,1260.3,1258.7,1259.9,14142
2025-02-12 13:42:00+05:30,1259.9,1260.0,1258.0,1258.35,8895
2025-02-12 13:43:00+05:30,1258.25,1258.4,1256.85,1258.3,22934
2025-02-12 13:44:00+05:30,1258.25,1260.6,1258.05,1259.85,13489
2025-02-12 13:45:00+05:30,1259.85,1259.85,1258.75,1259.15,12881
2025-02-12 13:46:00+05:30,1259.15,1259.15,1258.1,1258.25,8638
2025-02-12 13:47:00+05:30,1258.15,1258.6,1257.8,1258.45,10163
2025-02-12 13:48:00+05:30,1258.45,1258.7,1256.9,1256.9,10798
2025-02-12 13:49:00+05:30,1256.9,1257.55,1255.5,1256.55,19730
2025-02-12 13:50:00+05:30,1256.5,1257.7,1255.35,1257.6,9373
2025-02-12 13:51:00+05:30,1257.4,1257.6,1256.65,1257.2,8072
2025-02-12 13:52:00+05:30,1256.9,1257.65,1256.0,1256.85,31777
2025-02-12 13:53:00+05:30,1256.8,1257.25,1255.7,1257.15,12560
2025-02-12 13:54:00+05:30,1257.1,1257.15,1255.65,1256.0,11562
2025-02-12 13:55:00+05:30,1256.0,1256.45,1253.5,1253.5,12707
2025-02-12 13:56:00+05:30,1253.8,1254.8,1253.4,1254.0,13554
2025-02-12 13:57:00+05:30,1254.0,1255.95,1253.95,1254.95,10602
2025-02-12 13:58:00+05:30,1254.95,1255.35,1253.9,1254.3,10071
2025-02-12 13:59:00+05:30,1254.05,1254.5,1253.6,1254.05,10126
2025-02-12 14:00:00+05:30,1254.05,1254.05,1252.75,1253.0,9511
2025-02-12 14:01:00+05:30,1253.0,1253.7,1252.45,1253.7,38572
2025-02-12 14:02:00+05:30,1253.5,1254.0,1252.6,1252.65,9222
2025-02-12 14:03:00+05:30,1252.7,1253.7,1252.7,1253.15,7049
2025-02-12 14:04:00+05:30,1252.8,1253.9,1252.8,1253.8,8187
2025-02-12 14:05:00+05:30,1253.85,1254.5,1253.15,1253.9,17573
2025-02-12 14:06:00+05:30,1253.9,1254.5,1253.35,1253.4,9288
2025-02-12 14:07:00+05:30,1253.5,1253.7,1250.45,1251.1,22138
2025-02-12 14:08:00+05:30,1251.1,1251.85,1250.5,1250.6,23567
2025-02-12 14:09:00+05:30,1250.6,1250.85,1248.6,1248.6,60617
2025-02-12 14:10:00+05:30,1248.7,1249.75,1248.65,1249.0,59037
2025-02-12 14:11:00+05:30,1248.85,1249.85,1248.7,1249.55,42130
2025-02-12 14:12:00+05:30,1249.75,1250.3,1249.05,1249.85,23509
2025-02-12 14:13:00+05:30,1250.0,1250.5,1249.55,1250.0,35266
2025-02-12 14:14:00+05:30,1249.85,1251.5,1249.75,1250.7,42963
2025-02-12 14:15:00+05:30,1250.9,1251.0,1249.9,1249.95,31453
2025-02-12 14:16:00+05:30,1249.9,1250.0,1249.3,1249.85,9850
2025-02-12 14:17:00+05:30,1249.55,1250.0,1249.5,1249.95,8133
2025-02-12 14:18:00+05:30,1250.0,1250.0,1249.8,1249.85,14585
2025-02-12 14:19:00+05:30,1249.8,1250.25,1249.5,1249.95,13898
2025-02-12 14:20:00+05:30,1250.0,1250.2,1249.5,1249.85,8535
2025-02-12 14:21:00+05:30,1249.9,1251.4,1249.85,1251.0,85403
2025-02-12 14:22:00+05:30,1251.05,1251.05,1249.0,1249.3,10630
2025-02-12 14:23:00+05:30,1249.2,1250.15,1249.2,1249.45,8194
2025-02-12 14:24:00+05:30,1249.45,1250.0,1249.15,1249.35,9320
2025-02-12 14:25:00+05:30,1249.35,1249.75,1248.95,1249.0,12110
2025-02-12 14:26:00+05:30,1249.0,1249.5,1248.75,1249.05,16737
2025-02-12 14:27:00+05:30,1249.15,1249.9,1249.15,1249.65,10709
2025-02-12 14:28:00+05:30,1249.65,1249.85,1248.65,1249.65,15179
2025-02-12 14:29:00+05:30,1249.6,1250.05,1249.15,1249.95,14165
2025-02-12 14:30:00+05:30,1249.95,1249.95,1248.65,1248.8,18170
2025-02-12 14:31:00+05:30,1248.8,1249.0,1248.45,1248.55,17107
2025-02-12 14:32:00+05:30,1248.6,1250.3,1248.55,1249.7,24046
2025-02-12 14:33:00+05:30,1249.75,1250.3,1249.2,1249.2,17149
2025-02-12 14:34:00+05:30,1249.2,1249.55,1248.95,1249.4,18727
2025-02-12 14:35:00+05:30,1249.2,1249.85,1248.8,1249.05,45982
2025-02-12 14:36:00+05:30,1249.2,1249.95,1248.3,1248.35,27657
2025-02-12 14:37:00+05:30,1248.75,1248.9,1247.25,1247.45,40596
2025-02-12 14:38:00+05:30,1247.55,1248.35,1247.1,1248.2,32548
2025-02-12 14:39:00+05:30,1248.2,1249.2,1247.5,1247.5,56745
2025-02-12 14:40:00+05:30,1247.7,1247.8,1246.25,1246.45,99482
2025-02-12 14:41:00+05:30,1246.25,1247.7,1246.25,1247.0,151271
2025-02-12 14:42:00+05:30,1247.0,1248.95,1246.8,1248.05,41882
2025-02-12 14:43:00+05:30,1248.05,1249.25,1248.05,1248.35,22021
2025-02-12 14:44:00+05:30,1248.45,1249.5,1248.35,1248.6,15156
2025-02-12 14:45:00+05:30,1248.55,1248.9,1248.0,1248.55,11764
2025-02-12 14:46:00+05:30,1248.55,1248.95,1248.35,1248.35,9781
2025-02-12 14:47:00+05:30,1248.45,1248.45,1248.2,1248.2,10084
2025-02-12 14:48:00+05:30,1248.35,1249.3,1248.25,1248.85,11638
2025-02-12 14:49:00+05:30,1248.85,1248.85,1248.2,1248.75,16481
2025-02-12 14:50:00+05:30,1248.75,1249.25,1248.1,1248.15,10839
2025-02-12 14:51:00+05:30,1248.15,1249.1,1248.05,1248.85,11313
2025-02-12 14:52:00+05:30,1248.85,1248.85,1248.0,1248.05,7981
2025-02-12 14:53:00+05:30,1248.05,1249.25,1247.55,1249.2,21092
2025-02-12 14:54:00+05:30,1249.2,1249.65,1249.05,1249.3,9625
2025-02-12 14:55:00+05:30,1249.35,1249.9,1248.75,1249.9,11743
2025-02-12 14:56:00+05:30,1249.9,1250.25,1249.35,1249.8,11245
2025-02-12 14:57:00+05:30,1249.55,1250.5,1248.8,1250.15,13222
2025-02-12 14:58:00+05:30,1250.15,1250.45,1249.65,1249.9,5004
2025-02-12 14:59:00+05:30,1249.65,1251.3,1249.4,1250.65,9018
2025-02-12 15:00:00+05:30,1250.65,1252.0,1250.35,1250.55,63239
2025-02-12 15:01:00+05:30,1250.55,1251.7,1249.25,1249.6,49467
2025-02-12 15:02:00+05:30,1249.5,1250.3,1249.15,1250.2,50608
2025-02-12 15:03:00+05:30,1249.9,1250.35,1248.9,1249.75,51462
2025-02-12 15:04:00+05:30,1249.7,1250.7,1249.7,1250.45,43760
2025-02-12 15:05:00+05:30,1250.4,1251.1,1250.2,1250.95,43512
2025-02-12 15:06:00+05:30,1250.9,1251.25,1250.55,1250.7,55834
2025-02-12 15:07:00+05:30,1250.65,1251.2,1250.35,1250.75,48939
2025-02-12 15:08:00+05:30,1250.7,1251.2,1250.3,1250.6,55147
2025-02-12 15:09:00+05:30,1250.35,1251.0,1250.25,1250.4,51521
2025-02-12 15:10:00+05:30,1250.6,1251.0,1250.45,1250.95,44551
2025-02-12 15:11:00+05:30,1250.8,1251.8,1250.8,1251.55,62035
2025-02-12 15:12:00+05:30,1251.55,1252.4,1251.45,1252.15,58572
2025-02-12 15:13:00+05:30,1252.1,1252.65,1251.85,1252.35,54204
2025-02-12 15:14:00+05:30,1252.35,1252.65,1251.45,1252.55,81806
2025-02-12 15:15:00+05:30,1252.6,1253.95,1252.55,1252.95,77227
2025-02-12 15:16:00+05:30,1252.95,1253.1,1252.15,1252.65,56159
2025-02-12 15:17:00+05:30,1252.6,1252.75,1252.55,1252.75,50377
2025-02-12 15:18:00+05:30,1252.7,1252.8,1252.55,1252.7,54833
2025-02-12 15:19:00+05:30,1252.65,1252.75,1252.0,1252.45,66271
2025-02-12 15:20:00+05:30,1252.5,1252.9,1252.1,1252.1,56118
2025-02-12 15:21:00+05:30,1252.6,1253.0,1252.15,1252.85,40227
2025-02-12 15:22:00+05:30,1252.85,1253.05,1252.85,1253.05,39741
2025-02-12 15:23:00+05:30,1253.0,1253.1,1252.5,1252.75,63378
2025-02-12 15:24:00+05:30,1252.75,1252.95,1252.2,1252.35,55111
2025-02-12 15:25:00+05:30,1252.3,1253.6,1252.15,1252.7,56477
2025-02-12 15:26:00+05:30,1252.55,1252.7,1252.05,1252.25,42085
2025-02-12 15:27:00+05:30,1252.15,1252.55,1251.75,1252.2,49908
2025-02-12 15:28:00+05:30,1252.25,1252.6,1251.8,1251.8,40210
2025-02-12 15:29:00+05:30,1252.05,1253.0,1251.55,1252.85,19210
2025-02-13 09:15:00+05:30,1252.85,1260.0,1252.6,1258.45,86610
2025-02-13 09:16:00+05:30,1257.9,1258.1,1254.1,1256.0,87374
2025-02-13 09:17:00+05:30,1256.0,1256.1,1253.4,1254.25,103499
2025-02-13 09:18:00+05:30,1254.35,1256.7,1253.7,1256.45,92427
2025-02-13 09:19:00+05:30,1256.45,1257.75,1255.6,1257.65,49756
2025-02-13 09:20:00+05:30,1257.75,1258.75,1256.55,1257.7,50104
2025-02-13 09:21:00+05:30,1257.7,1258.15,1255.3,1255.85,66755
2025-02-13 09:22:00+05:30,1255.85,1257.0,1254.9,1256.05,42585
2025-02-13 09:23:00+05:30,1256.05,1257.7,1255.55,1256.45,46778
2025-02-13 09:24:00+05:30,1256.45,1256.45,1250.0,1251.85,176176
2025-02-13 09:25:00+05:30,1251.85,1252.9,1250.55,1252.45,34381
2025-02-13 09:26:00+05:30,1252.55,1254.35,1252.55,1254.35,25893
2025-02-13 09:27:00+05:30,1254.35,1255.9,1254.2,1255.65,29274
2025-02-13 09:28:00+05:30,1255.2,1256.7,1254.55,1254.7,36599
2025-02-13 09:29:00+05:30,1254.7,1255.7,1253.95,1255.45,20776
2025-02-13 09:30:00+05:30,1255.45,1257.9,1255.35,1256.0,17443
2025-02-13 09:31:00+05:30,1256.0,1257.45,1255.75,1256.7,13182
2025-02-13 09:32:00+05:30,1256.6,1258.0,1256.6,1257.95,27130
2025-02-13 09:33:00+05:30,1257.95,1258.6,1257.55,1258.1,14233
2025-02-13 09:34:00+05:30,1258.1,1259.25,1258.1,1258.85,22131
2025-02-13 09:35:00+05:30,1259.05,1259.2,1257.75,1258.05,18847
2025-02-13 09:36:00+05:30,1258.2,1258.5,1257.65,1258.0,28879
2025-02-13 09:37:00+05:30,1258.05,1258.95,1256.8,1257.4,32240
2025-02-13 09:38:00+05:30,1257.35,1258.15,1256.55,1257.2,19122
2025-02-13 09:39:00+05:30,1257.4,1258.2,1257.4,1257.55,16306
2025-02-13 09:40:00+05:30,1257.5,1258.9,1257.3,1258.05,11531
2025-02-13 09:41:00+05:30,1258.2,1258.3,1257.55,1257.55,18033
2025-02-13 09:42:00+05:30,1257.8,1258.55,1257.1,1258.45,17094
2025-02-13 09:43:00+05:30,1258.4,1258.85,1258.3,1258.55,14163
2025-02-13 09:44:00+05:30,1258.5,1258.5,1257.5,1257.9,19467
2025-02-13 09:45:00+05:30,1258.35,1259.0,1258.0,1258.0,12292
2025-02-13 09:46:00+05:30,1258.0,1259.9,1257.5,1259.5,11420
2025-02-13 09:47:00+05:30,1259.5,1259.85,1258.2,1258.55,16720
2025-02-13 09:48:00+05:30,1258.55,1259.8,1258.3,1259.45,8254
2025-02-13 09:49:00+05:30,1259.45,1260.75,1259.35,1260.45,36158
2025-02-13 09:50:00+05:30,1260.4,1260.8,1259.65,1260.6,22888
2025-02-13 09:51:00+05:30,1260.6,1261.8,1260.45,1261.25,20632
2025-02-13 09:52:00+05:30,1261.25,1261.8,1261.05,1261.3,11897
2025-02-13 09:53:00+05:30,1261.3,1262.8,1261.2,1262.6,22750
2025-02-13 09:54:00+05:30,1262.6,1263.9,1262.55,1263.35,19054
2025-02-13 09:55:00+05:30,1263.35,1263.85,1262.65,1263.55,10755
2025-02-13 09:56:00+05:30,1263.55,1264.0,1263.35,1263.75,10051
2025-02-13 09:57:00+05:30,1263.65,1264.8,1263.2,1264.5,29058
2025-02-13 09:58:00+05:30,1264.45,1265.45,1263.55,1263.55,42263
2025-02-13 09:59:00+05:30,1263.55,1264.65,1263.4,1264.15,8677
2025-02-13 10:00:00+05:30,1264.15,1265.1,1263.5,1264.85,16303
2025-02-13 10:01:00+05:30,1264.8,1265.1,1264.15,1264.2,10241
2025-02-13 10:02:00+05:30,1264.2,1265.8,1264.15,1265.15,10471
2025-02-13 10:03:00+05:30,1265.15,1265.4,1264.55,1264.8,13128
2025-02-13 10:04:00+05:30,1264.8,1265.65,1264.55,1265.3,20240
2025-02-13 10:05:00+05:30,1265.25,1265.45,1264.5,1264.65,20281
2025-02-13 10:06:00+05:30,1264.55,1266.0,1264.5,1265.6,78349
2025-02-13 10:07:00+05:30,1265.6,1265.9,1264.75,1265.2,31084
2025-02-13 10:08:00+05:30,1265.2,1265.35,1264.55,1264.55,15512
2025-02-13 10:09:00+05:30,1264.55,1264.95,1263.6,1264.05,26631
2025-02-13 10:10:00+05:30,1263.9,1264.95,1263.6,1263.95,19138
2025-02-13 10:11:00+05:30,1264.1,1265.0,1263.05,1265.0,47443
2025-02-13 10:12:00+05:30,1264.85,1265.0,1263.85,1263.9,9461
2025-02-13 10:13:00+05:30,1263.8,1263.85,1261.7,1261.95,24209
2025-02-13 10:14:00+05:30,1261.85,1263.0,1261.55,1262.9,14745
2025-02-13 10:15:00+05:30,1262.85,1264.25,1262.8,1264.15,5485
2025-02-13 10:16:00+05:30,1264.1,1264.8,1263.6,1264.65,14131
2025-02-13 10:17:00+05:30,1264.65,1264.75,1264.15,1264.35,5248
2025-02-13 10:18:00+05:30,1264.3,1264.35,1263.15,1263.3,3797
2025-02-13 10:19:00+05:30,1263.25,1264.35,1262.7,1262.75,7395
2025-02-13 10:20:00+05:30,1262.75,1262.85,1261.85,1261.95,6259
2025-02-13 10:21:00+05:30,1261.85,1262.55,1260.75,1260.9,12627
2025-02-13 10:22:00+05:30,1260.8,1262.55,1260.6,1262.5,7221
2025-02-13 10:23:00+05:30,1262.5,1264.15,1262.45,1263.4,16301
2025-02-13 10:24:00+05:30,1263.4,1263.4,1262.95,1263.3,2916
2025-02-13 10:25:00+05:30,1263.2,1264.0,1262.85,1263.9,5869
2025-02-13 10:26:00+05:30,1263.9,1263.9,1262.95,1263.5,4186
2025-02-13 10:27:00+05:30,1263.55,1264.8,1263.55,1264.35,15199
2025-02-13 10:28:00+05:30,1264.3,1264.5,1263.0,1263.55,8816
2025-02-13 10:29:00+05:30,1263.55,1264.15,1262.4,1262.75,42015
2025-02-13 10:30:00+05:30,1262.75,1262.75,1261.5,1262.4,18028
2025-02-13 10:31:00+05:30,1262.4,1263.0,1262.05,1262.35,18710
2025-02-13 10:32:00+05:30,1262.35,1262.8,1261.8,1262.65,14441
2025-02-13 10:33:00+05:30,1262.65,1264.15,1262.5,1262.95,53326
2025-02-13 10:34:00+05:30,1262.95,1264.45,1262.75,1264.4,17672
2025-02-13 10:35:00+05:30,1264.2,1264.85,1264.1,1264.5,10576
2025-02-13 10:36:00+05:30,1264.45,1264.55,1264.15,1264.45,4756
2025-02-13 10:37:00+05:30,1264.55,1264.95,1263.8,1263.8,13357
2025-02-13 10:38:00+05:30,1263.8,1265.45,1263.6,1264.85,58896
2025-02-13 10:39:00+05:30,1264.85,1264.95,1264.7,1264.95,2157
2025-02-13 10:40:00+05:30,1264.9,1264.95,1263.95,1264.2,18291
2025-02-13 10:41:00+05:30,1264.2,1264.5,1263.45,1263.55,41298
2025-02-13 10:42:00+05:30,1263.6,1263.6,1263.4,1263.5,14126
2025-02-13 10:43:00+05:30,1263.5,1264.0,1263.45,1263.75,6445
2025-02-13 10:44:00+05:30,1263.6,1263.95,1262.7,1263.3,24649
2025-02-13 10:45:00+05:30,1263.6,1264.0,1263.3,1264.0,18794
2025-02-13 10:46:00+05:30,1264.0,1264.4,1263.25,1263.3,19525
2025-02-13 10:47:00+05:30,1263.25,1263.25,1262.65,1262.75,7830
2025-02-13 10:48:00+05:30,1262.7,1263.1,1262.7,1263.0,15627
2025-02-13 10:49:00+05:30,1263.0,1263.1,1262.85,1262.9,8981
2025-02-13 10:50:00+05:30,1262.9,1263.05,1262.8,1263.0,7552
2025-02-13 10:51:00+05:30,1262.95,1263.75,1262.35,1263.75,9212
2025-02-13 10:52:00+05:30,1263.5,1264.6,1263.5,1264.2,8333
2025-02-13 10:53:00+05:30,1264.1,1264.1,1262.85,1263.2,13098
2025-02-13 10:54:00+05:30,1263.15,1263.35,1263.0,1263.3,5105
2025-02-13 10:55:00+05:30,1263.2,1263.3,1262.9,1262.95,3626
2025-02-13 10:56:00+05:30,1262.95,1262.95,1262.15,1262.4,8882
2025-02-13 10:57:00+05:30,1262.2,1262.4,1261.8,1261.95,8648
2025-02-13 10:58:00+05:30,1261.95,1262.8,1261.85,1262.75,3287
2025-02-13 10:59:00+05:30,1262.65,1262.75,1261.85,1262.0,7531
2025-02-13 11:00:00+05:30,1262.0,1263.0,1262.0,1263.0,22096
2025-02-13 11:01:00+05:30,1263.0,1263.25,1262.75,1262.8,17709
2025-02-13 11:02:00+05:30,1262.75,1262.8,1260.4,1261.95,32098
2025-02-13 11:03:00+05:30,1261.95,1262.5,1261.05,1262.0,17626
2025-02-13 11:04:00+05:30,1261.95,1262.5,1261.5,1261.6,13411
2025-02-13 11:05:00+05:30,1261.6,1262.05,1261.15,1261.55,14625
2025-02-13 11:06:00+05:30,1261.55,1262.4,1261.5,1262.3,8444
2025-02-13 11:07:00+05:30,1262.3,1262.6,1262.1,1262.55,11832
2025-02-13 11:08:00+05:30,1262.25,1262.75,1260.6,1261.05,31782
2025-02-13 11:09:00+05:30,1261.0,1261.6,1260.15,1261.45,22245
2025-02-13 11:10:00+05:30,1261.4,1261.45,1260.4,1260.5,9570
2025-02-13 11:11:00+05:30,1260.45,1260.95,1260.15,1260.9,9319
2025-02-13 11:12:00+05:30,1260.75,1261.45,1260.7,1261.2,5537
2025-02-13 11:13:00+05:30,1261.25,1261.65,1261.0,1261.65,5588
2025-02-13 11:14:00+05:30,1261.6,1261.9,1261.4,1261.5,3665
2025-02-13 11:15:00+05:30,1261.5,1261.65,1261.45,1261.55,1746
2025-02-13 11:16:00+05:30,1261.6,1262.1,1260.7,1260.7,8215
2025-02-13 11:17:00+05:30,1260.6,1261.1,1260.5,1261.1,3243
2025-02-13 11:18:00+05:30,1261.05,1261.1,1260.2,1260.4,11837
2025-02-13 11:19:00+05:30,1260.35,1260.65,1260.3,1260.6,14071
2025-02-13 11:20:00+05:30,1260.6,1261.1,1260.4,1261.0,14779
2025-02-13 11:21:00+05:30,1261.05,1261.1,1260.45,1260.5,3786
2025-02-13 11:22:00+05:30,1260.55,1260.85,1260.55,1260.85,2445
2025-02-13 11:23:00+05:30,1260.8,1261.15,1260.8,1261.15,2226
2025-02-13 11:24:00+05:30,1261.05,1261.1,1260.45,1260.6,7547
2025-02-13 11:25:00+05:30,1260.7,1260.7,1260.15,1260.35,6445
2025-02-13 11:26:00+05:30,1260.35,1261.1,1260.3,1261.0,20833
2025-02-13 11:27:00+05:30,1260.95,1261.2,1260.95,1261.2,2902
2025-02-13 11:28:00+05:30,1261.15,1261.25,1260.75,1260.75,12552
2025-02-13 11:29:00+05:30,1260.95,1261.15,1260.65,1260.7,5298
2025-02-13 11:30:00+05:30,1260.75,1261.4,1260.6,1261.25,8736
2025-02-13 11:31:00+05:30,1261.3,1261.4,1260.95,1260.95,6114
2025-02-13 11:32:00+05:30,1260.95,1261.0,1260.5,1260.8,4198
2025-02-13 11:33:00+05:30,1260.85,1260.85,1260.4,1260.55,7432
2025-02-13 11:34:00+05:30,1260.5,1260.6,1260.15,1260.2,12693
2025-02-13 11:35:00+05:30,1260.2,1261.4,1260.2,1261.3,5339
2025-02-13 11:36:00+05:30,1261.3,1261.3,1261.0,1261.0,6661
2025-02-13 11:37:00+05:30,1261.05,1261.05,1260.6,1260.9,27554
2025-02-13 11:38:00+05:30,1260.9,1261.9,1260.9,1261.4,8031
2025-02-13 11:39:00+05:30,1261.55,1261.9,1261.15,1261.6,2525
2025-02-13 11:40:00+05:30,1261.55,1262.15,1261.55,1262.1,2558
2025-02-13 11:41:00+05:30,1262.05,1262.05,1260.15,1261.15,54223
2025-02-13 11:42:00+05:30,1261.15,1261.4,1261.1,1261.35,3059
2025-02-13 11:43:00+05:30,1261.3,1262.5,1261.3,1262.05,5594
2025-02-13 11:44:00+05:30,1261.95,1263.25,1261.55,1263.0,8426
2025-02-13 11:45:00+05:30,1263.0,1263.3,1261.4,1261.7,24476
2025-02-13 11:46:00+05:30,1261.6,1262.95,1261.05,1261.05,14968
2025-02-13 11:47:00+05:30,1261.3,1261.3,1260.55,1260.85,7293
2025-02-13 11:48:00+05:30,1260.9,1261.15,1260.5,1261.1,14449
2025-02-13 11:49:00+05:30,1261.1,1261.1,1260.8,1261.0,13188
2025-02-13 11:50:00+05:30,1261.0,1262.4,1260.8,1262.4,15997
2025-02-13 11:51:00+05:30,1262.35,1262.35,1261.6,1262.0,7311
2025-02-13 11:52:00+05:30,1262.0,1262.0,1260.9,1261.1,6235
2025-02-13 11:53:00+05:30,1260.9,1261.15,1259.55,1259.95,28966
2025-02-13 11:54:00+05:30,1260.05,1260.1,1259.8,1260.0,5643
2025-02-13 11:55:00+05:30,1260.05,1260.2,1260.0,1260.2,6228
2025-02-13 11:56:00+05:30,1260.1,1260.35,1259.85,1260.35,8509
2025-02-13 11:57:00+05:30,1260.5,1260.85,1260.5,1260.7,3456
2025-02-13 11:58:00+05:30,1260.65,1260.85,1260.5,1260.7,3127
2025-02-13 11:59:00+05:30,1260.75,1260.9,1260.2,1260.5,3918
2025-02-13 12:00:00+05:30,1260.45,1260.45,1260.1,1260.3,3604
2025-02-13 12:01:00+05:30,1260.35,1260.85,1260.25,1260.25,3511
2025-02-13 12:02:00+05:30,1260.35,1260.4,1260.15,1260.4,4599
2025-02-13 12:03:00+05:30,1260.35,1261.0,1260.3,1260.95,3067
2025-02-13 12:04:00+05:30,1260.9,1261.0,1260.6,1260.75,4663
2025-02-13 12:05:00+05:30,1260.75,1260.8,1260.0,1260.0,2760
2025-02-13 12:06:00+05:30,1260.1,1260.85,1259.85,1260.5,8785
2025-02-13 12:07:00+05:30,1260.5,1260.55,1259.85,1259.95,2577
2025-02-13 12:08:00+05:30,1259.95,1260.15,1259.7,1259.9,4236
2025-02-13 12:09:00+05:30,1259.9,1259.9,1258.7,1259.45,11672
2025-02-13 12:10:00+05:30,1259.2,1259.35,1259.0,1259.15,3081
2025-02-13 12:11:00+05:30,1259.15,1259.15,1258.65,1258.85,5962
2025-02-13 12:12:00+05:30,1258.85,1258.85,1257.8,1258.2,12649
2025-02-13 12:13:00+05:30,1258.1,1258.1,1256.9,1257.5,12819
2025-02-13 12:14:00+05:30,1257.4,1258.3,1257.25,1258.3,7735
2025-02-13 12:15:00+05:30,1258.2,1258.3,1257.8,1258.15,5465
2025-02-13 12:16:00+05:30,1258.15,1258.85,1257.8,1258.05,7855
2025-02-13 12:17:00+05:30,1258.0,1258.0,1257.35,1257.65,6902
2025-02-13 12:18:00+05:30,1257.65,1258.45,1257.6,1258.2,6405
2025-02-13 12:19:00+05:30,1258.25,1258.45,1258.2,1258.35,6312
2025-02-13 12:20:00+05:30,1258.3,1258.3,1257.5,1258.0,11058
2025-02-13 12:21:00+05:30,1258.3,1258.35,1257.45,1257.85,7947
2025-02-13 12:22:00+05:30,1257.85,1258.2,1257.65,1257.65,8179
2025-02-13 12:23:00+05:30,1257.7,1258.35,1257.6,1258.0,12564
2025-02-13 12:24:00+05:30,1258.05,1258.35,1257.8,1257.9,10618
2025-02-13 12:25:00+05:30,1257.85,1258.05,1257.75,1258.05,7495
2025-02-13 12:26:00+05:30,1258.1,1259.0,1258.1,1258.1,8625
2025-02-13 12:27:00+05:30,1258.35,1258.95,1258.15,1258.8,9140
2025-02-13 12:28:00+05:30,1258.75,1259.0,1258.5,1258.75,8011
2025-02-13 12:29:00+05:30,1258.75,1259.05,1258.7,1258.85,15318
2025-02-13 12:30:00+05:30,1258.85,1259.0,1258.5,1258.95,9097
2025-02-13 12:31:00+05:30,1258.8,1259.8,1258.75,1259.55,12531
2025-02-13 12:32:00+05:30,1259.6,1259.6,1258.9,1259.0,7385
2025-02-13 12:33:00+05:30,1259.0,1259.25,1258.7,1258.9,7222
2025-02-13 12:34:00+05:30,1258.9,1259.15,1258.9,1259.0,6642
2025-02-13 12:35:00+05:30,1258.95,1259.05,1258.25,1258.25,11749
2025-02-13 12:36:00+05:30,1258.25,1258.3,1258.05,1258.1,6301
2025-02-13 12:37:00+05:30,1258.1,1258.8,1258.05,1258.45,9160
2025-02-13 12:38:00+05:30,1258.35,1259.0,1258.35,1258.75,9191
2025-02-13 12:39:00+05:30,1258.7,1259.05,1258.6,1258.9,8979
2025-02-13 12:40:00+05:30,1258.95,1259.15,1258.55,1258.55,8920
2025-02-13 12:41:00+05:30,1258.55,1258.65,1257.9,1258.15,6172
2025-02-13 12:42:00+05:30,1258.15,1259.0,1258.1,1258.75,7224
2025-02-13 12:43:00+05:30,1258.65,1259.0,1258.55,1258.85,7428
2025-02-13 12:44:00+05:30,1258.8,1258.9,1258.8,1258.8,5229
2025-02-13 12:45:00+05:30,1258.85,1258.95,1258.6,1258.7,5203
2025-02-13 12:46:00+05:30,1258.6,1258.8,1258.25,1258.45,4760
2025-02-13 12:47:00+05:30,1258.4,1258.8,1258.0,1258.0,8638
2025-02-13 12:48:00+05:30,1257.95,1258.65,1257.8,1258.35,12417
2025-02-13 12:49:00+05:30,1258.25,1258.9,1258.05,1258.05,7041
2025-02-13 12:50:00+05:30,1258.05,1258.15,1257.35,1257.65,7333
2025-02-13 12:51:00+05:30,1257.55,1258.0,1257.55,1257.75,6089
2025-02-13 12:52:00+05:30,1257.7,1258.0,1257.55,1257.85,8571
2025-02-13 12:53:00+05:30,1257.85,1258.9,1257.85,1258.65,8339
2025-02-13 12:54:00+05:30,1258.5,1258.85,1258.35,1258.35,9207
2025-02-13 12:55:00+05:30,1258.35,1258.65,1257.9,1258.45,6342
2025-02-13 12:56:00+05:30,1258.45,1258.7,1258.15,1258.25,4702
2025-02-13 12:57:00+05:30,1258.4,1258.5,1258.15,1258.15,6104
2025-02-13 12:58:00+05:30,1258.2,1258.25,1258.1,1258.15,4650
2025-02-13 12:59:00+05:30,1258.1,1258.4,1258.0,1258.35,5305
2025-02-13 13:00:00+05:30,1258.4,1259.0,1258.25,1258.4,14635
2025-02-13 13:01:00+05:30,1258.4,1259.4,1258.3,1258.45,29968
2025-02-13 13:02:00+05:30,1258.45,1258.85,1257.6,1258.0,28468
2025-02-13 13:03:00+05:30,1258.0,1258.0,1257.35,1257.65,9195
2025-02-13 13:04:00+05:30,1257.8,1258.0,1257.6,1257.6,4447
2025-02-13 13:05:00+05:30,1257.65,1257.65,1257.2,1257.35,4863
2025-02-13 13:06:00+05:30,1257.2,1257.35,1256.95,1257.35,7560
2025-02-13 13:07:00+05:30,1257.35,1257.5,1257.0,1257.1,4074
2025-02-13 13:08:00+05:30,1257.05,1257.4,1257.0,1257.05,6408
2025-02-13 13:09:00+05:30,1257.05,1257.05,1256.0,1256.5,11010
2025-02-13 13:10:00+05:30,1256.4,1256.8,1256.0,1256.0,7242
2025-02-13 13:11:00+05:30,1256.0,1256.25,1255.4,1255.4,9554
2025-02-13 13:12:00+05:30,1255.45,1255.5,1254.0,1254.0,13713
2025-02-13 13:13:00+05:30,1254.15,1254.55,1253.3,1254.05,13832
2025-02-13 13:14:00+05:30,1254.05,1254.15,1252.25,1252.25,24615
2025-02-13 13:15:00+05:30,1252.25,1253.4,1251.35,1252.95,15908
2025-02-13 13:16:00+05:30,1252.9,1253.85,1252.5,1252.7,15636
2025-02-13 13:17:00+05:30,1252.75,1253.4,1252.4,1253.4,8724
2025-02-13 13:18:00+05:30,1252.95,1253.4,1252.65,1252.95,10951
2025-02-13 13:19:00+05:30,1252.9,1253.95,1251.15,1253.4,105544
2025-02-13 13:20:00+05:30,1253.25,1253.7,1251.15,1253.35,59650
2025-02-13 13:21:00+05:30,1253.25,1253.5,1253.0,1253.1,10998
2025-02-13 13:22:00+05:30,1253.05,1253.6,1253.0,1253.2,7198
2025-02-13 13:23:00+05:30,1253.2,1253.6,1252.15,1252.15,10494
2025-02-13 13:24:00+05:30,1252.15,1252.25,1251.5,1251.75,13162
2025-02-13 13:25:00+05:30,1251.75,1252.2,1251.55,1252.2,15373
2025-02-13 13:26:00+05:30,1252.05,1252.3,1249.65,1250.65,82417
2025-02-13 13:27:00+05:30,1250.65,1252.5,1250.65,1251.65,20468
2025-02-13 13:28:00+05:30,1251.7,1252.05,1251.05,1251.45,11769
2025-02-13 13:29:00+05:30,1251.35,1251.8,1251.05,1251.4,9986
2025-02-13 13:30:00+05:30,1251.4,1251.75,1250.85,1251.3,10253
2025-02-13 13:31:00+05:30,1251.4,1251.75,1251.05,1251.4,14049
2025-02-13 13:32:00+05:30,1251.35,1251.55,1249.05,1249.35,20560
2025-02-13 13:33:00+05:30,1249.3,1250.8,1249.05,1249.7,13111
2025-02-13 13:34:00+05:30,1249.65,1250.05,1248.45,1249.3,82362
2025-02-13 13:35:00+05:30,1249.3,1249.65,1247.95,1247.95,43532
2025-02-13 13:36:00+05:30,1247.95,1249.45,1247.0,1249.0,45481
2025-02-13 13:37:00+05:30,1248.95,1249.3,1248.0,1248.75,15530
2025-02-13 13:38:00+05:30,1248.8,1249.3,1248.15,1248.65,18903
2025-02-13 13:39:00+05:30,1248.65,1249.2,1248.0,1248.35,19772
2025-02-13 13:40:00+05:30,1248.35,1248.95,1247.0,1247.25,36936
2025-02-13 13:41:00+05:30,1247.25,1247.8,1246.6,1247.15,41868
2025-02-13 13:42:00+05:30,1247.1,1247.9,1246.65,1247.8,28261
2025-02-13 13:43:00+05:30,1247.8,1248.3,1247.1,1248.2,22947
2025-02-13 13:44:00+05:30,1248.2,1248.3,1247.3,1247.8,27179
2025-02-13 13:45:00+05:30,1247.65,1247.95,1247.05,1247.4,20526
2025-02-13 13:46:00+05:30,1247.3,1247.95,1247.05,1247.3,19836
2025-02-13 13:47:00+05:30,1247.35,1247.95,1246.75,1247.4,26050
2025-02-13 13:48:00+05:30,1247.2,1247.45,1246.75,1247.0,20548
2025-02-13 13:49:00+05:30,1247.0,1247.0,1245.9,1246.65,45642
2025-02-13 13:50:00+05:30,1246.7,1247.4,1246.05,1247.35,30037
2025-02-13 13:51:00+05:30,1247.2,1248.6,1247.2,1248.0,31460
2025-02-13 13:52:00+05:30,1247.55,1248.0,1247.2,1247.55,26159
2025-02-13 13:53:00+05:30,1247.55,1248.1,1247.2,1247.4,22060
2025-02-13 13:54:00+05:30,1247.35,1247.95,1247.0,1247.05,27181
2025-02-13 13:55:00+05:30,1247.1,1248.35,1247.1,1247.3,26018
2025-02-13 13:56:00+05:30,1247.3,1249.4,1247.15,1248.85,20119
2025-02-13 13:57:00+05:30,1248.8,1249.35,1248.5,1249.0,18082
2025-02-13 13:58:00+05:30,1248.55,1249.1,1248.0,1248.65,15124
2025-02-13 13:59:00+05:30,1248.65,1248.95,1248.3,1248.35,8441
2025-02-13 14:00:00+05:30,1248.35,1249.05,1248.35,1248.85,11158
2025-02-13 14:01:00+05:30,1248.8,1249.2,1248.7,1248.95,6624
2025-02-13 14:02:00+05:30,1248.9,1249.25,1248.85,1249.1,7812
2025-02-13 14:03:00+05:30,1249.1,1249.15,1248.85,1249.05,8425
2025-02-13 14:04:00+05:30,1249.0,1250.2,1249.0,1249.75,16718
2025-02-13 14:05:00+05:30,1249.7,1249.75,1249.55,1249.6,5447
2025-02-13 14:06:00+05:30,1249.55,1249.75,1249.05,1249.2,13755
2025-02-13 14:07:00+05:30,1249.3,1249.3,1247.55,1247.95,49916
2025-02-13 14:08:00+05:30,1247.95,1248.7,1247.65,1248.0,61216
2025-02-13 14:09:00+05:30,1248.3,1248.5,1247.0,1247.4,14218
2025-02-13 14:10:00+05:30,1247.4,1248.35,1246.65,1248.05,14226
2025-02-13 14:11:00+05:30,1248.15,1248.8,1247.8,1248.25,27647
2025-02-13 14:12:00+05:30,1248.2,1248.45,1248.0,1248.2,4425
2025-02-13 14:13:00+05:30,1248.15,1248.3,1248.05,1248.05,6533
2025-02-13 14:14:00+05:30,1248.2,1249.15,1248.05,1249.15,7630
2025-02-13 14:15:00+05:30,1249.2,1249.2,1248.9,1248.95,4763
2025-02-13 14:16:00+05:30,1248.9,1248.9,1248.55,1248.9,12660
2025-02-13 14:17:00+05:30,1248.85,1250.0,1248.85,1249.85,9671
2025-02-13 14:18:00+05:30,1249.85,1250.55,1249.0,1250.55,40870
2025-02-13 14:19:00+05:30,1250.55,1250.9,1249.05,1250.0,54837
2025-02-13 14:20:00+05:30,1250.0,1250.0,1248.2,1249.3,40407
2025-02-13 14:21:00+05:30,1249.3,1249.45,1248.6,1249.1,26388
2025-02-13 14:22:00+05:30,1249.1,1249.4,1248.25,1249.0,20181
2025-02-13 14:23:00+05:30,1249.0,1249.1,1248.1,1248.2,25384
2025-02-13 14:24:00+05:30,1248.2,1248.65,1248.0,1248.3,11446
2025-02-13 14:25:00+05:30,1248.4,1248.55,1248.05,1248.25,12387
2025-02-13 14:26:00+05:30,1248.4,1249.45,1248.25,1249.3,6233
2025-02-13 14:27:00+05:30,1249.25,1250.25,1249.0,1249.85,9010
2025-02-13 14:28:00+05:30,1249.85,1250.25,1249.55,1250.15,7966
2025-02-13 14:29:00+05:30,1250.25,1250.25,1249.0,1249.05,7789
2025-02-13 14:30:00+05:30,1249.05,1249.5,1247.45,1247.65,27425
2025-02-13 14:31:00+05:30,1247.65,1248.7,1247.65,1248.35,15388
2025-02-13 14:32:00+05:30,1248.25,1250.5,1248.05,1249.5,22608
2025-02-13 14:33:00+05:30,1249.45,1249.75,1248.5,1249.45,14387
2025-02-13 14:34:00+05:30,1249.05,1249.5,1248.75,1249.35,8237
2025-02-13 14:35:00+05:30,1249.35,1249.5,1248.55,1248.75,16041
2025-02-13 14:36:00+05:30,1248.6,1250.0,1248.45,1249.4,11621
2025-02-13 14:37:00+05:30,1249.4,1249.9,1248.5,1249.55,52063
2025-02-13 14:38:00+05:30,1249.55,1249.85,1249.35,1249.65,9482
2025-02-13 14:39:00+05:30,1249.6,1249.9,1249.25,1249.6,11319
2025-02-13 14:40:00+05:30,1249.4,1249.8,1248.75,1249.6,14127
2025-02-13 14:41:00+05:30,1249.25,1250.75,1249.25,1249.55,15608
2025-02-13 14:42:00+05:30,1249.55,1249.55,1248.1,1248.95,70797
2025-02-13 14:43:00+05:30,1248.85,1249.0,1247.7,1247.8,11132
2025-02-13 14:44:00+05:30,1247.8,1248.95,1247.7,1248.35,13807
2025-02-13 14:45:00+05:30,1248.5,1248.75,1247.65,1247.7,19549
2025-02-13 14:46:00+05:30,1247.7,1248.65,1247.7,1247.9,21134
2025-02-13 14:47:00+05:30,1247.9,1248.0,1247.7,1248.0,27362
2025-02-13 14:48:00+05:30,1247.95,1248.15,1247.45,1248.15,31754
2025-02-13 14:49:00+05:30,1248.15,1249.0,1248.05,1248.45,11207
2025-02-13 14:50:00+05:30,1248.45,1249.25,1248.3,1248.3,11650
2025-02-13 14:51:00+05:30,1248.3,1248.6,1248.0,1248.6,11319
2025-02-13 14:52:00+05:30,1248.45,1248.45,1247.6,1247.65,5792
2025-02-13 14:53:00+05:30,1247.6,1248.0,1247.55,1248.0,20480
2025-02-13 14:54:00+05:30,1248.0,1248.95,1247.8,1248.95,57296
2025-02-13 14:55:00+05:30,1248.95,1249.0,1248.0,1248.0,8726
2025-02-13 14:56:00+05:30,1248.0,1248.5,1247.85,1248.4,11725
2025-02-13 14:57:00+05:30,1248.2,1248.4,1247.8,1247.85,10130
2025-02-13 14:58:00+05:30,1247.8,1248.55,1247.75,1248.1,22299
2025-02-13 14:59:00+05:30,1248.1,1249.5,1247.75,1248.85,18804
2025-02-13 15:00:00+05:30,1248.85,1250.35,1248.8,1249.2,35483
2025-02-13 15:01:00+05:30,1249.25,1249.25,1247.95,1248.0,29936
2025-02-13 15:02:00+05:30,1248.0,1249.2,1247.95,1248.65,32121
2025-02-13 15:03:00+05:30,1248.65,1249.2,1248.1,1248.75,59005
2025-02-13 15:04:00+05:30,1248.8,1248.8,1248.2,1248.35,26973
2025-02-13 15:05:00+05:30,1248.35,1249.4,1248.3,1248.35,33297
2025-02-13 15:06:00+05:30,1248.35,1248.75,1247.95,1248.75,34356
2025-02-13 15:07:00+05:30,1248.7,1249.4,1248.6,1249.25,29456
2025-02-13 15:08:00+05:30,1249.25,1249.25,1248.5,1248.5,38189
2025-02-13 15:09:00+05:30,1248.5,1248.95,1248.2,1248.65,37558
2025-02-13 15:10:00+05:30,1248.65,1249.35,1248.6,1248.8,37646
2025-02-13 15:11:00+05:30,1248.85,1248.95,1247.9,1248.35,37640
2025-02-13 15:12:00+05:30,1248.35,1249.0,1248.25,1248.35,24643
2025-02-13 15:13:00+05:30,1248.35,1248.9,1248.3,1248.75,27284
2025-02-13 15:14:00+05:30,1248.8,1248.95,1248.5,1248.85,42380
2025-02-13 15:15:00+05:30,1248.85,1250.0,1248.75,1249.65,84429
2025-02-13 15:16:00+05:30,1249.65,1250.0,1249.55,1249.85,42402
2025-02-13 15:17:00+05:30,1249.85,1249.9,1249.7,1249.8,33220
2025-02-13 15:18:00+05:30,1249.8,1249.9,1248.95,1249.25,40254
2025-02-13 15:19:00+05:30,1249.25,1249.5,1249.15,1249.25,45433
2025-02-13 15:20:00+05:30,1249.25,1249.7,1248.8,1248.9,42902
2025-02-13 15:21:00+05:30,1248.9,1248.95,1248.85,1248.9,33072
2025-02-13 15:22:00+05:30,1248.9,1248.9,1248.7,1248.75,27388
2025-02-13 15:23:00+05:30,1248.75,1248.75,1248.4,1248.5,25940
2025-02-13 15:24:00+05:30,1248.45,1248.8,1248.4,1248.65,30730
2025-02-13 15:25:00+05:30,1248.65,1248.65,1247.9,1248.5,39311
2025-02-13 15:26:00+05:30,1248.5,1249.4,1248.25,1249.0,33227
2025-02-13 15:27:00+05:30,1249.0,1249.0,1248.5,1248.7,34369
2025-02-13 15:28:00+05:30,1248.65,1248.9,1248.0,1248.75,30661
2025-02-13 15:29:00+05:30,1248.75,1248.9,1247.3,1248.5,19036
2025-02-14 09:15:00+05:30,1252.5,1259.85,1252.5,1259.7,76976
2025-02-14 09:16:00+05:30,1259.7,1260.55,1258.45,1260.2,44093
2025-02-14 09:17:00+05:30,1260.05,1261.0,1259.4,1260.65,30332
2025-02-14 09:18:00+05:30,1260.55,1260.55,1259.05,1259.75,15203
2025-02-14 09:19:00+05:30,1259.95,1259.95,1257.6,1258.85,19290
2025-02-14 09:20:00+05:30,1259.0,1260.3,1258.25,1259.0,25724
2025-02-14 09:21:00+05:30,1258.95,1260.1,1258.95,1259.55,15765
2025-02-14 09:22:00+05:30,1259.55,1260.7,1259.0,1259.6,22454
2025-02-14 09:23:00+05:30,1259.6,1261.55,1259.55,1261.4,28299
2025-02-14 09:24:00+05:30,1261.2,1263.3,1260.85,1263.0,25415
2025-02-14 09:25:00+05:30,1262.9,1263.35,1261.95,1262.2,25651
2025-02-14 09:26:00+05:30,1262.05,1263.0,1261.55,1261.75,19624
2025-02-14 09:27:00+05:30,1261.7,1262.35,1260.8,1261.0,49847
2025-02-14 09:28:00+05:30,1261.0,1262.1,1260.6,1260.9,27594
2025-02-14 09:29:00+05:30,1260.9,1261.3,1259.9,1260.55,17089
2025-02-14 09:30:00+05:30,1260.55,1261.8,1260.2,1261.35,41755
2025-02-14 09:31:00+05:30,1261.35,1261.35,1258.8,1259.75,30132
2025-02-14 09:32:00+05:30,1259.6,1259.65,1258.5,1259.35,31858
2025-02-14 09:33:00+05:30,1259.35,1260.0,1258.5,1258.5,17620
2025-02-14 09:34:00+05:30,1258.5,1258.5,1257.5,1257.5,13728
2025-02-14 09:35:00+05:30,1257.5,1257.8,1256.2,1256.2,25911
2025-02-14 09:36:00+05:30,1256.35,1257.3,1256.2,1257.1,14232
2025-02-14 09:37:00+05:30,1257.1,1258.0,1256.7,1256.8,24854
2025-02-14 09:38:00+05:30,1256.5,1257.5,1256.5,1257.25,7729
2025-02-14 09:39:00+05:30,1257.3,1258.0,1257.0,1257.5,13986
2025-02-14 09:40:00+05:30,1257.6,1258.3,1257.0,1257.9,8916
2025-02-14 09:41:00+05:30,1257.9,1258.75,1257.3,1257.3,8233
2025-02-14 09:42:00+05:30,1257.0,1257.4,1256.1,1257.25,16314
2025-02-14 09:43:00+05:30,1257.2,1257.35,1256.85,1257.1,6899
2025-02-14 09:44:00+05:30,1256.85,1256.85,1255.35,1256.05,23397
2025-02-14 09:45:00+05:30,1255.85,1257.55,1255.0,1257.35,11774
2025-02-14 09:46:00+05:30,1257.55,1257.55,1255.75,1255.8,12951
2025-02-14 09:47:00+05:30,1255.8,1256.9,1255.75,1256.75,10362
2025-02-14 09:48:00+05:30,1256.75,1256.85,1256.15,1256.65,6180
2025-02-14 09:49:00+05:30,1256.55,1258.15,1256.3,1257.9,13811
2025-02-14 09:50:00+05:30,1258.15,1258.35,1257.2,1257.6,12666
2025-02-14 09:51:00+05:30,1257.6,1259.05,1257.6,1259.0,13398
2025-02-14 09:52:00+05:30,1259.05,1259.5,1258.2,1258.55,12425
2025-02-14 09:53:00+05:30,1258.6,1259.3,1257.9,1258.0,12198
2025-02-14 09:54:00+05:30,1257.95,1257.95,1255.55,1255.9,18973
2025-02-14 09:55:00+05:30,1255.85,1257.3,1255.65,1257.0,14021
2025-02-14 09:56:00+05:30,1256.95,1257.6,1256.25,1257.45,8848
2025-02-14 09:57:00+05:30,1257.25,1257.4,1257.05,1257.05,1967
2025-02-14 09:58:00+05:30,1257.1,1258.0,1256.7,1257.4,15247
2025-02-14 09:59:00+05:30,1257.6,1259.85,1257.6,1258.5,9657
2025-02-14 10:00:00+05:30,1258.75,1259.65,1258.1,1258.5,10791
2025-02-14 10:01:00+05:30,1258.5,1259.15,1258.4,1258.95,9814
2025-02-14 10:02:00+05:30,1259.0,1259.15,1258.0,1258.9,7931
2025-02-14 10:03:00+05:30,1258.8,1259.75,1258.1,1259.0,15686
2025-02-14 10:04:00+05:30,1259.1,1259.85,1259.0,1259.75,5363
2025-02-14 10:05:00+05:30,1259.75,1260.6,1259.65,1260.55,10664
2025-02-14 10:06:00+05:30,1260.55,1260.9,1258.95,1259.0,7194
2025-02-14 10:07:00+05:30,1258.9,1259.75,1258.9,1259.45,8208
2025-02-14 10:08:00+05:30,1259.45,1260.8,1258.6,1259.75,12654
2025-02-14 10:09:00+05:30,1259.75,1260.55,1259.25,1260.55,10588
2025-02-14 10:10:00+05:30,1260.4,1260.8,1259.85,1259.85,4553
2025-02-14 10:11:00+05:30,1259.7,1260.0,1259.05,1259.85,31768
2025-02-14 10:12:00+05:30,1259.9,1260.1,1259.5,1259.75,7988
2025-02-14 10:13:00+05:30,1259.75,1259.85,1258.95,1259.35,11069
2025-02-14 10:14:00+05:30,1259.35,1260.3,1259.35,1259.9,10668
2025-02-14 10:15:00+05:30,1259.85,1260.85,1259.8,1260.4,5237
2025-02-14 10:16:00+05:30,1260.4,1260.95,1260.35,1260.6,13190
2025-02-14 10:17:00+05:30,1260.55,1262.5,1260.5,1262.5,25859
2025-02-14 10:18:00+05:30,1262.5,1262.5,1261.55,1262.05,11819
2025-02-14 10:19:00+05:30,1262.05,1262.05,1261.3,1261.4,7076
2025-02-14 10:20:00+05:30,1261.45,1261.5,1261.3,1261.35,4816
2025-02-14 10:21:00+05:30,1261.35,1262.1,1261.3,1261.65,15866
2025-02-14 10:22:00+05:30,1261.75,1262.05,1261.35,1261.4,7807
2025-02-14 10:23:00+05:30,1261.4,1262.45,1261.3,1262.4,8705
2025-02-14 10:24:00+05:30,1262.4,1263.0,1262.4,1262.6,7179
2025-02-14 10:25:00+05:30,1262.6,1262.9,1262.55,1262.85,10978
2025-02-14 10:26:00+05:30,1262.9,1263.5,1262.55,1262.65,20321
2025-02-14 10:27:00+05:30,1262.55,1262.65,1261.75,1262.1,13837
2025-02-14 10:28:00+05:30,1262.05,1262.05,1260.9,1260.9,20337
2025-02-14 10:29:00+05:30,1260.95,1261.4,1260.35,1261.0,17385
2025-02-14 10:30:00+05:30,1261.0,1261.4,1260.15,1260.25,11774
2025-02-14 10:31:00+05:30,1260.25,1260.35,1259.35,1260.1,24295
2025-02-14 10:32:00+05:30,1260.05,1260.5,1259.35,1259.35,12682
2025-02-14 10:33:00+05:30,1259.4,1259.45,1258.8,1258.85,6103
2025-02-14 10:34:00+05:30,1258.9,1258.9,1258.25,1258.25,9070
2025-02-14 10:35:00+05:30,1258.35,1258.45,1257.35,1257.4,9754
2025-02-14 10:36:00+05:30,1257.55,1257.55,1255.15,1255.15,29806
2025-02-14 10:37:00+05:30,1255.15,1255.7,1254.1,1254.85,50404
2025-02-14 10:38:00+05:30,1254.8,1255.0,1252.6,1253.8,33846
2025-02-14 10:39:00+05:30,1253.75,1253.75,1252.0,1252.75,86786
2025-02-14 10:40:00+05:30,1252.75,1254.0,1251.9,1254.0,23923
2025-02-14 10:41:00+05:30,1253.95,1253.95,1252.0,1253.0,61317
2025-02-14 10:42:00+05:30,1253.0,1253.0,1251.15,1251.7,52502
2025-02-14 10:43:00+05:30,1251.65,1252.0,1251.15,1251.85,25921
2025-02-14 10:44:00+05:30,1251.85,1251.9,1251.05,1251.7,16435
2025-02-14 10:45:00+05:30,1251.7,1251.75,1250.25,1251.25,51696
2025-02-14 10:46:00+05:30,1250.95,1251.25,1250.45,1250.6,9985
2025-02-14 10:47:00+05:30,1250.6,1250.85,1250.0,1250.05,17376
2025-02-14 10:48:00+05:30,1250.1,1250.45,1249.15,1249.4,23970
2025-02-14 10:49:00+05:30,1249.35,1251.2,1249.35,1250.4,13244
2025-02-14 10:50:00+05:30,1250.25,1250.55,1250.0,1250.45,16632
2025-02-14 10:51:00+05:30,1250.4,1250.6,1250.05,1250.05,18190
2025-02-14 10:52:00+05:30,1250.05,1250.45,1249.3,1250.1,15143
2025-02-14 10:53:00+05:30,1250.05,1251.5,1249.7,1250.45,37914
2025-02-14 10:54:00+05:30,1250.35,1251.1,1250.0,1251.1,43159
2025-02-14 10:55:00+05:30,1250.6,1251.45,1250.5,1251.0,19387
2025-02-14 10:56:00+05:30,1251.15,1252.45,1250.9,1251.9,11665
2025-02-14 10:57:00+05:30,1251.9,1252.55,1251.6,1252.35,10856
2025-02-14 10:58:00+05:30,1252.15,1253.1,1251.7,1252.65,12581
2025-02-14 10:59:00+05:30,1252.65,1252.8,1251.25,1252.25,54429
2025-02-14 11:00:00+05:30,1252.25,1252.8,1251.95,1252.1,8829
2025-02-14 11:01:00+05:30,1252.15,1252.35,1251.25,1251.8,22161
2025-02-14 11:02:00+05:30,1251.8,1251.8,1251.05,1251.35,17162
2025-02-14 11:03:00+05:30,1251.35,1251.75,1251.05,1251.2,10020
2025-02-14 11:04:00+05:30,1251.05,1251.2,1249.6,1250.35,45705
2025-02-14 11:05:00+05:30,1250.2,1250.55,1249.45,1249.8,22334
2025-02-14 11:06:00+05:30,1249.8,1249.85,1249.15,1249.2,11825
2025-02-14 11:07:00+05:30,1249.2,1249.35,1248.3,1248.6,30418
2025-02-14 11:08:00+05:30,1248.35,1249.95,1248.2,1249.75,36347
2025-02-14 11:09:00+05:30,1249.75,1250.0,1249.2,1249.4,7995
2025-02-14 11:10:00+05:30,1249.35,1250.0,1248.55,1249.8,16784
2025-02-14 11:11:00+05:30,1249.8,1250.0,1249.15,1249.95,18915
2025-02-14 11:12:00+05:30,1249.95,1251.2,1249.65,1251.2,40921
2025-02-14 11:13:00+05:30,1251.2,1252.15,1250.4,1250.85,18600
2025-02-14 11:14:00+05:30,1250.9,1251.45,1250.7,1250.8,19566
2025-02-14 11:15:00+05:30,1251.15,1251.3,1250.5,1250.5,25340
2025-02-14 11:16:00+05:30,1251.2,1251.45,1250.35,1251.1,40783
2025-02-14 11:17:00+05:30,1251.05,1251.1,1250.1,1250.55,21818
2025-02-14 11:18:00+05:30,1250.55,1251.5,1250.45,1251.05,10095
2025-02-14 11:19:00+05:30,1251.15,1251.25,1249.75,1249.85,6108
2025-02-14 11:20:00+05:30,1249.85,1250.5,1249.6,1250.5,11362
2025-02-14 11:21:00+05:30,1250.5,1251.15,1249.85,1250.0,30500
2025-02-14 11:22:00+05:30,1250.0,1250.95,1249.6,1249.65,18950
2025-02-14 11:23:00+05:30,1249.65,1250.3,1249.55,1250.15,12671
2025-02-14 11:24:00+05:30,1250.2,1250.2,1249.15,1249.4,7986
2025-02-14 11:25:00+05:30,1249.45,1249.65,1249.05,1249.45,8361
2025-02-14 11:26:00+05:30,1249.5,1250.0,1249.35,1249.9,14380
2025-02-14 11:27:00+05:30,1249.95,1250.25,1249.45,1249.95,17735
2025-02-14 11:28:00+05:30,1250.0,1250.55,1249.75,1250.2,12900
2025-02-14 11:29:00+05:30,1250.35,1250.95,1249.8,1249.8,13521
2025-02-14 11:30:00+05:30,1249.65,1250.2,1249.0,1250.05,25091
2025-02-14 11:31:00+05:30,1250.15,1251.35,1250.05,1250.5,18457
2025-02-14 11:32:00+05:30,1250.55,1251.65,1250.3,1251.55,13575
2025-02-14 11:33:00+05:30,1251.55,1251.9,1251.0,1251.85,5434
2025-02-14 11:34:00+05:30,1251.7,1252.4,1251.5,1252.0,4989
2025-02-14 11:35:00+05:30,1252.0,1253.0,1252.0,1252.15,9035
2025-02-14 11:36:00+05:30,1252.1,1252.45,1251.9,1252.05,11163
2025-02-14 11:37:00+05:30,1252.05,1252.2,1250.9,1251.0,12208
2025-02-14 11:38:00+05:30,1251.05,1251.3,1250.85,1251.2,7441
2025-02-14 11:39:00+05:30,1251.2,1251.2,1250.35,1250.85,13881
2025-02-14 11:40:00+05:30,1250.6,1250.7,1249.65,1250.5,27007
2025-02-14 11:41:00+05:30,1250.7,1250.8,1249.75,1250.1,37120
2025-02-14 11:42:00+05:30,1250.1,1250.95,1250.05,1250.35,11421
2025-02-14 11:43:00+05:30,1250.45,1251.35,1250.3,1251.05,17342
2025-02-14 11:44:00+05:30,1250.9,1252.1,1250.75,1251.85,9650
2025-02-14 11:45:00+05:30,1251.9,1252.7,1251.6,1252.45,5953
2025-02-14 11:46:00+05:30,1252.2,1252.4,1251.4,1252.0,4137
2025-02-14 11:47:00+05:30,1252.0,1252.3,1251.55,1251.9,4251
2025-02-14 11:48:00+05:30,1251.8,1251.8,1251.4,1251.45,4131
2025-02-14 11:49:00+05:30,1251.5,1251.55,1251.45,1251.5,1336
2025-02-14 11:50:00+05:30,1251.55,1251.65,1250.8,1251.65,15513
2025-02-14 11:51:00+05:30,1251.65,1252.45,1251.55,1252.0,9377
2025-02-14 11:52:00+05:30,1252.1,1252.15,1251.65,1252.0,4194
2025-02-14 11:53:00+05:30,1251.9,1252.1,1251.9,1252.05,4275
2025-02-14 11:54:00+05:30,1252.1,1252.3,1251.75,1252.05,4128
2025-02-14 11:55:00+05:30,1251.9,1252.3,1251.65,1251.9,5576
2025-02-14 11:56:00+05:30,1251.85,1252.55,1251.7,1252.35,10795
2025-02-14 11:57:00+05:30,1252.4,1253.1,1252.35,1252.55,19816
2025-02-14 11:58:00+05:30,1252.55,1252.7,1252.0,1252.0,8510
2025-02-14 11:59:00+05:30,1252.0,1252.95,1251.75,1252.55,59135
2025-02-14 12:00:00+05:30,1252.6,1252.95,1251.9,1252.0,18404
2025-02-14 12:01:00+05:30,1252.0,1252.0,1251.65,1251.7,12950
2025-02-14 12:02:00+05:30,1251.65,1251.7,1250.65,1250.9,18480
2025-02-14 12:03:00+05:30,1250.9,1250.9,1249.5,1250.25,25212
2025-02-14 12:04:00+05:30,1250.3,1250.3,1249.25,1249.25,167196
2025-02-14 12:05:00+05:30,1249.35,1250.0,1249.25,1249.65,22360
2025-02-14 12:06:00+05:30,1249.8,1249.8,1248.85,1248.9,13063
2025-02-14 12:07:00+05:30,1248.9,1249.0,1247.3,1247.65,34477
2025-02-14 12:08:00+05:30,1247.65,1247.95,1246.7,1247.95,16934
2025-02-14 12:09:00+05:30,1247.9,1248.0,1246.65,1247.35,32872
2025-02-14 12:10:00+05:30,1247.0,1248.45,1246.75,1248.1,36013
2025-02-14 12:11:00+05:30,1247.95,1248.35,1247.45,1247.7,9601
2025-02-14 12:12:00+05:30,1248.1,1248.2,1246.5,1246.85,32727
2025-02-14 12:13:00+05:30,1246.85,1247.45,1245.85,1246.5,121434
2025-02-14 12:14:00+05:30,1246.6,1246.8,1245.45,1245.9,91745
2025-02-14 12:15:00+05:30,1246.0,1247.0,1245.85,1246.6,24963
2025-02-14 12:16:00+05:30,1246.55,1247.0,1245.0,1246.05,73884
2025-02-14 12:17:00+05:30,1246.0,1246.3,1245.8,1246.0,14375
2025-02-14 12:18:00+05:30,1246.0,1246.7,1244.95,1245.4,136446
2025-02-14 12:19:00+05:30,1245.4,1245.9,1244.9,1245.75,30107
2025-02-14 12:20:00+05:30,1245.75,1246.2,1244.45,1245.6,94269
2025-02-14 12:21:00+05:30,1245.6,1246.45,1245.15,1246.2,28729
2025-02-14 12:22:00+05:30,1246.2,1246.8,1245.85,1246.75,13244
2025-02-14 12:23:00+05:30,1246.75,1247.45,1246.1,1247.1,17349
2025-02-14 12:24:00+05:30,1247.05,1248.1,1246.85,1248.1,12864
2025-02-14 12:25:00+05:30,1248.1,1248.7,1247.9,1248.4,15486
2025-02-14 12:26:00+05:30,1248.6,1249.5,1248.3,1249.25,19827
2025-02-14 12:27:00+05:30,1249.25,1249.95,1249.0,1249.8,9620
2025-02-14 12:28:00+05:30,1249.95,1250.0,1249.25,1249.45,10285
2025-02-14 12:29:00+05:30,1249.25,1249.45,1248.5,1249.15,8258
2025-02-14 12:30:00+05:30,1249.05,1249.75,1248.45,1249.15,18658
2025-02-14 12:31:00+05:30,1248.8,1249.55,1248.8,1248.95,13929
2025-02-14 12:32:00+05:30,1248.95,1249.3,1248.35,1249.3,11721
2025-02-14 12:33:00+05:30,1249.3,1250.0,1249.0,1249.5,24440
2025-02-14 12:34:00+05:30,1249.5,1249.65,1249.15,1249.45,10596
2025-02-14 12:35:00+05:30,1249.5,1250.4,1248.75,1250.25,18372
2025-02-14 12:36:00+05:30,1250.2,1250.5,1249.45,1249.65,13546
2025-02-14 12:37:00+05:30,1249.7,1250.1,1249.5,1249.75,8239
2025-02-14 12:38:00+05:30,1249.75,1249.9,1249.5,1249.9,6219
2025-02-14 12:39:00+05:30,1249.8,1250.85,1249.75,1250.4,12676
2025-02-14 12:40:00+05:30,1250.4,1251.4,1249.9,1250.55,71539
2025-02-14 12:41:00+05:30,1250.55,1250.85,1249.8,1250.25,11775
2025-02-14 12:42:00+05:30,1250.2,1251.15,1249.8,1250.1,62315
2025-02-14 12:43:00+05:30,1250.05,1251.15,1249.65,1250.15,66905
2025-02-14 12:44:00+05:30,1250.15,1251.3,1249.8,1251.05,27800
2025-02-14 12:45:00+05:30,1251.05,1251.6,1250.6,1251.25,12350
2025-02-14 12:46:00+05:30,1251.3,1251.75,1251.1,1251.7,7155
2025-02-14 12:47:00+05:30,1251.7,1252.2,1251.1,1252.2,26526
2025-02-14 12:48:00+05:30,1252.0,1252.05,1251.0,1251.05,5336
2025-02-14 12:49:00+05:30,1251.0,1251.05,1249.65,1250.0,9962
2025-02-14 12:50:00+05:30,1250.0,1251.2,1249.9,1251.15,10440
2025-02-14 12:51:00+05:30,1250.8,1251.75,1250.7,1251.25,12004
2025-02-14 12:52:00+05:30,1251.1,1251.9,1251.05,1251.5,8325
2025-02-14 12:53:00+05:30,1251.7,1252.05,1251.05,1251.9,40556
2025-02-14 12:54:00+05:30,1251.95,1251.95,1250.35,1250.5,14101
2025-02-14 12:55:00+05:30,1250.5,1251.2,1250.35,1251.2,13098
2025-02-14 12:56:00+05:30,1251.05,1252.0,1250.7,1250.85,40553
2025-02-14 12:57:00+05:30,1250.85,1251.7,1250.8,1251.2,6325
2025-02-14 12:58:00+05:30,1251.05,1251.15,1250.5,1250.65,5474
2025-02-14 12:59:00+05:30,1250.65,1250.65,1249.5,1249.6,12581
2025-02-14 13:00:00+05:30,1249.6,1250.95,1249.45,1250.7,35843
2025-02-14 13:01:00+05:30,1250.75,1250.75,1250.1,1250.55,8755
2025-02-14 13:02:00+05:30,1250.2,1250.5,1249.4,1249.7,24596
2025-02-14 13:03:00+05:30,1249.7,1250.2,1249.55,1249.8,18591
2025-02-14 13:04:00+05:30,1249.85,1250.95,1249.6,1250.5,27413
2025-02-14 13:05:00+05:30,1250.55,1251.35,1250.5,1251.1,10286
2025-02-14 13:06:00+05:30,1251.05,1251.5,1250.5,1251.5,10127
2025-02-14 13:07:00+05:30,1251.15,1251.65,1250.85,1250.85,9850
2025-02-14 13:08:00+05:30,1251.3,1251.65,1250.7,1251.35,7922
2025-02-14 13:09:00+05:30,1251.45,1251.65,1251.0,1251.1,6770
2025-02-14 13:10:00+05:30,1251.1,1251.9,1250.85,1251.35,8480
2025-02-14 13:11:00+05:30,1251.35,1251.7,1251.05,1251.6,5934
2025-02-14 13:12:00+05:30,1251.3,1251.95,1251.05,1251.7,7354
2025-02-14 13:13:00+05:30,1251.7,1252.5,1251.15,1252.0,18022
2025-02-14 13:14:00+05:30,1252.0,1252.5,1251.85,1252.15,8238
2025-02-14 13:15:00+05:30,1252.2,1252.8,1251.7,1252.6,12184
2025-02-14 13:16:00+05:30,1252.65,1253.35,1252.1,1252.5,15139
2025-02-14 13:17:00+05:30,1252.4,1252.7,1252.1,1252.65,13141
2025-02-14 13:18:00+05:30,1252.7,1252.7,1252.1,1252.4,6553
2025-02-14 13:19:00+05:30,1252.35,1253.5,1252.25,1252.85,11498
2025-02-14 13:20:00+05:30,1252.8,1252.85,1252.0,1252.25,13084
2025-02-14 13:21:00+05:30,1252.15,1252.85,1251.6,1252.3,11416
2025-02-14 13:22:00+05:30,1252.35,1252.85,1252.05,1252.8,7352
2025-02-14 13:23:00+05:30,1252.8,1253.0,1252.35,1252.6,9119
2025-02-14 13:24:00+05:30,1252.65,1252.75,1251.85,1251.9,8463
2025-02-14 13:25:00+05:30,1251.95,1252.9,1251.85,1252.55,12134
2025-02-14 13:26:00+05:30,1252.55,1252.9,1252.3,1252.5,9168
2025-02-14 13:27:00+05:30,1252.55,1252.6,1251.85,1252.0,11070
2025-02-14 13:28:00+05:30,1251.95,1252.35,1251.25,1251.9,13378
2025-02-14 13:29:00+05:30,1251.85,1252.1,1251.55,1251.85,7696
2025-02-14 13:30:00+05:30,1251.9,1252.8,1251.6,1252.45,7844
2025-02-14 13:31:00+05:30,1252.3,1252.35,1251.8,1252.05,8011
2025-02-14 13:32:00+05:30,1252.05,1252.35,1251.85,1252.0,22932
2025-02-14 13:33:00+05:30,1252.0,1252.05,1251.5,1251.95,11533
2025-02-14 13:34:00+05:30,1251.9,1252.4,1251.25,1252.2,15487
2025-02-14 13:35:00+05:30,1252.2,1252.25,1250.95,1251.8,19257
2025-02-14 13:36:00+05:30,1251.8,1251.8,1251.2,1251.2,13257
2025-02-14 13:37:00+05:30,1251.25,1251.95,1250.9,1251.2,12642
2025-02-14 13:38:00+05:30,1251.35,1251.4,1250.65,1251.25,8395
2025-02-14 13:39:00+05:30,1251.2,1251.2,1250.55,1250.7,9914
2025-02-14 13:40:00+05:30,1250.8,1251.0,1250.55,1250.8,15305
2025-02-14 13:41:00+05:30,1250.95,1251.1,1250.55,1251.0,39730
2025-02-14 13:42:00+05:30,1250.95,1251.0,1250.55,1250.9,14725
2025-02-14 13:43:00+05:30,1250.9,1251.0,1250.6,1250.95,12922
2025-02-14 13:44:00+05:30,1250.95,1251.0,1250.6,1250.8,10043
2025-02-14 13:45:00+05:30,1250.8,1250.85,1250.55,1250.8,9571
2025-02-14 13:46:00+05:30,1250.85,1252.05,1250.5,1250.9,180005
2025-02-14 13:47:00+05:30,1251.0,1251.0,1250.6,1250.95,24969
2025-02-14 13:48:00+05:30,1251.0,1251.0,1250.45,1250.65,22375
2025-02-14 13:49:00+05:30,1250.65,1250.65,1250.5,1250.6,12486
2025-02-14 13:50:00+05:30,1250.6,1250.75,1250.55,1250.65,8769
2025-02-14 13:51:00+05:30,1250.65,1251.4,1250.55,1250.7,57545
2025-02-14 13:52:00+05:30,1250.85,1251.0,1250.7,1251.0,16398
2025-02-14 13:53:00+05:30,1251.0,1252.0,1250.85,1251.0,35129
2025-02-14 13:54:00+05:30,1251.0,1251.05,1250.7,1250.95,12065
2025-02-14 13:55:00+05:30,1250.95,1251.1,1250.9,1250.95,52057
2025-02-14 13:56:00+05:30,1250.95,1251.6,1250.55,1251.0,73628
2025-02-14 13:57:00+05:30,1251.0,1251.0,1250.85,1250.9,27644
2025-02-14 13:58:00+05:30,1250.95,1250.95,1249.95,1250.65,28759
2025-02-14 13:59:00+05:30,1250.55,1251.0,1250.3,1250.95,14357
2025-02-14 14:00:00+05:30,1250.85,1250.9,1250.0,1250.15,8863
2025-02-14 14:01:00+05:30,1250.15,1250.55,1250.0,1250.4,13448
2025-02-14 14:02:00+05:30,1250.45,1251.4,1250.4,1251.0,21804
2025-02-14 14:03:00+05:30,1251.0,1251.0,1250.5,1250.65,12657
2025-02-14 14:04:00+05:30,1250.65,1250.65,1249.25,1249.85,55903
2025-02-14 14:05:00+05:30,1249.85,1251.0,1249.7,1250.5,12585
2025-02-14 14:06:00+05:30,1250.5,1251.65,1250.45,1250.7,53332
2025-02-14 14:07:00+05:30,1251.0,1251.45,1250.3,1250.9,107302
2025-02-14 14:08:00+05:30,1250.9,1251.0,1250.5,1250.8,11084
2025-02-14 14:09:00+05:30,1250.8,1252.4,1250.75,1252.4,47917
2025-02-14 14:10:00+05:30,1252.4,1252.55,1252.0,1252.05,12586
2025-02-14 14:11:00+05:30,1252.05,1252.3,1251.45,1251.85,9593
2025-02-14 14:12:00+05:30,1251.85,1252.1,1250.9,1250.95,30236
2025-02-14 14:13:00+05:30,1250.95,1251.95,1250.55,1251.4,121432
2025-02-14 14:14:00+05:30,1251.35,1252.6,1251.3,1252.3,11410
2025-02-14 14:15:00+05:30,1252.3,1252.45,1251.85,1252.0,122089
2025-02-14 14:16:00+05:30,1252.0,1254.7,1251.95,1254.3,49598
2025-02-14 14:17:00+05:30,1254.2,1254.35,1253.65,1254.3,12624
2025-02-14 14:18:00+05:30,1254.1,1254.3,1253.75,1253.85,11269
2025-02-14 14:19:00+05:30,1253.9,1254.3,1253.5,1253.55,11332
2025-02-14 14:20:00+05:30,1253.6,1254.8,1253.6,1253.65,19246
2025-02-14 14:21:00+05:30,1253.55,1253.75,1252.65,1252.7,13386
2025-02-14 14:22:00+05:30,1252.7,1253.55,1252.65,1253.35,12707
2025-02-14 14:23:00+05:30,1253.45,1253.55,1252.35,1253.0,37822
2025-02-14 14:24:00+05:30,1253.0,1253.0,1252.1,1252.2,15662
2025-02-14 14:25:00+05:30,1252.25,1253.25,1252.25,1252.95,36438
2025-02-14 14:26:00+05:30,1252.95,1253.95,1252.5,1252.95,172285
2025-02-14 14:27:00+05:30,1253.0,1253.85,1252.9,1253.15,76989
2025-02-14 14:28:00+05:30,1253.2,1253.85,1253.0,1253.7,11544
2025-02-14 14:29:00+05:30,1253.7,1254.75,1253.7,1254.05,21943
2025-02-14 14:30:00+05:30,1254.1,1256.2,1253.3,1255.8,35322
2025-02-14 14:31:00+05:30,1255.8,1256.8,1255.75,1256.45,26369
2025-02-14 14:32:00+05:30,1256.4,1257.3,1256.25,1257.05,26113
2025-02-14 14:33:00+05:30,1257.05,1258.0,1256.9,1257.2,28413
2025-02-14 14:34:00+05:30,1257.15,1258.25,1257.0,1258.0,23193
2025-02-14 14:35:00+05:30,1258.0,1258.25,1257.0,1257.15,51322
2025-02-14 14:36:00+05:30,1257.1,1258.5,1257.1,1257.65,50949
2025-02-14 14:37:00+05:30,1257.65,1258.2,1257.1,1257.4,93379
2025-02-14 14:38:00+05:30,1257.45,1258.5,1257.3,1257.65,163488
2025-02-14 14:39:00+05:30,1257.5,1259.5,1256.35,1256.35,111014
2025-02-14 14:40:00+05:30,1256.45,1259.35,1256.3,1259.05,46518
2025-02-14 14:41:00+05:30,1259.0,1259.95,1258.7,1259.35,52624
2025-02-14 14:42:00+05:30,1259.35,1260.5,1259.3,1260.4,59816
2025-02-14 14:43:00+05:30,1260.3,1261.5,1259.8,1261.4,49709
2025-02-14 14:44:00+05:30,1261.35,1261.55,1260.45,1260.6,30521
2025-02-14 14:45:00+05:30,1260.6,1261.05,1260.05,1260.65,35919
2025-02-14 14:46:00+05:30,1260.45,1260.95,1259.75,1260.2,27688
2025-02-14 14:47:00+05:30,1260.2,1260.45,1259.1,1259.3,25097
2025-02-14 14:48:00+05:30,1259.3,1259.5,1258.7,1259.15,22280
2025-02-14 14:49:00+05:30,1259.2,1260.0,1258.75,1259.8,40967
2025-02-14 14:50:00+05:30,1259.75,1259.95,1259.1,1259.3,23273
2025-02-14 14:51:00+05:30,1259.2,1260.0,1258.7,1259.5,31702
2025-02-14 14:52:00+05:30,1259.1,1260.5,1259.1,1259.15,33364
2025-02-14 14:53:00+05:30,1259.15,1259.8,1258.9,1259.3,28848
2025-02-14 14:54:00+05:30,1259.3,1259.9,1258.75,1259.3,31068
2025-02-14 14:55:00+05:30,1259.2,1259.85,1258.5,1258.5,29420
2025-02-14 14:56:00+05:30,1258.7,1259.05,1257.0,1257.35,48649
2025-02-14 14:57:00+05:30,1257.35,1259.0,1257.3,1258.5,38539
2025-02-14 14:58:00+05:30,1258.5,1259.9,1258.5,1259.35,40873
2025-02-14 14:59:00+05:30,1259.35,1259.95,1258.55,1258.9,31008
2025-02-14 15:00:00+05:30,1258.8,1259.65,1258.25,1258.65,46840
2025-02-14 15:01:00+05:30,1258.6,1259.5,1258.5,1258.6,51979
2025-02-14 15:02:00+05:30,1258.65,1259.0,1258.0,1258.85,46855
2025-02-14 15:03:00+05:30,1258.85,1259.5,1258.25,1259.5,45774
2025-02-14 15:04:00+05:30,1259.45,1259.55,1258.75,1259.3,46657
2025-02-14 15:05:00+05:30,1259.3,1260.0,1259.25,1259.8,61070
2025-02-14 15:06:00+05:30,1259.75,1260.45,1259.05,1260.45,52070
2025-02-14 15:07:00+05:30,1260.4,1261.45,1260.15,1260.4,80432
2025-02-14 15:08:00+05:30,1260.4,1261.35,1260.4,1261.15,40508
2025-02-14 15:09:00+05:30,1261.15,1261.35,1260.2,1260.65,54187
2025-02-14 15:10:00+05:30,1260.65,1261.15,1260.25,1260.45,78709
2025-02-14 15:11:00+05:30,1260.5,1260.5,1260.15,1260.35,46089
2025-02-14 15:12:00+05:30,1260.35,1260.45,1259.35,1259.45,71113
2025-02-14 15:13:00+05:30,1259.5,1260.35,1259.35,1260.1,83092
2025-02-14 15:14:00+05:30,1260.05,1260.15,1259.35,1259.5,78185
2025-02-14 15:15:00+05:30,1259.55,1260.0,1258.8,1259.6,96255
2025-02-14 15:16:00+05:30,1259.6,1260.3,1259.4,1260.05,98708
2025-02-14 15:17:00+05:30,1260.1,1261.0,1260.1,1260.8,70655
2025-02-14 15:18:00+05:30,1260.85,1261.4,1260.8,1261.0,93545
2025-02-14 15:19:00+05:30,1261.0,1261.4,1260.4,1260.65,67137
2025-02-14 15:20:00+05:30,1260.8,1260.85,1260.2,1260.35,79523
2025-02-14 15:21:00+05:30,1260.35,1261.2,1260.35,1260.6,64622
2025-02-14 15:22:00+05:30,1260.4,1260.85,1260.4,1260.65,33336
2025-02-14 15:23:00+05:30,1260.6,1260.9,1260.35,1260.4,40623
2025-02-14 15:24:00+05:30,1260.45,1260.95,1260.0,1260.9,40092
2025-02-14 15:25:00+05:30,1260.9,1261.9,1260.75,1260.95,81007
2025-02-14 15:26:00+05:30,1260.95,1261.0,1260.15,1260.15,60379
2025-02-14 15:27:00+05:30,1260.15,1261.0,1259.6,1259.8,83082
2025-02-14 15:28:00+05:30,1260.05,1260.5,1259.45,1259.6,54484
2025-02-14 15:29:00+05:30,1259.6,1260.1,1258.1,1259.0,42486
2025-02-17 09:15:00+05:30,1253.0,1258.15,1251.4,1255.1,643602
2025-02-17 09:16:00+05:30,1255.8,1255.8,1253.25,1254.45,96393
2025-02-17 09:17:00+05:30,1254.45,1254.75,1253.4,1253.95,47874
2025-02-17 09:18:00+05:30,1254.4,1254.55,1251.3,1251.8,66418
2025-02-17 09:19:00+05:30,1251.8,1252.4,1249.1,1250.0,109408
2025-02-17 09:20:00+05:30,1250.2,1253.25,1249.9,1251.95,92758
2025-02-17 09:21:00+05:30,1252.3,1252.4,1251.05,1251.65,26560
2025-02-17 09:22:00+05:30,1251.6,1252.35,1249.1,1249.4,49393
2025-02-17 09:23:00+05:30,1249.3,1250.7,1249.2,1249.85,45930
2025-02-17 09:24:00+05:30,1249.85,1250.4,1248.1,1249.7,33913
2025-02-17 09:25:00+05:30,1249.7,1251.45,1249.45,1250.85,19178
2025-02-17 09:26:00+05:30,1250.8,1250.8,1248.55,1248.9,37734
2025-02-17 09:27:00+05:30,1248.85,1249.2,1246.45,1247.75,34826
2025-02-17 09:28:00+05:30,1247.75,1247.75,1246.55,1246.85,26530
2025-02-17 09:29:00+05:30,1247.1,1248.0,1246.75,1247.6,28330
2025-02-17 09:30:00+05:30,1247.55,1248.5,1247.4,1248.35,18301
2025-02-17 09:31:00+05:30,1248.5,1249.0,1247.25,1247.3,46615
2025-02-17 09:32:00+05:30,1247.5,1248.35,1245.45,1246.1,45192
2025-02-17 09:33:00+05:30,1246.0,1247.85,1246.0,1247.05,31107
2025-02-17 09:34:00+05:30,1247.05,1247.9,1246.6,1247.4,26456
2025-02-17 09:35:00+05:30,1247.4,1248.3,1247.0,1247.55,25659
2025-02-17 09:36:00+05:30,1247.55,1248.65,1246.65,1248.4,76457
2025-02-17 09:37:00+05:30,1248.4,1248.4,1247.0,1248.1,11343
2025-02-17 09:38:00+05:30,1248.15,1248.2,1247.15,1247.15,10631
2025-02-17 09:39:00+05:30,1247.4,1247.6,1246.2,1246.7,16821
2025-02-17 09:40:00+05:30,1246.65,1247.85,1246.0,1246.5,21375
2025-02-17 09:41:00+05:30,1246.55,1247.7,1246.0,1246.9,32762
2025-02-17 09:42:00+05:30,1246.9,1246.9,1244.35,1246.6,45255
2025-02-17 09:43:00+05:30,1246.6,1246.6,1244.3,1244.85,15032
2025-02-17 09:44:00+05:30,1244.85,1244.95,1242.2,1242.35,19616
2025-02-17 09:45:00+05:30,1242.6,1242.9,1242.05,1242.55,20217
2025-02-17 09:46:00+05:30,1242.55,1244.4,1242.05,1244.1,22672
2025-02-17 09:47:00+05:30,1244.05,1244.7,1243.4,1244.2,18362
2025-02-17 09:48:00+05:30,1244.2,1244.85,1243.5,1244.05,24141
2025-02-17 09:49:00+05:30,1244.05,1244.9,1243.45,1244.2,14180
2025-02-17 09:50:00+05:30,1244.15,1244.2,1243.0,1243.5,14936
2025-02-17 09:51:00+05:30,1243.5,1243.5,1241.25,1242.1,25074
2025-02-17 09:52:00+05:30,1242.1,1242.3,1241.0,1241.15,14523
2025-02-17 09:53:00+05:30,1241.1,1241.95,1240.55,1241.6,18361
2025-02-17 09:54:00+05:30,1241.5,1241.5,1240.25,1240.5,45246
2025-02-17 09:55:00+05:30,1240.5,1240.85,1238.9,1239.55,38117
2025-02-17 09:56:00+05:30,1239.6,1239.6,1238.1,1238.8,29635
2025-02-17 09:57:00+05:30,1239.05,1239.7,1238.15,1239.35,56536
2025-02-17 09:58:00+05:30,1239.15,1239.45,1237.0,1237.5,21211
2025-02-17 09:59:00+05:30,1237.2,1238.2,1237.0,1237.95,36281
2025-02-17 10:00:00+05:30,1237.95,1237.95,1233.95,1234.75,56505
2025-02-17 10:01:00+05:30,1234.75,1235.65,1234.25,1234.55,35359
2025-02-17 10:02:00+05:30,1234.5,1236.8,1234.0,1236.8,36839
2025-02-17 10:03:00+05:30,1236.75,1236.75,1235.5,1235.85,20937
2025-02-17 10:04:00+05:30,1236.0,1236.05,1234.55,1235.6,45935
2025-02-17 10:05:00+05:30,1235.55,1236.25,1235.1,1235.9,23167
2025-02-17 10:06:00+05:30,1235.9,1236.25,1235.55,1235.7,11165
2025-02-17 10:07:00+05:30,1235.7,1235.95,1235.15,1235.7,20709
2025-02-17 10:08:00+05:30,1235.7,1236.65,1235.2,1235.3,43246
2025-02-17 10:09:00+05:30,1235.3,1235.85,1235.0,1235.7,12061
2025-02-17 10:10:00+05:30,1235.55,1235.55,1234.0,1234.55,18862
2025-02-17 10:11:00+05:30,1234.4,1234.85,1233.25,1234.2,17680
2025-02-17 10:12:00+05:30,1234.0,1235.15,1233.5,1234.75,28321
2025-02-17 10:13:00+05:30,1234.55,1236.2,1234.5,1236.2,25961
2025-02-17 10:14:00+05:30,1236.15,1236.15,1235.3,1236.0,7208
2025-02-17 10:15:00+05:30,1236.0,1236.0,1234.75,1235.0,9263
2025-02-17 10:16:00+05:30,1235.0,1235.5,1234.7,1235.2,4676
2025-02-17 10:17:00+05:30,1235.2,1236.1,1235.05,1235.85,11203
2025-02-17 10:18:00+05:30,1235.65,1235.85,1235.2,1235.4,9851
2025-02-17 10:19:00+05:30,1235.35,1235.6,1235.3,1235.6,6788
2025-02-17 10:20:00+05:30,1235.6,1237.5,1235.0,1237.5,18617
2025-02-17 10:21:00+05:30,1237.45,1238.85,1236.8,1237.4,29758
2025-02-17 10:22:00+05:30,1237.4,1238.15,1236.75,1237.55,14505
2025-02-17 10:23:00+05:30,1237.6,1237.8,1237.0,1237.75,9714
2025-02-17 10:24:00+05:30,1237.75,1237.8,1236.1,1236.75,9429
2025-02-17 10:25:00+05:30,1236.75,1237.35,1235.6,1235.9,34853
2025-02-17 10:26:00+05:30,1235.7,1236.95,1235.5,1236.25,14655
2025-02-17 10:27:00+05:30,1236.45,1236.5,1235.95,1236.3,8870
2025-02-17 10:28:00+05:30,1236.3,1237.4,1236.3,1237.35,17372
2025-02-17 10:29:00+05:30,1237.35,1237.85,1236.65,1237.8,10524
2025-02-17 10:30:00+05:30,1237.8,1238.95,1237.5,1238.85,21664
2025-02-17 10:31:00+05:30,1238.85,1239.1,1238.0,1238.8,13705
2025-02-17 10:32:00+05:30,1238.8,1238.8,1237.3,1237.4,43631
2025-02-17 10:33:00+05:30,1237.4,1238.0,1237.1,1237.7,15399
2025-02-17 10:34:00+05:30,1237.7,1238.75,1237.0,1237.5,69775
2025-02-17 10:35:00+05:30,1237.25,1237.5,1237.0,1237.5,29234
2025-02-17 10:36:00+05:30,1237.65,1240.25,1237.65,1239.4,39835
2025-02-17 10:37:00+05:30,1239.4,1240.5,1239.4,1239.7,42850
2025-02-17 10:38:00+05:30,1239.65,1240.5,1238.4,1238.55,40448
2025-02-17 10:39:00+05:30,1238.55,1238.7,1237.3,1237.65,40491
2025-02-17 10:40:00+05:30,1237.65,1239.0,1237.55,1238.75,93501
2025-02-17 10:41:00+05:30,1238.75,1239.45,1238.4,1238.5,51501
2025-02-17 10:42:00+05:30,1238.5,1238.75,1237.5,1238.7,42464
2025-02-17 10:43:00+05:30,1238.6,1240.15,1238.1,1240.05,17997
2025-02-17 10:44:00+05:30,1240.05,1241.75,1240.05,1241.75,20703
2025-02-17 10:45:00+05:30,1241.5,1242.7,1240.85,1241.95,34855
2025-02-17 10:46:00+05:30,1242.0,1242.6,1240.95,1241.2,16388
2025-02-17 10:47:00+05:30,1241.2,1241.95,1240.8,1241.1,28848
2025-02-17 10:48:00+05:30,1241.0,1241.95,1240.85,1241.95,16629
2025-02-17 10:49:00+05:30,1241.95,1241.95,1240.85,1241.0,27821
2025-02-17 10:50:00+05:30,1241.0,1241.4,1240.5,1241.4,82456
2025-02-17 10:51:00+05:30,1241.0,1241.4,1239.6,1240.2,14184
2025-02-17 10:52:00+05:30,1240.1,1241.35,1239.7,1241.05,10555
2025-02-17 10:53:00+05:30,1241.05,1241.95,1240.25,1240.85,30465
2025-02-17 10:54:00+05:30,1240.8,1240.8,1240.05,1240.25,17369
2025-02-17 10:55:00+05:30,1240.3,1240.5,1239.65,1239.8,27600
2025-02-17 10:56:00+05:30,1239.95,1240.0,1239.2,1239.5,9984
2025-02-17 10:57:00+05:30,1239.3,1239.5,1238.35,1238.95,38018
2025-02-17 10:58:00+05:30,1238.85,1238.95,1238.45,1238.45,4965
2025-02-17 10:59:00+05:30,1238.4,1238.7,1238.1,1238.5,28598
2025-02-17 11:00:00+05:30,1238.4,1239.35,1238.25,1239.1,10522
2025-02-17 11:01:00+05:30,1239.1,1239.6,1238.6,1238.6,7743
2025-02-17 11:02:00+05:30,1238.6,1239.3,1238.6,1239.3,3884
2025-02-17 11:03:00+05:30,1239.25,1239.3,1237.55,1238.1,10448
2025-02-17 11:04:00+05:30,1237.85,1238.5,1237.75,1238.4,26052
2025-02-17 11:05:00+05:30,1238.4,1238.4,1237.6,1237.85,3826
2025-02-17 11:06:00+05:30,1237.85,1238.6,1237.5,1238.35,26683
2025-02-17 11:07:00+05:30,1238.3,1238.6,1237.8,1238.05,7497
2025-02-17 11:08:00+05:30,1238.0,1239.0,1237.9,1238.35,10804
2025-02-17 11:09:00+05:30,1238.3,1238.5,1237.8,1238.2,11932
2025-02-17 11:10:00+05:30,1238.5,1238.5,1237.55,1237.6,11108
2025-02-17 11:11:00+05:30,1237.65,1238.5,1237.65,1238.4,11183
2025-02-17 11:12:00+05:30,1238.05,1238.3,1236.35,1237.05,40607
2025-02-17 11:13:00+05:30,1237.05,1237.35,1236.3,1236.9,22409
2025-02-17 11:14:00+05:30,1236.9,1238.7,1236.9,1237.9,23704
2025-02-17 11:15:00+05:30,1237.9,1238.15,1237.15,1238.05,10413
2025-02-17 11:16:00+05:30,1238.0,1238.05,1236.35,1236.7,10945
2025-02-17 11:17:00+05:30,1236.7,1237.2,1236.5,1236.7,6816
2025-02-17 11:18:00+05:30,1236.75,1237.4,1236.6,1237.05,61720
2025-02-17 11:19:00+05:30,1237.05,1237.05,1236.2,1236.3,7169
2025-02-17 11:20:00+05:30,1236.6,1237.6,1236.15,1237.3,26577
2025-02-17 11:21:00+05:30,1237.2,1237.8,1237.05,1237.1,8200
2025-02-17 11:22:00+05:30,1237.1,1237.7,1236.0,1236.15,13525
2025-02-17 11:23:00+05:30,1236.15,1236.95,1235.4,1236.6,10020
2025-02-17 11:24:00+05:30,1236.8,1236.8,1236.15,1236.45,7448
2025-02-17 11:25:00+05:30,1236.45,1237.35,1236.35,1236.75,12860
2025-02-17 11:26:00+05:30,1236.65,1237.35,1236.4,1237.0,12009
2025-02-17 11:27:00+05:30,1237.0,1237.55,1236.7,1237.1,7503
2025-02-17 11:28:00+05:30,1237.15,1237.15,1236.75,1236.85,3996
2025-02-17 11:29:00+05:30,1236.85,1237.15,1236.3,1236.95,5253
2025-02-17 11:30:00+05:30,1236.8,1237.85,1236.8,1237.8,4989
2025-02-17 11:31:00+05:30,1237.8,1238.0,1237.15,1237.55,7609
2025-02-17 11:32:00+05:30,1237.2,1237.9,1237.0,1237.15,4556
2025-02-17 11:33:00+05:30,1237.15,1237.95,1237.05,1237.7,11753
2025-02-17 11:34:00+05:30,1237.65,1238.0,1237.65,1237.85,2579
2025-02-17 11:35:00+05:30,1237.8,1238.1,1237.6,1237.8,7555
2025-02-17 11:36:00+05:30,1237.7,1237.8,1237.4,1237.4,3742
2025-02-17 11:37:00+05:30,1237.4,1237.45,1236.45,1236.75,19034
2025-02-17 11:38:00+05:30,1236.75,1237.7,1236.65,1237.7,9705
2025-02-17 11:39:00+05:30,1237.6,1239.0,1237.05,1237.75,10193
2025-02-17 11:40:00+05:30,1237.75,1237.95,1237.3,1237.75,6266
2025-02-17 11:41:00+05:30,1237.75,1239.2,1237.75,1238.9,15839
2025-02-17 11:42:00+05:30,1238.75,1238.9,1238.2,1238.7,5401
2025-02-17 11:43:00+05:30,1238.6,1239.15,1238.55,1238.85,5686
2025-02-17 11:44:00+05:30,1238.85,1239.9,1238.85,1239.8,12140
2025-02-17 11:45:00+05:30,1239.85,1240.6,1239.7,1240.1,36790
2025-02-17 11:46:00+05:30,1240.05,1240.9,1239.8,1240.85,7646
2025-02-17 11:47:00+05:30,1240.7,1240.8,1239.9,1240.05,5963
2025-02-17 11:48:00+05:30,1240.1,1240.3,1239.8,1240.3,26179
2025-02-17 11:49:00+05:30,1240.25,1240.8,1240.0,1240.05,9725
2025-02-17 11:50:00+05:30,1240.0,1240.05,1239.0,1239.25,7377
2025-02-17 11:51:00+05:30,1239.4,1239.65,1239.15,1239.5,7321
2025-02-17 11:52:00+05:30,1239.45,1240.25,1239.35,1240.1,8117
2025-02-17 11:53:00+05:30,1240.1,1241.0,1240.1,1240.8,11421
2025-02-17 11:54:00+05:30,1240.7,1240.9,1240.4,1240.45,3342
2025-02-17 11:55:00+05:30,1240.4,1241.0,1240.3,1240.9,5976
2025-02-17 11:56:00+05:30,1240.75,1240.95,1240.15,1240.15,3642
2025-02-17 11:57:00+05:30,1240.15,1240.5,1240.0,1240.05,3348
2025-02-17 11:58:00+05:30,1240.1,1241.8,1240.1,1241.4,11805
2025-02-17 11:59:00+05:30,1241.3,1241.4,1239.75,1240.05,31359
2025-02-17 12:00:00+05:30,1240.05,1242.25,1239.95,1241.5,53575
2025-02-17 12:01:00+05:30,1241.5,1241.5,1240.25,1240.4,6022
2025-02-17 12:02:00+05:30,1240.3,1240.7,1240.05,1240.25,9852
2025-02-17 12:03:00+05:30,1240.2,1240.65,1240.0,1240.55,13157
2025-02-17 12:04:00+05:30,1240.6,1241.25,1240.4,1240.85,8047
2025-02-17 12:05:00+05:30,1240.7,1241.3,1240.7,1240.95,5552
2025-02-17 12:06:00+05:30,1240.9,1241.35,1240.9,1241.1,4988
2025-02-17 12:07:00+05:30,1241.15,1241.3,1240.4,1241.05,8258
2025-02-17 12:08:00+05:30,1241.05,1241.05,1239.05,1239.9,62282
2025-02-17 12:09:00+05:30,1239.85,1240.15,1239.4,1240.15,17882
2025-02-17 12:10:00+05:30,1240.15,1240.15,1239.45,1239.55,8153
2025-02-17 12:11:00+05:30,1239.45,1241.3,1239.45,1240.65,20924
2025-02-17 12:12:00+05:30,1240.6,1241.3,1240.2,1241.2,11714
2025-02-17 12:13:00+05:30,1241.2,1241.65,1239.85,1239.85,18662
2025-02-17 12:14:00+05:30,1240.0,1241.1,1239.2,1239.55,46694
2025-02-17 12:15:00+05:30,1239.5,1240.7,1239.2,1240.6,24050
2025-02-17 12:16:00+05:30,1240.55,1241.5,1240.45,1240.95,12940
2025-02-17 12:17:00+05:30,1241.1,1241.3,1240.65,1240.65,5230
2025-02-17 12:18:00+05:30,1240.65,1240.95,1239.85,1240.25,31868
2025-02-17 12:19:00+05:30,1240.15,1240.4,1239.75,1240.3,35647
2025-02-17 12:20:00+05:30,1240.3,1240.35,1239.4,1239.55,7379
2025-02-17 12:21:00+05:30,1239.8,1240.3,1239.4,1239.95,10924
2025-02-17 12:22:00+05:30,1239.95,1240.1,1238.0,1238.05,12346
2025-02-17 12:23:00+05:30,1238.05,1238.45,1237.4,1237.75,19328
2025-02-17 12:24:00+05:30,1237.75,1238.0,1237.4,1237.95,6352
2025-02-17 12:25:00+05:30,1237.95,1238.1,1237.55,1237.85,13198
2025-02-17 12:26:00+05:30,1237.85,1238.1,1237.6,1237.65,15011
2025-02-17 12:27:00+05:30,1237.65,1238.0,1237.05,1237.1,8717
2025-02-17 12:28:00+05:30,1237.15,1237.95,1236.95,1237.65,6290
2025-02-17 12:29:00+05:30,1237.45,1237.75,1237.1,1237.35,5845
2025-02-17 12:30:00+05:30,1237.4,1237.4,1237.1,1237.15,4941
2025-02-17 12:31:00+05:30,1237.2,1237.9,1236.65,1237.05,9822
2025-02-17 12:32:00+05:30,1237.05,1237.65,1236.95,1237.25,7695
2025-02-17 12:33:00+05:30,1237.45,1237.45,1236.6,1236.75,8909
2025-02-17 12:34:00+05:30,1236.75,1237.25,1236.5,1237.25,7199
2025-02-17 12:35:00+05:30,1237.3,1237.65,1236.7,1236.85,7615
2025-02-17 12:36:00+05:30,1236.85,1237.7,1236.65,1237.7,6584
2025-02-17 12:37:00+05:30,1237.3,1237.4,1236.65,1236.7,8242
2025-02-17 12:38:00+05:30,1236.7,1236.7,1236.4,1236.45,4486
2025-02-17 12:39:00+05:30,1236.45,1237.25,1236.4,1237.0,9251
2025-02-17 12:40:00+05:30,1237.0,1237.65,1236.85,1237.45,8865
2025-02-17 12:41:00+05:30,1237.5,1239.65,1237.45,1239.0,38842
2025-02-17 12:42:00+05:30,1239.05,1239.25,1238.35,1238.7,27066
2025-02-17 12:43:00+05:30,1238.45,1239.3,1238.1,1238.8,8158
2025-02-17 12:44:00+05:30,1238.8,1239.5,1238.7,1239.0,4612
2025-02-17 12:45:00+05:30,1238.95,1240.0,1238.8,1239.75,7926
2025-02-17 12:46:00+05:30,1239.65,1241.4,1239.3,1241.4,20627
2025-02-17 12:47:00+05:30,1241.4,1242.55,1241.1,1241.2,21549
2025-02-17 12:48:00+05:30,1241.4,1241.4,1240.45,1240.5,16535
2025-02-17 12:49:00+05:30,1240.55,1240.9,1240.15,1240.25,11261
2025-02-17 12:50:00+05:30,1240.5,1241.7,1240.15,1241.3,23732
2025-02-17 12:51:00+05:30,1241.5,1242.15,1241.3,1241.9,11846
2025-02-17 12:52:00+05:30,1241.9,1242.0,1241.0,1241.15,7857
2025-02-17 12:53:00+05:30,1241.15,1241.8,1240.8,1241.2,9183
2025-02-17 12:54:00+05:30,1241.25,1241.25,1240.5,1240.9,6017
2025-02-17 12:55:00+05:30,1240.9,1241.75,1240.85,1241.25,8759
2025-02-17 12:56:00+05:30,1241.25,1242.65,1241.2,1242.45,26572
2025-02-17 12:57:00+05:30,1242.4,1242.55,1241.15,1241.75,9504
2025-02-17 12:58:00+05:30,1241.85,1241.85,1241.15,1241.35,9273
2025-02-17 12:59:00+05:30,1241.8,1242.25,1241.35,1241.95,8178
2025-02-17 13:00:00+05:30,1242.05,1242.2,1241.6,1241.7,8604
2025-02-17 13:01:00+05:30,1241.7,1244.0,1241.6,1243.35,26158
2025-02-17 13:02:00+05:30,1243.35,1243.35,1242.0,1242.8,12460
2025-02-17 13:03:00+05:30,1242.5,1243.8,1242.2,1243.0,7675
2025-02-17 13:04:00+05:30,1243.05,1243.35,1242.7,1243.05,9697
2025-02-17 13:05:00+05:30,1243.05,1243.5,1242.85,1243.0,8358
2025-02-17 13:06:00+05:30,1243.0,1243.25,1241.7,1241.7,11330
2025-02-17 13:07:00+05:30,1241.7,1241.9,1240.8,1241.55,11195
2025-02-17 13:08:00+05:30,1241.4,1241.55,1241.0,1241.2,10417
2025-02-17 13:09:00+05:30,1241.15,1241.15,1240.55,1240.85,6833
2025-02-17 13:10:00+05:30,1240.9,1241.0,1240.3,1240.5,12026
2025-02-17 13:11:00+05:30,1240.55,1241.0,1240.35,1240.75,8538
2025-02-17 13:12:00+05:30,1240.8,1242.65,1240.75,1241.45,54377
2025-02-17 13:13:00+05:30,1241.7,1241.75,1240.55,1241.5,7530
2025-02-17 13:14:00+05:30,1241.45,1241.45,1240.9,1241.15,6766
2025-02-17 13:15:00+05:30,1241.15,1242.05,1240.85,1241.7,8588
2025-02-17 13:16:00+05:30,1241.4,1241.8,1240.8,1241.45,8749
2025-02-17 13:17:00+05:30,1241.45,1241.6,1241.0,1241.15,7381
2025-02-17 13:18:00+05:30,1241.1,1241.8,1240.75,1241.1,9862
2025-02-17 13:19:00+05:30,1241.05,1241.6,1240.75,1241.3,8563
2025-02-17 13:20:00+05:30,1241.3,1241.4,1240.85,1241.05,6440
2025-02-17 13:21:00+05:30,1241.05,1241.5,1240.8,1241.35,8784
2025-02-17 13:22:00+05:30,1241.4,1242.35,1240.8,1241.7,29957
2025-02-17 13:23:00+05:30,1241.7,1242.55,1241.6,1242.55,6575
2025-02-17 13:24:00+05:30,1242.1,1242.5,1241.95,1241.95,9171
2025-02-17 13:25:00+05:30,1241.8,1243.0,1241.7,1242.7,9096
2025-02-17 13:26:00+05:30,1242.5,1243.0,1242.0,1242.5,9320
2025-02-17 13:27:00+05:30,1242.4,1243.6,1242.25,1243.55,12013
2025-02-17 13:28:00+05:30,1243.55,1244.0,1243.0,1243.2,10378
2025-02-17 13:29:00+05:30,1243.05,1243.35,1241.95,1242.7,33781
2025-02-17 13:30:00+05:30,1242.85,1243.5,1242.7,1243.5,9890
2025-02-17 13:31:00+05:30,1243.5,1244.0,1243.0,1243.35,24496
2025-02-17 13:32:00+05:30,1243.35,1243.8,1243.1,1243.7,18825
2025-02-17 13:33:00+05:30,1243.75,1245.5,1243.7,1245.45,62587
2025-02-17 13:34:00+05:30,1245.45,1247.85,1245.4,1247.75,53338
2025-02-17 13:35:00+05:30,1247.75,1248.4,1247.15,1247.95,51519
2025-02-17 13:36:00+05:30,1247.5,1248.0,1246.55,1247.05,25073
2025-02-17 13:37:00+05:30,1247.1,1247.9,1246.15,1246.45,23893
2025-02-17 13:38:00+05:30,1246.55,1248.25,1246.3,1247.75,33088
2025-02-17 13:39:00+05:30,1247.8,1249.3,1247.0,1248.1,56744
2025-02-17 13:40:00+05:30,1247.9,1248.5,1247.1,1247.7,27296
2025-02-17 13:41:00+05:30,1247.7,1250.0,1247.45,1248.9,27630
2025-02-17 13:42:00+05:30,1248.7,1249.6,1248.2,1249.0,19675
2025-02-17 13:43:00+05:30,1249.1,1250.0,1248.6,1250.0,17962
2025-02-17 13:44:00+05:30,1250.0,1250.0,1248.35,1248.6,21196
2025-02-17 13:45:00+05:30,1248.65,1249.45,1247.3,1247.85,21301
2025-02-17 13:46:00+05:30,1247.85,1247.85,1246.4,1247.05,31333
2025-02-17 13:47:00+05:30,1247.2,1247.55,1246.4,1247.5,19702
2025-02-17 13:48:00+05:30,1247.3,1247.5,1246.65,1247.45,19902
2025-02-17 13:49:00+05:30,1247.45,1247.95,1247.1,1247.9,17509
2025-02-17 13:50:00+05:30,1247.9,1248.5,1247.55,1248.35,10428
2025-02-17 13:51:00+05:30,1248.35,1248.5,1247.5,1248.0,12537
2025-02-17 13:52:00+05:30,1248.05,1248.5,1247.4,1248.5,13457
2025-02-17 13:53:00+05:30,1248.35,1248.5,1246.7,1247.25,10795
2025-02-17 13:54:00+05:30,1247.25,1247.9,1246.95,1247.55,8156
2025-02-17 13:55:00+05:30,1247.55,1247.9,1246.8,1246.8,13908
2025-02-17 13:56:00+05:30,1246.95,1247.55,1246.2,1247.0,24252
2025-02-17 13:57:00+05:30,1247.0,1247.35,1246.1,1247.35,19983
2025-02-17 13:58:00+05:30,1247.35,1247.45,1246.25,1246.7,10111
2025-02-17 13:59:00+05:30,1246.7,1247.35,1246.25,1247.15,10220
2025-02-17 14:00:00+05:30,1247.25,1248.3,1246.85,1247.65,9791
2025-02-17 14:01:00+05:30,1247.7,1248.0,1246.7,1247.8,8513
2025-02-17 14:02:00+05:30,1247.6,1248.5,1247.25,1247.55,8923
2025-02-17 14:03:00+05:30,1247.85,1247.95,1246.1,1246.1,17447
2025-02-17 14:04:00+05:30,1246.25,1246.4,1244.25,1245.0,26724
2025-02-17 14:05:00+05:30,1244.95,1246.2,1244.95,1245.95,12759
2025-02-17 14:06:00+05:30,1246.15,1246.3,1245.35,1245.65,8645
2025-02-17 14:07:00+05:30,1245.65,1246.5,1245.1,1246.2,12084
2025-02-17 14:08:00+05:30,1246.45,1246.5,1245.9,1246.2,6595
2025-02-17 14:09:00+05:30,1246.15,1246.35,1244.9,1245.95,67477
2025-02-17 14:10:00+05:30,1245.5,1247.25,1245.5,1246.8,8129
2025-02-17 14:11:00+05:30,1246.85,1247.85,1246.5,1247.8,7631
2025-02-17 14:12:00+05:30,1247.8,1248.0,1247.15,1247.3,8664
2025-02-17 14:13:00+05:30,1247.1,1248.05,1246.55,1247.1,16355
2025-02-17 14:14:00+05:30,1246.95,1247.45,1246.55,1246.7,7326
2025-02-17 14:15:00+05:30,1246.8,1247.4,1246.65,1246.8,6856
2025-02-17 14:16:00+05:30,1246.75,1247.5,1246.7,1247.15,9609
2025-02-17 14:17:00+05:30,1247.15,1248.15,1246.4,1246.8,13522
2025-02-17 14:18:00+05:30,1246.65,1247.35,1246.65,1246.95,7742
2025-02-17 14:19:00+05:30,1247.05,1247.95,1247.05,1247.95,7199
2025-02-17 14:20:00+05:30,1247.85,1248.05,1246.6,1246.6,12916
2025-02-17 14:21:00+05:30,1247.0,1247.35,1246.3,1246.55,10243
2025-02-17 14:22:00+05:30,1246.55,1247.7,1246.5,1247.15,8386
2025-02-17 14:23:00+05:30,1247.2,1247.7,1247.15,1247.7,7397
2025-02-17 14:24:00+05:30,1247.7,1248.1,1247.45,1247.7,6240
2025-02-17 14:25:00+05:30,1247.7,1248.95,1247.65,1248.45,10063
2025-02-17 14:26:00+05:30,1248.5,1249.0,1248.2,1248.6,10896
2025-02-17 14:27:00+05:30,1248.6,1249.25,1248.1,1248.5,8523
2025-02-17 14:28:00+05:30,1248.5,1249.35,1248.35,1248.9,8230
2025-02-17 14:29:00+05:30,1248.95,1249.0,1248.15,1248.55,7347
2025-02-17 14:30:00+05:30,1248.55,1248.55,1247.85,1247.85,8746
2025-02-17 14:31:00+05:30,1248.0,1248.35,1247.15,1247.55,7892
2025-02-17 14:32:00+05:30,1247.65,1248.35,1247.25,1248.15,9092
2025-02-17 14:33:00+05:30,1248.1,1248.65,1247.45,1247.65,11650
2025-02-17 14:34:00+05:30,1247.65,1248.0,1247.4,1247.7,6825
2025-02-17 14:35:00+05:30,1247.7,1248.0,1247.0,1247.55,9235
2025-02-17 14:36:00+05:30,1247.6,1247.6,1246.3,1246.35,9396
2025-02-17 14:37:00+05:30,1246.4,1247.0,1246.1,1246.35,9655
2025-02-17 14:38:00+05:30,1246.35,1247.45,1246.35,1246.95,11264
2025-02-17 14:39:00+05:30,1246.95,1248.0,1246.85,1247.75,7882
2025-02-17 14:40:00+05:30,1247.6,1248.8,1247.55,1248.4,15188
2025-02-17 14:41:00+05:30,1248.4,1249.0,1248.1,1248.65,12141
2025-02-17 14:42:00+05:30,1248.7,1249.85,1248.45,1248.65,24933
2025-02-17 14:43:00+05:30,1248.65,1249.15,1248.2,1248.7,12820
2025-02-17 14:44:00+05:30,1248.7,1248.7,1248.0,1248.3,7671
2025-02-17 14:45:00+05:30,1248.3,1248.3,1247.65,1248.05,7511
2025-02-17 14:46:00+05:30,1248.1,1249.7,1248.05,1249.0,28352
2025-02-17 14:47:00+05:30,1249.0,1249.5,1248.55,1248.55,12702
2025-02-17 14:48:00+05:30,1248.6,1248.8,1247.4,1247.8,22782
2025-02-17 14:49:00+05:30,1247.8,1248.95,1247.6,1248.55,40473
2025-02-17 14:50:00+05:30,1248.5,1248.55,1247.45,1247.45,7869
2025-02-17 14:51:00+05:30,1247.5,1247.9,1247.2,1247.45,13118
2025-02-17 14:52:00+05:30,1247.6,1248.45,1247.35,1247.85,10345
2025-02-17 14:53:00+05:30,1247.9,1248.0,1247.45,1248.0,14088
2025-02-17 14:54:00+05:30,1247.95,1248.25,1247.55,1248.1,9001
2025-02-17 14:55:00+05:30,1248.05,1248.25,1247.8,1247.95,10994
2025-02-17 14:56:00+05:30,1247.95,1248.85,1247.9,1248.0,44660
2025-02-17 14:57:00+05:30,1248.0,1249.75,1247.9,1249.35,14382
2025-02-17 14:58:00+05:30,1249.3,1250.5,1249.2,1250.2,20711
2025-02-17 14:59:00+05:30,1250.0,1250.9,1249.2,1250.9,19360
2025-02-17 15:00:00+05:30,1250.9,1251.95,1250.35,1251.3,43387
2025-02-17 15:01:00+05:30,1251.35,1252.0,1250.35,1250.6,38515
2025-02-17 15:02:00+05:30,1250.45,1250.6,1250.0,1250.25,22538
2025-02-17 15:03:00+05:30,1250.25,1251.1,1250.0,1250.9,40488
2025-02-17 15:04:00+05:30,1250.7,1251.05,1250.1,1250.7,34325
2025-02-17 15:05:00+05:30,1250.7,1250.7,1249.8,1250.25,27169
2025-02-17 15:06:00+05:30,1250.25,1250.4,1249.4,1249.9,30168
2025-02-17 15:07:00+05:30,1249.9,1250.5,1249.85,1250.3,30505
2025-02-17 15:08:00+05:30,1250.5,1250.6,1249.3,1249.9,32069
2025-02-17 15:09:00+05:30,1249.9,1250.9,1249.8,1250.6,28784
2025-02-17 15:10:00+05:30,1250.55,1250.8,1250.05,1250.75,21005
2025-02-17 15:11:00+05:30,1250.75,1250.9,1249.7,1250.7,22347
2025-02-17 15:12:00+05:30,1250.55,1250.8,1249.6,1250.45,22690
2025-02-17 15:13:00+05:30,1250.45,1251.0,1250.25,1250.9,19577
2025-02-17 15:14:00+05:30,1250.9,1251.4,1250.65,1251.35,15114
2025-02-17 15:15:00+05:30,1251.35,1251.35,1250.5,1251.0,27698
2025-02-17 15:16:00+05:30,1251.0,1251.35,1250.45,1251.35,21554
2025-02-17 15:17:00+05:30,1251.35,1251.35,1251.15,1251.25,16980
2025-02-17 15:18:00+05:30,1251.2,1251.65,1250.55,1251.65,30115
2025-02-17 15:19:00+05:30,1251.5,1252.0,1251.45,1251.5,17285
2025-02-17 15:20:00+05:30,1251.5,1252.8,1251.45,1252.55,37745
2025-02-17 15:21:00+05:30,1252.6,1253.0,1252.5,1252.95,29959
2025-02-17 15:22:00+05:30,1253.0,1253.0,1252.8,1252.95,24685
2025-02-17 15:23:00+05:30,1252.95,1252.95,1252.85,1252.9,15089
2025-02-17 15:24:00+05:30,1252.9,1252.9,1251.6,1252.1,26253
2025-02-17 15:25:00+05:30,1252.1,1252.8,1251.95,1252.0,28004
2025-02-17 15:26:00+05:30,1252.0,1252.4,1251.05,1251.95,31323
2025-02-17 15:27:00+05:30,1251.75,1252.8,1251.65,1252.8,31004
2025-02-17 15:28:00+05:30,1252.8,1252.8,1251.2,1251.65,15054
2025-02-17 15:29:00+05:30,1251.65,1252.6,1250.9,1251.65,7489
2025-02-18 09:15:00+05:30,1252.25,1257.6,1250.25,1253.8,63305
2025-02-18 09:16:00+05:30,1253.3,1254.5,1251.0,1251.2,25947
2025-02-18 09:17:00+05:30,1251.2,1251.4,1248.0,1249.2,35481
2025-02-18 09:18:00+05:30,1248.8,1249.5,1248.55,1248.7,16289
2025-02-18 09:19:00+05:30,1248.7,1249.25,1247.55,1247.6,15688
2025-02-18 09:20:00+05:30,1247.6,1248.4,1246.75,1247.5,13637
2025-02-18 09:21:00+05:30,1247.45,1247.65,1246.75,1246.75,14451
2025-02-18 09:22:00+05:30,1246.75,1247.35,1246.25,1247.1,11329
2025-02-18 09:23:00+05:30,1247.1,1247.5,1247.1,1247.1,4664
2025-02-18 09:24:00+05:30,1246.9,1247.5,1245.45,1245.45,21091
2025-02-18 09:25:00+05:30,1245.95,1246.4,1245.15,1246.0,11713
2025-02-18 09:26:00+05:30,1245.55,1246.7,1245.2,1245.5,26803
2025-02-18 09:27:00+05:30,1245.5,1246.85,1245.1,1245.6,38714
2025-02-18 09:28:00+05:30,1245.6,1247.35,1245.0,1245.85,25238
2025-02-18 09:29:00+05:30,1245.7,1246.9,1245.5,1245.75,45664
2025-02-18 09:30:00+05:30,1245.75,1246.3,1244.35,1244.65,54198
2025-02-18 09:31:00+05:30,1244.4,1245.2,1243.7,1244.95,10430
2025-02-18 09:32:00+05:30,1244.95,1246.65,1244.3,1246.0,51101
2025-02-18 09:33:00+05:30,1245.9,1247.3,1245.5,1246.45,9644
2025-02-18 09:34:00+05:30,1246.25,1247.4,1246.0,1247.1,3778
2025-02-18 09:35:00+05:30,1247.1,1247.25,1246.35,1246.5,17931
2025-02-18 09:36:00+05:30,1246.6,1246.6,1244.65,1245.4,42807
2025-02-18 09:37:00+05:30,1245.4,1247.85,1245.2,1247.85,7971
2025-02-18 09:38:00+05:30,1247.9,1248.6,1246.85,1247.25,9738
2025-02-18 09:39:00+05:30,1247.2,1247.85,1247.05,1247.85,4983
2025-02-18 09:40:00+05:30,1247.5,1248.5,1247.5,1247.8,6839
2025-02-18 09:41:00+05:30,1247.8,1247.85,1247.0,1247.5,9653
2025-02-18 09:42:00+05:30,1247.45,1248.0,1245.95,1245.95,15974
2025-02-18 09:43:00+05:30,1246.05,1247.85,1246.05,1247.3,8023
2025-02-18 09:44:00+05:30,1247.6,1247.8,1247.1,1247.55,5219
2025-02-18 09:45:00+05:30,1247.55,1248.5,1247.2,1248.1,4416
2025-02-18 09:46:00+05:30,1248.1,1248.95,1248.05,1248.2,4448
2025-02-18 09:47:00+05:30,1248.2,1248.45,1247.65,1248.05,3223
2025-02-18 09:48:00+05:30,1248.45,1249.0,1248.0,1248.45,3360
2025-02-18 09:49:00+05:30,1248.45,1249.0,1248.0,1248.5,1995
2025-02-18 09:50:00+05:30,1248.75,1250.4,1248.5,1249.8,11392
2025-02-18 09:51:00+05:30,1249.55,1251.5,1249.55,1250.7,19356
2025-02-18 09:52:00+05:30,1251.0,1251.0,1249.5,1249.5,7323
2025-02-18 09:53:00+05:30,1249.5,1249.5,1248.1,1248.15,34894
2025-02-18 09:54:00+05:30,1248.05,1248.2,1246.9,1247.6,14784
2025-02-18 09:55:00+05:30,1247.6,1247.95,1245.55,1245.8,10236
2025-02-18 09:56:00+05:30,1245.8,1246.25,1245.65,1245.8,6876
2025-02-18 09:57:00+05:30,1246.0,1246.8,1245.7,1246.6,5569
2025-02-18 09:58:00+05:30,1246.6,1247.5,1246.6,1247.05,2978
2025-02-18 09:59:00+05:30,1247.1,1247.1,1246.0,1246.2,7838
2025-02-18 10:00:00+05:30,1246.2,1247.25,1246.0,1247.25,9446
2025-02-18 10:01:00+05:30,1246.65,1247.3,1246.35,1246.7,5588
2025-02-18 10:02:00+05:30,1246.7,1247.7,1246.15,1247.05,2616
2025-02-18 10:03:00+05:30,1247.05,1247.3,1246.4,1246.7,3352
2025-02-18 10:04:00+05:30,1246.75,1247.3,1246.55,1247.15,1523
2025-02-18 10:05:00+05:30,1247.15,1247.6,1246.8,1247.15,2639
2025-02-18 10:06:00+05:30,1247.2,1247.95,1246.5,1246.75,14561
2025-02-18 10:07:00+05:30,1246.7,1247.8,1246.55,1247.25,3562
2025-02-18 10:08:00+05:30,1247.5,1247.55,1245.0,1245.05,9075
2025-02-18 10:09:00+05:30,1245.05,1246.4,1245.0,1245.35,2213
2025-02-18 10:10:00+05:30,1245.25,1245.25,1244.0,1244.6,8729
2025-02-18 10:11:00+05:30,1244.6,1245.55,1244.0,1244.9,6761
2025-02-18 10:12:00+05:30,1244.85,1245.65,1244.35,1245.15,2933
2025-02-18 10:13:00+05:30,1245.15,1245.25,1244.3,1244.45,7209
2025-02-18 10:14:00+05:30,1244.4,1245.7,1244.35,1244.8,4513
2025-02-18 10:15:00+05:30,1244.45,1245.85,1244.3,1244.3,9208
2025-02-18 10:16:00+05:30,1244.25,1245.2,1244.1,1244.6,4142
2025-02-18 10:17:00+05:30,1244.6,1244.6,1243.7,1243.75,3942
2025-02-18 10:18:00+05:30,1243.75,1243.85,1242.95,1243.25,9535
2025-02-18 10:19:00+05:30,1243.25,1243.35,1242.3,1242.35,8455
2025-02-18 10:20:00+05:30,1242.3,1242.55,1241.15,1241.95,20297
2025-02-18 10:21:00+05:30,1242.15,1242.7,1241.25,1241.35,17372
2025-02-18 10:22:00+05:30,1241.35,1241.75,1240.0,1241.2,24081
2025-02-18 10:23:00+05:30,1241.3,1243.55,1241.2,1242.9,16339
2025-02-18 10:24:00+05:30,1242.75,1243.95,1242.0,1242.9,14772
2025-02-18 10:25:00+05:30,1242.9,1243.0,1242.0,1242.1,5914
2025-02-18 10:26:00+05:30,1242.2,1242.65,1242.05,1242.1,2870
2025-02-18 10:27:00+05:30,1242.15,1242.9,1241.5,1241.7,12877
2025-02-18 10:28:00+05:30,1241.65,1242.5,1241.2,1242.3,5096
2025-02-18 10:29:00+05:30,1242.3,1242.55,1241.85,1242.15,4867
2025-02-18 10:30:00+05:30,1242.15,1242.5,1241.65,1241.7,8096
2025-02-18 10:31:00+05:30,1241.8,1243.0,1241.8,1242.6,9693
2025-02-18 10:32:00+05:30,1242.25,1242.95,1241.5,1242.2,10916
2025-02-18 10:33:00+05:30,1242.2,1242.6,1241.45,1242.1,2217
2025-02-18 10:34:00+05:30,1242.1,1242.35,1241.05,1241.1,4587
2025-02-18 10:35:00+05:30,1241.1,1241.95,1241.05,1241.9,2885
2025-02-18 10:36:00+05:30,1241.8,1242.55,1241.5,1242.35,4026
2025-02-18 10:37:00+05:30,1242.35,1242.5,1241.3,1241.5,7831
2025-02-18 10:38:00+05:30,1241.55,1242.25,1241.4,1241.6,3666
2025-02-18 10:39:00+05:30,1241.7,1242.15,1241.5,1241.9,7477
2025-02-18 10:40:00+05:30,1241.9,1242.4,1241.6,1241.9,2861
2025-02-18 10:41:00+05:30,1241.9,1242.2,1241.0,1241.65,9637
2025-02-18 10:42:00+05:30,1241.65,1241.9,1241.05,1241.5,4243
2025-02-18 10:43:00+05:30,1241.3,1242.05,1241.3,1241.5,3279
2025-02-18 10:44:00+05:30,1241.55,1242.1,1241.5,1241.95,1766
2025-02-18 10:45:00+05:30,1241.5,1242.45,1241.5,1241.95,6482
2025-02-18 10:46:00+05:30,1242.0,1243.3,1242.0,1242.65,10068
2025-02-18 10:47:00+05:30,1242.7,1243.15,1242.05,1242.1,12123
2025-02-18 10:48:00+05:30,1242.1,1242.55,1241.5,1241.6,10922
2025-02-18 10:49:00+05:30,1241.55,1242.0,1240.6,1240.6,72588
2025-02-18 10:50:00+05:30,1240.6,1241.9,1240.55,1241.3,22565
2025-02-18 10:51:00+05:30,1241.3,1242.0,1241.1,1241.55,10423
2025-02-18 10:52:00+05:30,1241.55,1242.0,1241.55,1241.8,3973
2025-02-18 10:53:00+05:30,1241.8,1242.7,1241.65,1241.8,62391
2025-02-18 10:54:00+05:30,1241.65,1242.9,1241.6,1242.7,35237
2025-02-18 10:55:00+05:30,1242.7,1242.95,1242.0,1242.05,14253
2025-02-18 10:56:00+05:30,1242.1,1242.15,1241.6,1241.75,5275
2025-02-18 10:57:00+05:30,1241.75,1242.5,1241.75,1242.25,4759
2025-02-18 10:58:00+05:30,1242.25,1242.95,1242.05,1242.1,15527
2025-02-18 10:59:00+05:30,1242.05,1243.6,1241.55,1241.8,98936
2025-02-18 11:00:00+05:30,1241.75,1242.75,1241.45,1242.0,6683
2025-02-18 11:01:00+05:30,1242.0,1242.25,1241.0,1241.2,25134
2025-02-18 11:02:00+05:30,1241.15,1242.0,1240.25,1240.55,37820
2025-02-18 11:03:00+05:30,1240.35,1241.15,1240.25,1240.65,11116
2025-02-18 11:04:00+05:30,1240.6,1240.9,1240.0,1240.05,10914
2025-02-18 11:05:00+05:30,1240.4,1240.65,1239.15,1239.65,17536
2025-02-18 11:06:00+05:30,1239.65,1240.0,1239.35,1239.35,6766
2025-02-18 11:07:00+05:30,1239.5,1239.5,1238.65,1239.0,20683
2025-02-18 11:08:00+05:30,1238.95,1239.45,1238.5,1238.7,10568
2025-02-18 11:09:00+05:30,1238.7,1239.35,1237.95,1238.15,47314
2025-02-18 11:10:00+05:30,1238.25,1238.8,1237.9,1237.9,61898
2025-02-18 11:11:00+05:30,1237.95,1238.5,1237.3,1237.5,18074
2025-02-18 11:12:00+05:30,1237.6,1238.0,1237.05,1237.4,12880
2025-02-18 11:13:00+05:30,1237.4,1238.25,1237.4,1238.0,63778
2025-02-18 11:14:00+05:30,1238.0,1239.25,1237.95,1238.0,73477
2025-02-18 11:15:00+05:30,1238.0,1239.65,1237.5,1239.15,59519
2025-02-18 11:16:00+05:30,1239.65,1241.05,1239.0,1240.05,74646
2025-02-18 11:17:00+05:30,1240.05,1241.05,1239.9,1239.95,100268
2025-02-18 11:18:00+05:30,1239.95,1240.75,1239.75,1240.15,7864
2025-02-18 11:19:00+05:30,1240.35,1241.5,1240.2,1240.35,31143
2025-02-18 11:20:00+05:30,1240.35,1240.95,1239.3,1239.65,61010
2025-02-18 11:21:00+05:30,1239.85,1240.0,1239.15,1239.35,11725
2025-02-18 11:22:00+05:30,1239.45,1240.0,1239.25,1239.8,14628
2025-02-18 11:23:00+05:30,1239.8,1240.0,1239.4,1239.45,8102
2025-02-18 11:24:00+05:30,1239.45,1240.0,1239.05,1239.05,5141
2025-02-18 11:25:00+05:30,1239.05,1239.15,1238.55,1238.85,6793
2025-02-18 11:26:00+05:30,1238.8,1239.15,1238.7,1238.7,3873
2025-02-18 11:27:00+05:30,1238.8,1239.05,1238.3,1238.6,4376
2025-02-18 11:28:00+05:30,1238.65,1239.7,1238.6,1239.65,6075
2025-02-18 11:29:00+05:30,1239.65,1240.0,1239.35,1239.75,9954
2025-02-18 11:30:00+05:30,1240.0,1240.0,1239.35,1239.5,10106
2025-02-18 11:31:00+05:30,1239.5,1240.0,1239.3,1239.75,6962
2025-02-18 11:32:00+05:30,1239.8,1240.9,1239.7,1240.3,41186
2025-02-18 11:33:00+05:30,1240.65,1241.1,1240.35,1240.35,9438
2025-02-18 11:34:00+05:30,1240.4,1241.2,1240.0,1240.6,6208
2025-02-18 11:35:00+05:30,1240.6,1241.2,1240.05,1240.2,6643
2025-02-18 11:36:00+05:30,1240.25,1241.25,1240.2,1240.7,6538
2025-02-18 11:37:00+05:30,1240.7,1241.35,1240.7,1240.75,4638
2025-02-18 11:38:00+05:30,1240.75,1241.3,1240.4,1240.4,7349
2025-02-18 11:39:00+05:30,1240.45,1240.9,1240.3,1240.6,7236
2025-02-18 11:40:00+05:30,1240.6,1240.9,1240.3,1240.3,5434
2025-02-18 11:41:00+05:30,1240.35,1241.0,1240.3,1240.85,6270
2025-02-18 11:42:00+05:30,1240.85,1241.8,1240.85,1241.25,25444
2025-02-18 11:43:00+05:30,1241.25,1241.8,1241.25,1241.55,8612
2025-02-18 11:44:00+05:30,1241.6,1241.8,1241.5,1241.75,4527
2025-02-18 11:45:00+05:30,1241.75,1243.5,1241.65,1243.25,20929
2025-02-18 11:46:00+05:30,1243.3,1244.0,1241.8,1241.8,30462
2025-02-18 11:47:00+05:30,1241.9,1241.9,1241.0,1241.4,58048
2025-02-18 11:48:00+05:30,1241.35,1241.9,1240.65,1240.75,63336
2025-02-18 11:49:00+05:30,1240.75,1241.0,1240.5,1240.85,29302
2025-02-18 11:50:00+05:30,1240.9,1240.9,1240.05,1240.4,10630
2025-02-18 11:51:00+05:30,1240.4,1240.85,1240.0,1240.1,7533
2025-02-18 11:52:00+05:30,1240.2,1240.65,1239.6,1240.35,9968
2025-02-18 11:53:00+05:30,1240.35,1240.5,1239.5,1239.5,9443
2025-02-18 11:54:00+05:30,1239.55,1240.3,1239.2,1239.85,15005
2025-02-18 11:55:00+05:30,1239.85,1240.75,1239.6,1240.1,17863
2025-02-18 11:56:00+05:30,1240.65,1240.75,1239.9,1239.9,15494
2025-02-18 11:57:00+05:30,1239.95,1240.6,1239.6,1240.0,13959
2025-02-18 11:58:00+05:30,1240.0,1240.25,1239.3,1239.35,15137
2025-02-18 11:59:00+05:30,1239.35,1239.55,1239.0,1239.05,19049
2025-02-18 12:00:00+05:30,1239.05,1239.7,1237.95,1239.25,67919
2025-02-18 12:01:00+05:30,1239.3,1239.65,1238.6,1239.2,10142
2025-02-18 12:02:00+05:30,1239.2,1239.75,1238.95,1238.95,8493
2025-02-18 12:03:00+05:30,1238.95,1239.8,1238.2,1238.8,74189
2025-02-18 12:04:00+05:30,1238.65,1239.0,1238.5,1238.7,15830
2025-02-18 12:05:00+05:30,1238.5,1239.2,1238.25,1238.55,11650
2025-02-18 12:06:00+05:30,1238.6,1239.45,1238.6,1239.25,10259
2025-02-18 12:07:00+05:30,1239.25,1240.0,1239.15,1239.65,13907
2025-02-18 12:08:00+05:30,1239.7,1240.0,1239.65,1239.75,7608
2025-02-18 12:09:00+05:30,1239.75,1240.9,1239.75,1240.5,16744
2025-02-18 12:10:00+05:30,1240.55,1240.9,1239.8,1239.85,67108
2025-02-18 12:11:00+05:30,1240.15,1241.0,1239.65,1240.85,17201
2025-02-18 12:12:00+05:30,1240.4,1241.35,1240.25,1241.05,11671
2025-02-18 12:13:00+05:30,1241.05,1241.35,1240.7,1240.7,8005
2025-02-18 12:14:00+05:30,1240.75,1240.95,1240.05,1240.25,10507
2025-02-18 12:15:00+05:30,1240.25,1240.6,1240.0,1240.2,8941
2025-02-18 12:16:00+05:30,1240.2,1240.85,1240.05,1240.1,7848
2025-02-18 12:17:00+05:30,1240.15,1240.4,1240.0,1240.0,7369
2025-02-18 12:18:00+05:30,1240.0,1241.65,1240.0,1241.1,14396
2025-02-18 12:19:00+05:30,1241.15,1241.45,1240.65,1241.25,8143
2025-02-18 12:20:00+05:30,1241.25,1241.9,1240.5,1240.55,13401
2025-02-18 12:21:00+05:30,1240.6,1241.1,1240.5,1240.75,7507
2025-02-18 12:22:00+05:30,1240.7,1240.95,1240.05,1240.05,6640
2025-02-18 12:23:00+05:30,1240.05,1240.35,1240.0,1240.0,7552
2025-02-18 12:24:00+05:30,1240.25,1240.25,1239.25,1239.55,38081
2025-02-18 12:25:00+05:30,1239.85,1240.45,1239.25,1239.75,9052
2025-02-18 12:26:00+05:30,1239.75,1240.6,1239.45,1240.1,12124
2025-02-18 12:27:00+05:30,1240.3,1241.0,1239.7,1240.4,12642
2025-02-18 12:28:00+05:30,1240.4,1241.25,1240.3,1240.65,9744
2025-02-18 12:29:00+05:30,1240.65,1241.3,1240.0,1240.05,13753
2025-02-18 12:30:00+05:30,1240.3,1240.65,1240.0,1240.05,28233
2025-02-18 12:31:00+05:30,1240.05,1241.2,1240.0,1241.1,19268
2025-02-18 12:32:00+05:30,1240.7,1241.3,1240.6,1240.85,17157
2025-02-18 12:33:00+05:30,1240.8,1241.9,1240.5,1241.75,24911
2025-02-18 12:34:00+05:30,1241.75,1242.85,1241.45,1242.25,29597
2025-02-18 12:35:00+05:30,1242.1,1242.65,1241.8,1241.9,12865
2025-02-18 12:36:00+05:30,1242.05,1243.4,1241.85,1242.6,18057
2025-02-18 12:37:00+05:30,1242.6,1243.3,1241.05,1241.1,25005
2025-02-18 12:38:00+05:30,1241.1,1242.05,1241.0,1241.3,28527
2025-02-18 12:39:00+05:30,1241.4,1241.45,1240.55,1240.9,24033
2025-02-18 12:40:00+05:30,1240.9,1242.0,1240.85,1241.2,14923
2025-02-18 12:41:00+05:30,1241.2,1241.5,1240.7,1240.8,12456
2025-02-18 12:42:00+05:30,1240.8,1241.3,1240.5,1241.2,11041
2025-02-18 12:43:00+05:30,1241.3,1241.9,1240.7,1240.7,11563
2025-02-18 12:44:00+05:30,1240.7,1241.45,1239.6,1239.65,91317
2025-02-18 12:45:00+05:30,1239.65,1240.45,1239.55,1239.65,107742
2025-02-18 12:46:00+05:30,1239.65,1240.0,1239.2,1239.6,8524
2025-02-18 12:47:00+05:30,1239.65,1240.0,1239.25,1239.8,17871
2025-02-18 12:48:00+05:30,1239.9,1240.0,1239.55,1239.55,11480
2025-02-18 12:49:00+05:30,1239.6,1239.65,1239.25,1239.25,9793
2025-02-18 12:50:00+05:30,1239.4,1239.85,1238.7,1238.7,18148
2025-02-18 12:51:00+05:30,1238.7,1239.3,1238.05,1238.05,19756
2025-02-18 12:52:00+05:30,1238.1,1238.75,1237.9,1238.25,15510
2025-02-18 12:53:00+05:30,1238.35,1239.0,1238.15,1238.85,18825
2025-02-18 12:54:00+05:30,1238.35,1239.15,1238.25,1238.5,25189
2025-02-18 12:55:00+05:30,1238.9,1239.05,1238.1,1238.1,19334
2025-02-18 12:56:00+05:30,1238.1,1238.45,1237.75,1238.05,15008
2025-02-18 12:57:00+05:30,1238.05,1239.1,1238.05,1238.75,15381
2025-02-18 12:58:00+05:30,1238.85,1239.2,1238.65,1238.8,18761
2025-02-18 12:59:00+05:30,1238.8,1239.35,1238.0,1238.0,77909
2025-02-18 13:00:00+05:30,1237.95,1238.25,1237.35,1237.8,79325
2025-02-18 13:01:00+05:30,1237.95,1239.4,1237.6,1238.8,60499
2025-02-18 13:02:00+05:30,1238.7,1239.45,1238.3,1238.4,27990
2025-02-18 13:03:00+05:30,1238.5,1239.15,1238.4,1238.45,24276
2025-02-18 13:04:00+05:30,1238.7,1238.7,1237.7,1237.95,20836
2025-02-18 13:05:00+05:30,1238.0,1238.65,1237.7,1238.55,14564
2025-02-18 13:06:00+05:30,1238.65,1239.0,1238.4,1238.5,17536
2025-02-18 13:07:00+05:30,1238.5,1238.9,1238.15,1238.2,16270
2025-02-18 13:08:00+05:30,1238.2,1238.85,1237.9,1238.4,39903
2025-02-18 13:09:00+05:30,1238.45,1239.3,1238.3,1238.75,10428
2025-02-18 13:10:00+05:30,1238.75,1239.65,1238.65,1239.25,12571
2025-02-18 13:11:00+05:30,1239.4,1239.8,1239.0,1239.0,12430
2025-02-18 13:12:00+05:30,1239.05,1239.95,1238.7,1239.35,12883
2025-02-18 13:13:00+05:30,1239.5,1240.0,1239.3,1239.8,15048
2025-02-18 13:14:00+05:30,1239.8,1240.3,1239.55,1239.7,16766
2025-02-18 13:15:00+05:30,1239.7,1240.25,1239.7,1239.8,18321
2025-02-18 13:16:00+05:30,1239.8,1240.05,1239.8,1239.85,22672
2025-02-18 13:17:00+05:30,1239.95,1240.3,1239.8,1240.1,13081
2025-02-18 13:18:00+05:30,1240.05,1240.3,1239.9,1240.0,12325
2025-02-18 13:19:00+05:30,1240.0,1240.5,1239.85,1240.1,15092
2025-02-18 13:20:00+05:30,1240.15,1241.2,1240.0,1240.75,14825
2025-02-18 13:21:00+05:30,1240.75,1241.6,1240.75,1240.85,12335
2025-02-18 13:22:00+05:30,1241.0,1241.75,1240.75,1241.35,14719
2025-02-18 13:23:00+05:30,1241.4,1242.0,1241.25,1241.4,16846
2025-02-18 13:24:00+05:30,1241.75,1241.95,1241.3,1241.6,14826
2025-02-18 13:25:00+05:30,1241.65,1241.9,1241.35,1241.35,11867
2025-02-18 13:26:00+05:30,1241.4,1243.7,1241.05,1243.45,32173
2025-02-18 13:27:00+05:30,1243.65,1244.1,1242.65,1242.8,20507
2025-02-18 13:28:00+05:30,1243.1,1243.35,1242.5,1242.85,11067
2025-02-18 13:29:00+05:30,1242.85,1243.35,1242.7,1243.3,12707
2025-02-18 13:30:00+05:30,1243.35,1244.15,1243.15,1243.25,15524
2025-02-18 13:31:00+05:30,1243.55,1243.85,1242.55,1243.4,11999
2025-02-18 13:32:00+05:30,1243.4,1243.9,1243.15,1243.3,7726
2025-02-18 13:33:00+05:30,1243.4,1243.9,1243.25,1243.45,8488
2025-02-18 13:34:00+05:30,1243.5,1243.9,1243.05,1243.6,8446
2025-02-18 13:35:00+05:30,1243.5,1244.75,1243.5,1244.75,14810
2025-02-18 13:36:00+05:30,1244.4,1245.0,1244.2,1244.4,15179
2025-02-18 13:37:00+05:30,1244.35,1244.9,1244.1,1244.15,18269
2025-02-18 13:38:00+05:30,1244.2,1244.45,1243.45,1243.75,12144
2025-02-18 13:39:00+05:30,1243.75,1244.6,1243.55,1244.2,11330
2025-02-18 13:40:00+05:30,1244.25,1244.5,1243.55,1243.55,12321
2025-02-18 13:41:00+05:30,1243.55,1244.2,1243.5,1243.8,13074
2025-02-18 13:42:00+05:30,1243.85,1243.85,1243.3,1243.4,11943
2025-02-18 13:43:00+05:30,1243.4,1245.8,1243.4,1245.55,15174
2025-02-18 13:44:00+05:30,1245.6,1245.95,1244.7,1245.35,39601
2025-02-18 13:45:00+05:30,1245.75,1245.9,1245.15,1245.45,26902
2025-02-18 13:46:00+05:30,1245.45,1245.8,1244.5,1244.5,25175
2025-02-18 13:47:00+05:30,1244.55,1244.75,1244.0,1244.0,12649
2025-02-18 13:48:00+05:30,1244.05,1244.75,1243.5,1244.3,22794
2025-02-18 13:49:00+05:30,1244.3,1245.0,1244.0,1244.6,22904
2025-02-18 13:50:00+05:30,1244.35,1244.9,1243.8,1244.4,13569
2025-02-18 13:51:00+05:30,1244.4,1244.65,1243.75,1244.4,14131
2025-02-18 13:52:00+05:30,1244.2,1244.95,1243.9,1244.25,15578
2025-02-18 13:53:00+05:30,1244.05,1244.25,1243.55,1243.85,13242
2025-02-18 13:54:00+05:30,1243.7,1244.1,1243.4,1243.8,15821
2025-02-18 13:55:00+05:30,1243.7,1244.1,1243.25,1243.9,16684
2025-02-18 13:56:00+05:30,1243.9,1243.9,1243.0,1243.05,17082
2025-02-18 13:57:00+05:30,1243.0,1244.2,1242.75,1242.8,18333
2025-02-18 13:58:00+05:30,1242.8,1243.65,1242.6,1243.65,24005
2025-02-18 13:59:00+05:30,1243.6,1243.75,1243.05,1243.2,9050
2025-02-18 14:00:00+05:30,1243.0,1243.5,1242.85,1243.25,9017
2025-02-18 14:01:00+05:30,1243.15,1243.7,1242.95,1243.4,9359
2025-02-18 14:02:00+05:30,1243.1,1243.95,1243.1,1243.4,10755
2025-02-18 14:03:00+05:30,1243.4,1243.65,1243.1,1243.1,8194
2025-02-18 14:04:00+05:30,1243.1,1243.3,1242.0,1242.05,18682
2025-02-18 14:05:00+05:30,1242.05,1242.65,1242.0,1242.6,12525
2025-02-18 14:06:00+05:30,1242.2,1242.6,1242.0,1242.0,20487
2025-02-18 14:07:00+05:30,1242.05,1242.35,1242.0,1242.0,7575
2025-02-18 14:08:00+05:30,1242.05,1242.85,1242.0,1242.4,10460
2025-02-18 14:09:00+05:30,1242.4,1243.0,1242.2,1242.65,11757
2025-02-18 14:10:00+05:30,1242.55,1243.8,1242.45,1243.1,10167
2025-02-18 14:11:00+05:30,1243.05,1243.9,1242.75,1243.6,10530
2025-02-18 14:12:00+05:30,1243.45,1243.55,1242.75,1243.15,11027
2025-02-18 14:13:00+05:30,1243.15,1243.65,1242.9,1243.0,10592
2025-02-18 14:14:00+05:30,1243.0,1243.25,1242.7,1242.9,9523
2025-02-18 14:15:00+05:30,1242.8,1244.5,1242.8,1244.2,14761
2025-02-18 14:16:00+05:30,1243.8,1244.85,1243.75,1244.05,14724
2025-02-18 14:17:00+05:30,1244.1,1244.85,1244.0,1244.05,13447
2025-02-18 14:18:00+05:30,1244.0,1244.9,1244.0,1244.3,19432
2025-02-18 14:19:00+05:30,1244.3,1244.9,1243.9,1243.9,20732
2025-02-18 14:20:00+05:30,1243.9,1244.55,1243.65,1243.75,17936
2025-02-18 14:21:00+05:30,1243.75,1243.95,1243.6,1243.6,15444
2025-02-18 14:22:00+05:30,1243.6,1243.7,1243.0,1243.35,15208
2025-02-18 14:23:00+05:30,1243.35,1244.0,1243.15,1243.65,21791
2025-02-18 14:24:00+05:30,1243.65,1244.0,1243.1,1243.6,13593
2025-02-18 14:25:00+05:30,1243.45,1244.7,1243.25,1244.5,16902
2025-02-18 14:26:00+05:30,1244.3,1244.8,1243.75,1244.3,15513
2025-02-18 14:27:00+05:30,1244.2,1244.95,1244.1,1244.45,17676
2025-02-18 14:28:00+05:30,1244.4,1245.0,1244.05,1244.25,17616
2025-02-18 14:29:00+05:30,1244.2,1245.0,1244.15,1244.65,17174
2025-02-18 14:30:00+05:30,1244.65,1245.2,1244.3,1244.6,19399
2025-02-18 14:31:00+05:30,1244.5,1244.8,1244.1,1244.55,15303
2025-02-18 14:32:00+05:30,1244.5,1244.9,1244.3,1244.65,16295
2025-02-18 14:33:00+05:30,1244.6,1244.7,1244.0,1244.2,13144
2025-02-18 14:34:00+05:30,1244.2,1244.7,1244.0,1244.4,12998
2025-02-18 14:35:00+05:30,1244.25,1245.0,1243.95,1244.4,20901
2025-02-18 14:36:00+05:30,1244.4,1245.0,1244.05,1244.55,17719
2025-02-18 14:37:00+05:30,1244.55,1244.6,1243.95,1244.05,33636
2025-02-18 14:38:00+05:30,1244.05,1244.1,1243.55,1243.75,24722
2025-02-18 14:39:00+05:30,1243.65,1244.7,1243.5,1244.0,23006
2025-02-18 14:40:00+05:30,1244.0,1244.4,1243.7,1244.2,20968
2025-02-18 14:41:00+05:30,1244.05,1244.45,1243.65,1244.35,22413
2025-02-18 14:42:00+05:30,1244.3,1244.75,1243.85,1244.15,49280
2025-02-18 14:43:00+05:30,1244.15,1244.75,1243.75,1244.65,18638
2025-02-18 14:44:00+05:30,1244.2,1244.75,1243.6,1244.6,25134
2025-02-18 14:45:00+05:30,1244.1,1244.5,1243.55,1243.7,21133
2025-02-18 14:46:00+05:30,1243.7,1244.5,1243.45,1244.35,22397
2025-02-18 14:47:00+05:30,1243.9,1245.2,1243.85,1245.0,35135
2025-02-18 14:48:00+05:30,1244.8,1245.2,1244.35,1245.0,22268
2025-02-18 14:49:00+05:30,1244.75,1245.85,1244.55,1245.5,22282
2025-02-18 14:50:00+05:30,1245.5,1245.8,1244.7,1245.0,16099
2025-02-18 14:51:00+05:30,1244.8,1245.6,1244.55,1245.0,22566
2025-02-18 14:52:00+05:30,1244.95,1245.45,1244.7,1244.85,17815
2025-02-18 14:53:00+05:30,1244.85,1244.95,1243.65,1243.7,24922
2025-02-18 14:54:00+05:30,1243.65,1244.5,1243.4,1244.5,40351
2025-02-18 14:55:00+05:30,1244.05,1244.65,1243.4,1243.95,40996
2025-02-18 14:56:00+05:30,1243.35,1243.45,1242.35,1242.7,47562
2025-02-18 14:57:00+05:30,1242.65,1243.4,1242.45,1243.4,25727
2025-02-18 14:58:00+05:30,1242.9,1244.45,1242.8,1244.05,16743
2025-02-18 14:59:00+05:30,1244.05,1244.7,1243.75,1244.6,22534
2025-02-18 15:00:00+05:30,1244.0,1244.2,1243.4,1243.45,63914
2025-02-18 15:01:00+05:30,1243.45,1245.0,1243.4,1244.85,48196
2025-02-18 15:02:00+05:30,1244.8,1245.0,1243.7,1244.55,76335
2025-02-18 15:03:00+05:30,1244.55,1244.6,1243.0,1243.95,56795
2025-02-18 15:04:00+05:30,1243.95,1244.0,1243.45,1243.5,34129
2025-02-18 15:05:00+05:30,1243.45,1244.35,1242.75,1244.05,99205
2025-02-18 15:06:00+05:30,1244.05,1244.15,1242.0,1242.6,88456
2025-02-18 15:07:00+05:30,1242.6,1243.55,1242.0,1242.6,100885
2025-02-18 15:08:00+05:30,1242.6,1242.9,1242.0,1242.0,75598
2025-02-18 15:09:00+05:30,1242.05,1242.15,1242.0,1242.15,35221
2025-02-18 15:10:00+05:30,1242.15,1243.2,1241.9,1242.95,98176
2025-02-18 15:11:00+05:30,1242.95,1243.2,1242.0,1243.2,79072
2025-02-18 15:12:00+05:30,1243.1,1243.3,1242.45,1242.65,36669
2025-02-18 15:13:00+05:30,1242.6,1242.75,1242.2,1242.3,31874
2025-02-18 15:14:00+05:30,1242.3,1243.55,1242.25,1243.5,53569
2025-02-18 15:15:00+05:30,1243.45,1244.0,1242.95,1243.55,56999
2025-02-18 15:16:00+05:30,1243.6,1244.0,1243.3,1243.6,48989
2025-02-18 15:17:00+05:30,1243.7,1244.0,1242.8,1242.8,64306
2025-02-18 15:18:00+05:30,1242.85,1243.4,1242.4,1242.5,51396
2025-02-18 15:19:00+05:30,1242.5,1243.3,1242.4,1242.95,48693
2025-02-18 15:20:00+05:30,1243.0,1243.3,1242.4,1242.85,69502
2025-02-18 15:21:00+05:30,1242.85,1242.9,1242.35,1242.35,42396
2025-02-18 15:22:00+05:30,1242.4,1243.75,1242.25,1242.65,82060
2025-02-18 15:23:00+05:30,1242.65,1242.85,1242.2,1242.65,53127
2025-02-18 15:24:00+05:30,1242.65,1243.6,1242.35,1243.2,48258
2025-02-18 15:25:00+05:30,1243.2,1244.0,1242.15,1243.75,66836
2025-02-18 15:26:00+05:30,1243.7,1244.95,1243.45,1244.1,66314
2025-02-18 15:27:00+05:30,1244.1,1244.5,1243.25,1244.35,41703
2025-02-18 15:28:00+05:30,1244.35,1244.45,1243.75,1244.1,25449
2025-02-18 15:29:00+05:30,1244.4,1244.4,1242.55,1242.55,12137
2025-02-19 09:15:00+05:30,1234.8,1235.65,1231.4,1232.85,262152
2025-02-19 09:16:00+05:30,1232.85,1233.8,1231.3,1233.0,91757
2025-02-19 09:17:00+05:30,1233.2,1233.5,1230.75,1231.5,61216
2025-02-19 09:18:00+05:30,1231.65,1232.85,1231.15,1232.2,51857
2025-02-19 09:19:00+05:30,1232.2,1232.5,1230.4,1231.8,61913
2025-02-19 09:20:00+05:30,1231.85,1232.15,1231.0,1232.15,42313
2025-02-19 09:21:00+05:30,1232.15,1232.15,1230.25,1231.35,58272
2025-02-19 09:22:00+05:30,1231.6,1233.55,1231.2,1233.25,41762
2025-02-19 09:23:00+05:30,1233.45,1234.9,1233.3,1233.75,46066
2025-02-19 09:24:00+05:30,1233.55,1234.45,1232.1,1234.25,46601
2025-02-19 09:25:00+05:30,1233.85,1236.4,1233.45,1236.4,47523
2025-02-19 09:26:00+05:30,1236.05,1236.45,1235.6,1236.05,36614
2025-02-19 09:27:00+05:30,1236.2,1238.0,1236.2,1237.75,34115
2025-02-19 09:28:00+05:30,1237.75,1238.55,1237.3,1237.7,19984
2025-02-19 09:29:00+05:30,1237.8,1238.2,1237.05,1237.55,17963
2025-02-19 09:30:00+05:30,1237.55,1238.0,1237.3,1237.65,16106
2025-02-19 09:31:00+05:30,1237.65,1239.2,1237.55,1238.9,24325
2025-02-19 09:32:00+05:30,1238.75,1240.95,1238.2,1240.9,18021
2025-02-19 09:33:00+05:30,1240.7,1241.0,1238.9,1239.65,19390
2025-02-19 09:34:00+05:30,1239.65,1240.85,1239.3,1240.6,44738
2025-02-19 09:35:00+05:30,1240.55,1241.0,1240.05,1240.25,20888
2025-02-19 09:36:00+05:30,1240.25,1240.7,1240.0,1240.0,31372
2025-02-19 09:37:00+05:30,1240.25,1241.9,1240.2,1241.75,13677
2025-02-19 09:38:00+05:30,1241.9,1242.8,1241.75,1242.0,20837
2025-02-19 09:39:00+05:30,1242.0,1242.3,1241.8,1241.8,18034
2025-02-19 09:40:00+05:30,1241.85,1242.9,1241.55,1242.6,16967
2025-02-19 09:41:00+05:30,1242.6,1242.9,1241.0,1241.0,14210
2025-02-19 09:42:00+05:30,1241.05,1241.95,1241.0,1241.6,7314
2025-02-19 09:43:00+05:30,1241.7,1242.75,1241.55,1242.6,7112
2025-02-19 09:44:00+05:30,1242.65,1244.0,1242.6,1243.8,12781
2025-02-19 09:45:00+05:30,1244.0,1245.5,1243.8,1245.15,16894
2025-02-19 09:46:00+05:30,1245.1,1248.0,1245.05,1247.9,22827
2025-02-19 09:47:00+05:30,1247.9,1248.8,1247.25,1248.6,47207
2025-02-19 09:48:00+05:30,1248.4,1250.3,1248.3,1250.0,39366
2025-02-19 09:49:00+05:30,1250.0,1250.95,1249.55,1250.35,35026
2025-02-19 09:50:00+05:30,1250.25,1250.5,1249.05,1249.05,25580
2025-02-19 09:51:00+05:30,1249.3,1249.5,1248.25,1248.55,26737
2025-02-19 09:52:00+05:30,1248.65,1249.9,1248.55,1249.3,17763
2025-02-19 09:53:00+05:30,1249.4,1249.65,1248.7,1249.0,11432
2025-02-19 09:54:00+05:30,1249.0,1249.25,1248.45,1249.0,8415
2025-02-19 09:55:00+05:30,1248.95,1249.8,1248.4,1249.3,37166
2025-02-19 09:56:00+05:30,1249.5,1250.7,1249.3,1250.45,9518
2025-02-19 09:57:00+05:30,1250.45,1250.5,1248.65,1248.65,18523
2025-02-19 09:58:00+05:30,1248.9,1249.8,1248.75,1249.2,5960
2025-02-19 09:59:00+05:30,1249.25,1250.0,1249.2,1249.85,4118
2025-02-19 10:00:00+05:30,1249.95,1250.0,1249.0,1249.0,9262
2025-02-19 10:01:00+05:30,1249.0,1249.2,1248.15,1248.3,5331
2025-02-19 10:02:00+05:30,1248.2,1249.85,1247.5,1248.65,55069
2025-02-19 10:03:00+05:30,1248.45,1248.95,1248.35,1248.4,3658
2025-02-19 10:04:00+05:30,1248.35,1249.45,1248.0,1249.05,5933
2025-02-19 10:05:00+05:30,1249.15,1249.9,1249.1,1249.45,3929
2025-02-19 10:06:00+05:30,1249.45,1250.4,1249.45,1250.4,8432
2025-02-19 10:07:00+05:30,1250.2,1250.4,1248.8,1248.8,14141
2025-02-19 10:08:00+05:30,1248.8,1250.0,1248.6,1249.4,23579
2025-02-19 10:09:00+05:30,1249.4,1249.65,1249.15,1249.2,6426
2025-02-19 10:10:00+05:30,1249.2,1249.7,1248.7,1248.75,10186
2025-02-19 10:11:00+05:30,1248.75,1249.3,1248.75,1249.05,7826
2025-02-19 10:12:00+05:30,1249.15,1250.0,1249.05,1250.0,5394
2025-02-19 10:13:00+05:30,1249.6,1250.25,1249.5,1250.0,5945
2025-02-19 10:14:00+05:30,1250.2,1252.0,1250.2,1251.65,20741
2025-02-19 10:15:00+05:30,1251.8,1253.25,1251.55,1252.65,20190
2025-02-19 10:16:00+05:30,1252.65,1254.2,1252.25,1254.2,14994
2025-02-19 10:17:00+05:30,1254.0,1254.6,1252.8,1254.25,28577
2025-02-19 10:18:00+05:30,1254.25,1255.0,1254.0,1254.7,21023
2025-02-19 10:19:00+05:30,1254.7,1255.8,1254.25,1255.8,20612
2025-02-19 10:20:00+05:30,1255.8,1257.75,1255.5,1256.85,31574
2025-02-19 10:21:00+05:30,1256.5,1256.7,1254.8,1254.8,17542
2025-02-19 10:22:00+05:30,1254.9,1255.05,1253.35,1253.65,15796
2025-02-19 10:23:00+05:30,1253.65,1253.9,1253.1,1253.65,8750
2025-02-19 10:24:00+05:30,1253.35,1254.0,1252.6,1252.7,10480
2025-02-19 10:25:00+05:30,1252.75,1253.05,1251.9,1252.6,26257
2025-02-19 10:26:00+05:30,1252.25,1252.9,1252.05,1252.35,10181
2025-02-19 10:27:00+05:30,1252.05,1252.35,1251.55,1251.6,8748
2025-02-19 10:28:00+05:30,1251.7,1253.2,1251.35,1252.95,8455
2025-02-19 10:29:00+05:30,1252.7,1252.95,1252.65,1252.65,4611
2025-02-19 10:30:00+05:30,1252.65,1253.85,1252.65,1253.6,12209
2025-02-19 10:31:00+05:30,1253.9,1254.0,1252.7,1252.9,11446
2025-02-19 10:32:00+05:30,1252.8,1253.45,1252.8,1253.15,3624
2025-02-19 10:33:00+05:30,1253.15,1253.9,1253.15,1253.5,3753
2025-02-19 10:34:00+05:30,1253.55,1254.0,1252.9,1253.0,7668
2025-02-19 10:35:00+05:30,1253.0,1253.65,1252.6,1252.95,7808
2025-02-19 10:36:00+05:30,1252.6,1253.2,1252.1,1252.95,6281
2025-02-19 10:37:00+05:30,1253.0,1253.45,1252.6,1252.9,6028
2025-02-19 10:38:00+05:30,1252.85,1252.85,1251.75,1252.35,10297
2025-02-19 10:39:00+05:30,1252.4,1253.4,1252.4,1253.1,2841
2025-02-19 10:40:00+05:30,1253.4,1254.0,1253.3,1253.85,4272
2025-02-19 10:41:00+05:30,1253.95,1254.4,1253.3,1254.4,9978
2025-02-19 10:42:00+05:30,1254.3,1255.0,1254.2,1255.0,3998
2025-02-19 10:43:00+05:30,1254.5,1255.0,1254.5,1254.85,4204
2025-02-19 10:44:00+05:30,1254.85,1255.55,1254.0,1254.45,13652
2025-02-19 10:45:00+05:30,1254.3,1254.4,1253.9,1254.0,3674
2025-02-19 10:46:00+05:30,1253.95,1254.7,1253.5,1253.6,14905
2025-02-19 10:47:00+05:30,1253.55,1253.55,1252.7,1253.05,9986
2025-02-19 10:48:00+05:30,1253.0,1253.2,1252.05,1252.05,7951
2025-02-19 10:49:00+05:30,1252.3,1252.7,1252.05,1252.2,4188
2025-02-19 10:50:00+05:30,1252.1,1252.15,1251.7,1251.8,5654
2025-02-19 10:51:00+05:30,1251.9,1252.5,1251.05,1251.5,15139
2025-02-19 10:52:00+05:30,1251.55,1251.55,1250.05,1250.95,17404
2025-02-19 10:53:00+05:30,1250.65,1251.55,1250.65,1251.2,6948
2025-02-19 10:54:00+05:30,1251.4,1251.95,1251.15,1251.85,3737
2025-02-19 10:55:00+05:30,1251.85,1252.0,1250.0,1250.1,26309
2025-02-19 10:56:00+05:30,1250.0,1251.0,1249.0,1250.65,12266
2025-02-19 10:57:00+05:30,1250.6,1251.45,1250.6,1250.65,9077
2025-02-19 10:58:00+05:30,1250.7,1250.75,1249.75,1249.9,9630
2025-02-19 10:59:00+05:30,1249.75,1250.5,1249.2,1249.8,10639
2025-02-19 11:00:00+05:30,1249.55,1249.8,1249.1,1249.6,9981
2025-02-19 11:01:00+05:30,1249.6,1251.0,1249.4,1250.85,18729
2025-02-19 11:02:00+05:30,1250.85,1251.85,1250.75,1251.75,4793
2025-02-19 11:03:00+05:30,1251.5,1251.65,1251.25,1251.3,9188
2025-02-19 11:04:00+05:30,1251.3,1251.5,1250.65,1251.05,9679
2025-02-19 11:05:00+05:30,1250.85,1251.25,1250.75,1251.25,3950
2025-02-19 11:06:00+05:30,1251.05,1251.45,1251.05,1251.25,16847
2025-02-19 11:07:00+05:30,1251.45,1251.45,1249.65,1250.1,15203
2025-02-19 11:08:00+05:30,1250.1,1250.6,1249.95,1250.2,9796
2025-02-19 11:09:00+05:30,1250.2,1250.65,1250.1,1250.45,4416
2025-02-19 11:10:00+05:30,1250.4,1250.65,1250.25,1250.25,3269
2025-02-19 11:11:00+05:30,1250.3,1250.35,1249.75,1250.15,9707
2025-02-19 11:12:00+05:30,1250.15,1250.4,1249.6,1250.35,9169
2025-02-19 11:13:00+05:30,1250.4,1251.35,1250.1,1251.15,9107
2025-02-19 11:14:00+05:30,1251.15,1252.6,1251.15,1252.6,6336
2025-02-19 11:15:00+05:30,1252.55,1253.7,1252.55,1253.55,5900
2025-02-19 11:16:00+05:30,1253.5,1253.5,1252.1,1252.1,10453
2025-02-19 11:17:00+05:30,1252.05,1252.2,1251.85,1251.85,9553
2025-02-19 11:18:00+05:30,1251.9,1252.1,1251.15,1251.55,6671
2025-02-19 11:19:00+05:30,1251.75,1252.0,1251.55,1251.95,4373
2025-02-19 11:20:00+05:30,1251.9,1252.35,1251.8,1252.05,10509
2025-02-19 11:21:00+05:30,1252.25,1252.25,1251.6,1251.75,7594
2025-02-19 11:22:00+05:30,1251.65,1252.35,1251.5,1252.35,4398
2025-02-19 11:23:00+05:30,1252.35,1252.65,1252.15,1252.2,8784
2025-02-19 11:24:00+05:30,1252.2,1252.85,1252.1,1252.6,6492
2025-02-19 11:25:00+05:30,1252.8,1253.0,1252.65,1252.8,5027
2025-02-19 11:26:00+05:30,1252.85,1253.2,1252.7,1252.75,7650
2025-02-19 11:27:00+05:30,1252.85,1253.1,1251.9,1251.9,5930
2025-02-19 11:28:00+05:30,1252.05,1252.15,1251.1,1251.1,6795
2025-02-19 11:29:00+05:30,1251.1,1252.2,1251.05,1252.1,7315
2025-02-19 11:30:00+05:30,1252.0,1252.05,1251.8,1251.8,3100
2025-02-19 11:31:00+05:30,1251.8,1252.05,1251.65,1252.05,6506
2025-02-19 11:32:00+05:30,1252.05,1252.6,1252.0,1252.25,3101
2025-02-19 11:33:00+05:30,1252.25,1253.6,1252.25,1253.25,8621
2025-02-19 11:34:00+05:30,1253.25,1253.4,1252.9,1253.05,4901
2025-02-19 11:35:00+05:30,1253.1,1253.55,1253.05,1253.35,2528
2025-02-19 11:36:00+05:30,1253.15,1254.0,1253.15,1253.9,9198
2025-02-19 11:37:00+05:30,1253.95,1254.25,1253.9,1254.2,5707
2025-02-19 11:38:00+05:30,1254.0,1254.2,1253.6,1253.85,10267
2025-02-19 11:39:00+05:30,1253.7,1253.9,1253.3,1253.45,3948
2025-02-19 11:40:00+05:30,1253.35,1253.35,1252.9,1252.9,3253
2025-02-19 11:41:00+05:30,1252.9,1253.15,1252.0,1252.25,7472
2025-02-19 11:42:00+05:30,1252.15,1253.85,1252.15,1252.95,82111
2025-02-19 11:43:00+05:30,1252.8,1254.2,1252.65,1253.75,15052
2025-02-19 11:44:00+05:30,1253.85,1253.85,1252.85,1252.95,7164
2025-02-19 11:45:00+05:30,1252.95,1253.35,1252.95,1253.2,4216
2025-02-19 11:46:00+05:30,1253.25,1253.25,1252.75,1253.2,8692
2025-02-19 11:47:00+05:30,1253.05,1253.6,1253.05,1253.1,6753
2025-02-19 11:48:00+05:30,1253.1,1253.6,1252.9,1253.05,7319
2025-02-19 11:49:00+05:30,1253.1,1253.1,1252.9,1253.1,6271
2025-02-19 11:50:00+05:30,1253.15,1254.3,1253.1,1254.0,11890
2025-02-19 11:51:00+05:30,1254.0,1254.45,1254.0,1254.35,8838
2025-02-19 11:52:00+05:30,1254.25,1256.9,1254.2,1256.45,749053
2025-02-19 11:53:00+05:30,1256.55,1256.7,1254.65,1255.0,15497
2025-02-19 11:54:00+05:30,1254.95,1256.4,1254.8,1256.0,120672
2025-02-19 11:55:00+05:30,1256.1,1256.6,1256.0,1256.2,23350
2025-02-19 11:56:00+05:30,1256.2,1256.3,1256.0,1256.05,22615
2025-02-19 11:57:00+05:30,1256.05,1256.75,1256.0,1256.75,13178
2025-02-19 11:58:00+05:30,1256.7,1256.85,1256.35,1256.35,7631
2025-02-19 11:59:00+05:30,1256.4,1257.6,1256.2,1256.8,20480
2025-02-19 12:00:00+05:30,1257.0,1257.15,1256.5,1256.7,9263
2025-02-19 12:01:00+05:30,1256.7,1256.7,1255.0,1255.25,10933
2025-02-19 12:02:00+05:30,1255.25,1256.8,1255.05,1255.9,10753
2025-02-19 12:03:00+05:30,1256.15,1256.55,1255.65,1256.55,8474
2025-02-19 12:04:00+05:30,1256.7,1257.0,1256.05,1256.1,15617
2025-02-19 12:05:00+05:30,1256.1,1256.75,1256.05,1256.3,8287
2025-02-19 12:06:00+05:30,1256.3,1256.55,1256.05,1256.15,6285
2025-02-19 12:07:00+05:30,1256.3,1256.7,1256.3,1256.4,6495
2025-02-19 12:08:00+05:30,1256.4,1256.4,1255.4,1255.75,10347
2025-02-19 12:09:00+05:30,1255.8,1256.2,1255.1,1255.45,7850
2025-02-19 12:10:00+05:30,1255.25,1256.0,1254.95,1255.6,8731
2025-02-19 12:11:00+05:30,1255.6,1255.65,1254.6,1254.8,9695
2025-02-19 12:12:00+05:30,1254.8,1256.3,1254.7,1255.2,27150
2025-02-19 12:13:00+05:30,1255.2,1256.0,1254.45,1254.45,11624
2025-02-19 12:14:00+05:30,1254.8,1256.0,1253.55,1254.15,71526
2025-02-19 12:15:00+05:30,1254.1,1254.25,1253.9,1254.0,15736
2025-02-19 12:16:00+05:30,1254.0,1256.5,1254.0,1256.1,87771
2025-02-19 12:17:00+05:30,1256.35,1256.8,1255.3,1256.0,52508
2025-02-19 12:18:00+05:30,1256.1,1256.5,1256.0,1256.0,13391
2025-02-19 12:19:00+05:30,1256.3,1256.35,1256.0,1256.05,7356
2025-02-19 12:20:00+05:30,1256.0,1256.5,1256.0,1256.1,9249
2025-02-19 12:21:00+05:30,1256.15,1256.6,1256.0,1256.0,7957
2025-02-19 12:22:00+05:30,1256.15,1256.2,1255.55,1255.85,7276
2025-02-19 12:23:00+05:30,1255.8,1256.35,1255.05,1256.0,39273
2025-02-19 12:24:00+05:30,1256.05,1256.1,1254.5,1256.05,55515
2025-02-19 12:25:00+05:30,1256.1,1256.25,1255.75,1256.0,35594
2025-02-19 12:26:00+05:30,1256.0,1256.1,1254.6,1254.8,24349
2025-02-19 12:27:00+05:30,1254.85,1255.05,1254.25,1254.7,8489
2025-02-19 12:28:00+05:30,1254.7,1254.9,1254.15,1254.2,6694
2025-02-19 12:29:00+05:30,1254.15,1254.6,1253.7,1253.9,7808
2025-02-19 12:30:00+05:30,1253.9,1253.95,1253.4,1253.4,8180
2025-02-19 12:31:00+05:30,1253.45,1253.65,1253.3,1253.5,9828
2025-02-19 12:32:00+05:30,1253.5,1253.65,1253.4,1253.6,10376
2025-02-19 12:33:00+05:30,1253.6,1253.85,1253.4,1253.75,9836
2025-02-19 12:34:00+05:30,1253.75,1254.35,1253.55,1253.55,10234
2025-02-19 12:35:00+05:30,1253.6,1254.2,1253.35,1253.8,9050
2025-02-19 12:36:00+05:30,1253.8,1255.1,1253.75,1254.65,8526
2025-02-19 12:37:00+05:30,1254.75,1256.25,1254.4,1254.5,432199
2025-02-19 12:38:00+05:30,1254.75,1254.9,1253.95,1254.1,6694
2025-02-19 12:39:00+05:30,1253.95,1254.05,1253.65,1253.9,8835
2025-02-19 12:40:00+05:30,1254.0,1254.75,1253.75,1253.9,9357
2025-02-19 12:41:00+05:30,1253.9,1254.45,1253.4,1254.2,9125
2025-02-19 12:42:00+05:30,1254.2,1254.2,1253.65,1253.85,6783
2025-02-19 12:43:00+05:30,1253.9,1254.0,1253.6,1253.65,7454
2025-02-19 12:44:00+05:30,1253.65,1254.0,1253.65,1253.7,7003
2025-02-19 12:45:00+05:30,1253.7,1253.75,1253.4,1253.4,8131
2025-02-19 12:46:00+05:30,1253.5,1254.0,1253.45,1253.65,7933
2025-02-19 12:47:00+05:30,1253.65,1254.5,1253.5,1254.35,14415
2025-02-19 12:48:00+05:30,1254.35,1256.35,1254.3,1255.65,318735
2025-02-19 12:49:00+05:30,1255.8,1255.8,1254.6,1254.8,10841
2025-02-19 12:50:00+05:30,1254.85,1255.15,1254.65,1254.9,9344
2025-02-19 12:51:00+05:30,1255.0,1256.3,1254.85,1256.0,22856
2025-02-19 12:52:00+05:30,1255.95,1256.1,1255.25,1255.45,10251
2025-02-19 12:53:00+05:30,1255.5,1255.55,1255.1,1255.35,7309
2025-02-19 12:54:00+05:30,1255.35,1255.4,1254.75,1254.8,8387
2025-02-19 12:55:00+05:30,1254.85,1255.4,1254.55,1254.55,18384
2025-02-19 12:56:00+05:30,1255.1,1255.2,1254.45,1255.1,8837
2025-02-19 12:57:00+05:30,1255.2,1255.25,1254.65,1254.7,9263
2025-02-19 12:58:00+05:30,1254.95,1256.4,1254.7,1256.05,15660
2025-02-19 12:59:00+05:30,1256.1,1256.4,1256.0,1256.05,15280
2025-02-19 13:00:00+05:30,1256.1,1256.45,1256.05,1256.3,11810
2025-02-19 13:01:00+05:30,1256.35,1256.4,1256.1,1256.4,8316
2025-02-19 13:02:00+05:30,1256.35,1256.6,1256.3,1256.5,8716
2025-02-19 13:03:00+05:30,1256.5,1256.6,1256.0,1256.3,18443
2025-02-19 13:04:00+05:30,1256.35,1256.45,1256.0,1256.2,9175
2025-02-19 13:05:00+05:30,1256.15,1256.3,1256.0,1256.0,10903
2025-02-19 13:06:00+05:30,1256.05,1256.1,1256.0,1256.0,17802
2025-02-19 13:07:00+05:30,1256.0,1256.05,1255.15,1255.7,41177
2025-02-19 13:08:00+05:30,1255.6,1256.1,1255.1,1256.0,33489
2025-02-19 13:09:00+05:30,1256.05,1256.1,1256.0,1256.0,28797
2025-02-19 13:10:00+05:30,1256.0,1256.05,1256.0,1256.0,20243
2025-02-19 13:11:00+05:30,1256.0,1256.05,1256.0,1256.05,13278
2025-02-19 13:12:00+05:30,1256.05,1256.05,1256.0,1256.0,10649
2025-02-19 13:13:00+05:30,1256.05,1256.3,1256.0,1256.2,15763
2025-02-19 13:14:00+05:30,1256.2,1256.75,1256.0,1256.55,14705
2025-02-19 13:15:00+05:30,1256.75,1256.75,1256.0,1256.0,9928
2025-02-19 13:16:00+05:30,1256.05,1256.35,1256.0,1256.0,10438
2025-02-19 13:17:00+05:30,1256.05,1256.45,1256.0,1256.0,16052
2025-02-19 13:18:00+05:30,1256.05,1256.3,1256.0,1256.1,9406
2025-02-19 13:19:00+05:30,1256.0,1256.35,1256.0,1256.1,11739
2025-02-19 13:20:00+05:30,1256.15,1256.45,1256.0,1256.0,10665
2025-02-19 13:21:00+05:30,1256.0,1256.25,1256.0,1256.2,11127
2025-02-19 13:22:00+05:30,1256.0,1256.2,1256.0,1256.05,11374
2025-02-19 13:23:00+05:30,1256.15,1256.25,1256.0,1256.05,11660
2025-02-19 13:24:00+05:30,1256.05,1256.15,1255.45,1255.9,9287
2025-02-19 13:25:00+05:30,1255.8,1256.35,1255.5,1256.25,26123
2025-02-19 13:26:00+05:30,1256.25,1256.4,1255.55,1255.55,12471
2025-02-19 13:27:00+05:30,1255.55,1255.8,1254.5,1254.5,12638
2025-02-19 13:28:00+05:30,1254.5,1255.05,1253.55,1255.05,37438
2025-02-19 13:29:00+05:30,1255.05,1256.05,1255.0,1256.0,96565
2025-02-19 13:30:00+05:30,1256.05,1256.1,1256.0,1256.0,7298
2025-02-19 13:31:00+05:30,1256.05,1256.15,1256.0,1256.1,7648
2025-02-19 13:32:00+05:30,1256.1,1256.2,1256.0,1256.0,9195
2025-02-19 13:33:00+05:30,1256.1,1256.75,1256.0,1256.65,8228
2025-02-19 13:34:00+05:30,1256.7,1257.0,1256.6,1256.75,9737
2025-02-19 13:35:00+05:30,1256.8,1257.3,1256.45,1257.0,10588
2025-02-19 13:36:00+05:30,1257.05,1257.3,1256.7,1256.9,10267
2025-02-19 13:37:00+05:30,1256.9,1257.25,1256.55,1256.55,8124
2025-02-19 13:38:00+05:30,1256.6,1256.6,1256.05,1256.2,6522
2025-02-19 13:39:00+05:30,1256.2,1256.75,1256.0,1256.2,8834
2025-02-19 13:40:00+05:30,1256.3,1256.75,1256.15,1256.55,9164
2025-02-19 13:41:00+05:30,1256.55,1256.9,1256.45,1256.55,9232
2025-02-19 13:42:00+05:30,1256.6,1256.6,1256.2,1256.4,6502
2025-02-19 13:43:00+05:30,1256.4,1256.75,1256.15,1256.15,7645
2025-02-19 13:44:00+05:30,1256.3,1256.4,1256.0,1256.0,8834
2025-02-19 13:45:00+05:30,1256.0,1256.3,1256.0,1256.0,9926
2025-02-19 13:46:00+05:30,1256.0,1256.7,1256.0,1256.25,8664
2025-02-19 13:47:00+05:30,1256.25,1256.65,1256.1,1256.25,9240
2025-02-19 13:48:00+05:30,1256.4,1256.8,1256.15,1256.55,14675
2025-02-19 13:49:00+05:30,1256.75,1256.95,1256.4,1256.4,10581
2025-02-19 13:50:00+05:30,1256.8,1256.95,1256.4,1256.65,8531
2025-02-19 13:51:00+05:30,1256.75,1256.9,1256.6,1256.8,9912
2025-02-19 13:52:00+05:30,1256.85,1257.7,1256.75,1257.45,10811
2025-02-19 13:53:00+05:30,1257.5,1257.5,1256.3,1256.6,10111
2025-02-19 13:54:00+05:30,1256.35,1256.6,1256.0,1256.0,9328
2025-02-19 13:55:00+05:30,1256.1,1256.4,1256.0,1256.05,16388
2025-02-19 13:56:00+05:30,1256.1,1256.1,1256.0,1256.0,10232
2025-02-19 13:57:00+05:30,1256.0,1256.1,1256.0,1256.0,20746
2025-02-19 13:58:00+05:30,1256.0,1256.05,1256.0,1256.0,10723
2025-02-19 13:59:00+05:30,1256.0,1256.05,1255.3,1255.3,24696
2025-02-19 14:00:00+05:30,1255.4,1256.25,1255.15,1255.5,38575
2025-02-19 14:01:00+05:30,1255.5,1256.05,1255.3,1256.0,16680
2025-02-19 14:02:00+05:30,1256.05,1256.05,1255.6,1255.6,17902
2025-02-19 14:03:00+05:30,1255.65,1255.65,1254.55,1254.9,20000
2025-02-19 14:04:00+05:30,1254.85,1256.3,1254.8,1255.2,36671
2025-02-19 14:05:00+05:30,1255.2,1256.15,1255.05,1256.0,21790
2025-02-19 14:06:00+05:30,1256.05,1256.05,1256.0,1256.0,7853
2025-02-19 14:07:00+05:30,1256.05,1256.05,1255.7,1255.7,7989
2025-02-19 14:08:00+05:30,1255.7,1256.05,1255.05,1256.05,18936
2025-02-19 14:09:00+05:30,1256.05,1256.05,1256.0,1256.0,9601
2025-02-19 14:10:00+05:30,1256.05,1256.3,1256.0,1256.1,14841
2025-02-19 14:11:00+05:30,1256.1,1256.3,1255.75,1256.0,19308
2025-02-19 14:12:00+05:30,1256.05,1256.55,1255.8,1256.1,7813
2025-02-19 14:13:00+05:30,1256.1,1256.2,1255.35,1255.65,7251
2025-02-19 14:14:00+05:30,1255.7,1256.05,1255.05,1256.05,14376
2025-02-19 14:15:00+05:30,1256.1,1256.1,1255.9,1255.9,21721
2025-02-19 14:16:00+05:30,1255.95,1256.05,1255.25,1256.0,13367
2025-02-19 14:17:00+05:30,1256.05,1256.05,1254.5,1255.45,140863
2025-02-19 14:18:00+05:30,1255.4,1256.05,1254.15,1254.25,73903
2025-02-19 14:19:00+05:30,1254.55,1254.8,1253.5,1254.55,15894
2025-02-19 14:20:00+05:30,1254.55,1255.3,1253.85,1255.05,11635
2025-02-19 14:21:00+05:30,1255.15,1255.2,1254.75,1254.75,8130
2025-02-19 14:22:00+05:30,1254.75,1254.85,1254.25,1254.4,10917
2025-02-19 14:23:00+05:30,1254.3,1254.75,1254.0,1254.3,14096
2025-02-19 14:24:00+05:30,1254.35,1254.85,1254.3,1254.3,10223
2025-02-19 14:25:00+05:30,1254.45,1254.75,1254.25,1254.35,7448
2025-02-19 14:26:00+05:30,1254.5,1254.85,1254.2,1254.6,7952
2025-02-19 14:27:00+05:30,1254.6,1254.85,1254.5,1254.55,7729
2025-02-19 14:28:00+05:30,1254.6,1254.65,1254.35,1254.35,8766
2025-02-19 14:29:00+05:30,1254.4,1254.4,1253.9,1254.05,16618
2025-02-19 14:30:00+05:30,1254.05,1256.65,1253.85,1256.0,1010398
2025-02-19 14:31:00+05:30,1256.0,1256.05,1255.0,1255.0,71751
2025-02-19 14:32:00+05:30,1255.0,1256.25,1254.7,1256.05,80470
2025-02-19 14:33:00+05:30,1256.05,1256.2,1255.35,1255.35,7038
2025-02-19 14:34:00+05:30,1255.35,1255.75,1255.2,1255.6,8989
2025-02-19 14:35:00+05:30,1255.65,1257.2,1255.65,1257.05,21391
2025-02-19 14:36:00+05:30,1257.15,1257.35,1256.1,1256.55,20487
2025-02-19 14:37:00+05:30,1256.3,1257.5,1256.2,1257.15,15783
2025-02-19 14:38:00+05:30,1257.15,1257.45,1255.85,1256.55,26445
2025-02-19 14:39:00+05:30,1256.55,1256.75,1255.55,1256.4,13666
2025-02-19 14:40:00+05:30,1256.4,1256.7,1255.85,1256.1,11662
2025-02-19 14:41:00+05:30,1256.1,1256.45,1255.35,1255.7,14059
2025-02-19 14:42:00+05:30,1255.7,1256.45,1255.6,1256.1,11331
2025-02-19 14:43:00+05:30,1256.1,1256.5,1255.5,1256.3,25696
2025-02-19 14:44:00+05:30,1256.2,1256.6,1256.1,1256.3,14915
2025-02-19 14:45:00+05:30,1256.1,1257.2,1256.1,1257.2,14398
2025-02-19 14:46:00+05:30,1257.2,1258.8,1257.2,1257.45,52518
2025-02-19 14:47:00+05:30,1257.4,1258.5,1257.05,1257.8,29911
2025-02-19 14:48:00+05:30,1257.8,1258.55,1257.7,1258.05,11958
2025-02-19 14:49:00+05:30,1258.05,1258.35,1257.95,1257.95,8811
2025-02-19 14:50:00+05:30,1257.95,1260.0,1257.85,1259.85,57210
2025-02-19 14:51:00+05:30,1259.85,1260.0,1259.25,1259.4,18771
2025-02-19 14:52:00+05:30,1259.5,1259.6,1258.6,1258.7,15677
2025-02-19 14:53:00+05:30,1258.7,1259.3,1258.55,1259.0,12504
2025-02-19 14:54:00+05:30,1259.0,1259.3,1258.75,1259.0,13416
2025-02-19 14:55:00+05:30,1259.1,1259.2,1258.8,1258.8,8128
2025-02-19 14:56:00+05:30,1259.15,1259.15,1258.65,1259.0,11976
2025-02-19 14:57:00+05:30,1259.05,1259.4,1258.95,1259.2,13860
2025-02-19 14:58:00+05:30,1259.25,1259.35,1258.2,1258.65,14919
2025-02-19 14:59:00+05:30,1258.75,1260.0,1258.75,1259.1,26172
2025-02-19 15:00:00+05:30,1259.3,1260.45,1259.1,1259.75,69227
2025-02-19 15:01:00+05:30,1259.65,1260.0,1259.4,1259.85,18306
2025-02-19 15:02:00+05:30,1259.9,1260.4,1259.85,1259.9,31879
2025-02-19 15:03:00+05:30,1260.0,1260.0,1259.75,1259.8,21589
2025-02-19 15:04:00+05:30,1259.8,1259.95,1259.65,1259.95,18557
2025-02-19 15:05:00+05:30,1259.9,1260.4,1259.8,1259.85,27856
2025-02-19 15:06:00+05:30,1259.9,1260.0,1259.8,1259.9,20931
2025-02-19 15:07:00+05:30,1260.0,1261.6,1259.9,1261.5,75311
2025-02-19 15:08:00+05:30,1261.3,1261.7,1261.05,1261.05,43642
2025-02-19 15:09:00+05:30,1261.1,1264.45,1260.8,1261.8,237448
2025-02-19 15:10:00+05:30,1261.8,1262.2,1261.55,1261.6,44816
2025-02-19 15:11:00+05:30,1261.6,1261.75,1261.0,1261.45,56948
2025-02-19 15:12:00+05:30,1261.45,1262.0,1261.4,1261.6,30498
2025-02-19 15:13:00+05:30,1261.65,1262.2,1261.55,1262.0,86263
2025-02-19 15:14:00+05:30,1262.1,1262.55,1262.0,1262.1,130847
2025-02-19 15:15:00+05:30,1262.1,1262.1,1261.75,1262.0,259241
2025-02-19 15:16:00+05:30,1262.05,1262.6,1261.25,1262.05,124714
2025-02-19 15:17:00+05:30,1262.0,1262.05,1261.65,1262.0,32532
2025-02-19 15:18:00+05:30,1262.0,1262.2,1261.6,1261.7,41978
2025-02-19 15:19:00+05:30,1261.75,1262.2,1261.65,1262.0,33621
2025-02-19 15:20:00+05:30,1262.05,1262.4,1261.6,1261.8,87259
2025-02-19 15:21:00+05:30,1261.85,1261.95,1261.05,1261.7,72118
2025-02-19 15:22:00+05:30,1261.65,1261.85,1261.4,1261.6,31274
2025-02-19 15:23:00+05:30,1261.55,1261.6,1261.05,1261.3,37061
2025-02-19 15:24:00+05:30,1261.3,1262.1,1261.3,1262.05,117269
2025-02-19 15:25:00+05:30,1262.05,1262.2,1261.3,1262.05,113782
2025-02-19 15:26:00+05:30,1262.0,1262.15,1261.55,1261.75,77122
2025-02-19 15:27:00+05:30,1261.75,1262.15,1261.25,1262.05,80661
2025-02-19 15:28:00+05:30,1262.0,1262.05,1261.15,1261.5,64578
2025-02-19 15:29:00+05:30,1261.5,1261.8,1259.3,1261.5,23942
2025-02-20 09:15:00+05:30,1256.0,1263.1,1255.35,1263.0,148077
2025-02-20 09:16:00+05:30,1262.9,1264.0,1260.3,1260.4,118070
2025-02-20 09:17:00+05:30,1260.8,1262.9,1260.25,1262.5,27638
2025-02-20 09:18:00+05:30,1262.45,1262.9,1261.0,1261.8,94202
2025-02-20 09:19:00+05:30,1261.75,1262.4,1260.1,1260.7,46475
2025-02-20 09:20:00+05:30,1260.7,1261.15,1258.35,1259.85,34439
2025-02-20 09:21:00+05:30,1259.8,1259.95,1259.05,1259.65,31452
2025-02-20 09:22:00+05:30,1259.65,1260.8,1259.35,1260.0,43561
2025-02-20 09:23:00+05:30,1260.1,1261.75,1259.85,1261.25,18679
2025-02-20 09:24:00+05:30,1261.4,1261.45,1258.45,1259.15,35078
2025-02-20 09:25:00+05:30,1258.95,1259.6,1258.4,1258.45,27754
2025-02-20 09:26:00+05:30,1258.7,1258.9,1257.65,1257.8,39756
2025-02-20 09:27:00+05:30,1257.95,1258.9,1257.25,1257.7,33396
2025-02-20 09:28:00+05:30,1257.9,1258.4,1256.0,1256.25,33201
2025-02-20 09:29:00+05:30,1256.35,1257.0,1255.6,1256.65,30857
2025-02-20 09:30:00+05:30,1256.7,1256.75,1255.0,1255.2,26592
2025-02-20 09:31:00+05:30,1255.25,1256.75,1255.25,1255.95,17907
2025-02-20 09:32:00+05:30,1255.8,1256.0,1254.45,1254.45,21967
2025-02-20 09:33:00+05:30,1254.5,1255.0,1254.4,1254.5,11835
2025-02-20 09:34:00+05:30,1254.65,1255.55,1254.5,1254.95,13301
2025-02-20 09:35:00+05:30,1254.8,1255.8,1254.6,1255.05,16183
2025-02-20 09:36:00+05:30,1255.25,1256.55,1255.1,1255.5,21446
2025-02-20 09:37:00+05:30,1255.5,1255.95,1255.35,1255.7,17202
2025-02-20 09:38:00+05:30,1255.6,1255.7,1255.0,1255.2,9541
2025-02-20 09:39:00+05:30,1255.15,1255.9,1254.55,1255.25,28582
2025-02-20 09:40:00+05:30,1255.45,1255.6,1254.55,1254.85,27245
2025-02-20 09:41:00+05:30,1254.7,1255.4,1254.25,1254.3,29229
2025-02-20 09:42:00+05:30,1254.25,1254.3,1252.65,1253.6,32272
2025-02-20 09:43:00+05:30,1253.6,1254.65,1253.55,1254.55,13201
2025-02-20 09:44:00+05:30,1254.55,1255.25,1254.5,1254.65,18572
2025-02-20 09:45:00+05:30,1254.55,1254.65,1253.4,1253.55,13022
2025-02-20 09:46:00+05:30,1253.5,1254.0,1251.85,1252.9,35866
2025-02-20 09:47:00+05:30,1252.95,1253.6,1252.35,1253.1,18549
2025-02-20 09:48:00+05:30,1253.1,1254.4,1253.1,1254.1,24752
2025-02-20 09:49:00+05:30,1254.15,1254.15,1253.15,1253.6,22753
2025-02-20 09:50:00+05:30,1253.6,1253.75,1252.7,1253.6,26943
2025-02-20 09:51:00+05:30,1253.75,1254.5,1253.0,1253.0,24009
2025-02-20 09:52:00+05:30,1253.05,1254.2,1252.9,1253.9,18934
2025-02-20 09:53:00+05:30,1253.8,1254.9,1253.6,1254.5,14102
2025-02-20 09:54:00+05:30,1254.5,1254.5,1253.2,1253.45,14735
2025-02-20 09:55:00+05:30,1253.5,1254.0,1253.05,1253.05,10276
2025-02-20 09:56:00+05:30,1253.1,1253.45,1252.8,1253.4,12054
2025-02-20 09:57:00+05:30,1253.4,1253.4,1253.15,1253.35,11050
2025-02-20 09:58:00+05:30,1253.35,1253.65,1252.6,1253.4,11776
2025-02-20 09:59:00+05:30,1253.15,1255.5,1253.15,1255.2,33900
2025-02-20 10:00:00+05:30,1255.2,1255.2,1253.5,1254.35,21832
2025-02-20 10:01:00+05:30,1254.3,1254.3,1253.8,1254.25,12519
2025-02-20 10:02:00+05:30,1254.25,1254.45,1253.85,1254.35,13994
2025-02-20 10:03:00+05:30,1254.25,1255.0,1253.95,1255.0,27090
2025-02-20 10:04:00+05:30,1254.95,1255.0,1254.35,1254.75,13438
2025-02-20 10:05:00+05:30,1254.75,1254.75,1253.1,1254.2,37208
2025-02-20 10:06:00+05:30,1254.3,1254.3,1253.05,1253.8,8189
2025-02-20 10:07:00+05:30,1253.8,1254.5,1253.6,1253.9,13148
2025-02-20 10:08:00+05:30,1253.9,1254.3,1253.7,1254.15,12312
2025-02-20 10:09:00+05:30,1254.2,1256.15,1254.15,1255.95,17294
2025-02-20 10:10:00+05:30,1255.95,1256.1,1255.35,1256.0,20734
2025-02-20 10:11:00+05:30,1256.0,1256.0,1254.6,1254.95,11507
2025-02-20 10:12:00+05:30,1254.8,1255.0,1254.35,1254.65,12484
2025-02-20 10:13:00+05:30,1254.65,1255.0,1254.6,1254.95,14103
2025-02-20 10:14:00+05:30,1254.95,1255.65,1254.95,1255.5,12252
2025-02-20 10:15:00+05:30,1255.5,1255.6,1254.85,1254.95,10982
2025-02-20 10:16:00+05:30,1255.1,1255.25,1254.75,1255.2,19562
2025-02-20 10:17:00+05:30,1255.2,1255.45,1255.15,1255.4,9088
2025-02-20 10:18:00+05:30,1255.4,1256.55,1255.0,1255.0,32381
2025-02-20 10:19:00+05:30,1255.05,1255.5,1255.05,1255.4,12538
2025-02-20 10:20:00+05:30,1255.4,1256.2,1255.4,1256.1,9982
2025-02-20 10:21:00+05:30,1256.1,1256.15,1255.7,1255.9,7894
2025-02-20 10:22:00+05:30,1255.9,1256.55,1255.9,1255.9,33917
2025-02-20 10:23:00+05:30,1255.95,1256.15,1255.35,1255.5,19642
2025-02-20 10:24:00+05:30,1255.5,1255.55,1254.15,1255.35,29526
2025-02-20 10:25:00+05:30,1255.35,1255.9,1255.0,1255.15,9377
2025-02-20 10:26:00+05:30,1255.15,1256.15,1255.0,1255.05,14484
2025-02-20 10:27:00+05:30,1255.05,1255.15,1254.6,1254.7,10720
2025-02-20 10:28:00+05:30,1254.7,1255.35,1254.6,1254.6,12410
2025-02-20 10:29:00+05:30,1254.6,1254.85,1254.6,1254.8,7737
2025-02-20 10:30:00+05:30,1254.85,1254.85,1254.2,1254.35,10095
2025-02-20 10:31:00+05:30,1254.4,1254.85,1253.3,1253.3,13361
2025-02-20 10:32:00+05:30,1253.4,1254.2,1253.25,1254.15,10494
2025-02-20 10:33:00+05:30,1254.15,1254.4,1254.0,1254.25,11664
2025-02-20 10:34:00+05:30,1254.25,1254.9,1254.25,1254.65,6607
2025-02-20 10:35:00+05:30,1254.6,1255.05,1254.55,1255.0,10063
2025-02-20 10:36:00+05:30,1254.95,1255.3,1254.95,1255.25,4829
2025-02-20 10:37:00+05:30,1255.25,1255.3,1254.5,1254.75,9944
2025-02-20 10:38:00+05:30,1254.75,1254.8,1253.65,1253.65,32977
2025-02-20 10:39:00+05:30,1253.7,1253.7,1252.6,1252.9,45078
2025-02-20 10:40:00+05:30,1252.9,1252.9,1252.15,1252.55,17966
2025-02-20 10:41:00+05:30,1252.55,1253.15,1252.2,1252.55,22818
2025-02-20 10:42:00+05:30,1252.55,1253.05,1252.2,1253.05,27415
2025-02-20 10:43:00+05:30,1253.05,1253.05,1252.35,1252.55,9815
2025-02-20 10:44:00+05:30,1252.55,1252.55,1252.35,1252.5,24636
2025-02-20 10:45:00+05:30,1252.5,1252.55,1252.0,1252.1,60818
2025-02-20 10:46:00+05:30,1252.1,1252.1,1251.55,1251.95,23231
2025-02-20 10:47:00+05:30,1251.95,1252.75,1251.9,1252.5,13007
2025-02-20 10:48:00+05:30,1252.5,1253.1,1252.0,1252.45,12614
2025-02-20 10:49:00+05:30,1252.3,1252.35,1251.35,1251.7,30734
2025-02-20 10:50:00+05:30,1251.75,1252.6,1251.7,1252.35,7762
2025-02-20 10:51:00+05:30,1252.35,1252.35,1251.35,1252.1,15440
2025-02-20 10:52:00+05:30,1252.1,1252.35,1252.05,1252.2,5736
2025-02-20 10:53:00+05:30,1252.0,1252.25,1251.5,1252.05,7146
2025-02-20 10:54:00+05:30,1252.15,1252.2,1252.0,1252.15,5661
2025-02-20 10:55:00+05:30,1252.15,1252.15,1252.05,1252.1,5816
2025-02-20 10:56:00+05:30,1252.15,1252.45,1251.55,1251.8,9815
2025-02-20 10:57:00+05:30,1251.75,1252.25,1250.95,1251.2,54170
2025-02-20 10:58:00+05:30,1251.3,1251.85,1251.3,1251.65,8889
2025-02-20 10:59:00+05:30,1251.65,1252.2,1251.6,1252.1,6413
2025-02-20 11:00:00+05:30,1252.1,1252.85,1251.9,1252.35,57540
2025-02-20 11:01:00+05:30,1252.35,1253.35,1252.05,1253.15,23409
2025-02-20 11:02:00+05:30,1253.25,1253.5,1253.05,1253.1,12587
2025-02-20 11:03:00+05:30,1253.1,1253.8,1252.95,1253.8,13248
2025-02-20 11:04:00+05:30,1253.55,1254.2,1253.45,1254.05,13035
2025-02-20 11:05:00+05:30,1254.05,1254.75,1254.05,1254.7,9234
2025-02-20 11:06:00+05:30,1254.75,1254.75,1254.25,1254.65,8951
2025-02-20 11:07:00+05:30,1254.65,1255.2,1254.55,1254.8,12216
2025-02-20 11:08:00+05:30,1254.8,1255.3,1254.65,1255.0,15709
2025-02-20 11:09:00+05:30,1254.9,1255.05,1254.7,1255.0,51878
2025-02-20 11:10:00+05:30,1255.0,1255.0,1254.6,1254.65,5635
2025-02-20 11:11:00+05:30,1254.65,1254.7,1254.05,1254.55,15032
2025-02-20 11:12:00+05:30,1254.55,1254.65,1254.0,1254.5,8359
2025-02-20 11:13:00+05:30,1254.5,1255.65,1254.45,1255.65,18803
2025-02-20 11:14:00+05:30,1255.65,1255.9,1254.15,1254.4,23723
2025-02-20 11:15:00+05:30,1254.35,1254.45,1254.1,1254.25,7247
2025-02-20 11:16:00+05:30,1254.25,1254.25,1253.6,1253.9,10020
2025-02-20 11:17:00+05:30,1253.85,1254.5,1253.2,1253.2,58776
2025-02-20 11:18:00+05:30,1253.2,1253.4,1253.05,1253.15,8449
2025-02-20 11:19:00+05:30,1253.15,1253.15,1252.55,1252.65,9050
2025-02-20 11:20:00+05:30,1252.55,1253.0,1251.5,1251.9,949556
2025-02-20 11:21:00+05:30,1251.95,1252.0,1251.8,1252.0,29449
2025-02-20 11:22:00+05:30,1252.0,1253.2,1251.95,1252.85,18600
2025-02-20 11:23:00+05:30,1252.85,1252.95,1252.7,1252.8,3835
2025-02-20 11:24:00+05:30,1252.75,1252.8,1251.95,1252.25,6691
2025-02-20 11:25:00+05:30,1252.3,1252.3,1251.95,1252.0,5248
2025-02-20 11:26:00+05:30,1252.05,1252.55,1251.8,1252.35,12584
2025-02-20 11:27:00+05:30,1252.4,1252.4,1252.3,1252.4,2198
2025-02-20 11:28:00+05:30,1252.4,1253.0,1252.3,1252.3,10307
2025-02-20 11:29:00+05:30,1252.5,1253.0,1252.45,1252.95,8486
2025-02-20 11:30:00+05:30,1252.9,1253.0,1252.9,1253.0,3054
2025-02-20 11:31:00+05:30,1253.0,1253.05,1252.65,1252.7,9167
2025-02-20 11:32:00+05:30,1252.7,1252.95,1252.6,1252.95,5522
2025-02-20 11:33:00+05:30,1252.85,1252.95,1252.35,1252.55,7004
2025-02-20 11:34:00+05:30,1252.65,1252.65,1252.45,1252.6,3964
2025-02-20 11:35:00+05:30,1252.6,1252.6,1251.05,1251.7,13686
2025-02-20 11:36:00+05:30,1251.7,1252.0,1251.5,1251.95,3175
2025-02-20 11:37:00+05:30,1251.95,1252.7,1251.5,1252.45,38461
2025-02-20 11:38:00+05:30,1252.4,1252.5,1252.35,1252.35,5555
2025-02-20 11:39:00+05:30,1252.4,1252.4,1252.35,1252.35,3509
2025-02-20 11:40:00+05:30,1252.35,1252.4,1252.0,1252.05,7522
2025-02-20 11:41:00+05:30,1252.15,1252.4,1251.8,1251.95,12331
2025-02-20 11:42:00+05:30,1251.95,1252.0,1251.8,1252.0,4468
2025-02-20 11:43:00+05:30,1252.0,1252.55,1251.95,1252.55,12411
2025-02-20 11:44:00+05:30,1252.55,1252.75,1252.05,1252.1,9845
2025-02-20 11:45:00+05:30,1252.05,1252.1,1251.55,1252.0,53389
2025-02-20 11:46:00+05:30,1251.85,1252.0,1251.55,1252.0,11117
2025-02-20 11:47:00+05:30,1251.9,1252.0,1251.85,1251.95,5434
2025-02-20 11:48:00+05:30,1251.95,1252.0,1251.85,1251.95,9386
2025-02-20 11:49:00+05:30,1251.95,1252.2,1251.9,1252.0,27643
2025-02-20 11:50:00+05:30,1252.0,1252.05,1251.9,1251.95,11789
2025-02-20 11:51:00+05:30,1251.95,1252.2,1251.8,1251.85,12658
2025-02-20 11:52:00+05:30,1251.85,1251.9,1251.8,1251.9,4466
2025-02-20 11:53:00+05:30,1251.85,1251.9,1250.55,1250.65,16515
2025-02-20 11:54:00+05:30,1250.65,1251.1,1250.55,1250.55,10419
2025-02-20 11:55:00+05:30,1250.55,1250.6,1250.05,1250.2,9184
2025-02-20 11:56:00+05:30,1250.15,1250.2,1249.25,1249.85,48475
2025-02-20 11:57:00+05:30,1249.9,1250.45,1248.65,1249.15,231971
2025-02-20 11:58:00+05:30,1249.55,1249.9,1249.05,1249.2,14712
2025-02-20 11:59:00+05:30,1249.5,1249.75,1249.15,1249.2,10726
2025-02-20 12:00:00+05:30,1249.2,1249.65,1248.7,1248.95,22350
2025-02-20 12:01:00+05:30,1248.95,1249.4,1248.95,1249.15,11107
2025-02-20 12:02:00+05:30,1249.05,1249.3,1248.7,1249.2,11486
2025-02-20 12:03:00+05:30,1249.1,1250.0,1249.1,1249.7,11746
2025-02-20 12:04:00+05:30,1249.65,1250.7,1249.6,1250.7,11320
2025-02-20 12:05:00+05:30,1250.7,1250.95,1250.05,1250.2,15728
2025-02-20 12:06:00+05:30,1250.15,1250.25,1249.0,1249.5,13381
2025-02-20 12:07:00+05:30,1249.55,1250.0,1249.45,1249.7,9552
2025-02-20 12:08:00+05:30,1249.6,1249.95,1249.3,1249.3,12758
2025-02-20 12:09:00+05:30,1249.3,1249.35,1248.7,1249.1,12145
2025-02-20 12:10:00+05:30,1249.1,1249.15,1248.65,1248.95,14998
2025-02-20 12:11:00+05:30,1248.9,1249.05,1247.7,1247.75,24467
2025-02-20 12:12:00+05:30,1247.7,1248.4,1247.5,1247.8,14951
2025-02-20 12:13:00+05:30,1247.8,1248.4,1247.65,1247.9,19214
2025-02-20 12:14:00+05:30,1247.95,1248.4,1247.5,1247.6,13441
2025-02-20 12:15:00+05:30,1247.6,1247.65,1246.8,1246.85,33045
2025-02-20 12:16:00+05:30,1246.85,1247.15,1246.75,1247.1,13267
2025-02-20 12:17:00+05:30,1247.05,1247.45,1247.0,1247.4,12416
2025-02-20 12:18:00+05:30,1247.4,1248.05,1247.25,1247.3,14394
2025-02-20 12:19:00+05:30,1247.25,1247.8,1246.95,1247.75,10583
2025-02-20 12:20:00+05:30,1247.7,1248.35,1247.4,1247.5,12870
2025-02-20 12:21:00+05:30,1247.5,1247.7,1247.1,1247.7,10817
2025-02-20 12:22:00+05:30,1247.55,1248.7,1247.4,1248.5,13340
2025-02-20 12:23:00+05:30,1248.45,1248.7,1247.75,1248.1,19575
2025-02-20 12:24:00+05:30,1248.25,1248.3,1247.7,1247.75,11201
2025-02-20 12:25:00+05:30,1247.7,1249.0,1247.7,1248.9,17723
2025-02-20 12:26:00+05:30,1248.85,1249.0,1248.25,1248.5,11239
2025-02-20 12:27:00+05:30,1248.5,1249.0,1248.4,1248.95,13120
2025-02-20 12:28:00+05:30,1248.9,1249.0,1248.3,1248.45,12976
2025-02-20 12:29:00+05:30,1248.45,1248.9,1248.35,1248.8,14740
2025-02-20 12:30:00+05:30,1248.75,1248.8,1248.05,1248.4,24312
2025-02-20 12:31:00+05:30,1248.45,1248.7,1248.2,1248.4,30703
2025-02-20 12:32:00+05:30,1248.4,1249.15,1248.35,1249.15,17431
2025-02-20 12:33:00+05:30,1249.15,1249.85,1249.1,1249.8,13182
2025-02-20 12:34:00+05:30,1249.75,1250.0,1248.8,1248.9,11588
2025-02-20 12:35:00+05:30,1248.95,1249.95,1248.8,1248.9,11794
2025-02-20 12:36:00+05:30,1248.9,1249.1,1248.25,1248.3,12201
2025-02-20 12:37:00+05:30,1248.2,1249.3,1248.2,1248.95,8579
2025-02-20 12:38:00+05:30,1248.95,1249.15,1248.45,1248.8,9169
2025-02-20 12:39:00+05:30,1248.8,1249.55,1248.75,1249.55,11097
2025-02-20 12:40:00+05:30,1249.45,1249.9,1249.25,1249.45,14509
2025-02-20 12:41:00+05:30,1249.4,1250.0,1249.3,1249.7,15351
2025-02-20 12:42:00+05:30,1249.75,1250.7,1249.7,1250.35,17182
2025-02-20 12:43:00+05:30,1250.35,1250.6,1249.3,1249.35,10407
2025-02-20 12:44:00+05:30,1249.45,1250.1,1249.2,1249.25,14225
2025-02-20 12:45:00+05:30,1249.25,1249.75,1248.7,1248.75,8659
2025-02-20 12:46:00+05:30,1248.7,1249.3,1248.6,1248.6,10045
2025-02-20 12:47:00+05:30,1248.55,1248.75,1248.2,1248.7,11054
2025-02-20 12:48:00+05:30,1248.75,1249.05,1248.3,1248.8,7816
2025-02-20 12:49:00+05:30,1248.8,1249.2,1248.45,1248.7,12592
2025-02-20 12:50:00+05:30,1248.75,1249.2,1248.45,1248.7,7575
2025-02-20 12:51:00+05:30,1248.7,1249.3,1248.5,1248.6,16824
2025-02-20 12:52:00+05:30,1248.75,1249.65,1248.45,1249.6,29667
2025-02-20 12:53:00+05:30,1249.6,1249.6,1248.95,1249.2,8409
2025-02-20 12:54:00+05:30,1249.15,1250.5,1249.1,1249.85,10914
2025-02-20 12:55:00+05:30,1249.8,1250.8,1249.7,1250.1,15003
2025-02-20 12:56:00+05:30,1250.1,1250.55,1250.0,1250.1,8656
2025-02-20 12:57:00+05:30,1250.05,1250.7,1249.8,1250.4,9879
2025-02-20 12:58:00+05:30,1250.05,1250.4,1250.0,1250.25,5036
2025-02-20 12:59:00+05:30,1250.2,1250.9,1250.2,1250.9,24067
2025-02-20 13:00:00+05:30,1250.9,1250.9,1250.15,1250.55,13436
2025-02-20 13:01:00+05:30,1250.5,1250.6,1249.3,1249.95,25067
2025-02-20 13:02:00+05:30,1250.0,1250.35,1249.5,1250.15,17949
2025-02-20 13:03:00+05:30,1250.1,1250.3,1249.55,1249.65,13344
2025-02-20 13:04:00+05:30,1249.7,1250.2,1249.55,1249.65,12690
2025-02-20 13:05:00+05:30,1249.65,1250.6,1249.65,1250.3,12622
2025-02-20 13:06:00+05:30,1250.35,1250.9,1249.7,1250.85,13430
2025-02-20 13:07:00+05:30,1250.85,1251.55,1250.55,1251.05,18433
2025-02-20 13:08:00+05:30,1251.05,1251.45,1250.8,1250.95,10275
2025-02-20 13:09:00+05:30,1251.0,1251.05,1250.4,1250.5,10733
2025-02-20 13:10:00+05:30,1250.5,1250.95,1250.35,1250.7,7634
2025-02-20 13:11:00+05:30,1250.65,1250.75,1250.3,1250.65,9544
2025-02-20 13:12:00+05:30,1250.65,1251.0,1250.65,1251.0,12200
2025-02-20 13:13:00+05:30,1250.95,1251.1,1250.55,1251.1,15953
2025-02-20 13:14:00+05:30,1251.1,1251.4,1250.5,1250.5,12934
2025-02-20 13:15:00+05:30,1250.5,1251.1,1250.3,1250.7,14591
2025-02-20 13:16:00+05:30,1250.7,1250.75,1250.0,1250.1,12383
2025-02-20 13:17:00+05:30,1250.15,1250.7,1250.0,1250.3,10016
2025-02-20 13:18:00+05:30,1250.25,1250.65,1249.8,1249.85,17650
2025-02-20 13:19:00+05:30,1249.8,1250.0,1249.6,1249.8,11453
2025-02-20 13:20:00+05:30,1249.8,1250.0,1249.7,1249.95,13941
2025-02-20 13:21:00+05:30,1249.9,1250.0,1249.45,1249.5,9954
2025-02-20 13:22:00+05:30,1249.45,1250.0,1249.45,1249.95,17895
2025-02-20 13:23:00+05:30,1249.75,1250.0,1249.3,1249.7,12224
2025-02-20 13:24:00+05:30,1249.65,1250.0,1249.45,1249.75,14322
2025-02-20 13:25:00+05:30,1249.7,1250.45,1249.0,1249.65,32827
2025-02-20 13:26:00+05:30,1249.65,1249.95,1249.1,1249.15,18947
2025-02-20 13:27:00+05:30,1249.15,1249.7,1248.85,1249.1,14556
2025-02-20 13:28:00+05:30,1249.05,1249.65,1248.95,1249.1,17122
2025-02-20 13:29:00+05:30,1249.05,1249.75,1248.85,1249.15,17357
2025-02-20 13:30:00+05:30,1249.2,1249.8,1249.15,1249.45,15972
2025-02-20 13:31:00+05:30,1249.45,1250.0,1249.0,1249.2,14008
2025-02-20 13:32:00+05:30,1249.25,1249.35,1249.05,1249.15,11852
2025-02-20 13:33:00+05:30,1249.25,1249.45,1249.0,1249.15,11913
2025-02-20 13:34:00+05:30,1249.15,1249.5,1248.9,1249.05,13388
2025-02-20 13:35:00+05:30,1249.05,1249.55,1248.8,1249.15,14484
2025-02-20 13:36:00+05:30,1249.15,1249.95,1249.15,1249.6,14273
2025-02-20 13:37:00+05:30,1249.7,1249.7,1249.15,1249.25,17210
2025-02-20 13:38:00+05:30,1249.25,1249.65,1248.75,1249.55,18862
2025-02-20 13:39:00+05:30,1249.65,1249.95,1249.15,1249.25,12780
2025-02-20 13:40:00+05:30,1249.35,1249.7,1249.05,1249.45,13298
2025-02-20 13:41:00+05:30,1249.5,1249.8,1249.2,1249.6,12908
2025-02-20 13:42:00+05:30,1249.6,1250.5,1249.6,1250.2,16022
2025-02-20 13:43:00+05:30,1250.2,1250.5,1249.75,1250.15,14218
2025-02-20 13:44:00+05:30,1250.15,1250.5,1249.5,1250.3,12103
2025-02-20 13:45:00+05:30,1250.4,1250.55,1250.2,1250.35,6375
2025-02-20 13:46:00+05:30,1250.35,1250.55,1250.25,1250.25,6860
2025-02-20 13:47:00+05:30,1250.25,1250.6,1250.2,1250.6,9448
2025-02-20 13:48:00+05:30,1250.55,1250.9,1250.2,1250.7,7938
2025-02-20 13:49:00+05:30,1250.7,1252.35,1250.35,1252.05,26685
2025-02-20 13:50:00+05:30,1252.05,1252.3,1250.65,1250.75,17881
2025-02-20 13:51:00+05:30,1250.75,1251.15,1250.45,1250.85,12629
2025-02-20 13:52:00+05:30,1250.9,1251.65,1250.9,1251.45,14022
2025-02-20 13:53:00+05:30,1251.4,1251.6,1250.95,1251.55,15719
2025-02-20 13:54:00+05:30,1251.55,1252.2,1250.85,1251.75,26231
2025-02-20 13:55:00+05:30,1251.7,1252.0,1251.25,1251.75,17639
2025-02-20 13:56:00+05:30,1251.75,1251.75,1250.65,1250.9,14872
2025-02-20 13:57:00+05:30,1250.8,1251.3,1250.5,1251.15,15000
2025-02-20 13:58:00+05:30,1251.15,1251.45,1251.0,1251.3,13506
2025-02-20 13:59:00+05:30,1251.25,1251.65,1251.05,1251.65,11418
2025-02-20 14:00:00+05:30,1251.6,1251.7,1251.05,1251.2,21025
2025-02-20 14:01:00+05:30,1251.2,1251.2,1250.7,1250.85,18738
2025-02-20 14:02:00+05:30,1250.85,1251.7,1250.85,1251.3,16705
2025-02-20 14:03:00+05:30,1251.25,1251.5,1251.05,1251.3,13129
2025-02-20 14:04:00+05:30,1251.25,1251.55,1250.25,1250.4,32926
2025-02-20 14:05:00+05:30,1250.4,1250.4,1249.95,1250.0,10457
2025-02-20 14:06:00+05:30,1250.0,1250.0,1249.65,1249.85,13231
2025-02-20 14:07:00+05:30,1249.85,1249.85,1249.55,1249.55,8635
2025-02-20 14:08:00+05:30,1249.55,1249.6,1248.9,1249.15,16254
2025-02-20 14:09:00+05:30,1249.3,1249.9,1249.15,1249.6,11668
2025-02-20 14:10:00+05:30,1249.65,1249.7,1249.5,1249.65,9686
2025-02-20 14:11:00+05:30,1249.55,1250.55,1249.55,1250.45,14874
2025-02-20 14:12:00+05:30,1250.45,1250.6,1249.8,1250.1,21788
2025-02-20 14:13:00+05:30,1250.2,1250.25,1249.6,1249.85,26007
2025-02-20 14:14:00+05:30,1249.9,1250.0,1249.25,1249.3,12128
2025-02-20 14:15:00+05:30,1249.25,1249.75,1248.9,1249.55,15768
2025-02-20 14:16:00+05:30,1249.5,1250.0,1249.1,1249.75,13812
2025-02-20 14:17:00+05:30,1249.8,1249.85,1249.15,1249.2,12263
2025-02-20 14:18:00+05:30,1249.15,1249.45,1249.05,1249.1,10808
2025-02-20 14:19:00+05:30,1249.1,1249.5,1249.1,1249.3,12641
2025-02-20 14:20:00+05:30,1249.25,1249.65,1249.25,1249.5,12341
2025-02-20 14:21:00+05:30,1249.45,1249.9,1249.45,1249.75,15277
2025-02-20 14:22:00+05:30,1249.75,1250.0,1249.7,1249.95,24028
2025-02-20 14:23:00+05:30,1249.95,1250.65,1249.95,1250.45,22836
2025-02-20 14:24:00+05:30,1250.4,1250.65,1250.15,1250.65,10321
2025-02-20 14:25:00+05:30,1250.6,1251.45,1250.6,1250.75,19070
2025-02-20 14:26:00+05:30,1250.7,1251.05,1250.4,1250.55,12819
2025-02-20 14:27:00+05:30,1250.5,1251.05,1250.4,1250.6,15698
2025-02-20 14:28:00+05:30,1250.6,1250.65,1250.4,1250.5,13830
2025-02-20 14:29:00+05:30,1250.5,1250.95,1250.2,1250.2,12401
2025-02-20 14:30:00+05:30,1250.25,1250.3,1249.9,1249.95,10806
2025-02-20 14:31:00+05:30,1249.9,1249.95,1249.45,1249.45,15352
2025-02-20 14:32:00+05:30,1249.45,1249.55,1249.2,1249.3,11730
2025-02-20 14:33:00+05:30,1249.25,1250.0,1249.15,1250.0,15611
2025-02-20 14:34:00+05:30,1250.0,1250.0,1249.6,1249.8,13428
2025-02-20 14:35:00+05:30,1249.9,1250.0,1249.75,1249.9,10703
2025-02-20 14:36:00+05:30,1249.9,1251.15,1249.85,1251.1,42629
2025-02-20 14:37:00+05:30,1251.1,1251.25,1250.15,1250.5,39383
2025-02-20 14:38:00+05:30,1250.55,1251.25,1250.5,1251.1,12614
2025-02-20 14:39:00+05:30,1251.05,1251.25,1251.0,1251.25,7511
2025-02-20 14:40:00+05:30,1251.2,1251.45,1250.9,1251.35,9830
2025-02-20 14:41:00+05:30,1251.35,1251.5,1251.2,1251.5,9846
2025-02-20 14:42:00+05:30,1251.5,1252.0,1251.35,1251.75,16434
2025-02-20 14:43:00+05:30,1251.7,1252.0,1251.05,1251.65,12567
2025-02-20 14:44:00+05:30,1251.45,1251.7,1251.0,1251.6,9551
2025-02-20 14:45:00+05:30,1251.65,1251.65,1251.0,1251.3,9097
2025-02-20 14:46:00+05:30,1251.4,1251.55,1250.7,1250.85,12434
2025-02-20 14:47:00+05:30,1250.85,1251.2,1250.8,1251.15,8216
2025-02-20 14:48:00+05:30,1251.1,1251.35,1250.85,1251.25,7474
2025-02-20 14:49:00+05:30,1251.25,1252.0,1250.95,1250.95,23945
2025-02-20 14:50:00+05:30,1251.4,1251.75,1250.35,1250.7,33017
2025-02-20 14:51:00+05:30,1250.65,1251.15,1250.4,1250.4,13161
2025-02-20 14:52:00+05:30,1250.4,1251.2,1250.35,1251.1,14138
2025-02-20 14:53:00+05:30,1250.95,1251.2,1250.55,1250.9,17012
2025-02-20 14:54:00+05:30,1250.65,1251.25,1250.5,1250.5,21163
2025-02-20 14:55:00+05:30,1250.55,1251.0,1250.4,1250.85,21983
2025-02-20 14:56:00+05:30,1250.7,1251.05,1250.2,1250.6,27331
2025-02-20 14:57:00+05:30,1250.85,1251.15,1250.35,1250.65,15855
2025-02-20 14:58:00+05:30,1251.0,1251.05,1250.3,1250.4,16816
2025-02-20 14:59:00+05:30,1250.7,1251.0,1250.25,1250.3,17914
2025-02-20 15:00:00+05:30,1250.3,1251.35,1250.2,1250.25,49321
2025-02-20 15:01:00+05:30,1250.2,1250.85,1250.2,1250.8,37397
2025-02-20 15:02:00+05:30,1250.8,1251.2,1250.7,1250.85,30285
2025-02-20 15:03:00+05:30,1251.0,1251.0,1250.5,1250.8,34848
2025-02-20 15:04:00+05:30,1250.8,1251.4,1250.8,1251.4,35900
2025-02-20 15:05:00+05:30,1251.35,1251.45,1250.55,1250.95,43651
2025-02-20 15:06:00+05:30,1250.9,1251.1,1250.85,1250.95,40728
2025-02-20 15:07:00+05:30,1251.0,1251.05,1250.6,1250.75,30748
2025-02-20 15:08:00+05:30,1250.75,1250.95,1250.7,1250.95,38183
2025-02-20 15:09:00+05:30,1250.85,1250.95,1250.4,1250.45,39816
2025-02-20 15:10:00+05:30,1250.6,1250.65,1250.3,1250.5,39901
2025-02-20 15:11:00+05:30,1250.5,1250.5,1249.6,1249.85,50941
2025-02-20 15:12:00+05:30,1249.85,1250.1,1249.75,1250.05,47372
2025-02-20 15:13:00+05:30,1250.0,1250.9,1250.0,1250.75,38350
2025-02-20 15:14:00+05:30,1250.75,1250.75,1250.0,1250.1,37734
2025-02-20 15:15:00+05:30,1250.05,1250.65,1250.0,1250.55,47556
2025-02-20 15:16:00+05:30,1250.35,1250.55,1249.8,1249.85,34183
2025-02-20 15:17:00+05:30,1249.8,1249.85,1249.7,1249.8,32415
2025-02-20 15:18:00+05:30,1249.75,1250.0,1249.75,1249.95,45412
2025-02-20 15:19:00+05:30,1249.9,1250.25,1249.9,1250.05,49325
2025-02-20 15:20:00+05:30,1250.05,1250.05,1249.2,1249.25,52698
2025-02-20 15:21:00+05:30,1249.25,1249.6,1249.2,1249.55,31734
2025-02-20 15:22:00+05:30,1249.55,1249.65,1249.55,1249.55,25683
2025-02-20 15:23:00+05:30,1249.55,1249.6,1249.4,1249.45,36588
2025-02-20 15:24:00+05:30,1249.4,1249.45,1249.0,1249.15,56388
2025-02-20 15:25:00+05:30,1249.05,1249.55,1248.6,1248.6,53943
2025-02-20 15:26:00+05:30,1248.6,1248.85,1247.95,1248.7,56624
2025-02-20 15:27:00+05:30,1248.7,1248.75,1247.95,1248.05,35949
2025-02-20 15:28:00+05:30,1248.05,1248.35,1247.25,1247.75,44422
2025-02-20 15:29:00+05:30,1247.75,1249.0,1247.1,1248.15,26121
2025-02-21 09:15:00+05:30,1241.8,1244.7,1238.55,1242.15,244647
2025-02-21 09:16:00+05:30,1242.15,1242.85,1240.7,1242.45,48543
2025-02-21 09:17:00+05:30,1242.45,1242.95,1241.4,1242.5,46403
2025-02-21 09:18:00+05:30,1242.5,1243.35,1242.0,1242.3,49778
2025-02-21 09:19:00+05:30,1242.6,1243.05,1242.3,1242.6,20860
2025-02-21 09:20:00+05:30,1242.75,1243.15,1241.8,1243.05,56662
2025-02-21 09:21:00+05:30,1242.8,1243.2,1241.6,1241.85,39809
2025-02-21 09:22:00+05:30,1241.75,1242.55,1241.75,1242.0,22948
2025-02-21 09:23:00+05:30,1242.0,1242.15,1241.05,1241.6,43697
2025-02-21 09:24:00+05:30,1241.5,1242.55,1241.25,1242.3,28340
2025-02-21 09:25:00+05:30,1242.3,1242.3,1241.65,1241.65,12611
2025-02-21 09:26:00+05:30,1241.7,1242.0,1241.2,1241.65,20925
2025-02-21 09:27:00+05:30,1241.65,1241.75,1240.75,1240.95,19284
2025-02-21 09:28:00+05:30,1240.9,1241.0,1239.75,1240.2,27952
2025-02-21 09:29:00+05:30,1240.3,1240.8,1240.2,1240.5,12210
2025-02-21 09:30:00+05:30,1240.55,1241.35,1240.2,1240.2,26941
2025-02-21 09:31:00+05:30,1240.4,1240.5,1239.5,1240.5,21703
2025-02-21 09:32:00+05:30,1240.45,1240.45,1239.0,1239.6,22094
2025-02-21 09:33:00+05:30,1239.6,1240.3,1239.25,1239.6,12504
2025-02-21 09:34:00+05:30,1239.6,1239.65,1239.0,1239.2,13451
2025-02-21 09:35:00+05:30,1239.15,1239.5,1238.45,1238.75,28212
2025-02-21 09:36:00+05:30,1238.7,1239.65,1238.5,1239.65,10547
2025-02-21 09:37:00+05:30,1239.65,1239.75,1238.75,1239.0,13801
2025-02-21 09:38:00+05:30,1239.05,1239.05,1238.5,1238.7,7910
2025-02-21 09:39:00+05:30,1238.8,1238.8,1237.8,1238.1,17828
2025-02-21 09:40:00+05:30,1238.1,1238.3,1237.2,1237.35,12531
2025-02-21 09:41:00+05:30,1237.35,1237.65,1236.65,1237.5,16491
2025-02-21 09:42:00+05:30,1237.5,1237.6,1236.25,1237.2,18041
2025-02-21 09:43:00+05:30,1237.2,1237.4,1235.65,1235.8,16481
2025-02-21 09:44:00+05:30,1235.85,1235.95,1235.15,1235.65,19660
2025-02-21 09:45:00+05:30,1235.55,1235.85,1234.25,1234.6,33848
2025-02-21 09:46:00+05:30,1234.6,1235.6,1234.3,1235.0,40623
2025-02-21 09:47:00+05:30,1234.95,1235.0,1234.2,1234.55,28124
2025-02-21 09:48:00+05:30,1234.45,1235.35,1234.05,1234.3,30169
2025-02-21 09:49:00+05:30,1234.25,1234.5,1233.3,1233.85,35331
2025-02-21 09:50:00+05:30,1233.85,1234.5,1233.2,1233.7,43805
2025-02-21 09:51:00+05:30,1233.7,1234.85,1233.05,1233.85,28660
2025-02-21 09:52:00+05:30,1233.4,1233.75,1232.65,1233.0,30463
2025-02-21 09:53:00+05:30,1233.0,1233.6,1232.0,1232.2,48851
2025-02-21 09:54:00+05:30,1232.2,1232.95,1232.0,1232.75,19797
2025-02-21 09:55:00+05:30,1232.75,1233.9,1232.7,1233.2,18303
2025-02-21 09:56:00+05:30,1233.15,1233.5,1232.5,1232.7,22103
2025-02-21 09:57:00+05:30,1232.5,1232.65,1231.35,1231.65,30604
2025-02-21 09:58:00+05:30,1231.65,1232.7,1231.2,1231.3,16731
2025-02-21 09:59:00+05:30,1231.25,1231.55,1230.05,1230.65,19912
2025-02-21 10:00:00+05:30,1230.65,1230.7,1230.2,1230.45,10736
2025-02-21 10:01:00+05:30,1230.45,1231.75,1230.4,1231.55,9326
2025-02-21 10:02:00+05:30,1231.35,1232.4,1231.3,1232.0,8608
2025-02-21 10:03:00+05:30,1232.0,1232.0,1231.1,1231.35,11768
2025-02-21 10:04:00+05:30,1231.3,1231.85,1231.0,1231.65,9912
2025-02-21 10:05:00+05:30,1231.55,1232.4,1231.0,1232.3,8512
2025-02-21 10:06:00+05:30,1232.0,1232.35,1231.05,1231.2,10898
2025-02-21 10:07:00+05:30,1231.1,1231.95,1230.5,1230.55,34967
2025-02-21 10:08:00+05:30,1230.6,1231.45,1230.55,1230.95,8817
2025-02-21 10:09:00+05:30,1230.9,1230.95,1229.0,1229.5,44075
2025-02-21 10:10:00+05:30,1229.55,1230.8,1228.9,1230.7,18412
2025-02-21 10:11:00+05:30,1230.65,1230.9,1230.5,1230.8,8417
2025-02-21 10:12:00+05:30,1230.85,1230.85,1228.85,1229.4,20393
2025-02-21 10:13:00+05:30,1229.4,1229.5,1226.8,1227.3,51358
2025-02-21 10:14:00+05:30,1227.15,1227.55,1226.75,1227.0,19023
2025-02-21 10:15:00+05:30,1227.05,1227.05,1225.35,1225.75,31482
2025-02-21 10:16:00+05:30,1225.65,1227.7,1224.55,1227.65,37478
2025-02-21 10:17:00+05:30,1227.6,1228.3,1227.4,1227.55,11740
2025-02-21 10:18:00+05:30,1227.45,1228.2,1227.2,1227.75,4855
2025-02-21 10:19:00+05:30,1228.0,1228.1,1227.4,1227.55,5194
2025-02-21 10:20:00+05:30,1227.5,1229.35,1227.5,1228.35,16896
2025-02-21 10:21:00+05:30,1228.45,1229.5,1228.3,1228.7,14083
2025-02-21 10:22:00+05:30,1228.65,1229.3,1228.6,1228.7,8793
2025-02-21 10:23:00+05:30,1228.65,1229.25,1228.15,1228.3,8568
2025-02-21 10:24:00+05:30,1228.3,1228.3,1227.45,1227.8,9364
2025-02-21 10:25:00+05:30,1227.6,1228.45,1227.3,1227.6,26147
2025-02-21 10:26:00+05:30,1227.75,1228.05,1227.6,1228.0,5484
2025-02-21 10:27:00+05:30,1228.0,1228.2,1228.0,1228.1,4465
2025-02-21 10:28:00+05:30,1228.05,1228.1,1227.65,1227.95,18336
2025-02-21 10:29:00+05:30,1227.9,1229.05,1227.9,1228.4,9048
2025-02-21 10:30:00+05:30,1228.35,1228.4,1228.0,1228.3,8864
2025-02-21 10:31:00+05:30,1228.25,1228.9,1228.0,1228.1,8650
2025-02-21 10:32:00+05:30,1228.05,1228.8,1228.0,1228.2,8857
2025-02-21 10:33:00+05:30,1228.4,1228.4,1227.65,1227.75,30135
2025-02-21 10:34:00+05:30,1227.7,1228.5,1227.6,1228.25,18376
2025-02-21 10:35:00+05:30,1228.3,1228.85,1228.0,1228.6,14095
2025-02-21 10:36:00+05:30,1228.55,1228.95,1228.4,1228.5,23126
2025-02-21 10:37:00+05:30,1228.45,1228.5,1228.0,1228.05,7101
2025-02-21 10:38:00+05:30,1228.0,1228.95,1227.9,1228.55,11531
2025-02-21 10:39:00+05:30,1228.5,1228.75,1228.35,1228.5,10592
2025-02-21 10:40:00+05:30,1228.45,1228.95,1228.35,1228.65,15327
2025-02-21 10:41:00+05:30,1228.6,1229.1,1228.3,1228.45,14461
2025-02-21 10:42:00+05:30,1228.4,1228.5,1228.25,1228.3,6246
2025-02-21 10:43:00+05:30,1228.25,1228.3,1227.9,1228.0,13442
2025-02-21 10:44:00+05:30,1227.95,1228.95,1227.9,1228.65,14084
2025-02-21 10:45:00+05:30,1228.65,1229.35,1228.3,1228.95,15757
2025-02-21 10:46:00+05:30,1228.9,1229.95,1228.5,1228.5,30831
2025-02-21 10:47:00+05:30,1228.5,1228.55,1227.55,1227.85,57840
2025-02-21 10:48:00+05:30,1227.85,1228.95,1227.85,1228.1,34669
2025-02-21 10:49:00+05:30,1228.1,1228.15,1227.6,1227.65,7560
2025-02-21 10:50:00+05:30,1227.6,1227.7,1227.25,1227.25,8220
2025-02-21 10:51:00+05:30,1227.2,1227.2,1226.45,1226.45,29852
2025-02-21 10:52:00+05:30,1226.5,1227.45,1226.45,1227.1,9075
2025-02-21 10:53:00+05:30,1227.05,1227.5,1226.8,1226.95,18284
2025-02-21 10:54:00+05:30,1226.75,1227.0,1226.65,1226.9,18276
2025-02-21 10:55:00+05:30,1226.85,1227.95,1226.85,1227.95,90327
2025-02-21 10:56:00+05:30,1227.7,1228.45,1227.35,1228.45,41543
2025-02-21 10:57:00+05:30,1228.45,1228.6,1228.25,1228.6,6123
2025-02-21 10:58:00+05:30,1228.6,1229.7,1228.5,1229.3,19090
2025-02-21 10:59:00+05:30,1229.25,1229.3,1228.55,1228.9,17262
2025-02-21 11:00:00+05:30,1228.8,1229.2,1228.15,1229.2,38213
2025-02-21 11:01:00+05:30,1229.05,1229.45,1228.9,1229.4,5547
2025-02-21 11:02:00+05:30,1229.35,1230.5,1229.35,1230.0,10239
2025-02-21 11:03:00+05:30,1230.45,1231.0,1230.05,1230.6,14210
2025-02-21 11:04:00+05:30,1230.5,1230.95,1229.3,1229.3,44032
2025-02-21 11:05:00+05:30,1229.55,1230.5,1229.25,1230.25,48667
2025-02-21 11:06:00+05:30,1230.25,1230.85,1229.7,1230.65,17980
2025-02-21 11:07:00+05:30,1230.6,1230.7,1230.0,1230.3,17969
2025-02-21 11:08:00+05:30,1230.25,1230.65,1230.1,1230.6,11264
2025-02-21 11:09:00+05:30,1230.6,1230.7,1229.1,1229.45,8075
2025-02-21 11:10:00+05:30,1229.4,1230.05,1229.25,1229.4,12249
2025-02-21 11:11:00+05:30,1229.35,1230.45,1229.35,1230.35,9379
2025-02-21 11:12:00+05:30,1230.35,1230.45,1229.55,1230.2,17094
2025-02-21 11:13:00+05:30,1230.2,1230.75,1229.55,1230.0,29392
2025-02-21 11:14:00+05:30,1229.9,1231.55,1229.85,1231.4,30537
2025-02-21 11:15:00+05:30,1231.35,1231.4,1231.0,1231.1,5090
2025-02-21 11:16:00+05:30,1231.05,1231.45,1230.95,1231.0,7802
2025-02-21 11:17:00+05:30,1231.0,1231.0,1230.25,1230.95,7280
2025-02-21 11:18:00+05:30,1231.0,1231.0,1230.2,1230.25,8560
2025-02-21 11:19:00+05:30,1230.2,1230.6,1230.2,1230.45,10104
2025-02-21 11:20:00+05:30,1230.45,1231.0,1230.45,1230.75,14850
2025-02-21 11:21:00+05:30,1230.75,1231.0,1230.65,1230.95,4473
2025-02-21 11:22:00+05:30,1230.9,1231.0,1230.9,1230.95,4511
2025-02-21 11:23:00+05:30,1230.95,1231.05,1230.9,1231.0,12671
2025-02-21 11:24:00+05:30,1230.95,1231.0,1230.95,1231.0,6366
2025-02-21 11:25:00+05:30,1230.95,1231.4,1230.95,1231.0,21404
2025-02-21 11:26:00+05:30,1231.0,1231.35,1230.95,1231.3,13843
2025-02-21 11:27:00+05:30,1231.25,1232.0,1231.25,1231.95,7881
2025-02-21 11:28:00+05:30,1231.9,1231.95,1231.6,1231.9,11205
2025-02-21 11:29:00+05:30,1231.9,1231.9,1231.75,1231.9,5169
2025-02-21 11:30:00+05:30,1231.85,1232.95,1231.75,1231.9,26276
2025-02-21 11:31:00+05:30,1231.95,1232.0,1231.75,1231.8,3432
2025-02-21 11:32:00+05:30,1231.8,1231.85,1231.25,1231.4,5092
2025-02-21 11:33:00+05:30,1231.4,1231.7,1231.4,1231.7,5319
2025-02-21 11:34:00+05:30,1231.7,1232.0,1231.65,1231.95,5137
2025-02-21 11:35:00+05:30,1231.95,1232.4,1231.9,1232.15,14316
2025-02-21 11:36:00+05:30,1232.05,1232.15,1232.05,1232.05,5375
2025-02-21 11:37:00+05:30,1232.0,1232.05,1232.0,1232.05,3152
2025-02-21 11:38:00+05:30,1232.0,1232.85,1232.0,1232.8,23135
2025-02-21 11:39:00+05:30,1232.75,1232.9,1232.45,1232.6,24205
2025-02-21 11:40:00+05:30,1232.55,1232.6,1232.45,1232.5,5467
2025-02-21 11:41:00+05:30,1232.45,1232.5,1232.4,1232.45,5300
2025-02-21 11:42:00+05:30,1232.5,1232.75,1232.0,1232.1,11812
2025-02-21 11:43:00+05:30,1232.0,1232.1,1231.7,1231.85,8996
2025-02-21 11:44:00+05:30,1231.75,1231.9,1231.25,1231.35,4420
2025-02-21 11:45:00+05:30,1231.35,1231.5,1231.2,1231.45,7166
2025-02-21 11:46:00+05:30,1231.4,1232.2,1231.4,1232.15,3541
2025-02-21 11:47:00+05:30,1232.1,1232.15,1231.55,1231.8,17206
2025-02-21 11:48:00+05:30,1231.8,1231.8,1231.35,1231.55,6417
2025-02-21 11:49:00+05:30,1231.5,1231.7,1231.5,1231.7,4101
2025-02-21 11:50:00+05:30,1231.65,1231.75,1231.65,1231.75,4628
2025-02-21 11:51:00+05:30,1231.7,1232.75,1231.7,1232.55,7767
2025-02-21 11:52:00+05:30,1232.5,1232.65,1232.1,1232.1,10811
2025-02-21 11:53:00+05:30,1232.1,1232.25,1232.05,1232.2,4119
2025-02-21 11:54:00+05:30,1232.2,1232.25,1232.2,1232.25,1774
2025-02-21 11:55:00+05:30,1232.2,1232.35,1232.2,1232.3,4982
2025-02-21 11:56:00+05:30,1232.25,1232.35,1232.05,1232.3,10708
2025-02-21 11:57:00+05:30,1232.2,1232.5,1232.05,1232.45,10234
2025-02-21 11:58:00+05:30,1232.4,1232.5,1232.05,1232.15,5064
2025-02-21 11:59:00+05:30,1232.0,1232.0,1231.6,1231.85,16639
2025-02-21 12:00:00+05:30,1231.75,1232.4,1231.75,1232.05,6679
2025-02-21 12:01:00+05:30,1232.0,1232.05,1231.8,1231.9,4379
2025-02-21 12:02:00+05:30,1231.85,1232.25,1231.8,1232.25,10684
2025-02-21 12:03:00+05:30,1232.15,1232.25,1231.45,1231.75,18919
2025-02-21 12:04:00+05:30,1231.65,1232.35,1231.65,1231.9,6242
2025-02-21 12:05:00+05:30,1231.85,1231.9,1231.75,1231.85,4000
2025-02-21 12:06:00+05:30,1231.8,1232.8,1231.75,1232.7,12300
2025-02-21 12:07:00+05:30,1232.6,1233.45,1232.25,1233.15,164433
2025-02-21 12:08:00+05:30,1233.15,1233.55,1232.85,1233.2,8737
2025-02-21 12:09:00+05:30,1233.2,1233.25,1232.8,1233.2,7701
2025-02-21 12:10:00+05:30,1233.15,1233.95,1233.0,1233.65,23740
2025-02-21 12:11:00+05:30,1233.5,1233.95,1232.75,1233.45,53000
2025-02-21 12:12:00+05:30,1233.4,1234.0,1233.15,1233.55,9558
2025-02-21 12:13:00+05:30,1233.65,1234.25,1233.55,1234.15,5772
2025-02-21 12:14:00+05:30,1234.25,1234.9,1234.15,1234.55,10130
2025-02-21 12:15:00+05:30,1234.5,1234.95,1234.5,1234.6,10771
2025-02-21 12:16:00+05:30,1234.55,1235.0,1234.5,1234.95,7537
2025-02-21 12:17:00+05:30,1234.85,1235.25,1234.85,1235.15,12795
2025-02-21 12:18:00+05:30,1235.1,1235.25,1234.9,1235.0,5010
2025-02-21 12:19:00+05:30,1234.9,1234.95,1234.85,1234.9,5652
2025-02-21 12:20:00+05:30,1234.85,1235.4,1234.85,1235.25,7767
2025-02-21 12:21:00+05:30,1235.25,1235.3,1235.1,1235.25,4171
2025-02-21 12:22:00+05:30,1235.2,1235.45,1235.1,1235.3,4874
2025-02-21 12:23:00+05:30,1235.25,1235.3,1235.0,1235.05,5950
2025-02-21 12:24:00+05:30,1235.0,1235.4,1235.0,1235.4,7844
2025-02-21 12:25:00+05:30,1235.35,1235.45,1235.2,1235.3,5535
2025-02-21 12:26:00+05:30,1235.35,1235.55,1235.3,1235.4,5059
2025-02-21 12:27:00+05:30,1235.35,1235.9,1235.35,1235.85,6752
2025-02-21 12:28:00+05:30,1235.8,1235.8,1235.6,1235.75,5847
2025-02-21 12:29:00+05:30,1235.65,1235.9,1235.45,1235.55,11262
2025-02-21 12:30:00+05:30,1235.4,1235.8,1235.0,1235.55,11133
2025-02-21 12:31:00+05:30,1235.5,1236.35,1235.35,1236.35,11082
2025-02-21 12:32:00+05:30,1236.05,1236.5,1235.95,1236.0,9758
2025-02-21 12:33:00+05:30,1235.95,1236.0,1235.75,1235.85,11990
2025-02-21 12:34:00+05:30,1235.75,1236.0,1235.7,1236.0,10560
2025-02-21 12:35:00+05:30,1235.95,1236.0,1235.8,1235.95,7305
2025-02-21 12:36:00+05:30,1235.95,1236.9,1235.8,1236.8,5952
2025-02-21 12:37:00+05:30,1236.75,1237.0,1236.2,1237.0,37255
2025-02-21 12:38:00+05:30,1236.65,1237.3,1236.6,1237.3,11161
2025-02-21 12:39:00+05:30,1237.2,1237.3,1236.4,1237.15,20169
2025-02-21 12:40:00+05:30,1237.05,1237.2,1236.6,1236.75,8956
2025-02-21 12:41:00+05:30,1236.6,1237.1,1236.15,1237.1,8939
2025-02-21 12:42:00+05:30,1236.95,1237.1,1236.85,1236.85,5027
2025-02-21 12:43:00+05:30,1236.85,1237.2,1236.8,1236.95,7852
2025-02-21 12:44:00+05:30,1236.9,1236.95,1236.65,1236.65,8041
2025-02-21 12:45:00+05:30,1236.65,1237.2,1236.6,1236.75,13272
2025-02-21 12:46:00+05:30,1236.75,1237.2,1236.45,1236.65,19338
2025-02-21 12:47:00+05:30,1236.65,1237.0,1235.8,1236.75,66856
2025-02-21 12:48:00+05:30,1236.75,1236.85,1236.45,1236.7,10596
2025-02-21 12:49:00+05:30,1236.7,1236.75,1235.6,1236.0,35251
2025-02-21 12:50:00+05:30,1235.85,1236.0,1235.25,1235.4,10168
2025-02-21 12:51:00+05:30,1235.35,1235.7,1235.2,1235.4,8893
2025-02-21 12:52:00+05:30,1235.45,1235.55,1235.0,1235.3,11631
2025-02-21 12:53:00+05:30,1235.05,1235.65,1234.7,1234.8,14893
2025-02-21 12:54:00+05:30,1234.85,1235.15,1234.7,1234.85,15689
2025-02-21 12:55:00+05:30,1234.7,1235.0,1234.6,1234.75,7827
2025-02-21 12:56:00+05:30,1234.8,1235.5,1234.7,1235.4,13502
2025-02-21 12:57:00+05:30,1235.4,1235.4,1234.7,1234.8,14564
2025-02-21 12:58:00+05:30,1234.8,1234.8,1234.1,1234.35,8014
2025-02-21 12:59:00+05:30,1234.25,1234.35,1233.25,1233.85,10915
2025-02-21 13:00:00+05:30,1233.9,1233.9,1232.0,1232.05,17507
2025-02-21 13:01:00+05:30,1232.65,1233.2,1232.0,1232.9,14285
2025-02-21 13:02:00+05:30,1232.9,1233.45,1232.8,1233.15,8787
2025-02-21 13:03:00+05:30,1233.05,1233.7,1232.95,1233.15,9643
2025-02-21 13:04:00+05:30,1233.15,1233.5,1232.65,1232.75,10298
2025-02-21 13:05:00+05:30,1232.7,1232.95,1232.55,1232.65,7126
2025-02-21 13:06:00+05:30,1232.55,1232.75,1232.45,1232.45,6940
2025-02-21 13:07:00+05:30,1232.5,1233.05,1232.45,1232.85,7494
2025-02-21 13:08:00+05:30,1232.95,1233.25,1232.9,1233.0,6925
2025-02-21 13:09:00+05:30,1232.95,1233.0,1232.45,1232.5,11550
2025-02-21 13:10:00+05:30,1232.5,1232.6,1232.35,1232.45,7549
2025-02-21 13:11:00+05:30,1232.4,1233.4,1232.4,1233.2,8990
2025-02-21 13:12:00+05:30,1233.25,1233.35,1232.9,1232.95,12043
2025-02-21 13:13:00+05:30,1232.95,1233.45,1232.85,1233.2,10775
2025-02-21 13:14:00+05:30,1233.05,1233.35,1233.0,1233.35,7434
2025-02-21 13:15:00+05:30,1233.3,1233.75,1233.0,1233.25,10509
2025-02-21 13:16:00+05:30,1233.15,1233.25,1232.6,1232.65,15910
2025-02-21 13:17:00+05:30,1232.6,1232.65,1231.9,1232.15,12238
2025-02-21 13:18:00+05:30,1232.15,1233.15,1232.1,1232.8,21505
2025-02-21 13:19:00+05:30,1232.5,1233.05,1232.45,1232.55,7500
2025-02-21 13:20:00+05:30,1232.6,1232.7,1232.1,1232.35,8669
2025-02-21 13:21:00+05:30,1232.1,1232.5,1232.05,1232.2,6219
2025-02-21 13:22:00+05:30,1232.15,1232.25,1232.0,1232.0,10606
2025-02-21 13:23:00+05:30,1232.05,1232.15,1231.95,1231.95,6894
2025-02-21 13:24:00+05:30,1231.95,1232.15,1231.8,1231.9,7743
2025-02-21 13:25:00+05:30,1231.8,1231.95,1231.55,1231.7,8024
2025-02-21 13:26:00+05:30,1231.8,1232.1,1231.5,1231.55,6695
2025-02-21 13:27:00+05:30,1231.55,1231.85,1231.4,1231.8,6409
2025-02-21 13:28:00+05:30,1231.75,1231.8,1230.65,1230.8,10607
2025-02-21 13:29:00+05:30,1230.65,1230.85,1230.15,1230.3,10986
2025-02-21 13:30:00+05:30,1230.5,1230.7,1230.1,1230.7,8317
2025-02-21 13:31:00+05:30,1230.6,1231.55,1230.6,1231.5,6270
2025-02-21 13:32:00+05:30,1231.5,1231.75,1231.1,1231.3,8666
2025-02-21 13:33:00+05:30,1231.15,1231.8,1231.1,1231.7,7375
2025-02-21 13:34:00+05:30,1231.7,1231.8,1231.6,1231.75,6667
2025-02-21 13:35:00+05:30,1231.7,1231.95,1231.65,1231.7,5504
2025-02-21 13:36:00+05:30,1231.7,1231.95,1230.75,1231.2,10362
2025-02-21 13:37:00+05:30,1230.95,1231.25,1230.4,1230.95,14731
2025-02-21 13:38:00+05:30,1230.7,1231.65,1230.65,1231.55,11546
2025-02-21 13:39:00+05:30,1231.2,1231.6,1230.1,1230.95,16180
2025-02-21 13:40:00+05:30,1230.95,1231.15,1230.4,1230.8,11431
2025-02-21 13:41:00+05:30,1230.8,1231.1,1230.1,1230.35,25226
2025-02-21 13:42:00+05:30,1230.3,1230.4,1229.35,1229.65,17682
2025-02-21 13:43:00+05:30,1229.6,1230.25,1229.45,1230.1,19708
2025-02-21 13:44:00+05:30,1230.1,1230.65,1230.1,1230.65,19169
2025-02-21 13:45:00+05:30,1230.3,1230.65,1229.65,1229.75,20758
2025-02-21 13:46:00+05:30,1229.75,1230.45,1229.5,1230.1,21575
2025-02-21 13:47:00+05:30,1230.1,1231.0,1230.0,1230.95,20523
2025-02-21 13:48:00+05:30,1230.9,1231.0,1230.55,1230.95,18371
2025-02-21 13:49:00+05:30,1230.95,1231.6,1230.7,1231.45,19139
2025-02-21 13:50:00+05:30,1231.45,1231.55,1230.9,1230.9,22509
2025-02-21 13:51:00+05:30,1230.85,1231.2,1230.55,1230.7,35200
2025-02-21 13:52:00+05:30,1230.7,1231.25,1230.65,1231.05,19104
2025-02-21 13:53:00+05:30,1231.05,1231.25,1231.0,1231.05,7246
2025-02-21 13:54:00+05:30,1231.0,1231.35,1230.95,1231.05,7587
2025-02-21 13:55:00+05:30,1230.95,1231.1,1230.9,1231.0,8407
2025-02-21 13:56:00+05:30,1231.0,1231.4,1230.9,1231.1,12025
2025-02-21 13:57:00+05:30,1231.05,1231.4,1231.05,1231.25,8792
2025-02-21 13:58:00+05:30,1231.2,1231.25,1230.85,1230.85,10151
2025-02-21 13:59:00+05:30,1230.85,1231.95,1230.85,1231.25,33616
2025-02-21 14:00:00+05:30,1231.3,1232.0,1231.15,1231.35,20791
2025-02-21 14:01:00+05:30,1231.3,1232.0,1231.0,1231.95,14480
2025-02-21 14:02:00+05:30,1231.85,1232.5,1231.5,1231.6,24220
2025-02-21 14:03:00+05:30,1231.6,1231.95,1229.95,1230.05,67531
2025-02-21 14:04:00+05:30,1230.2,1231.7,1230.05,1231.3,24499
2025-02-21 14:05:00+05:30,1231.3,1231.7,1231.25,1231.3,8339
2025-02-21 14:06:00+05:30,1231.25,1231.5,1231.1,1231.5,8810
2025-02-21 14:07:00+05:30,1231.25,1233.0,1231.1,1232.95,20758
2025-02-21 14:08:00+05:30,1233.0,1233.0,1232.45,1232.6,11116
2025-02-21 14:09:00+05:30,1232.6,1232.95,1232.5,1232.9,9159
2025-02-21 14:10:00+05:30,1232.8,1232.9,1231.75,1231.95,10431
2025-02-21 14:11:00+05:30,1231.95,1232.75,1231.75,1232.25,8971
2025-02-21 14:12:00+05:30,1232.25,1232.35,1232.05,1232.1,7719
2025-02-21 14:13:00+05:30,1232.15,1232.3,1232.1,1232.25,9743
2025-02-21 14:14:00+05:30,1232.25,1232.9,1232.2,1232.6,11696
2025-02-21 14:15:00+05:30,1232.65,1232.95,1231.75,1231.8,25869
2025-02-21 14:16:00+05:30,1231.85,1232.6,1231.7,1232.35,10888
2025-02-21 14:17:00+05:30,1232.3,1232.45,1232.15,1232.3,7379
2025-02-21 14:18:00+05:30,1232.3,1232.35,1230.75,1232.1,96303
2025-02-21 14:19:00+05:30,1232.1,1232.65,1232.0,1232.3,8242
2025-02-21 14:20:00+05:30,1232.3,1232.8,1232.0,1232.3,10510
2025-02-21 14:21:00+05:30,1232.1,1232.35,1231.1,1231.75,12560
2025-02-21 14:22:00+05:30,1231.4,1232.1,1230.9,1231.6,31040
2025-02-21 14:23:00+05:30,1231.55,1231.7,1231.1,1231.65,14028
2025-02-21 14:24:00+05:30,1231.75,1232.15,1231.2,1231.45,10376
2025-02-21 14:25:00+05:30,1231.5,1232.0,1231.4,1231.8,9517
2025-02-21 14:26:00+05:30,1231.65,1231.7,1230.85,1231.35,11915
2025-02-21 14:27:00+05:30,1231.35,1231.65,1230.8,1231.4,13030
2025-02-21 14:28:00+05:30,1231.25,1232.1,1231.1,1231.9,16970
2025-02-21 14:29:00+05:30,1231.9,1231.95,1231.05,1231.8,31437
2025-02-21 14:30:00+05:30,1231.35,1232.3,1231.35,1232.05,14416
2025-02-21 14:31:00+05:30,1232.1,1232.3,1230.9,1231.0,126901
2025-02-21 14:32:00+05:30,1230.9,1231.5,1230.9,1231.25,20724
2025-02-21 14:33:00+05:30,1231.35,1231.7,1230.2,1230.85,36347
2025-02-21 14:34:00+05:30,1231.2,1231.7,1229.95,1231.3,79859
2025-02-21 14:35:00+05:30,1231.3,1231.95,1231.0,1231.45,26467
2025-02-21 14:36:00+05:30,1231.45,1232.0,1231.4,1231.9,14572
2025-02-21 14:37:00+05:30,1231.9,1232.0,1231.8,1231.9,8672
2025-02-21 14:38:00+05:30,1231.9,1233.0,1231.8,1233.0,28846
2025-02-21 14:39:00+05:30,1232.85,1233.45,1232.8,1233.25,21361
2025-02-21 14:40:00+05:30,1233.25,1233.75,1233.2,1233.75,20447
2025-02-21 14:41:00+05:30,1233.65,1234.0,1233.5,1233.75,26377
2025-02-21 14:42:00+05:30,1233.9,1233.9,1233.45,1233.7,18668
2025-02-21 14:43:00+05:30,1233.7,1235.0,1233.6,1234.6,30209
2025-02-21 14:44:00+05:30,1234.9,1234.9,1234.55,1234.6,9605
2025-02-21 14:45:00+05:30,1234.6,1234.75,1234.35,1234.5,8001
2025-02-21 14:46:00+05:30,1234.45,1234.55,1234.05,1234.1,6834
2025-02-21 14:47:00+05:30,1234.15,1234.4,1234.05,1234.2,8705
2025-02-21 14:48:00+05:30,1234.2,1234.7,1234.05,1234.7,8725
2025-02-21 14:49:00+05:30,1234.45,1234.85,1234.45,1234.85,8320
2025-02-21 14:50:00+05:30,1234.7,1235.5,1234.65,1235.5,9719
2025-02-21 14:51:00+05:30,1235.5,1236.5,1235.25,1235.35,43537
2025-02-21 14:52:00+05:30,1235.65,1235.8,1235.0,1235.3,12099
2025-02-21 14:53:00+05:30,1235.05,1235.75,1235.0,1235.75,10648
2025-02-21 14:54:00+05:30,1235.6,1235.9,1235.3,1235.5,9335
2025-02-21 14:55:00+05:30,1235.3,1235.35,1234.25,1234.55,17349
2025-02-21 14:56:00+05:30,1234.35,1235.1,1234.3,1234.75,7518
2025-02-21 14:57:00+05:30,1234.7,1235.7,1234.7,1235.3,8452
2025-02-21 14:58:00+05:30,1235.35,1235.75,1234.6,1234.8,20241
2025-02-21 14:59:00+05:30,1234.8,1235.25,1234.2,1234.95,24940
2025-02-21 15:00:00+05:30,1234.7,1235.7,1233.35,1233.45,65704
2025-02-21 15:01:00+05:30,1233.5,1234.25,1233.5,1233.95,25263
2025-02-21 15:02:00+05:30,1233.9,1234.85,1233.85,1234.35,27653
2025-02-21 15:03:00+05:30,1234.35,1235.0,1232.2,1232.75,364616
2025-02-21 15:04:00+05:30,1232.65,1233.6,1231.7,1233.45,65664
2025-02-21 15:05:00+05:30,1233.4,1233.9,1233.4,1233.5,31454
2025-02-21 15:06:00+05:30,1233.5,1233.6,1233.4,1233.4,26633
2025-02-21 15:07:00+05:30,1233.45,1233.45,1232.45,1232.6,59428
2025-02-21 15:08:00+05:30,1232.65,1232.9,1232.0,1232.1,33564
2025-02-21 15:09:00+05:30,1232.0,1232.8,1232.0,1232.75,40018
2025-02-21 15:10:00+05:30,1232.75,1233.4,1232.2,1232.35,65872
2025-02-21 15:11:00+05:30,1232.35,1232.95,1232.0,1232.05,51398
2025-02-21 15:12:00+05:30,1232.05,1232.65,1231.95,1232.05,31766
2025-02-21 15:13:00+05:30,1232.0,1232.75,1232.0,1232.5,41148
2025-02-21 15:14:00+05:30,1232.45,1232.5,1232.0,1232.1,44072
2025-02-21 15:15:00+05:30,1232.2,1233.35,1232.1,1232.9,55980
2025-02-21 15:16:00+05:30,1232.85,1233.25,1232.4,1232.55,49867
2025-02-21 15:17:00+05:30,1232.55,1232.65,1232.0,1232.2,33954
2025-02-21 15:18:00+05:30,1232.1,1233.0,1231.25,1232.6,46368
2025-02-21 15:19:00+05:30,1232.55,1233.15,1232.55,1233.15,31975
2025-02-21 15:20:00+05:30,1233.1,1233.2,1232.35,1232.45,47158
2025-02-21 15:21:00+05:30,1232.45,1232.65,1232.35,1232.65,26999
2025-02-21 15:22:00+05:30,1232.6,1233.25,1232.0,1232.3,56530
2025-02-21 15:23:00+05:30,1232.05,1232.95,1232.05,1232.85,29685
2025-02-21 15:24:00+05:30,1232.85,1233.1,1232.6,1232.7,47238
2025-02-21 15:25:00+05:30,1232.7,1233.5,1232.65,1232.95,43541
2025-02-21 15:26:00+05:30,1232.95,1233.35,1232.45,1232.95,36868
2025-02-21 15:27:00+05:30,1232.95,1233.1,1232.85,1233.0,19583
2025-02-21 15:28:00+05:30,1233.05,1233.15,1230.65,1232.05,25897
2025-02-21 15:29:00+05:30,1232.4,1232.85,1230.4,1232.0,11437
2025-02-24 09:15:00+05:30,1226.75,1231.9,1226.0,1230.75,127283
2025-02-24 09:16:00+05:30,1230.75,1231.0,1227.2,1227.6,102670
2025-02-24 09:17:00+05:30,1227.4,1228.25,1226.6,1227.25,60053
2025-02-24 09:18:00+05:30,1227.25,1228.25,1227.05,1228.25,48086
2025-02-24 09:19:00+05:30,1227.85,1228.3,1226.3,1226.7,58547
2025-02-24 09:20:00+05:30,1226.7,1227.55,1226.55,1227.4,32606
2025-02-24 09:21:00+05:30,1227.4,1227.9,1225.75,1226.2,37775
2025-02-24 09:22:00+05:30,1226.5,1226.9,1225.1,1225.7,41298
2025-02-24 09:23:00+05:30,1225.7,1226.5,1224.85,1225.2,43738
2025-02-24 09:24:00+05:30,1225.35,1225.45,1224.65,1224.7,29619
2025-02-24 09:25:00+05:30,1224.95,1225.5,1224.75,1224.95,28608
2025-02-24 09:26:00+05:30,1225.1,1226.7,1224.75,1226.5,33647
2025-02-24 09:27:00+05:30,1226.5,1226.8,1225.0,1225.05,36602
2025-02-24 09:28:00+05:30,1225.5,1226.15,1225.2,1225.4,17856
2025-02-24 09:29:00+05:30,1225.5,1225.7,1223.85,1223.9,38074
2025-02-24 09:30:00+05:30,1223.85,1224.4,1223.35,1224.0,23563
2025-02-24 09:31:00+05:30,1224.0,1225.0,1223.85,1224.7,17909
2025-02-24 09:32:00+05:30,1224.65,1225.8,1224.5,1225.15,20518
2025-02-24 09:33:00+05:30,1225.3,1225.7,1223.4,1224.3,34558
2025-02-24 09:34:00+05:30,1224.7,1225.0,1223.0,1223.0,10206
2025-02-24 09:35:00+05:30,1223.0,1223.5,1222.5,1222.75,24659
2025-02-24 09:36:00+05:30,1222.75,1223.4,1222.65,1222.75,16224
2025-02-24 09:37:00+05:30,1222.7,1222.75,1221.2,1221.4,20571
2025-02-24 09:38:00+05:30,1221.2,1221.4,1220.05,1220.05,15055
2025-02-24 09:39:00+05:30,1220.05,1221.0,1219.6,1219.6,36291
2025-02-24 09:40:00+05:30,1220.05,1220.1,1218.1,1218.1,26119
2025-02-24 09:41:00+05:30,1218.35,1218.7,1217.15,1217.45,27104
2025-02-24 09:42:00+05:30,1217.6,1217.6,1216.5,1216.5,21765
2025-02-24 09:43:00+05:30,1216.5,1216.8,1215.65,1215.9,14167
2025-02-24 09:44:00+05:30,1215.9,1216.5,1215.55,1215.55,23820
2025-02-24 09:45:00+05:30,1215.5,1216.05,1215.0,1215.0,16435
2025-02-24 09:46:00+05:30,1215.1,1215.2,1213.95,1215.15,33994
2025-02-24 09:47:00+05:30,1215.1,1215.2,1213.55,1213.65,21154
2025-02-24 09:48:00+05:30,1214.0,1214.0,1212.95,1213.3,25090
2025-02-24 09:49:00+05:30,1213.3,1214.25,1213.1,1213.55,14195
2025-02-24 09:50:00+05:30,1213.5,1214.4,1213.5,1213.95,12598
2025-02-24 09:51:00+05:30,1214.05,1214.05,1213.45,1213.7,13132
2025-02-24 09:52:00+05:30,1213.7,1214.0,1213.3,1213.9,14785
2025-02-24 09:53:00+05:30,1213.85,1214.1,1213.6,1213.7,15030
2025-02-24 09:54:00+05:30,1213.75,1213.85,1212.55,1212.65,16382
2025-02-24 09:55:00+05:30,1212.65,1212.7,1212.3,1212.7,17910
2025-02-24 09:56:00+05:30,1212.7,1212.75,1211.45,1212.0,15319
2025-02-24 09:57:00+05:30,1212.0,1212.65,1212.0,1212.45,11497
2025-02-24 09:58:00+05:30,1212.65,1212.65,1211.0,1211.55,22715
2025-02-24 09:59:00+05:30,1211.55,1211.75,1211.4,1211.75,14656
2025-02-24 10:00:00+05:30,1211.75,1211.75,1211.0,1211.3,14928
2025-02-24 10:01:00+05:30,1211.55,1211.6,1210.65,1210.7,12649
2025-02-24 10:02:00+05:30,1210.85,1211.0,1210.55,1210.6,9993
2025-02-24 10:03:00+05:30,1210.65,1211.0,1210.25,1210.8,7100
2025-02-24 10:04:00+05:30,1210.95,1212.55,1210.75,1212.4,30900
2025-02-24 10:05:00+05:30,1212.4,1213.85,1212.0,1213.55,20754
2025-02-24 10:06:00+05:30,1213.5,1214.3,1213.05,1213.75,19770
2025-02-24 10:07:00+05:30,1213.75,1213.8,1212.6,1213.35,13243
2025-02-24 10:08:00+05:30,1213.35,1213.6,1212.9,1213.0,20679
2025-02-24 10:09:00+05:30,1213.0,1213.4,1212.8,1213.2,16587
2025-02-24 10:10:00+05:30,1213.25,1213.3,1212.65,1212.9,16868
2025-02-24 10:11:00+05:30,1212.9,1213.85,1212.75,1213.45,21340
2025-02-24 10:12:00+05:30,1213.4,1213.95,1213.1,1213.9,23563
2025-02-24 10:13:00+05:30,1213.9,1214.75,1213.75,1214.05,26100
2025-02-24 10:14:00+05:30,1214.05,1214.1,1212.9,1213.35,20093
2025-02-24 10:15:00+05:30,1213.25,1213.55,1213.25,1213.35,9670
2025-02-24 10:16:00+05:30,1213.45,1213.45,1212.75,1213.05,8467
2025-02-24 10:17:00+05:30,1213.05,1213.1,1212.1,1212.75,13717
2025-02-24 10:18:00+05:30,1212.6,1213.2,1212.3,1213.0,11626
2025-02-24 10:19:00+05:30,1213.2,1213.2,1212.45,1212.55,12410
2025-02-24 10:20:00+05:30,1212.55,1214.1,1212.5,1213.55,79655
2025-02-24 10:21:00+05:30,1213.55,1213.7,1211.95,1212.15,165450
2025-02-24 10:22:00+05:30,1212.65,1213.2,1211.6,1211.65,50027
2025-02-24 10:23:00+05:30,1211.65,1211.95,1210.65,1210.9,47723
2025-02-24 10:24:00+05:30,1210.9,1212.3,1210.8,1212.1,58792
2025-02-24 10:25:00+05:30,1212.0,1212.25,1211.25,1212.25,107875
2025-02-24 10:26:00+05:30,1212.25,1213.4,1211.7,1213.05,76258
2025-02-24 10:27:00+05:30,1213.35,1213.5,1212.65,1213.5,48752
2025-02-24 10:28:00+05:30,1213.5,1214.6,1213.4,1214.3,30056
2025-02-24 10:29:00+05:30,1214.55,1214.95,1214.1,1214.5,19144
2025-02-24 10:30:00+05:30,1214.5,1215.8,1214.5,1215.4,28979
2025-02-24 10:31:00+05:30,1215.4,1215.45,1214.7,1214.85,9146
2025-02-24 10:32:00+05:30,1214.85,1215.5,1214.45,1215.25,14702
2025-02-24 10:33:00+05:30,1215.3,1215.3,1214.4,1214.6,6580
2025-02-24 10:34:00+05:30,1214.6,1216.05,1214.45,1215.95,19734
2025-02-24 10:35:00+05:30,1215.95,1215.95,1215.35,1215.45,9773
2025-02-24 10:36:00+05:30,1215.25,1215.75,1214.75,1215.0,16862
2025-02-24 10:37:00+05:30,1215.0,1215.5,1214.75,1215.1,17644
2025-02-24 10:38:00+05:30,1215.2,1216.05,1215.0,1215.5,52456
2025-02-24 10:39:00+05:30,1215.5,1215.95,1215.25,1215.35,26335
2025-02-24 10:40:00+05:30,1215.35,1215.75,1215.0,1215.55,18727
2025-02-24 10:41:00+05:30,1215.55,1216.0,1215.0,1215.7,63734
2025-02-24 10:42:00+05:30,1215.7,1216.05,1215.5,1215.9,23215
2025-02-24 10:43:00+05:30,1215.9,1215.9,1215.45,1215.55,13749
2025-02-24 10:44:00+05:30,1215.5,1215.75,1214.65,1214.65,20420
2025-02-24 10:45:00+05:30,1214.65,1216.0,1214.25,1215.75,47478
2025-02-24 10:46:00+05:30,1215.8,1216.45,1215.5,1215.7,23222
2025-02-24 10:47:00+05:30,1215.6,1216.15,1215.6,1215.65,10983
2025-02-24 10:48:00+05:30,1215.65,1215.65,1215.15,1215.4,9308
2025-02-24 10:49:00+05:30,1215.4,1215.6,1214.85,1215.55,16302
2025-02-24 10:50:00+05:30,1215.5,1215.5,1214.8,1214.8,27519
2025-02-24 10:51:00+05:30,1214.75,1214.8,1214.4,1214.5,14357
2025-02-24 10:52:00+05:30,1214.5,1214.6,1214.45,1214.55,8357
2025-02-24 10:53:00+05:30,1214.55,1215.0,1214.45,1214.95,18465
2025-02-24 10:54:00+05:30,1214.75,1214.85,1214.1,1214.4,16493
2025-02-24 10:55:00+05:30,1214.4,1214.7,1213.9,1214.05,18989
2025-02-24 10:56:00+05:30,1214.05,1214.05,1212.1,1212.2,28491
2025-02-24 10:57:00+05:30,1212.1,1213.1,1211.9,1212.7,28921
2025-02-24 10:58:00+05:30,1212.5,1212.9,1211.95,1212.05,17769
2025-02-24 10:59:00+05:30,1212.0,1212.95,1211.95,1212.95,19475
2025-02-24 11:00:00+05:30,1212.75,1212.75,1212.0,1212.1,27223
2025-02-24 11:01:00+05:30,1212.1,1212.45,1211.95,1212.4,24712
2025-02-24 11:02:00+05:30,1212.3,1213.25,1212.1,1212.25,25805
2025-02-24 11:03:00+05:30,1212.2,1213.2,1212.2,1213.2,29872
2025-02-24 11:04:00+05:30,1212.9,1213.5,1212.65,1212.8,18378
2025-02-24 11:05:00+05:30,1212.8,1212.9,1212.4,1212.5,17182
2025-02-24 11:06:00+05:30,1212.5,1213.2,1212.4,1212.55,26037
2025-02-24 11:07:00+05:30,1212.4,1213.85,1212.4,1213.85,24346
2025-02-24 11:08:00+05:30,1213.85,1213.85,1213.15,1213.25,12870
2025-02-24 11:09:00+05:30,1213.2,1213.8,1213.1,1213.3,10110
2025-02-24 11:10:00+05:30,1213.3,1214.95,1213.3,1214.9,22219
2025-02-24 11:11:00+05:30,1214.6,1215.0,1214.6,1214.8,16878
2025-02-24 11:12:00+05:30,1214.75,1215.0,1214.3,1214.85,12993
2025-02-24 11:13:00+05:30,1214.85,1215.05,1214.8,1214.95,23948
2025-02-24 11:14:00+05:30,1214.95,1215.0,1214.55,1214.75,10499
2025-02-24 11:15:00+05:30,1214.7,1215.5,1214.6,1215.4,22771
2025-02-24 11:16:00+05:30,1215.4,1216.0,1215.2,1215.65,13363
2025-02-24 11:17:00+05:30,1215.65,1216.0,1215.3,1216.0,18485
2025-02-24 11:18:00+05:30,1216.0,1216.0,1215.45,1215.5,8452
2025-02-24 11:19:00+05:30,1215.45,1216.0,1215.4,1215.75,15264
2025-02-24 11:20:00+05:30,1215.7,1215.9,1215.35,1215.65,13780
2025-02-24 11:21:00+05:30,1215.65,1216.2,1215.05,1216.1,39776
2025-02-24 11:22:00+05:30,1215.95,1216.35,1215.7,1215.8,11642
2025-02-24 11:23:00+05:30,1215.8,1216.5,1215.1,1215.9,29995
2025-02-24 11:24:00+05:30,1216.5,1216.55,1215.5,1216.15,26442
2025-02-24 11:25:00+05:30,1216.1,1216.45,1216.05,1216.4,12063
2025-02-24 11:26:00+05:30,1216.3,1216.4,1215.85,1215.95,9125
2025-02-24 11:27:00+05:30,1215.85,1215.9,1215.1,1215.1,14228
2025-02-24 11:28:00+05:30,1215.1,1215.75,1214.75,1215.3,21194
2025-02-24 11:29:00+05:30,1215.3,1216.15,1215.05,1215.6,18481
2025-02-24 11:30:00+05:30,1215.35,1215.55,1214.0,1214.1,14574
2025-02-24 11:31:00+05:30,1214.1,1215.0,1213.9,1214.95,36224
2025-02-24 11:32:00+05:30,1214.8,1215.0,1214.55,1215.0,22853
2025-02-24 11:33:00+05:30,1214.9,1215.0,1214.65,1214.9,17027
2025-02-24 11:34:00+05:30,1214.9,1216.05,1214.3,1215.4,69486
2025-02-24 11:35:00+05:30,1215.75,1216.1,1215.2,1215.8,14293
2025-02-24 11:36:00+05:30,1215.75,1216.25,1215.75,1216.2,15069
2025-02-24 11:37:00+05:30,1216.15,1216.25,1215.5,1215.9,16157
2025-02-24 11:38:00+05:30,1215.9,1215.9,1215.1,1215.1,16724
2025-02-24 11:39:00+05:30,1215.15,1215.6,1214.85,1215.0,32835
2025-02-24 11:40:00+05:30,1215.0,1217.0,1214.7,1216.4,67713
2025-02-24 11:41:00+05:30,1216.0,1216.8,1215.55,1216.35,46037
2025-02-24 11:42:00+05:30,1216.25,1216.55,1216.0,1216.35,50012
2025-02-24 11:43:00+05:30,1216.0,1216.55,1215.3,1216.55,35943
2025-02-24 11:44:00+05:30,1216.35,1217.45,1216.1,1217.15,38315
2025-02-24 11:45:00+05:30,1217.45,1217.45,1216.15,1216.7,26455
2025-02-24 11:46:00+05:30,1216.6,1217.35,1216.0,1216.8,28552
2025-02-24 11:47:00+05:30,1216.8,1218.0,1216.55,1217.9,42829
2025-02-24 11:48:00+05:30,1217.45,1218.85,1217.45,1217.95,56131
2025-02-24 11:49:00+05:30,1217.8,1219.4,1217.7,1219.0,50585
2025-02-24 11:50:00+05:30,1218.85,1219.15,1217.5,1218.0,27139
2025-02-24 11:51:00+05:30,1218.0,1218.35,1217.0,1217.1,83832
2025-02-24 11:52:00+05:30,1217.0,1218.4,1216.95,1217.6,127989
2025-02-24 11:53:00+05:30,1217.6,1217.9,1217.0,1217.55,16170
2025-02-24 11:54:00+05:30,1217.35,1217.8,1217.0,1217.8,21139
2025-02-24 11:55:00+05:30,1217.35,1218.75,1217.25,1218.0,27718
2025-02-24 11:56:00+05:30,1217.85,1218.2,1217.3,1218.05,30423
2025-02-24 11:57:00+05:30,1217.8,1217.95,1216.75,1217.65,17284
2025-02-24 11:58:00+05:30,1217.2,1217.8,1216.85,1217.1,22693
2025-02-24 11:59:00+05:30,1217.05,1217.25,1216.25,1216.35,19328
2025-02-24 12:00:00+05:30,1216.35,1217.05,1216.05,1216.85,21171
2025-02-24 12:01:00+05:30,1216.85,1216.95,1216.05,1216.45,40545
2025-02-24 12:02:00+05:30,1216.4,1216.85,1216.1,1216.15,13863
2025-02-24 12:03:00+05:30,1216.1,1216.1,1215.05,1215.45,18071
2025-02-24 12:04:00+05:30,1215.45,1215.9,1215.0,1215.05,17440
2025-02-24 12:05:00+05:30,1215.2,1215.45,1214.6,1214.75,24212
2025-02-24 12:06:00+05:30,1214.75,1215.5,1214.6,1215.5,25390
2025-02-24 12:07:00+05:30,1215.5,1215.55,1214.4,1214.7,17984
2025-02-24 12:08:00+05:30,1214.65,1215.2,1214.6,1214.65,10955
2025-02-24 12:09:00+05:30,1214.6,1215.3,1214.4,1215.2,11739
2025-02-24 12:10:00+05:30,1214.95,1215.55,1214.65,1214.9,25065
2025-02-24 12:11:00+05:30,1214.8,1215.0,1214.5,1214.6,11238
2025-02-24 12:12:00+05:30,1214.55,1215.2,1214.5,1214.85,13584
2025-02-24 12:13:00+05:30,1214.85,1215.4,1214.55,1214.6,23540
2025-02-24 12:14:00+05:30,1214.55,1214.6,1214.2,1214.4,11704
2025-02-24 12:15:00+05:30,1214.4,1215.0,1213.65,1215.0,56996
2025-02-24 12:16:00+05:30,1215.0,1215.2,1214.55,1214.7,15925
2025-02-24 12:17:00+05:30,1214.85,1215.55,1214.7,1215.05,30106
2025-02-24 12:18:00+05:30,1215.05,1215.45,1214.95,1215.0,24388
2025-02-24 12:19:00+05:30,1214.95,1215.4,1214.85,1215.3,20436
2025-02-24 12:20:00+05:30,1215.1,1215.55,1215.0,1215.45,23386
2025-02-24 12:21:00+05:30,1215.3,1216.8,1215.2,1216.75,28196
2025-02-24 12:22:00+05:30,1216.5,1216.75,1216.05,1216.25,24504
2025-02-24 12:23:00+05:30,1216.1,1216.95,1216.0,1216.1,28393
2025-02-24 12:24:00+05:30,1216.1,1216.55,1215.5,1216.1,53157
2025-02-24 12:25:00+05:30,1216.05,1216.55,1215.9,1216.1,51711
2025-02-24 12:26:00+05:30,1216.1,1216.55,1215.75,1216.55,32179
2025-02-24 12:27:00+05:30,1216.35,1216.55,1215.9,1216.2,26826
2025-02-24 12:28:00+05:30,1216.2,1216.9,1216.15,1216.4,45531
2025-02-24 12:29:00+05:30,1216.4,1216.4,1215.65,1216.3,41924
2025-02-24 12:30:00+05:30,1216.3,1217.55,1215.85,1216.4,58235
2025-02-24 12:31:00+05:30,1216.65,1217.35,1216.2,1216.95,30982
2025-02-24 12:32:00+05:30,1216.9,1217.45,1216.8,1217.35,33386
2025-02-24 12:33:00+05:30,1217.25,1217.5,1216.85,1217.45,46892
2025-02-24 12:34:00+05:30,1217.4,1218.5,1217.4,1218.35,30763
2025-02-24 12:35:00+05:30,1218.3,1219.4,1218.25,1219.1,28728
2025-02-24 12:36:00+05:30,1219.1,1219.9,1219.05,1219.35,25041
2025-02-24 12:37:00+05:30,1219.55,1219.65,1218.55,1218.75,22849
2025-02-24 12:38:00+05:30,1218.75,1219.6,1218.7,1218.9,18093
2025-02-24 12:39:00+05:30,1218.85,1219.1,1218.6,1219.0,21954
2025-02-24 12:40:00+05:30,1218.95,1219.2,1218.45,1218.95,26683
2025-02-24 12:41:00+05:30,1218.95,1219.45,1218.5,1218.5,30754
2025-02-24 12:42:00+05:30,1218.55,1219.25,1218.35,1219.05,34258
2025-02-24 12:43:00+05:30,1219.05,1219.4,1218.8,1218.95,25851
2025-02-24 12:44:00+05:30,1218.95,1219.3,1218.75,1218.8,19935
2025-02-24 12:45:00+05:30,1218.75,1219.25,1218.65,1219.0,20484
2025-02-24 12:46:00+05:30,1218.85,1219.15,1218.4,1218.75,24655
2025-02-24 12:47:00+05:30,1218.5,1219.25,1218.25,1219.1,18952
2025-02-24 12:48:00+05:30,1219.1,1219.3,1218.2,1218.75,20849
2025-02-24 12:49:00+05:30,1218.75,1218.9,1218.25,1218.35,16768
2025-02-24 12:50:00+05:30,1218.35,1218.55,1217.8,1218.05,35369
2025-02-24 12:51:00+05:30,1218.15,1218.55,1217.85,1218.55,27920
2025-02-24 12:52:00+05:30,1218.6,1218.6,1218.1,1218.5,15709
2025-02-24 12:53:00+05:30,1218.5,1219.1,1218.15,1218.85,23529
2025-02-24 12:54:00+05:30,1218.9,1219.45,1218.75,1219.45,18914
2025-02-24 12:55:00+05:30,1219.45,1219.45,1218.95,1219.1,13804
2025-02-24 12:56:00+05:30,1219.1,1219.8,1218.9,1219.65,25833
2025-02-24 12:57:00+05:30,1219.7,1220.0,1219.4,1219.9,23982
2025-02-24 12:58:00+05:30,1219.85,1219.9,1218.95,1219.25,25563
2025-02-24 12:59:00+05:30,1219.25,1219.5,1219.1,1219.25,21056
2025-02-24 13:00:00+05:30,1219.2,1220.1,1219.15,1220.05,24513
2025-02-24 13:01:00+05:30,1220.05,1220.35,1219.3,1219.5,28510
2025-02-24 13:02:00+05:30,1219.5,1219.5,1218.35,1218.95,64248
2025-02-24 13:03:00+05:30,1218.6,1219.45,1218.35,1219.1,165736
2025-02-24 13:04:00+05:30,1219.1,1219.5,1218.9,1219.3,18905
2025-02-24 13:05:00+05:30,1219.3,1219.75,1219.2,1219.25,20341
2025-02-24 13:06:00+05:30,1219.2,1220.15,1219.2,1219.65,25205
2025-02-24 13:07:00+05:30,1219.65,1220.4,1219.6,1220.05,28592
2025-02-24 13:08:00+05:30,1220.35,1220.4,1219.75,1219.85,20522
2025-02-24 13:09:00+05:30,1219.85,1219.85,1219.6,1219.75,20549
2025-02-24 13:10:00+05:30,1219.85,1219.95,1218.8,1218.95,16251
2025-02-24 13:11:00+05:30,1218.85,1219.15,1218.25,1219.05,19950
2025-02-24 13:12:00+05:30,1218.95,1218.95,1218.4,1218.45,13006
2025-02-24 13:13:00+05:30,1218.45,1218.7,1218.05,1218.25,14030
2025-02-24 13:14:00+05:30,1218.15,1218.25,1217.7,1217.75,20859
2025-02-24 13:15:00+05:30,1217.75,1218.4,1217.15,1218.4,23823
2025-02-24 13:16:00+05:30,1218.4,1218.7,1218.1,1218.3,14898
2025-02-24 13:17:00+05:30,1218.4,1218.7,1218.3,1218.7,20547
2025-02-24 13:18:00+05:30,1218.7,1218.7,1218.3,1218.35,11390
2025-02-24 13:19:00+05:30,1218.35,1218.4,1218.0,1218.4,21463
2025-02-24 13:20:00+05:30,1218.15,1219.3,1218.1,1219.05,26148
2025-02-24 13:21:00+05:30,1219.2,1219.65,1218.25,1218.45,15825
2025-02-24 13:22:00+05:30,1218.4,1218.45,1217.7,1217.85,15284
2025-02-24 13:23:00+05:30,1217.85,1218.25,1217.55,1217.55,25456
2025-02-24 13:24:00+05:30,1217.65,1217.9,1217.55,1217.65,16043
2025-02-24 13:25:00+05:30,1217.65,1218.0,1217.05,1217.65,24812
2025-02-24 13:26:00+05:30,1218.0,1218.0,1217.45,1217.45,17411
2025-02-24 13:27:00+05:30,1217.45,1217.45,1216.8,1216.8,36744
2025-02-24 13:28:00+05:30,1216.9,1217.85,1216.8,1216.8,32187
2025-02-24 13:29:00+05:30,1216.85,1217.4,1216.65,1217.1,19639
2025-02-24 13:30:00+05:30,1217.1,1218.0,1216.95,1217.9,35485
2025-02-24 13:31:00+05:30,1217.9,1218.15,1217.7,1217.8,23125
2025-02-24 13:32:00+05:30,1217.9,1217.9,1217.15,1217.65,21957
2025-02-24 13:33:00+05:30,1217.7,1217.85,1217.35,1217.5,18057
2025-02-24 13:34:00+05:30,1217.5,1217.9,1217.25,1217.8,18815
2025-02-24 13:35:00+05:30,1217.55,1217.9,1217.2,1217.4,17466
2025-02-24 13:36:00+05:30,1217.35,1218.0,1217.3,1217.7,17712
2025-02-24 13:37:00+05:30,1217.6,1218.0,1217.5,1217.95,21169
2025-02-24 13:38:00+05:30,1217.95,1218.0,1215.95,1216.35,21525
2025-02-24 13:39:00+05:30,1216.4,1217.1,1215.8,1216.75,21127
2025-02-24 13:40:00+05:30,1216.7,1217.2,1216.55,1216.9,16904
2025-02-24 13:41:00+05:30,1216.9,1216.9,1215.8,1216.25,23821
2025-02-24 13:42:00+05:30,1216.25,1216.9,1216.2,1216.6,26561
2025-02-24 13:43:00+05:30,1216.55,1217.4,1216.45,1216.7,55164
2025-02-24 13:44:00+05:30,1217.05,1217.1,1216.65,1216.85,17341
2025-02-24 13:45:00+05:30,1216.85,1217.2,1216.7,1216.95,22933
2025-02-24 13:46:00+05:30,1217.0,1217.05,1216.3,1216.65,26209
2025-02-24 13:47:00+05:30,1216.8,1217.25,1216.3,1216.75,26467
2025-02-24 13:48:00+05:30,1216.95,1217.05,1216.55,1216.75,18888
2025-02-24 13:49:00+05:30,1216.7,1217.15,1216.5,1216.95,22565
2025-02-24 13:50:00+05:30,1216.85,1217.95,1216.85,1217.85,30558
2025-02-24 13:51:00+05:30,1217.9,1218.0,1217.4,1217.9,21213
2025-02-24 13:52:00+05:30,1217.85,1217.9,1217.0,1217.15,17895
2025-02-24 13:53:00+05:30,1217.15,1218.0,1217.0,1217.95,23709
2025-02-24 13:54:00+05:30,1217.85,1218.6,1217.6,1218.3,26743
2025-02-24 13:55:00+05:30,1218.15,1218.2,1217.9,1218.05,15483
2025-02-24 13:56:00+05:30,1218.05,1218.5,1217.5,1217.55,14617
2025-02-24 13:57:00+05:30,1217.65,1217.95,1217.0,1217.95,20978
2025-02-24 13:58:00+05:30,1217.95,1217.95,1217.55,1217.75,13694
2025-02-24 13:59:00+05:30,1217.75,1218.1,1217.45,1218.1,16774
2025-02-24 14:00:00+05:30,1218.2,1218.3,1217.8,1218.1,18996
2025-02-24 14:01:00+05:30,1218.1,1218.1,1217.5,1217.55,16398
2025-02-24 14:02:00+05:30,1217.55,1218.35,1217.5,1218.0,16214
2025-02-24 14:03:00+05:30,1218.05,1218.85,1217.95,1218.75,21157
2025-02-24 14:04:00+05:30,1218.75,1219.0,1218.25,1218.35,15953
2025-02-24 14:05:00+05:30,1218.35,1218.6,1218.3,1218.35,18058
2025-02-24 14:06:00+05:30,1218.4,1218.45,1218.2,1218.2,13625
2025-02-24 14:07:00+05:30,1218.25,1218.6,1218.15,1218.3,19950
2025-02-24 14:08:00+05:30,1218.3,1218.35,1217.4,1217.5,15364
2025-02-24 14:09:00+05:30,1217.55,1217.95,1217.2,1217.9,19987
2025-02-24 14:10:00+05:30,1217.9,1218.15,1217.35,1217.95,19533
2025-02-24 14:11:00+05:30,1217.95,1218.25,1217.55,1217.75,18213
2025-02-24 14:12:00+05:30,1217.8,1218.55,1217.6,1217.9,23538
2025-02-24 14:13:00+05:30,1217.85,1217.9,1217.0,1217.1,22810
2025-02-24 14:14:00+05:30,1217.2,1217.6,1216.85,1217.2,21276
2025-02-24 14:15:00+05:30,1217.25,1217.9,1217.2,1217.85,21204
2025-02-24 14:16:00+05:30,1217.5,1217.85,1217.15,1217.3,21721
2025-02-24 14:17:00+05:30,1217.3,1217.85,1217.15,1217.45,21637
2025-02-24 14:18:00+05:30,1217.65,1217.8,1217.4,1217.65,21631
2025-02-24 14:19:00+05:30,1217.65,1218.7,1217.65,1218.4,29839
2025-02-24 14:20:00+05:30,1218.35,1218.75,1218.15,1218.2,27188
2025-02-24 14:21:00+05:30,1218.25,1218.35,1217.75,1217.75,19869
2025-02-24 14:22:00+05:30,1217.75,1217.95,1217.3,1217.45,20207
2025-02-24 14:23:00+05:30,1217.3,1217.4,1217.1,1217.35,17500
2025-02-24 14:24:00+05:30,1217.35,1218.2,1217.15,1218.05,21207
2025-02-24 14:25:00+05:30,1218.1,1218.3,1217.65,1218.25,25339
2025-02-24 14:26:00+05:30,1218.2,1218.3,1217.75,1217.95,20366
2025-02-24 14:27:00+05:30,1217.95,1217.95,1217.1,1217.2,7229
2025-02-24 14:28:00+05:30,1217.15,1218.2,1217.1,1217.75,34458
2025-02-24 14:29:00+05:30,1217.85,1217.9,1217.65,1217.8,16672
2025-02-24 14:30:00+05:30,1217.8,1219.3,1217.8,1219.0,40627
2025-02-24 14:31:00+05:30,1218.9,1218.95,1218.0,1218.55,19874
2025-02-24 14:32:00+05:30,1218.4,1218.9,1217.9,1218.3,31799
2025-02-24 14:33:00+05:30,1218.3,1218.6,1217.8,1218.35,36220
2025-02-24 14:34:00+05:30,1218.25,1218.9,1217.95,1218.45,31512
2025-02-24 14:35:00+05:30,1218.45,1218.95,1217.95,1218.5,42103
2025-02-24 14:36:00+05:30,1218.75,1220.0,1218.5,1219.9,53291
2025-02-24 14:37:00+05:30,1219.8,1219.95,1218.4,1218.7,54421
2025-02-24 14:38:00+05:30,1218.7,1219.0,1218.25,1218.8,36054
2025-02-24 14:39:00+05:30,1218.55,1218.8,1217.5,1217.8,66428
2025-02-24 14:40:00+05:30,1217.65,1217.8,1216.85,1217.3,66481
2025-02-24 14:41:00+05:30,1217.3,1218.7,1217.0,1217.2,97484
2025-02-24 14:42:00+05:30,1217.2,1218.1,1217.15,1217.2,72434
2025-02-24 14:43:00+05:30,1217.2,1218.35,1217.0,1217.9,46050
2025-02-24 14:44:00+05:30,1217.9,1218.45,1217.0,1217.7,98185
2025-02-24 14:45:00+05:30,1217.75,1218.5,1217.6,1217.8,95956
2025-02-24 14:46:00+05:30,1217.8,1218.25,1217.4,1217.5,65776
2025-02-24 14:47:00+05:30,1217.55,1217.9,1217.15,1217.15,36068
2025-02-24 14:48:00+05:30,1217.15,1217.4,1216.75,1216.9,56648
2025-02-24 14:49:00+05:30,1216.9,1217.0,1216.1,1216.6,44880
2025-02-24 14:50:00+05:30,1216.6,1216.75,1216.2,1216.2,32119
2025-02-24 14:51:00+05:30,1216.25,1216.4,1215.85,1216.3,44044
2025-02-24 14:52:00+05:30,1216.25,1216.85,1216.25,1216.8,32404
2025-02-24 14:53:00+05:30,1216.7,1218.55,1216.7,1218.2,60480
2025-02-24 14:54:00+05:30,1217.9,1218.35,1217.5,1217.8,30756
2025-02-24 14:55:00+05:30,1217.85,1218.0,1217.3,1217.3,21792
2025-02-24 14:56:00+05:30,1217.4,1217.55,1217.25,1217.25,30978
2025-02-24 14:57:00+05:30,1217.3,1217.8,1217.2,1217.55,25086
2025-02-24 14:58:00+05:30,1217.65,1217.9,1217.35,1217.35,23758
2025-02-24 14:59:00+05:30,1217.75,1218.1,1217.4,1217.95,27818
2025-02-24 15:00:00+05:30,1218.0,1218.5,1217.9,1218.45,61336
2025-02-24 15:01:00+05:30,1218.5,1218.5,1217.65,1217.75,45504
2025-02-24 15:02:00+05:30,1217.75,1218.15,1217.65,1217.85,45453
2025-02-24 15:03:00+05:30,1217.95,1218.05,1217.65,1217.65,61747
2025-02-24 15:04:00+05:30,1217.65,1217.85,1217.3,1217.7,47877
2025-02-24 15:05:00+05:30,1217.75,1217.75,1217.55,1217.7,40976
2025-02-24 15:06:00+05:30,1217.7,1218.25,1217.65,1218.2,65132
2025-02-24 15:07:00+05:30,1218.15,1218.7,1218.05,1218.65,59791
2025-02-24 15:08:00+05:30,1218.65,1218.7,1218.55,1218.7,44966
2025-02-24 15:09:00+05:30,1218.7,1218.7,1217.95,1218.15,49229
2025-02-24 15:10:00+05:30,1218.2,1218.8,1218.0,1218.55,85570
2025-02-24 15:11:00+05:30,1218.8,1218.8,1217.75,1217.8,41542
2025-02-24 15:12:00+05:30,1217.8,1217.95,1217.6,1217.95,48767
2025-02-24 15:13:00+05:30,1217.95,1218.55,1217.9,1218.3,55534
2025-02-24 15:14:00+05:30,1218.3,1218.3,1217.75,1218.0,36149
2025-02-24 15:15:00+05:30,1218.0,1218.0,1217.9,1217.9,42775
2025-02-24 15:16:00+05:30,1218.0,1218.85,1217.95,1218.75,78130
2025-02-24 15:17:00+05:30,1218.8,1218.85,1218.55,1218.65,47071
2025-02-24 15:18:00+05:30,1218.7,1218.9,1218.35,1218.7,69780
2025-02-24 15:19:00+05:30,1218.7,1218.85,1218.0,1218.45,90914
2025-02-24 15:20:00+05:30,1218.45,1218.65,1217.7,1218.2,68276
2025-02-24 15:21:00+05:30,1218.2,1218.25,1217.9,1218.05,52155
2025-02-24 15:22:00+05:30,1218.0,1218.3,1217.95,1218.1,48218
2025-02-24 15:23:00+05:30,1218.05,1218.2,1217.95,1218.0,62415
2025-02-24 15:24:00+05:30,1218.05,1218.5,1218.0,1218.3,62048
2025-02-24 15:25:00+05:30,1218.35,1219.3,1218.3,1219.3,54754
2025-02-24 15:26:00+05:30,1219.25,1220.1,1219.2,1219.9,49938
2025-02-24 15:27:00+05:30,1219.9,1219.9,1219.55,1219.6,39563
2025-02-24 15:28:00+05:30,1219.55,1219.9,1219.5,1219.9,37109
2025-02-24 15:29:00+05:30,1219.9,1220.9,1219.65,1219.7,21710
2025-02-25 09:15:00+05:30,1225.0,1231.65,1223.05,1228.4,307267
2025-02-25 09:16:00+05:30,1228.2,1228.95,1227.1,1227.4,112723
2025-02-25 09:17:00+05:30,1227.6,1228.0,1227.0,1227.75,61709
2025-02-25 09:18:00+05:30,1227.5,1227.75,1225.55,1226.35,78630
2025-02-25 09:19:00+05:30,1226.35,1226.7,1224.8,1225.55,68015
2025-02-25 09:20:00+05:30,1225.55,1226.4,1224.55,1225.55,50963
2025-02-25 09:21:00+05:30,1225.2,1225.9,1224.55,1224.75,47488
2025-02-25 09:22:00+05:30,1224.75,1225.3,1224.1,1225.05,63212
2025-02-25 09:23:00+05:30,1224.75,1225.1,1223.0,1224.05,66029
2025-02-25 09:24:00+05:30,1224.0,1224.7,1223.4,1224.0,77959
2025-02-25 09:25:00+05:30,1224.05,1225.0,1223.25,1224.4,73566
2025-02-25 09:26:00+05:30,1224.1,1224.4,1221.55,1221.95,48444
2025-02-25 09:27:00+05:30,1221.6,1222.4,1221.2,1221.25,47351
2025-02-25 09:28:00+05:30,1221.5,1222.55,1221.25,1222.1,64667
2025-02-25 09:29:00+05:30,1222.2,1222.55,1221.0,1222.2,49034
2025-02-25 09:30:00+05:30,1222.45,1222.75,1221.5,1222.5,28612
2025-02-25 09:31:00+05:30,1222.4,1224.9,1222.4,1224.5,43766
2025-02-25 09:32:00+05:30,1224.65,1224.8,1223.55,1224.6,29739
2025-02-25 09:33:00+05:30,1224.4,1225.65,1224.4,1225.2,27660
2025-02-25 09:34:00+05:30,1225.5,1225.7,1224.7,1224.95,31008
2025-02-25 09:35:00+05:30,1224.95,1225.5,1224.3,1224.95,26610
2025-02-25 09:36:00+05:30,1224.9,1225.35,1223.7,1224.05,26069
2025-02-25 09:37:00+05:30,1224.15,1224.6,1223.65,1224.45,28919
2025-02-25 09:38:00+05:30,1224.45,1224.95,1224.0,1224.95,31905
2025-02-25 09:39:00+05:30,1224.95,1226.0,1224.65,1225.9,25847
2025-02-25 09:40:00+05:30,1225.9,1226.25,1225.1,1225.6,31521
2025-02-25 09:41:00+05:30,1225.6,1226.65,1225.6,1226.4,20966
2025-02-25 09:42:00+05:30,1226.4,1227.0,1225.65,1227.0,23109
2025-02-25 09:43:00+05:30,1226.95,1227.2,1225.95,1226.65,23367
2025-02-25 09:44:00+05:30,1226.65,1227.2,1226.6,1227.1,24446
2025-02-25 09:45:00+05:30,1227.2,1227.25,1225.55,1225.7,31229
2025-02-25 09:46:00+05:30,1225.7,1225.9,1224.35,1224.6,30805
2025-02-25 09:47:00+05:30,1224.6,1225.0,1223.75,1223.8,25257
2025-02-25 09:48:00+05:30,1223.8,1225.75,1223.55,1225.75,23430
2025-02-25 09:49:00+05:30,1225.75,1226.4,1225.5,1226.25,30667
2025-02-25 09:50:00+05:30,1226.25,1227.15,1226.05,1226.7,27129
2025-02-25 09:51:00+05:30,1226.95,1227.9,1226.95,1227.6,31197
2025-02-25 09:52:00+05:30,1227.85,1228.0,1226.75,1226.95,25133
2025-02-25 09:53:00+05:30,1226.95,1227.35,1225.65,1226.15,24764
2025-02-25 09:54:00+05:30,1226.15,1227.55,1226.15,1227.45,19624
2025-02-25 09:55:00+05:30,1226.95,1227.35,1226.45,1226.85,24891
2025-02-25 09:56:00+05:30,1226.75,1227.1,1226.0,1226.0,16191
2025-02-25 09:57:00+05:30,1226.0,1226.8,1225.15,1225.7,18142
2025-02-25 09:58:00+05:30,1225.7,1226.6,1225.7,1226.15,14314
2025-02-25 09:59:00+05:30,1226.15,1226.75,1225.65,1226.35,15379
2025-02-25 10:00:00+05:30,1226.4,1226.45,1225.0,1226.1,16819
2025-02-25 10:01:00+05:30,1226.1,1226.4,1225.1,1225.75,16175
2025-02-25 10:02:00+05:30,1225.25,1226.0,1225.25,1225.9,17648
2025-02-25 10:03:00+05:30,1226.0,1226.25,1225.2,1225.4,21411
2025-02-25 10:04:00+05:30,1225.35,1225.95,1225.3,1225.8,10949
2025-02-25 10:05:00+05:30,1225.95,1225.95,1224.85,1225.55,13501
2025-02-25 10:06:00+05:30,1225.55,1225.75,1225.0,1225.6,10986
2025-02-25 10:07:00+05:30,1225.6,1225.95,1225.0,1225.4,15238
2025-02-25 10:08:00+05:30,1225.15,1225.85,1225.0,1225.25,14117
2025-02-25 10:09:00+05:30,1225.35,1225.85,1225.05,1225.65,8649
2025-02-25 10:10:00+05:30,1225.6,1225.8,1225.0,1225.2,22746
2025-02-25 10:11:00+05:30,1225.15,1225.55,1225.0,1225.05,11903
2025-02-25 10:12:00+05:30,1225.0,1225.65,1224.5,1225.55,13724
2025-02-25 10:13:00+05:30,1225.4,1226.0,1225.3,1225.9,14809
2025-02-25 10:14:00+05:30,1225.9,1226.65,1225.9,1226.55,13247
2025-02-25 10:15:00+05:30,1226.6,1227.25,1226.0,1226.0,32575
2025-02-25 10:16:00+05:30,1226.0,1226.0,1224.55,1224.8,24745
2025-02-25 10:17:00+05:30,1224.8,1224.85,1224.1,1224.1,16084
2025-02-25 10:18:00+05:30,1224.2,1224.2,1223.3,1223.7,35364
2025-02-25 10:19:00+05:30,1223.7,1223.8,1222.0,1223.5,42797
2025-02-25 10:20:00+05:30,1223.5,1223.8,1223.3,1223.5,20159
2025-02-25 10:21:00+05:30,1223.5,1223.6,1222.65,1223.6,24202
2025-02-25 10:22:00+05:30,1223.6,1224.25,1222.95,1224.2,38039
2025-02-25 10:23:00+05:30,1224.25,1224.75,1223.7,1224.65,19533
2025-02-25 10:24:00+05:30,1224.5,1224.7,1223.95,1224.35,24912
2025-02-25 10:25:00+05:30,1224.2,1224.7,1223.6,1224.55,28277
2025-02-25 10:26:00+05:30,1224.45,1224.75,1224.4,1224.7,18791
2025-02-25 10:27:00+05:30,1224.75,1225.75,1224.55,1225.65,23546
2025-02-25 10:28:00+05:30,1225.75,1225.85,1224.75,1225.45,19879
2025-02-25 10:29:00+05:30,1225.45,1225.55,1224.5,1224.65,17724
2025-02-25 10:30:00+05:30,1224.65,1224.75,1223.8,1224.55,19436
2025-02-25 10:31:00+05:30,1224.45,1225.35,1224.3,1224.3,22539
2025-02-25 10:32:00+05:30,1224.45,1224.9,1224.0,1224.55,10832
2025-02-25 10:33:00+05:30,1224.55,1225.35,1224.05,1225.3,22915
2025-02-25 10:34:00+05:30,1225.25,1225.55,1224.7,1225.4,20134
2025-02-25 10:35:00+05:30,1225.4,1225.65,1224.7,1224.95,18804
2025-02-25 10:36:00+05:30,1225.05,1225.1,1224.4,1224.8,18185
2025-02-25 10:37:00+05:30,1224.8,1225.05,1224.4,1224.85,16792
2025-02-25 10:38:00+05:30,1224.85,1225.05,1224.8,1225.05,64692
2025-02-25 10:39:00+05:30,1225.25,1225.65,1224.85,1225.25,23271
2025-02-25 10:40:00+05:30,1225.15,1225.35,1224.9,1225.35,20191
2025-02-25 10:41:00+05:30,1225.4,1226.55,1225.35,1226.1,26211
2025-02-25 10:42:00+05:30,1225.85,1226.65,1225.55,1225.95,22036
2025-02-25 10:43:00+05:30,1225.75,1226.0,1225.25,1225.25,18696
2025-02-25 10:44:00+05:30,1225.25,1225.5,1224.8,1224.8,17882
2025-02-25 10:45:00+05:30,1224.8,1224.95,1224.35,1224.35,15312
2025-02-25 10:46:00+05:30,1224.35,1224.35,1222.8,1223.35,21112
2025-02-25 10:47:00+05:30,1223.3,1223.55,1221.95,1222.55,29160
2025-02-25 10:48:00+05:30,1222.55,1223.15,1222.3,1222.35,21063
2025-02-25 10:49:00+05:30,1222.4,1223.5,1221.5,1223.05,34791
2025-02-25 10:50:00+05:30,1223.05,1223.5,1222.6,1223.45,18921
2025-02-25 10:51:00+05:30,1223.45,1224.15,1223.0,1223.05,19764
2025-02-25 10:52:00+05:30,1223.05,1223.95,1223.05,1223.6,24005
2025-02-25 10:53:00+05:30,1223.4,1224.6,1223.4,1224.6,13119
2025-02-25 10:54:00+05:30,1224.6,1224.9,1224.55,1224.85,11375
2025-02-25 10:55:00+05:30,1224.9,1225.0,1224.0,1224.35,16507
2025-02-25 10:56:00+05:30,1224.4,1225.35,1224.15,1225.2,20977
2025-02-25 10:57:00+05:30,1225.2,1225.3,1224.25,1224.5,14752
2025-02-25 10:58:00+05:30,1224.5,1224.7,1223.75,1224.5,21899
2025-02-25 10:59:00+05:30,1224.5,1224.5,1223.55,1223.95,18283
2025-02-25 11:00:00+05:30,1223.95,1224.0,1223.95,1224.0,12001
2025-02-25 11:01:00+05:30,1223.95,1224.65,1223.9,1224.65,16667
2025-02-25 11:02:00+05:30,1224.5,1225.0,1224.15,1224.5,19523
2025-02-25 11:03:00+05:30,1224.5,1225.0,1224.3,1224.75,16579
2025-02-25 11:04:00+05:30,1224.7,1224.85,1224.65,1224.85,14831
2025-02-25 11:05:00+05:30,1224.8,1224.95,1224.25,1224.65,17589
2025-02-25 11:06:00+05:30,1224.65,1224.65,1224.15,1224.25,14584
2025-02-25 11:07:00+05:30,1224.2,1224.85,1224.05,1224.75,16868
2025-02-25 11:08:00+05:30,1224.7,1224.8,1224.15,1224.65,14915
2025-02-25 11:09:00+05:30,1224.75,1224.9,1224.65,1224.9,8897
2025-02-25 11:10:00+05:30,1224.85,1224.9,1224.25,1224.5,12680
2025-02-25 11:11:00+05:30,1224.45,1224.75,1224.2,1224.25,14781
2025-02-25 11:12:00+05:30,1224.35,1224.55,1223.75,1224.0,11773
2025-02-25 11:13:00+05:30,1223.75,1224.0,1223.15,1223.15,12642
2025-02-25 11:14:00+05:30,1223.45,1223.85,1223.1,1223.5,7886
2025-02-25 11:15:00+05:30,1223.45,1223.5,1222.55,1223.45,19735
2025-02-25 11:16:00+05:30,1223.45,1224.25,1223.25,1224.15,12871
2025-02-25 11:17:00+05:30,1224.15,1224.15,1223.5,1223.9,11983
2025-02-25 11:18:00+05:30,1223.9,1224.35,1223.35,1224.3,14629
2025-02-25 11:19:00+05:30,1224.3,1224.4,1223.5,1224.2,13334
2025-02-25 11:20:00+05:30,1224.2,1224.35,1223.6,1224.2,9913
2025-02-25 11:21:00+05:30,1224.25,1224.35,1224.1,1224.3,10910
2025-02-25 11:22:00+05:30,1224.3,1224.45,1221.8,1221.85,80274
2025-02-25 11:23:00+05:30,1221.85,1222.7,1221.8,1222.3,28350
2025-02-25 11:24:00+05:30,1222.3,1223.1,1222.3,1222.95,15626
2025-02-25 11:25:00+05:30,1222.95,1223.0,1221.85,1222.6,18990
2025-02-25 11:26:00+05:30,1222.6,1223.05,1222.6,1223.0,13134
2025-02-25 11:27:00+05:30,1223.0,1223.05,1221.6,1221.95,29448
2025-02-25 11:28:00+05:30,1221.95,1222.8,1221.85,1222.55,68575
2025-02-25 11:29:00+05:30,1222.55,1223.0,1222.55,1222.95,14130
2025-02-25 11:30:00+05:30,1222.95,1223.0,1222.4,1222.45,12252
2025-02-25 11:31:00+05:30,1222.45,1223.15,1222.0,1222.95,28776
2025-02-25 11:32:00+05:30,1223.0,1223.3,1222.25,1222.45,21437
2025-02-25 11:33:00+05:30,1222.5,1222.8,1221.8,1222.8,38117
2025-02-25 11:34:00+05:30,1222.75,1222.8,1222.0,1222.45,16933
2025-02-25 11:35:00+05:30,1222.5,1222.8,1222.15,1222.3,14367
2025-02-25 11:36:00+05:30,1222.3,1223.5,1221.65,1222.2,72685
2025-02-25 11:37:00+05:30,1222.2,1222.85,1222.15,1222.7,18928
2025-02-25 11:38:00+05:30,1222.75,1223.3,1222.45,1223.1,12080
2025-02-25 11:39:00+05:30,1222.65,1223.3,1221.1,1222.85,72754
2025-02-25 11:40:00+05:30,1222.85,1223.0,1221.5,1221.7,32669
2025-02-25 11:41:00+05:30,1222.0,1222.0,1221.7,1221.95,16000
2025-02-25 11:42:00+05:30,1221.95,1222.0,1221.75,1221.8,10992
2025-02-25 11:43:00+05:30,1221.8,1222.05,1221.7,1221.7,13034
2025-02-25 11:44:00+05:30,1221.7,1222.05,1221.6,1221.9,10118
2025-02-25 11:45:00+05:30,1221.9,1222.15,1221.5,1221.95,9272
2025-02-25 11:46:00+05:30,1222.0,1222.0,1221.8,1221.95,11355
2025-02-25 11:47:00+05:30,1221.9,1222.0,1221.55,1222.0,12938
2025-02-25 11:48:00+05:30,1221.9,1222.75,1221.9,1222.35,19868
2025-02-25 11:49:00+05:30,1222.4,1222.5,1222.3,1222.45,10379
2025-02-25 11:50:00+05:30,1222.45,1222.6,1222.45,1222.5,12460
2025-02-25 11:51:00+05:30,1222.5,1222.65,1222.0,1222.05,10944
2025-02-25 11:52:00+05:30,1222.05,1222.55,1222.0,1222.3,10208
2025-02-25 11:53:00+05:30,1222.3,1222.5,1222.05,1222.2,15056
2025-02-25 11:54:00+05:30,1222.3,1222.55,1222.0,1222.45,10336
2025-02-25 11:55:00+05:30,1222.45,1222.65,1222.3,1222.65,14586
2025-02-25 11:56:00+05:30,1222.65,1223.3,1222.6,1223.2,12530
2025-02-25 11:57:00+05:30,1223.2,1223.7,1223.15,1223.6,10002
2025-02-25 11:58:00+05:30,1223.6,1224.05,1223.6,1224.0,11435
2025-02-25 11:59:00+05:30,1224.05,1224.05,1222.9,1223.6,19036
2025-02-25 12:00:00+05:30,1223.65,1224.35,1223.6,1224.0,15416
2025-02-25 12:01:00+05:30,1224.0,1224.35,1223.5,1224.25,14808
2025-02-25 12:02:00+05:30,1224.25,1224.3,1223.5,1223.9,13857
2025-02-25 12:03:00+05:30,1223.75,1224.25,1223.7,1223.95,24363
2025-02-25 12:04:00+05:30,1223.95,1224.2,1223.9,1224.0,23158
2025-02-25 12:05:00+05:30,1223.95,1224.75,1223.95,1224.5,21519
2025-02-25 12:06:00+05:30,1224.6,1225.0,1224.25,1224.75,20987
2025-02-25 12:07:00+05:30,1224.2,1224.8,1223.25,1224.45,34854
2025-02-25 12:08:00+05:30,1224.55,1225.0,1224.1,1224.65,14325
2025-02-25 12:09:00+05:30,1224.9,1224.95,1224.3,1224.5,14331
2025-02-25 12:10:00+05:30,1224.5,1224.95,1224.0,1224.1,15407
2025-02-25 12:11:00+05:30,1224.1,1224.5,1223.3,1223.95,23778
2025-02-25 12:12:00+05:30,1223.95,1224.0,1223.9,1223.95,12797
2025-02-25 12:13:00+05:30,1223.95,1224.5,1223.9,1224.05,13516
2025-02-25 12:14:00+05:30,1224.0,1224.6,1224.0,1224.55,15312
2025-02-25 12:15:00+05:30,1224.4,1224.6,1222.95,1223.7,63943
2025-02-25 12:16:00+05:30,1223.7,1224.7,1223.6,1224.15,35809
2025-02-25 12:17:00+05:30,1223.95,1224.2,1223.45,1223.5,14537
2025-02-25 12:18:00+05:30,1223.5,1224.0,1223.3,1223.75,13866
2025-02-25 12:19:00+05:30,1223.85,1223.85,1223.15,1223.35,12097
2025-02-25 12:20:00+05:30,1223.4,1223.6,1223.0,1223.5,12930
2025-02-25 12:21:00+05:30,1223.5,1224.0,1223.1,1223.2,11724
2025-02-25 12:22:00+05:30,1223.2,1224.0,1223.2,1223.95,12823
2025-02-25 12:23:00+05:30,1223.95,1224.65,1223.95,1224.3,10750
2025-02-25 12:24:00+05:30,1224.25,1224.65,1224.0,1224.2,11548
2025-02-25 12:25:00+05:30,1224.4,1224.5,1223.75,1224.35,8560
2025-02-25 12:26:00+05:30,1224.45,1224.55,1223.6,1224.0,11417
2025-02-25 12:27:00+05:30,1224.0,1224.55,1223.8,1224.55,8175
2025-02-25 12:28:00+05:30,1224.55,1225.0,1224.5,1224.95,17647
2025-02-25 12:29:00+05:30,1224.9,1225.0,1224.8,1225.0,12991
2025-02-25 12:30:00+05:30,1225.0,1225.5,1224.95,1225.45,21368
2025-02-25 12:31:00+05:30,1225.5,1225.5,1224.8,1225.1,16276
2025-02-25 12:32:00+05:30,1225.15,1225.3,1224.8,1225.15,12481
2025-02-25 12:33:00+05:30,1225.2,1225.3,1224.75,1224.8,11508
2025-02-25 12:34:00+05:30,1224.8,1225.25,1224.8,1225.25,10857
2025-02-25 12:35:00+05:30,1225.15,1225.3,1224.75,1224.95,13183
2025-02-25 12:36:00+05:30,1224.95,1225.25,1224.9,1225.15,10596
2025-02-25 12:37:00+05:30,1225.05,1225.15,1224.25,1225.15,12954
2025-02-25 12:38:00+05:30,1224.9,1225.05,1224.85,1225.0,12387
2025-02-25 12:39:00+05:30,1225.0,1225.2,1224.45,1225.05,12997
2025-02-25 12:40:00+05:30,1224.95,1225.4,1224.35,1224.45,30909
2025-02-25 12:41:00+05:30,1224.3,1224.95,1224.3,1224.8,19364
2025-02-25 12:42:00+05:30,1224.8,1224.95,1224.25,1224.45,35471
2025-02-25 12:43:00+05:30,1224.45,1224.8,1223.95,1224.75,53250
2025-02-25 12:44:00+05:30,1224.65,1224.8,1224.2,1224.45,25137
2025-02-25 12:45:00+05:30,1224.45,1225.65,1224.4,1225.35,105065
2025-02-25 12:46:00+05:30,1225.3,1225.45,1224.7,1224.85,10679
2025-02-25 12:47:00+05:30,1224.75,1225.4,1224.7,1224.9,11732
2025-02-25 12:48:00+05:30,1224.9,1225.35,1224.9,1225.3,8253
2025-02-25 12:49:00+05:30,1225.35,1225.4,1224.7,1225.0,12170
2025-02-25 12:50:00+05:30,1224.95,1225.35,1224.55,1224.75,14106
2025-02-25 12:51:00+05:30,1224.75,1225.05,1224.45,1224.75,16019
2025-02-25 12:52:00+05:30,1224.75,1224.95,1224.55,1224.85,13680
2025-02-25 12:53:00+05:30,1224.85,1225.05,1224.85,1224.95,11974
2025-02-25 12:54:00+05:30,1224.95,1225.05,1224.9,1224.95,8621
2025-02-25 12:55:00+05:30,1224.95,1225.3,1224.7,1225.25,16364
2025-02-25 12:56:00+05:30,1225.25,1225.5,1225.2,1225.45,14126
2025-02-25 12:57:00+05:30,1225.45,1225.6,1224.7,1224.75,14225
2025-02-25 12:58:00+05:30,1224.75,1225.55,1224.75,1225.15,13038
2025-02-25 12:59:00+05:30,1225.15,1225.5,1224.5,1224.95,13933
2025-02-25 13:00:00+05:30,1224.95,1225.4,1224.75,1224.8,13269
2025-02-25 13:01:00+05:30,1224.8,1225.5,1224.8,1225.0,15725
2025-02-25 13:02:00+05:30,1225.0,1225.55,1225.0,1225.45,12700
2025-02-25 13:03:00+05:30,1225.5,1225.75,1225.35,1225.7,15810
2025-02-25 13:04:00+05:30,1225.75,1225.9,1225.65,1225.7,15111
2025-02-25 13:05:00+05:30,1225.7,1225.9,1225.55,1225.75,13689
2025-02-25 13:06:00+05:30,1225.7,1226.0,1225.65,1225.9,18619
2025-02-25 13:07:00+05:30,1226.0,1227.1,1225.95,1226.85,37822
2025-02-25 13:08:00+05:30,1226.85,1227.55,1226.85,1227.45,27075
2025-02-25 13:09:00+05:30,1227.45,1227.55,1226.75,1227.55,23253
2025-02-25 13:10:00+05:30,1227.35,1228.35,1227.35,1227.9,28364
2025-02-25 13:11:00+05:30,1228.0,1228.45,1227.0,1227.45,35258
2025-02-25 13:12:00+05:30,1227.4,1228.15,1227.05,1227.65,39470
2025-02-25 13:13:00+05:30,1227.75,1228.5,1227.65,1228.15,28031
2025-02-25 13:14:00+05:30,1228.15,1228.5,1228.0,1228.05,22590
2025-02-25 13:15:00+05:30,1228.05,1228.35,1227.55,1227.7,19402
2025-02-25 13:16:00+05:30,1227.7,1227.95,1227.4,1227.55,17661
2025-02-25 13:17:00+05:30,1227.55,1227.9,1227.5,1227.55,14361
2025-02-25 13:18:00+05:30,1227.6,1227.7,1226.75,1226.75,14929
2025-02-25 13:19:00+05:30,1226.85,1227.2,1226.35,1226.4,13791
2025-02-25 13:20:00+05:30,1226.4,1226.9,1225.7,1226.1,27967
2025-02-25 13:21:00+05:30,1226.15,1226.6,1225.7,1225.8,13226
2025-02-25 13:22:00+05:30,1225.75,1226.5,1225.5,1225.5,17561
2025-02-25 13:23:00+05:30,1225.6,1226.1,1225.45,1225.7,19125
2025-02-25 13:24:00+05:30,1225.75,1226.9,1225.6,1225.6,28722
2025-02-25 13:25:00+05:30,1225.55,1225.8,1225.4,1225.4,14174
2025-02-25 13:26:00+05:30,1225.45,1226.2,1225.2,1225.7,18584
2025-02-25 13:27:00+05:30,1225.7,1226.0,1225.55,1225.55,10958
2025-02-25 13:28:00+05:30,1225.55,1225.9,1225.4,1225.65,13024
2025-02-25 13:29:00+05:30,1225.75,1226.65,1225.6,1226.5,16431
2025-02-25 13:30:00+05:30,1226.55,1226.8,1226.1,1226.35,23835
2025-02-25 13:31:00+05:30,1226.35,1226.8,1226.25,1226.75,14207
2025-02-25 13:32:00+05:30,1226.8,1226.9,1226.7,1226.85,14728
2025-02-25 13:33:00+05:30,1226.9,1227.1,1226.85,1227.05,19499
2025-02-25 13:34:00+05:30,1227.05,1227.1,1226.2,1226.35,19706
2025-02-25 13:35:00+05:30,1226.3,1226.8,1226.0,1226.65,17948
2025-02-25 13:36:00+05:30,1226.8,1226.8,1226.05,1226.55,17646
2025-02-25 13:37:00+05:30,1226.5,1226.8,1226.15,1226.7,21408
2025-02-25 13:38:00+05:30,1226.8,1227.1,1226.7,1226.95,24114
2025-02-25 13:39:00+05:30,1227.05,1227.1,1226.9,1227.1,19612
2025-02-25 13:40:00+05:30,1227.05,1227.25,1226.6,1226.65,19536
2025-02-25 13:41:00+05:30,1226.65,1227.05,1226.55,1227.05,17695
2025-02-25 13:42:00+05:30,1227.1,1227.45,1227.0,1227.45,19104
2025-02-25 13:43:00+05:30,1227.45,1227.5,1226.65,1227.15,18567
2025-02-25 13:44:00+05:30,1227.05,1227.45,1227.05,1227.3,13335
2025-02-25 13:45:00+05:30,1227.35,1227.65,1227.35,1227.6,15102
2025-02-25 13:46:00+05:30,1227.6,1227.7,1227.05,1227.65,20304
2025-02-25 13:47:00+05:30,1227.65,1227.75,1227.05,1227.2,16822
2025-02-25 13:48:00+05:30,1227.2,1227.95,1227.2,1227.95,18030
2025-02-25 13:49:00+05:30,1227.9,1228.15,1227.85,1228.05,18507
2025-02-25 13:50:00+05:30,1228.05,1228.5,1227.85,1228.35,22458
2025-02-25 13:51:00+05:30,1228.05,1229.2,1228.05,1228.4,42759
2025-02-25 13:52:00+05:30,1228.35,1228.55,1228.2,1228.3,19790
2025-02-25 13:53:00+05:30,1228.3,1228.35,1227.55,1227.8,35600
2025-02-25 13:54:00+05:30,1227.9,1228.45,1227.9,1228.4,21544
2025-02-25 13:55:00+05:30,1228.45,1228.55,1228.15,1228.4,26796
2025-02-25 13:56:00+05:30,1228.4,1228.9,1227.95,1228.1,31495
2025-02-25 13:57:00+05:30,1228.05,1228.7,1227.75,1228.6,27655
2025-02-25 13:58:00+05:30,1228.65,1228.7,1228.1,1228.1,17129
2025-02-25 13:59:00+05:30,1228.25,1228.3,1227.65,1228.2,30680
2025-02-25 14:00:00+05:30,1228.25,1228.35,1227.85,1227.95,26393
2025-02-25 14:01:00+05:30,1228.0,1228.05,1227.05,1227.85,32110
2025-02-25 14:02:00+05:30,1228.05,1228.05,1227.25,1227.85,30299
2025-02-25 14:03:00+05:30,1227.9,1228.25,1227.15,1227.2,27937
2025-02-25 14:04:00+05:30,1227.15,1227.2,1226.55,1226.6,21126
2025-02-25 14:05:00+05:30,1226.6,1226.65,1225.9,1226.5,37248
2025-02-25 14:06:00+05:30,1226.2,1226.5,1225.85,1225.9,25281
2025-02-25 14:07:00+05:30,1225.85,1225.9,1225.3,1225.7,26455
2025-02-25 14:08:00+05:30,1225.7,1226.05,1225.6,1226.0,16011
2025-02-25 14:09:00+05:30,1226.0,1226.8,1226.0,1226.6,14553
2025-02-25 14:10:00+05:30,1226.6,1226.85,1225.95,1226.25,26650
2025-02-25 14:11:00+05:30,1226.2,1226.85,1226.2,1226.55,16708
2025-02-25 14:12:00+05:30,1226.55,1226.85,1226.15,1226.15,22620
2025-02-25 14:13:00+05:30,1226.15,1226.45,1225.8,1226.1,20912
2025-02-25 14:14:00+05:30,1226.1,1226.25,1225.9,1225.95,22959
2025-02-25 14:15:00+05:30,1226.0,1226.1,1225.45,1225.9,20219
2025-02-25 14:16:00+05:30,1225.9,1225.95,1225.55,1225.65,19277
2025-02-25 14:17:00+05:30,1225.65,1226.1,1225.6,1225.95,21075
2025-02-25 14:18:00+05:30,1225.95,1226.5,1225.95,1226.45,25290
2025-02-25 14:19:00+05:30,1226.45,1226.6,1225.85,1226.4,25726
2025-02-25 14:20:00+05:30,1226.45,1226.7,1226.4,1226.65,19739
2025-02-25 14:21:00+05:30,1226.6,1226.75,1226.05,1226.15,22071
2025-02-25 14:22:00+05:30,1226.2,1226.2,1225.6,1225.85,20399
2025-02-25 14:23:00+05:30,1225.9,1226.35,1225.75,1226.0,18943
2025-02-25 14:24:00+05:30,1225.95,1226.25,1225.3,1225.75,24887
2025-02-25 14:25:00+05:30,1225.55,1226.1,1225.3,1226.0,32014
2025-02-25 14:26:00+05:30,1226.0,1226.2,1225.6,1226.0,31927
2025-02-25 14:27:00+05:30,1226.0,1226.25,1225.25,1225.3,24953
2025-02-25 14:28:00+05:30,1225.35,1225.85,1225.3,1225.6,25160
2025-02-25 14:29:00+05:30,1225.6,1225.85,1225.4,1225.6,24641
2025-02-25 14:30:00+05:30,1225.6,1225.9,1225.35,1225.7,29875
2025-02-25 14:31:00+05:30,1225.7,1225.9,1225.5,1225.5,31078
2025-02-25 14:32:00+05:30,1225.45,1225.95,1225.4,1225.6,19165
2025-02-25 14:33:00+05:30,1225.55,1226.0,1225.45,1225.55,34398
2025-02-25 14:34:00+05:30,1225.5,1225.85,1225.4,1225.6,14373
2025-02-25 14:35:00+05:30,1225.6,1225.75,1224.8,1224.85,54361
2025-02-25 14:36:00+05:30,1224.85,1225.15,1224.35,1224.35,27802
2025-02-25 14:37:00+05:30,1224.35,1224.7,1224.1,1224.35,24025
2025-02-25 14:38:00+05:30,1224.4,1224.55,1224.05,1224.2,20900
2025-02-25 14:39:00+05:30,1224.1,1224.5,1224.0,1224.15,22751
2025-02-25 14:40:00+05:30,1224.15,1224.5,1223.95,1224.3,20623
2025-02-25 14:41:00+05:30,1224.3,1224.65,1224.2,1224.25,22848
2025-02-25 14:42:00+05:30,1224.25,1224.7,1224.15,1224.45,13357
2025-02-25 14:43:00+05:30,1224.45,1224.55,1224.05,1224.3,15246
2025-02-25 14:44:00+05:30,1224.3,1224.55,1224.3,1224.3,18821
2025-02-25 14:45:00+05:30,1224.3,1224.65,1224.3,1224.6,18906
2025-02-25 14:46:00+05:30,1224.45,1225.05,1224.35,1224.85,27030
2025-02-25 14:47:00+05:30,1224.85,1225.0,1224.75,1224.75,26463
2025-02-25 14:48:00+05:30,1224.75,1224.9,1224.3,1224.3,17731
2025-02-25 14:49:00+05:30,1224.35,1224.45,1223.5,1224.2,57126
2025-02-25 14:50:00+05:30,1224.2,1224.65,1223.55,1224.0,25403
2025-02-25 14:51:00+05:30,1224.0,1224.5,1223.8,1224.15,31376
2025-02-25 14:52:00+05:30,1224.15,1224.5,1224.05,1224.35,25102
2025-02-25 14:53:00+05:30,1224.4,1224.55,1224.0,1224.05,27931
2025-02-25 14:54:00+05:30,1224.1,1224.9,1224.1,1224.9,28245
2025-02-25 14:55:00+05:30,1224.85,1224.95,1224.7,1224.75,20052
2025-02-25 14:56:00+05:30,1224.75,1224.95,1224.45,1224.65,27831
2025-02-25 14:57:00+05:30,1224.6,1224.9,1224.45,1224.85,26306
2025-02-25 14:58:00+05:30,1224.9,1225.0,1224.75,1224.9,31426
2025-02-25 14:59:00+05:30,1224.7,1225.25,1224.55,1225.25,37346
2025-02-25 15:00:00+05:30,1225.25,1225.55,1225.0,1225.1,85327
2025-02-25 15:01:00+05:30,1225.1,1225.15,1224.5,1225.0,84978
2025-02-25 15:02:00+05:30,1225.0,1225.05,1224.35,1224.35,74839
2025-02-25 15:03:00+05:30,1224.4,1224.4,1223.9,1224.1,72753
2025-02-25 15:04:00+05:30,1224.1,1224.4,1224.05,1224.25,64975
2025-02-25 15:05:00+05:30,1224.25,1224.4,1224.0,1224.15,81461
2025-02-25 15:06:00+05:30,1224.15,1224.3,1224.0,1224.15,82974
2025-02-25 15:07:00+05:30,1224.2,1224.35,1224.1,1224.2,83555
2025-02-25 15:08:00+05:30,1224.2,1224.25,1224.0,1224.0,80803
2025-02-25 15:09:00+05:30,1224.05,1224.25,1223.9,1224.05,93795
2025-02-25 15:10:00+05:30,1224.05,1224.2,1223.75,1223.9,121568
2025-02-25 15:11:00+05:30,1223.9,1224.2,1223.5,1223.55,97629
2025-02-25 15:12:00+05:30,1223.6,1224.05,1223.5,1223.8,77852
2025-02-25 15:13:00+05:30,1223.85,1223.9,1223.45,1223.45,70120
2025-02-25 15:14:00+05:30,1223.45,1223.85,1223.05,1223.55,88533
2025-02-25 15:15:00+05:30,1223.6,1223.9,1223.55,1223.6,88484
2025-02-25 15:16:00+05:30,1223.65,1223.75,1223.05,1223.45,80635
2025-02-25 15:17:00+05:30,1223.45,1223.7,1223.1,1223.5,87212
2025-02-25 15:18:00+05:30,1223.55,1224.1,1223.25,1223.4,106550
2025-02-25 15:19:00+05:30,1223.4,1224.1,1223.25,1223.7,73688
2025-02-25 15:20:00+05:30,1223.75,1224.65,1223.4,1224.0,116603
2025-02-25 15:21:00+05:30,1223.8,1224.65,1223.5,1224.6,110201
2025-02-25 15:22:00+05:30,1224.4,1224.6,1223.8,1224.0,93054
2025-02-25 15:23:00+05:30,1223.95,1224.35,1223.2,1224.3,80946
2025-02-25 15:24:00+05:30,1224.25,1224.9,1223.9,1224.8,76877
2025-02-25 15:25:00+05:30,1224.8,1225.95,1224.7,1225.3,81338
2025-02-25 15:26:00+05:30,1224.75,1225.3,1224.4,1224.65,66556
2025-02-25 15:27:00+05:30,1224.9,1225.2,1224.3,1224.7,62968
2025-02-25 15:28:00+05:30,1224.7,1226.05,1223.95,1225.2,72528
2025-02-25 15:29:00+05:30,1224.15,1226.0,1223.6,1225.8,23977
2025-02-27 09:15:00+05:30,1225.5,1231.55,1225.5,1228.7,442412
2025-02-27 09:16:00+05:30,1228.5,1229.55,1227.0,1227.15,176891
2025-02-27 09:17:00+05:30,1227.05,1227.15,1226.3,1226.45,73190
2025-02-27 09:18:00+05:30,1226.45,1226.45,1225.0,1225.1,41414
2025-02-27 09:19:00+05:30,1225.05,1225.1,1223.85,1224.15,31421
2025-02-27 09:20:00+05:30,1224.2,1225.7,1224.15,1224.2,30021
2025-02-27 09:21:00+05:30,1224.3,1225.75,1223.85,1225.75,26814
2025-02-27 09:22:00+05:30,1225.6,1226.95,1225.6,1226.5,27266
2025-02-27 09:23:00+05:30,1226.4,1226.45,1225.3,1225.35,15084
2025-02-27 09:24:00+05:30,1225.3,1225.35,1224.35,1224.95,17498
2025-02-27 09:25:00+05:30,1224.65,1224.85,1224.0,1224.2,33339
2025-02-27 09:26:00+05:30,1224.3,1224.4,1223.05,1223.55,26796
2025-02-27 09:27:00+05:30,1223.55,1223.85,1222.4,1222.95,31881
2025-02-27 09:28:00+05:30,1222.9,1224.25,1222.85,1223.45,35747
2025-02-27 09:29:00+05:30,1223.35,1223.75,1222.7,1222.85,13838
2025-02-27 09:30:00+05:30,1222.85,1222.95,1220.0,1220.0,41562
2025-02-27 09:31:00+05:30,1220.5,1221.65,1219.75,1221.65,35390
2025-02-27 09:32:00+05:30,1221.65,1222.3,1220.65,1221.6,58486
2025-02-27 09:33:00+05:30,1221.5,1222.85,1221.2,1222.85,14581
2025-02-27 09:34:00+05:30,1222.85,1225.4,1222.85,1225.2,28486
2025-02-27 09:35:00+05:30,1225.35,1226.35,1225.0,1226.15,13485
2025-02-27 09:36:00+05:30,1226.1,1226.65,1225.65,1225.65,10981
2025-02-27 09:37:00+05:30,1225.95,1225.95,1224.4,1224.4,4677
2025-02-27 09:38:00+05:30,1224.45,1224.9,1223.8,1223.9,10632
2025-02-27 09:39:00+05:30,1223.75,1223.95,1223.0,1223.95,14739
2025-02-27 09:40:00+05:30,1223.6,1225.0,1223.4,1224.25,33530
2025-02-27 09:41:00+05:30,1224.25,1224.7,1224.15,1224.35,20720
2025-02-27 09:42:00+05:30,1224.25,1224.8,1224.1,1224.1,5419
2025-02-27 09:43:00+05:30,1224.1,1224.5,1224.0,1224.0,8503
2025-02-27 09:44:00+05:30,1224.05,1224.25,1223.75,1223.75,5250
2025-02-27 09:45:00+05:30,1223.75,1224.25,1223.35,1223.65,17777
2025-02-27 09:46:00+05:30,1223.55,1225.65,1223.5,1225.5,30599
2025-02-27 09:47:00+05:30,1225.5,1225.5,1224.0,1224.45,18657
2025-02-27 09:48:00+05:30,1224.45,1225.25,1224.25,1225.25,9238
2025-02-27 09:49:00+05:30,1225.25,1225.95,1225.2,1225.95,6608
2025-02-27 09:50:00+05:30,1225.95,1227.2,1225.9,1227.0,16552
2025-02-27 09:51:00+05:30,1227.2,1227.55,1226.7,1226.95,16539
2025-02-27 09:52:00+05:30,1226.95,1228.5,1226.9,1227.45,29855
2025-02-27 09:53:00+05:30,1227.45,1228.9,1227.45,1228.9,15160
2025-02-27 09:54:00+05:30,1228.9,1229.55,1228.65,1229.45,10196
2025-02-27 09:55:00+05:30,1229.45,1229.55,1228.95,1229.0,16662
2025-02-27 09:56:00+05:30,1228.9,1229.4,1228.45,1229.35,8735
2025-02-27 09:57:00+05:30,1229.35,1230.0,1229.25,1230.0,24722
2025-02-27 09:58:00+05:30,1230.0,1230.0,1229.1,1229.55,9084
2025-02-27 09:59:00+05:30,1229.7,1230.25,1229.4,1230.15,15634
2025-02-27 10:00:00+05:30,1230.15,1231.0,1230.05,1231.0,15561
2025-02-27 10:01:00+05:30,1230.95,1232.15,1230.85,1231.9,16440
2025-02-27 10:02:00+05:30,1231.9,1232.5,1231.85,1232.45,16213
2025-02-27 10:03:00+05:30,1232.5,1232.5,1231.6,1232.15,14154
2025-02-27 10:04:00+05:30,1232.15,1232.15,1231.45,1231.6,26744
2025-02-27 10:05:00+05:30,1231.6,1232.5,1231.5,1232.25,23382
2025-02-27 10:06:00+05:30,1232.5,1232.55,1231.9,1232.2,52735
2025-02-27 10:07:00+05:30,1232.15,1232.2,1231.5,1231.8,19720
2025-02-27 10:08:00+05:30,1231.8,1232.4,1231.05,1232.4,25754
2025-02-27 10:09:00+05:30,1232.4,1233.45,1232.4,1232.65,30389
2025-02-27 10:10:00+05:30,1232.65,1232.95,1231.1,1231.35,16216
2025-02-27 10:11:00+05:30,1231.45,1231.7,1231.0,1231.15,21776
2025-02-27 10:12:00+05:30,1231.2,1231.5,1230.95,1231.0,11295
2025-02-27 10:13:00+05:30,1231.0,1232.15,1230.95,1232.0,20122
2025-02-27 10:14:00+05:30,1232.05,1232.6,1231.8,1232.0,18819
2025-02-27 10:15:00+05:30,1232.0,1233.2,1232.0,1232.85,9511
2025-02-27 10:16:00+05:30,1232.85,1233.65,1232.8,1233.4,12219
2025-02-27 10:17:00+05:30,1233.4,1233.4,1233.2,1233.2,7379
2025-02-27 10:18:00+05:30,1233.3,1233.85,1233.0,1233.35,22347
2025-02-27 10:19:00+05:30,1233.45,1233.45,1232.35,1232.8,8013
2025-02-27 10:20:00+05:30,1232.75,1233.05,1232.55,1232.95,18135
2025-02-27 10:21:00+05:30,1233.0,1233.9,1232.85,1233.8,10738
2025-02-27 10:22:00+05:30,1233.85,1233.95,1233.3,1233.9,13787
2025-02-27 10:23:00+05:30,1233.8,1234.15,1233.65,1234.1,13492
2025-02-27 10:24:00+05:30,1234.1,1234.15,1233.15,1233.4,11739
2025-02-27 10:25:00+05:30,1233.4,1233.7,1232.85,1233.1,14825
2025-02-27 10:26:00+05:30,1233.1,1233.45,1233.05,1233.2,7474
2025-02-27 10:27:00+05:30,1233.3,1234.0,1233.2,1233.65,18781
2025-02-27 10:28:00+05:30,1233.7,1234.15,1233.35,1233.4,7898
2025-02-27 10:29:00+05:30,1233.4,1233.8,1233.35,1233.8,18238
2025-02-27 10:30:00+05:30,1233.85,1234.0,1232.7,1233.8,33750
2025-02-27 10:31:00+05:30,1233.7,1234.3,1233.0,1234.25,18900
2025-02-27 10:32:00+05:30,1234.35,1234.85,1233.4,1234.85,17684
2025-02-27 10:33:00+05:30,1234.7,1234.85,1233.2,1233.25,15333
2025-02-27 10:34:00+05:30,1233.25,1233.45,1232.05,1233.1,17705
2025-02-27 10:35:00+05:30,1233.1,1233.65,1233.05,1233.6,9449
2025-02-27 10:36:00+05:30,1233.5,1233.95,1233.45,1233.95,8096
2025-02-27 10:37:00+05:30,1234.0,1234.15,1233.65,1233.8,12456
2025-02-27 10:38:00+05:30,1233.85,1233.9,1233.0,1233.25,8167
2025-02-27 10:39:00+05:30,1233.3,1233.45,1232.6,1233.1,14472
2025-02-27 10:40:00+05:30,1233.2,1233.35,1232.25,1232.3,12640
2025-02-27 10:41:00+05:30,1232.35,1232.35,1229.95,1230.75,101208
2025-02-27 10:42:00+05:30,1230.45,1230.95,1230.0,1230.1,22271
2025-02-27 10:43:00+05:30,1230.15,1230.55,1229.0,1229.4,17553
2025-02-27 10:44:00+05:30,1229.5,1229.95,1229.05,1229.2,14412
2025-02-27 10:45:00+05:30,1229.15,1229.15,1228.0,1228.25,17350
2025-02-27 10:46:00+05:30,1228.3,1228.4,1227.75,1227.9,21357
2025-02-27 10:47:00+05:30,1227.95,1228.75,1227.95,1228.25,15688
2025-02-27 10:48:00+05:30,1228.65,1228.95,1228.2,1228.9,8661
2025-02-27 10:49:00+05:30,1228.9,1229.0,1228.85,1228.95,7595
2025-02-27 10:50:00+05:30,1228.95,1229.9,1228.9,1229.5,29115
2025-02-27 10:51:00+05:30,1229.5,1229.8,1229.0,1229.8,23292
2025-02-27 10:52:00+05:30,1229.8,1230.0,1229.15,1229.15,15978
2025-02-27 10:53:00+05:30,1229.25,1229.25,1227.9,1228.8,17292
2025-02-27 10:54:00+05:30,1228.9,1229.0,1228.8,1228.8,7177
2025-02-27 10:55:00+05:30,1228.85,1228.95,1228.3,1228.45,9813
2025-02-27 10:56:00+05:30,1228.45,1228.8,1228.4,1228.65,10470
2025-02-27 10:57:00+05:30,1228.7,1228.7,1227.5,1227.85,21895
2025-02-27 10:58:00+05:30,1227.95,1228.45,1227.5,1227.55,9043
2025-02-27 10:59:00+05:30,1227.6,1228.0,1226.95,1227.0,20910
2025-02-27 11:00:00+05:30,1227.0,1227.25,1226.5,1226.85,24341
2025-02-27 11:01:00+05:30,1227.0,1227.6,1226.85,1227.15,40375
2025-02-27 11:02:00+05:30,1227.2,1227.3,1226.6,1226.85,9420
2025-02-27 11:03:00+05:30,1226.9,1227.0,1226.8,1226.95,26057
2025-02-27 11:04:00+05:30,1227.0,1227.55,1225.95,1227.55,65710
2025-02-27 11:05:00+05:30,1227.55,1227.55,1225.75,1226.85,57596
2025-02-27 11:06:00+05:30,1226.9,1226.95,1226.15,1226.7,13616
2025-02-27 11:07:00+05:30,1226.8,1227.3,1226.15,1226.75,14656
2025-02-27 11:08:00+05:30,1226.75,1227.0,1225.75,1226.9,52202
2025-02-27 11:09:00+05:30,1226.9,1227.05,1226.0,1226.65,24496
2025-02-27 11:10:00+05:30,1226.65,1227.6,1226.6,1227.1,18611
2025-02-27 11:11:00+05:30,1227.15,1227.7,1227.05,1227.1,13139
2025-02-27 11:12:00+05:30,1227.1,1227.65,1226.9,1226.95,34963
2025-02-27 11:13:00+05:30,1227.0,1227.7,1226.95,1227.6,58276
2025-02-27 11:14:00+05:30,1227.55,1227.9,1227.4,1227.85,25959
2025-02-27 11:15:00+05:30,1227.55,1228.15,1227.35,1227.7,28563
2025-02-27 11:16:00+05:30,1227.7,1228.1,1227.65,1228.0,6457
2025-02-27 11:17:00+05:30,1228.0,1228.15,1227.6,1227.6,11816
2025-02-27 11:18:00+05:30,1227.65,1227.8,1227.0,1227.1,13439
2025-02-27 11:19:00+05:30,1227.15,1227.15,1226.55,1226.95,10887
2025-02-27 11:20:00+05:30,1227.0,1228.65,1227.0,1228.55,26261
2025-02-27 11:21:00+05:30,1228.6,1228.75,1228.45,1228.75,21377
2025-02-27 11:22:00+05:30,1228.75,1229.4,1228.6,1229.05,20668
2025-02-27 11:23:00+05:30,1229.05,1229.65,1228.95,1229.65,13595
2025-02-27 11:24:00+05:30,1229.6,1230.0,1229.5,1230.0,16710
2025-02-27 11:25:00+05:30,1230.0,1230.05,1229.3,1229.4,15425
2025-02-27 11:26:00+05:30,1229.4,1229.5,1228.7,1229.1,31355
2025-02-27 11:27:00+05:30,1229.0,1229.15,1228.3,1228.8,14577
2025-02-27 11:28:00+05:30,1228.55,1228.6,1228.0,1228.3,8526
2025-02-27 11:29:00+05:30,1228.3,1228.75,1228.2,1228.75,8642
2025-02-27 11:30:00+05:30,1228.55,1228.95,1227.8,1227.8,26844
2025-02-27 11:31:00+05:30,1227.85,1228.8,1227.8,1228.8,19372
2025-02-27 11:32:00+05:30,1228.8,1228.8,1227.95,1228.0,19681
2025-02-27 11:33:00+05:30,1228.0,1228.35,1227.05,1228.0,23614
2025-02-27 11:34:00+05:30,1227.95,1228.2,1227.4,1228.05,7099
2025-02-27 11:35:00+05:30,1228.2,1228.95,1228.15,1228.9,12301
2025-02-27 11:36:00+05:30,1228.95,1229.0,1228.9,1228.95,9482
2025-02-27 11:37:00+05:30,1228.95,1229.15,1228.35,1228.65,11348
2025-02-27 11:38:00+05:30,1228.7,1229.15,1228.5,1228.5,19587
2025-02-27 11:39:00+05:30,1228.6,1229.15,1228.55,1229.05,8927
2025-02-27 11:40:00+05:30,1229.05,1229.65,1229.0,1229.55,18049
2025-02-27 11:41:00+05:30,1229.55,1229.7,1228.8,1229.15,23420
2025-02-27 11:42:00+05:30,1229.25,1229.3,1228.8,1228.8,16389
2025-02-27 11:43:00+05:30,1228.85,1229.35,1228.8,1229.25,11651
2025-02-27 11:44:00+05:30,1229.3,1229.55,1229.1,1229.2,54484
2025-02-27 11:45:00+05:30,1229.15,1230.0,1229.1,1230.0,15024
2025-02-27 11:46:00+05:30,1230.0,1230.3,1229.9,1229.95,29840
2025-02-27 11:47:00+05:30,1229.95,1230.3,1229.8,1230.3,23653
2025-02-27 11:48:00+05:30,1230.3,1230.45,1230.05,1230.3,18919
2025-02-27 11:49:00+05:30,1230.3,1230.7,1230.25,1230.35,22424
2025-02-27 11:50:00+05:30,1230.35,1230.65,1230.0,1230.4,27783
2025-02-27 11:51:00+05:30,1230.45,1231.2,1230.4,1230.9,19397
2025-02-27 11:52:00+05:30,1230.95,1230.95,1230.25,1230.4,11245
2025-02-27 11:53:00+05:30,1230.55,1231.0,1230.45,1230.75,15883
2025-02-27 11:54:00+05:30,1230.8,1231.0,1230.65,1230.9,9930
2025-02-27 11:55:00+05:30,1230.95,1231.2,1230.55,1230.65,15112
2025-02-27 11:56:00+05:30,1230.65,1231.0,1230.5,1230.8,8435
2025-02-27 11:57:00+05:30,1230.85,1230.95,1230.45,1230.6,12668
2025-02-27 11:58:00+05:30,1230.6,1231.1,1230.2,1230.4,30583
2025-02-27 11:59:00+05:30,1230.35,1230.55,1229.95,1230.2,15729
2025-02-27 12:00:00+05:30,1230.25,1230.5,1229.95,1229.95,14173
2025-02-27 12:01:00+05:30,1229.9,1230.6,1229.8,1230.5,21166
2025-02-27 12:02:00+05:30,1230.55,1231.15,1230.25,1230.85,14295
2025-02-27 12:03:00+05:30,1230.8,1230.9,1230.35,1230.4,11013
2025-02-27 12:04:00+05:30,1230.5,1230.6,1230.25,1230.4,8706
2025-02-27 12:05:00+05:30,1230.4,1230.55,1230.3,1230.55,10697
2025-02-27 12:06:00+05:30,1230.55,1231.1,1230.4,1230.7,15521
2025-02-27 12:07:00+05:30,1230.65,1230.65,1230.3,1230.4,12588
2025-02-27 12:08:00+05:30,1230.4,1231.05,1230.3,1230.95,17354
2025-02-27 12:09:00+05:30,1230.95,1231.2,1230.9,1231.1,12475
2025-02-27 12:10:00+05:30,1231.1,1231.15,1230.65,1231.0,17710
2025-02-27 12:11:00+05:30,1231.0,1231.5,1231.0,1231.25,16357
2025-02-27 12:12:00+05:30,1231.25,1231.85,1231.2,1231.8,20883
2025-02-27 12:13:00+05:30,1231.8,1232.0,1231.4,1231.7,14082
2025-02-27 12:14:00+05:30,1231.75,1232.4,1231.7,1232.35,37384
2025-02-27 12:15:00+05:30,1232.25,1232.35,1231.35,1231.45,24371
2025-02-27 12:16:00+05:30,1231.4,1232.1,1231.35,1231.85,20665
2025-02-27 12:17:00+05:30,1231.9,1232.35,1231.65,1232.25,30199
2025-02-27 12:18:00+05:30,1232.1,1232.6,1232.05,1232.15,36307
2025-02-27 12:19:00+05:30,1232.15,1232.45,1231.6,1231.8,19204
2025-02-27 12:20:00+05:30,1231.9,1232.4,1231.6,1231.9,26714
2025-02-27 12:21:00+05:30,1231.9,1232.55,1231.85,1232.2,16472
2025-02-27 12:22:00+05:30,1232.2,1232.35,1231.5,1232.0,32627
2025-02-27 12:23:00+05:30,1232.0,1232.25,1231.65,1231.85,14321
2025-02-27 12:24:00+05:30,1231.85,1232.35,1231.65,1232.05,16896
2025-02-27 12:25:00+05:30,1231.75,1232.2,1231.45,1231.75,17986
2025-02-27 12:26:00+05:30,1231.75,1231.85,1230.85,1231.5,28223
2025-02-27 12:27:00+05:30,1231.5,1231.75,1230.8,1230.9,20435
2025-02-27 12:28:00+05:30,1230.9,1231.25,1230.25,1230.85,28128
2025-02-27 12:29:00+05:30,1230.85,1231.2,1230.5,1230.85,17812
2025-02-27 12:30:00+05:30,1231.05,1231.75,1230.65,1231.65,13731
2025-02-27 12:31:00+05:30,1231.65,1232.05,1231.55,1232.0,20007
2025-02-27 12:32:00+05:30,1232.0,1232.6,1231.65,1232.2,33166
2025-02-27 12:33:00+05:30,1232.2,1232.45,1231.25,1231.6,18671
2025-02-27 12:34:00+05:30,1231.75,1231.75,1230.9,1231.2,16383
2025-02-27 12:35:00+05:30,1231.2,1231.3,1230.15,1230.65,10207
2025-02-27 12:36:00+05:30,1230.5,1231.15,1230.25,1230.6,11428
2025-02-27 12:37:00+05:30,1230.65,1231.1,1230.5,1231.05,8389
2025-02-27 12:38:00+05:30,1231.0,1231.15,1230.8,1230.9,18349
2025-02-27 12:39:00+05:30,1230.85,1230.9,1230.25,1230.4,9441
2025-02-27 12:40:00+05:30,1230.4,1230.7,1230.1,1230.7,10916
2025-02-27 12:41:00+05:30,1230.6,1231.15,1230.45,1231.15,8349
2025-02-27 12:42:00+05:30,1231.1,1231.2,1230.6,1230.6,11941
2025-02-27 12:43:00+05:30,1230.65,1230.8,1230.15,1230.7,7233
2025-02-27 12:44:00+05:30,1230.75,1230.9,1230.35,1230.9,8121
2025-02-27 12:45:00+05:30,1230.9,1230.9,1230.5,1230.7,7616
2025-02-27 12:46:00+05:30,1230.75,1231.25,1230.7,1231.25,14584
2025-02-27 12:47:00+05:30,1231.15,1231.3,1230.35,1230.9,15352
2025-02-27 12:48:00+05:30,1230.85,1230.95,1230.45,1230.5,8515
2025-02-27 12:49:00+05:30,1230.8,1230.8,1230.45,1230.65,9271
2025-02-27 12:50:00+05:30,1230.6,1230.8,1230.4,1230.4,10160
2025-02-27 12:51:00+05:30,1230.45,1230.6,1229.65,1230.25,25821
2025-02-27 12:52:00+05:30,1230.25,1230.5,1229.85,1230.4,10657
2025-02-27 12:53:00+05:30,1230.55,1230.55,1230.0,1230.0,19111
2025-02-27 12:54:00+05:30,1230.0,1230.9,1229.95,1230.8,18536
2025-02-27 12:55:00+05:30,1230.8,1230.95,1230.4,1230.45,12534
2025-02-27 12:56:00+05:30,1230.45,1230.45,1229.45,1229.7,14631
2025-02-27 12:57:00+05:30,1229.9,1230.0,1229.05,1229.35,19011
2025-02-27 12:58:00+05:30,1229.35,1229.75,1229.2,1229.45,13655
2025-02-27 12:59:00+05:30,1229.55,1230.05,1229.45,1230.05,19088
2025-02-27 13:00:00+05:30,1230.15,1230.4,1229.7,1229.7,12743
2025-02-27 13:01:00+05:30,1229.75,1230.0,1229.4,1229.4,9586
2025-02-27 13:02:00+05:30,1229.45,1229.45,1229.0,1229.4,13115
2025-02-27 13:03:00+05:30,1229.45,1229.95,1229.4,1229.7,15444
2025-02-27 13:04:00+05:30,1229.7,1229.95,1228.85,1228.95,17515
2025-02-27 13:05:00+05:30,1229.3,1229.3,1228.7,1228.9,18010
2025-02-27 13:06:00+05:30,1228.9,1229.05,1228.55,1228.95,9882
2025-02-27 13:07:00+05:30,1228.95,1229.1,1228.8,1228.95,14504
2025-02-27 13:08:00+05:30,1228.95,1229.0,1228.35,1228.5,12092
2025-02-27 13:09:00+05:30,1228.5,1228.8,1228.15,1228.25,17304
2025-02-27 13:10:00+05:30,1228.25,1228.5,1228.2,1228.3,10354
2025-02-27 13:11:00+05:30,1228.35,1228.35,1228.15,1228.25,11078
2025-02-27 13:12:00+05:30,1228.25,1228.5,1228.15,1228.2,12384
2025-02-27 13:13:00+05:30,1228.25,1228.6,1228.1,1228.5,14479
2025-02-27 13:14:00+05:30,1228.55,1228.95,1228.4,1228.75,12680
2025-02-27 13:15:00+05:30,1228.8,1229.15,1228.45,1228.5,18759
2025-02-27 13:16:00+05:30,1228.5,1228.55,1228.0,1228.15,15605
2025-02-27 13:17:00+05:30,1228.25,1228.55,1228.05,1228.5,13200
2025-02-27 13:18:00+05:30,1228.5,1229.05,1228.35,1228.95,13395
2025-02-27 13:19:00+05:30,1229.1,1229.15,1228.9,1229.15,14858
2025-02-27 13:20:00+05:30,1229.15,1229.15,1228.7,1229.05,21288
2025-02-27 13:21:00+05:30,1229.05,1229.1,1228.65,1229.05,9278
2025-02-27 13:22:00+05:30,1229.05,1229.35,1228.9,1229.2,16675
2025-02-27 13:23:00+05:30,1229.2,1229.2,1228.25,1229.05,28741
2025-02-27 13:24:00+05:30,1229.05,1229.1,1228.25,1229.0,12907
2025-02-27 13:25:00+05:30,1229.0,1229.1,1228.75,1228.8,12621
2025-02-27 13:26:00+05:30,1228.85,1229.35,1228.7,1229.25,19791
2025-02-27 13:27:00+05:30,1229.3,1229.45,1228.5,1228.95,14667
2025-02-27 13:28:00+05:30,1228.95,1229.45,1228.85,1229.3,16164
2025-02-27 13:29:00+05:30,1229.35,1229.75,1228.85,1229.6,33786
2025-02-27 13:30:00+05:30,1229.4,1229.4,1228.7,1229.2,24491
2025-02-27 13:31:00+05:30,1229.2,1229.3,1228.35,1228.7,20787
2025-02-27 13:32:00+05:30,1228.75,1229.6,1228.65,1228.95,35016
2025-02-27 13:33:00+05:30,1228.95,1230.35,1228.8,1230.0,27523
2025-02-27 13:34:00+05:30,1230.1,1230.5,1229.55,1229.75,38674
2025-02-27 13:35:00+05:30,1230.0,1230.1,1229.4,1229.55,19401
2025-02-27 13:36:00+05:30,1229.65,1230.15,1229.35,1229.35,16722
2025-02-27 13:37:00+05:30,1229.4,1229.5,1229.3,1229.45,21291
2025-02-27 13:38:00+05:30,1229.45,1230.05,1229.05,1230.0,20230
2025-02-27 13:39:00+05:30,1230.0,1231.35,1229.75,1230.95,41118
2025-02-27 13:40:00+05:30,1230.95,1231.2,1230.45,1230.85,12610
2025-02-27 13:41:00+05:30,1230.85,1231.0,1230.4,1230.7,8428
2025-02-27 13:42:00+05:30,1230.65,1230.95,1230.25,1230.25,20286
2025-02-27 13:43:00+05:30,1230.3,1230.3,1229.6,1229.65,15543
2025-02-27 13:44:00+05:30,1229.75,1230.5,1229.15,1230.3,29316
2025-02-27 13:45:00+05:30,1230.3,1230.35,1229.2,1229.45,23019
2025-02-27 13:46:00+05:30,1229.45,1229.85,1229.15,1229.5,11141
2025-02-27 13:47:00+05:30,1229.85,1230.5,1229.35,1230.1,29474
2025-02-27 13:48:00+05:30,1230.15,1230.55,1229.9,1230.05,38613
2025-02-27 13:49:00+05:30,1230.1,1230.45,1229.7,1230.0,16557
2025-02-27 13:50:00+05:30,1230.45,1230.45,1229.7,1229.7,12703
2025-02-27 13:51:00+05:30,1229.7,1229.8,1229.4,1229.6,13624
2025-02-27 13:52:00+05:30,1229.6,1230.05,1229.4,1229.8,18914
2025-02-27 13:53:00+05:30,1229.85,1229.9,1229.15,1229.2,22136
2025-02-27 13:54:00+05:30,1229.35,1229.5,1229.0,1229.35,17050
2025-02-27 13:55:00+05:30,1229.35,1229.35,1228.5,1228.75,26257
2025-02-27 13:56:00+05:30,1228.8,1229.1,1228.55,1228.65,16292
2025-02-27 13:57:00+05:30,1228.85,1229.05,1228.55,1228.8,18406
2025-02-27 13:58:00+05:30,1228.8,1229.3,1228.5,1228.65,25842
2025-02-27 13:59:00+05:30,1228.75,1228.95,1228.5,1228.75,15340
2025-02-27 14:00:00+05:30,1228.75,1228.85,1228.1,1228.75,44805
2025-02-27 14:01:00+05:30,1228.7,1228.85,1228.2,1228.35,32424
2025-02-27 14:02:00+05:30,1228.35,1228.65,1228.0,1228.65,16497
2025-02-27 14:03:00+05:30,1228.6,1228.85,1228.0,1228.45,24182
2025-02-27 14:04:00+05:30,1228.45,1228.5,1227.25,1227.4,30301
2025-02-27 14:05:00+05:30,1227.6,1228.4,1227.3,1228.4,13806
2025-02-27 14:06:00+05:30,1228.4,1228.65,1228.0,1228.6,18604
2025-02-27 14:07:00+05:30,1228.65,1228.95,1227.4,1227.7,34867
2025-02-27 14:08:00+05:30,1227.75,1227.8,1226.4,1227.2,109467
2025-02-27 14:09:00+05:30,1227.4,1228.55,1227.0,1228.35,27436
2025-02-27 14:10:00+05:30,1228.35,1228.35,1227.55,1227.55,18724
2025-02-27 14:11:00+05:30,1227.75,1227.9,1227.0,1227.65,19242
2025-02-27 14:12:00+05:30,1227.7,1228.0,1227.55,1228.0,17111
2025-02-27 14:13:00+05:30,1228.0,1228.05,1226.95,1227.45,20768
2025-02-27 14:14:00+05:30,1227.45,1227.85,1227.05,1227.65,18678
2025-02-27 14:15:00+05:30,1227.7,1228.15,1226.95,1227.15,31801
2025-02-27 14:16:00+05:30,1227.15,1228.3,1227.0,1227.65,23543
2025-02-27 14:17:00+05:30,1227.7,1228.15,1227.25,1227.35,18551
2025-02-27 14:18:00+05:30,1227.55,1228.3,1227.25,1228.0,42232
2025-02-27 14:19:00+05:30,1228.0,1228.5,1227.55,1227.6,32354
2025-02-27 14:20:00+05:30,1227.6,1228.4,1227.55,1227.95,32550
2025-02-27 14:21:00+05:30,1228.0,1228.5,1227.9,1228.15,33489
2025-02-27 14:22:00+05:30,1228.3,1228.35,1227.05,1227.5,35096
2025-02-27 14:23:00+05:30,1227.55,1227.8,1227.1,1227.6,28637
2025-02-27 14:24:00+05:30,1227.55,1228.0,1227.0,1227.6,32877
2025-02-27 14:25:00+05:30,1227.65,1227.85,1227.3,1227.3,30073
2025-02-27 14:26:00+05:30,1227.35,1227.95,1227.2,1227.2,50140
2025-02-27 14:27:00+05:30,1227.25,1227.55,1226.85,1227.0,20183
2025-02-27 14:28:00+05:30,1227.05,1227.45,1226.5,1226.5,24165
2025-02-27 14:29:00+05:30,1226.6,1227.0,1226.5,1226.5,20255
2025-02-27 14:30:00+05:30,1226.55,1227.6,1226.4,1227.2,33939
2025-02-27 14:31:00+05:30,1227.25,1227.45,1226.6,1227.05,26295
2025-02-27 14:32:00+05:30,1227.1,1227.3,1226.55,1226.9,31448
2025-02-27 14:33:00+05:30,1226.95,1227.25,1226.55,1226.55,26602
2025-02-27 14:34:00+05:30,1226.6,1226.95,1226.5,1226.5,19179
2025-02-27 14:35:00+05:30,1226.8,1227.1,1226.05,1226.7,38958
2025-02-27 14:36:00+05:30,1226.75,1227.2,1226.7,1227.0,12819
2025-02-27 14:37:00+05:30,1227.0,1227.25,1226.5,1226.75,22634
2025-02-27 14:38:00+05:30,1226.75,1227.1,1226.5,1226.95,16004
2025-02-27 14:39:00+05:30,1226.95,1227.2,1226.35,1227.15,29488
2025-02-27 14:40:00+05:30,1227.15,1227.35,1226.9,1227.3,11134
2025-02-27 14:41:00+05:30,1227.35,1227.75,1227.15,1227.2,18905
2025-02-27 14:42:00+05:30,1227.25,1227.6,1226.9,1227.1,18473
2025-02-27 14:43:00+05:30,1227.1,1227.1,1226.75,1226.95,24289
2025-02-27 14:44:00+05:30,1226.95,1227.25,1226.25,1227.05,30888
2025-02-27 14:45:00+05:30,1227.1,1227.4,1226.5,1226.8,45687
2025-02-27 14:46:00+05:30,1226.85,1227.1,1226.35,1226.65,29084
2025-02-27 14:47:00+05:30,1226.7,1228.15,1226.2,1228.0,45609
2025-02-27 14:48:00+05:30,1228.05,1228.2,1227.15,1227.95,41592
2025-02-27 14:49:00+05:30,1227.9,1228.2,1227.35,1227.95,47777
2025-02-27 14:50:00+05:30,1228.0,1228.15,1227.4,1227.55,37661
2025-02-27 14:51:00+05:30,1227.6,1227.95,1226.75,1226.85,33543
2025-02-27 14:52:00+05:30,1226.9,1227.75,1226.75,1227.35,34862
2025-02-27 14:53:00+05:30,1227.45,1227.7,1226.7,1226.75,27295
2025-02-27 14:54:00+05:30,1226.75,1226.9,1226.15,1226.7,21545
2025-02-27 14:55:00+05:30,1226.75,1226.95,1226.15,1226.65,24267
2025-02-27 14:56:00+05:30,1226.65,1227.05,1226.25,1226.6,30981
2025-02-27 14:57:00+05:30,1226.6,1226.95,1226.5,1226.6,21949
2025-02-27 14:58:00+05:30,1226.55,1226.65,1225.65,1225.9,48479
2025-02-27 14:59:00+05:30,1225.9,1226.15,1225.35,1225.75,17839
2025-02-27 15:00:00+05:30,1225.75,1225.75,1222.55,1223.6,217746
2025-02-27 15:01:00+05:30,1223.55,1225.5,1223.45,1224.8,175955
2025-02-27 15:02:00+05:30,1224.8,1224.9,1223.75,1224.65,186946
2025-02-27 15:03:00+05:30,1224.45,1225.7,1224.15,1225.45,171347
2025-02-27 15:04:00+05:30,1225.4,1225.75,1224.1,1225.7,231177
2025-02-27 15:05:00+05:30,1225.65,1225.95,1224.35,1224.45,169793
2025-02-27 15:06:00+05:30,1224.45,1224.45,1222.85,1223.8,122195
2025-02-27 15:07:00+05:30,1223.75,1223.9,1223.6,1223.75,96978
2025-02-27 15:08:00+05:30,1223.75,1224.9,1222.8,1222.95,142201
2025-02-27 15:09:00+05:30,1222.9,1222.9,1221.1,1222.1,193520
2025-02-27 15:10:00+05:30,1222.05,1222.2,1220.85,1221.65,132620
2025-02-27 15:11:00+05:30,1221.65,1223.55,1221.55,1222.75,177452
2025-02-27 15:12:00+05:30,1222.7,1224.25,1222.0,1223.2,238620
2025-02-27 15:13:00+05:30,1223.0,1223.15,1221.0,1222.05,127992
2025-02-27 15:14:00+05:30,1222.0,1222.2,1221.05,1221.95,110239
2025-02-27 15:15:00+05:30,1221.9,1222.15,1219.15,1221.0,121121
2025-02-27 15:16:00+05:30,1221.0,1221.25,1219.25,1221.15,104649
2025-02-27 15:17:00+05:30,1221.1,1221.15,1219.75,1221.1,123975
2025-02-27 15:18:00+05:30,1221.1,1221.1,1219.8,1220.35,105036
2025-02-27 15:19:00+05:30,1220.3,1220.45,1219.8,1220.3,107161
2025-02-27 15:20:00+05:30,1220.25,1220.85,1219.0,1220.5,157411
2025-02-27 15:21:00+05:30,1220.45,1220.85,1219.8,1220.75,110546
2025-02-27 15:22:00+05:30,1220.75,1221.85,1220.55,1220.8,83193
2025-02-27 15:23:00+05:30,1220.75,1220.8,1220.1,1220.25,80136
2025-02-27 15:24:00+05:30,1220.45,1221.4,1220.2,1220.5,97587
2025-02-27 15:25:00+05:30,1220.75,1221.3,1220.25,1221.1,78524
2025-02-27 15:26:00+05:30,1221.1,1221.75,1220.4,1221.4,94690
2025-02-27 15:27:00+05:30,1221.35,1221.5,1219.35,1220.7,87926
2025-02-27 15:28:00+05:30,1220.2,1222.0,1218.45,1221.3,145310
2025-02-27 15:29:00+05:30,1221.15,1221.3,1219.35,1220.0,27943
2025-02-28 09:15:00+05:30,1216.0,1220.0,1213.1,1216.65,231637
2025-02-28 09:16:00+05:30,1216.3,1217.0,1214.7,1216.55,80438
2025-02-28 09:17:00+05:30,1216.95,1219.7,1216.95,1219.1,58351
2025-02-28 09:18:00+05:30,1219.1,1220.95,1219.1,1219.7,77918
2025-02-28 09:19:00+05:30,1219.7,1220.15,1218.65,1219.95,53274
2025-02-28 09:20:00+05:30,1219.85,1219.95,1218.6,1219.3,36314
2025-02-28 09:21:00+05:30,1219.25,1219.85,1219.0,1219.5,33363
2025-02-28 09:22:00+05:30,1219.5,1219.5,1217.55,1217.9,37619
2025-02-28 09:23:00+05:30,1217.95,1219.5,1217.25,1219.4,33871
2025-02-28 09:24:00+05:30,1219.1,1221.65,1218.8,1219.85,78583
2025-02-28 09:25:00+05:30,1219.8,1220.65,1219.0,1219.55,59446
2025-02-28 09:26:00+05:30,1219.8,1220.45,1218.0,1218.35,44808
2025-02-28 09:27:00+05:30,1218.35,1219.75,1217.8,1219.45,50029
2025-02-28 09:28:00+05:30,1219.45,1219.9,1218.9,1219.4,42302
2025-02-28 09:29:00+05:30,1219.4,1219.7,1218.65,1219.45,42478
2025-02-28 09:30:00+05:30,1219.65,1219.7,1218.25,1219.15,44840
2025-02-28 09:31:00+05:30,1219.4,1219.45,1217.6,1217.75,34671
2025-02-28 09:32:00+05:30,1217.85,1218.55,1217.2,1217.8,30545
2025-02-28 09:33:00+05:30,1217.8,1218.85,1217.5,1218.85,29919
2025-02-28 09:34:00+05:30,1218.75,1218.8,1217.55,1217.8,44850
2025-02-28 09:35:00+05:30,1217.8,1217.8,1216.0,1216.55,50128
2025-02-28 09:36:00+05:30,1216.5,1216.75,1216.0,1216.1,34475
2025-02-28 09:37:00+05:30,1216.1,1216.35,1213.95,1214.5,34940
2025-02-28 09:38:00+05:30,1214.5,1215.4,1213.6,1213.75,53929
2025-02-28 09:39:00+05:30,1213.9,1214.45,1213.0,1214.3,42787
2025-02-28 09:40:00+05:30,1214.3,1214.4,1213.25,1213.9,30089
2025-02-28 09:41:00+05:30,1214.2,1214.2,1212.95,1214.1,37132
2025-02-28 09:42:00+05:30,1214.1,1214.35,1212.9,1213.0,42676
2025-02-28 09:43:00+05:30,1213.0,1214.2,1213.0,1213.55,19380
2025-02-28 09:44:00+05:30,1213.55,1214.3,1212.85,1213.6,48147
2025-02-28 09:45:00+05:30,1213.45,1215.55,1212.65,1215.55,157451
2025-02-28 09:46:00+05:30,1215.5,1215.5,1214.0,1214.5,29110
2025-02-28 09:47:00+05:30,1214.5,1215.35,1213.7,1213.85,37517
2025-02-28 09:48:00+05:30,1213.7,1214.05,1213.4,1213.6,21029
2025-02-28 09:49:00+05:30,1213.85,1214.75,1213.15,1213.55,30177
2025-02-28 09:50:00+05:30,1213.55,1214.8,1213.25,1214.5,19084
2025-02-28 09:51:00+05:30,1214.1,1216.0,1213.9,1215.3,23668
2025-02-28 09:52:00+05:30,1215.3,1217.0,1215.0,1216.85,29741
2025-02-28 09:53:00+05:30,1216.85,1217.7,1216.35,1217.7,26079
2025-02-28 09:54:00+05:30,1217.7,1218.25,1217.05,1217.8,26012
2025-02-28 09:55:00+05:30,1217.85,1219.15,1217.65,1218.65,25907
2025-02-28 09:56:00+05:30,1219.1,1219.25,1217.3,1217.75,39531
2025-02-28 09:57:00+05:30,1217.75,1217.95,1217.15,1217.5,19343
2025-02-28 09:58:00+05:30,1217.5,1218.2,1217.3,1218.0,7921
2025-02-28 09:59:00+05:30,1218.0,1219.6,1217.75,1219.6,17543
2025-02-28 10:00:00+05:30,1219.6,1220.9,1219.55,1220.85,16891
2025-02-28 10:01:00+05:30,1220.8,1222.25,1220.5,1222.25,19097
2025-02-28 10:02:00+05:30,1222.35,1222.35,1220.45,1221.0,35458
2025-02-28 10:03:00+05:30,1221.0,1221.5,1220.9,1221.15,15773
2025-02-28 10:04:00+05:30,1221.15,1222.45,1220.9,1221.95,28091
2025-02-28 10:05:00+05:30,1222.05,1222.35,1221.1,1221.85,93587
2025-02-28 10:06:00+05:30,1221.85,1222.0,1221.65,1221.9,14813
2025-02-28 10:07:00+05:30,1221.95,1221.95,1221.3,1221.35,14946
2025-02-28 10:08:00+05:30,1221.75,1221.95,1221.0,1221.35,15295
2025-02-28 10:09:00+05:30,1221.65,1221.9,1221.3,1221.9,13830
2025-02-28 10:10:00+05:30,1221.8,1224.5,1221.8,1224.5,164237
2025-02-28 10:11:00+05:30,1224.5,1225.0,1223.45,1223.8,42839
2025-02-28 10:12:00+05:30,1223.8,1223.9,1222.25,1222.65,19510
2025-02-28 10:13:00+05:30,1222.4,1223.0,1222.35,1222.75,18648
2025-02-28 10:14:00+05:30,1222.75,1222.75,1221.9,1222.35,16601
2025-02-28 10:15:00+05:30,1222.5,1223.65,1221.1,1221.3,43338
2025-02-28 10:16:00+05:30,1221.3,1221.6,1219.95,1220.65,35430
2025-02-28 10:17:00+05:30,1220.7,1220.7,1219.2,1219.2,17435
2025-02-28 10:18:00+05:30,1219.2,1220.4,1219.0,1220.4,15818
2025-02-28 10:19:00+05:30,1220.4,1220.75,1219.85,1220.15,16513
2025-02-28 10:20:00+05:30,1220.3,1220.3,1219.45,1219.55,9408
2025-02-28 10:21:00+05:30,1219.55,1220.5,1219.55,1220.4,8009
2025-02-28 10:22:00+05:30,1220.4,1220.4,1219.85,1220.15,13318
2025-02-28 10:23:00+05:30,1220.3,1220.95,1220.15,1220.8,11272
2025-02-28 10:24:00+05:30,1220.5,1220.8,1219.5,1220.7,14901
2025-02-28 10:25:00+05:30,1220.4,1220.65,1220.0,1220.05,12905
2025-02-28 10:26:00+05:30,1220.25,1220.25,1218.15,1218.55,67733
2025-02-28 10:27:00+05:30,1218.7,1218.7,1217.6,1217.85,16087
2025-02-28 10:28:00+05:30,1217.85,1218.9,1217.2,1218.7,24918
2025-02-28 10:29:00+05:30,1218.7,1218.7,1217.6,1217.6,17193
2025-02-28 10:30:00+05:30,1217.85,1218.3,1217.35,1217.95,38358
2025-02-28 10:31:00+05:30,1218.25,1218.95,1217.5,1217.95,28671
2025-02-28 10:32:00+05:30,1217.95,1218.0,1217.4,1217.9,32227
2025-02-28 10:33:00+05:30,1217.9,1217.95,1217.4,1217.8,14261
2025-02-28 10:34:00+05:30,1217.8,1218.2,1217.4,1217.95,26919
2025-02-28 10:35:00+05:30,1217.95,1218.75,1217.85,1218.4,14166
2025-02-28 10:36:00+05:30,1218.45,1218.95,1218.35,1218.95,11905
2025-02-28 10:37:00+05:30,1218.95,1219.55,1218.7,1219.0,24272
2025-02-28 10:38:00+05:30,1219.0,1219.45,1218.75,1218.95,18558
2025-02-28 10:39:00+05:30,1218.95,1219.0,1218.3,1218.5,22466
2025-02-28 10:40:00+05:30,1218.5,1218.95,1218.3,1218.3,20215
2025-02-28 10:41:00+05:30,1218.4,1218.65,1218.2,1218.35,12848
2025-02-28 10:42:00+05:30,1218.6,1218.75,1218.05,1218.55,16374
2025-02-28 10:43:00+05:30,1218.35,1218.65,1218.2,1218.65,5050
2025-02-28 10:44:00+05:30,1218.6,1218.75,1218.5,1218.6,10130
2025-02-28 10:45:00+05:30,1218.55,1218.95,1218.5,1218.6,14982
2025-02-28 10:46:00+05:30,1218.6,1218.95,1218.5,1218.95,7405
2025-02-28 10:47:00+05:30,1218.95,1220.0,1218.8,1219.55,67047
2025-02-28 10:48:00+05:30,1219.35,1219.95,1218.95,1219.3,24083
2025-02-28 10:49:00+05:30,1219.3,1219.35,1218.75,1218.85,20781
2025-02-28 10:50:00+05:30,1218.95,1219.0,1218.15,1218.55,33850
2025-02-28 10:51:00+05:30,1218.55,1219.0,1218.2,1218.5,11095
2025-02-28 10:52:00+05:30,1218.5,1218.65,1217.9,1218.15,31138
2025-02-28 10:53:00+05:30,1218.0,1218.2,1217.65,1217.7,36994
2025-02-28 10:54:00+05:30,1217.7,1218.05,1217.35,1217.4,35192
2025-02-28 10:55:00+05:30,1217.75,1218.05,1217.35,1218.0,37753
2025-02-28 10:56:00+05:30,1218.05,1218.15,1218.0,1218.1,7796
2025-02-28 10:57:00+05:30,1218.1,1218.1,1217.6,1217.95,29173
2025-02-28 10:58:00+05:30,1217.95,1218.05,1216.0,1216.2,76876
2025-02-28 10:59:00+05:30,1216.6,1216.85,1216.0,1216.75,36785
2025-02-28 11:00:00+05:30,1216.75,1217.25,1216.6,1216.85,13986
2025-02-28 11:01:00+05:30,1217.3,1217.3,1216.0,1216.5,18447
2025-02-28 11:02:00+05:30,1216.45,1217.4,1216.45,1216.95,27263
2025-02-28 11:03:00+05:30,1216.95,1217.15,1216.9,1217.1,16278
2025-02-28 11:04:00+05:30,1217.15,1217.8,1217.1,1217.8,5851
2025-02-28 11:05:00+05:30,1217.55,1218.55,1217.5,1218.55,13796
2025-02-28 11:06:00+05:30,1218.55,1219.9,1218.3,1219.0,24314
2025-02-28 11:07:00+05:30,1219.05,1219.05,1217.45,1217.5,18463
2025-02-28 11:08:00+05:30,1217.5,1218.0,1216.85,1217.75,37736
2025-02-28 11:09:00+05:30,1217.55,1218.0,1217.55,1217.8,37250
2025-02-28 11:10:00+05:30,1218.0,1218.95,1218.0,1218.3,12849
2025-02-28 11:11:00+05:30,1218.3,1218.3,1217.5,1217.6,10422
2025-02-28 11:12:00+05:30,1217.65,1218.95,1217.6,1218.75,6721
2025-02-28 11:13:00+05:30,1218.7,1218.95,1217.95,1218.0,12819
2025-02-28 11:14:00+05:30,1217.95,1218.25,1217.9,1217.95,9062
2025-02-28 11:15:00+05:30,1217.95,1218.0,1217.65,1217.65,8657
2025-02-28 11:16:00+05:30,1217.7,1217.7,1217.4,1217.4,13760
2025-02-28 11:17:00+05:30,1217.5,1217.5,1217.2,1217.25,17985
2025-02-28 11:18:00+05:30,1217.2,1217.25,1217.05,1217.05,5767
2025-02-28 11:19:00+05:30,1217.05,1217.15,1216.9,1217.0,8798
2025-02-28 11:20:00+05:30,1216.95,1217.1,1216.95,1217.05,5867
2025-02-28 11:21:00+05:30,1217.05,1217.15,1216.95,1217.1,11113
2025-02-28 11:22:00+05:30,1216.95,1217.7,1216.95,1217.7,11874
2025-02-28 11:23:00+05:30,1217.7,1217.9,1217.55,1217.8,7385
2025-02-28 11:24:00+05:30,1217.85,1217.9,1217.05,1217.5,16829
2025-02-28 11:25:00+05:30,1217.5,1217.5,1216.9,1217.25,15115
2025-02-28 11:26:00+05:30,1217.25,1217.25,1216.8,1217.0,9639
2025-02-28 11:27:00+05:30,1216.95,1218.4,1216.9,1218.25,34873
2025-02-28 11:28:00+05:30,1218.25,1218.55,1218.25,1218.55,4846
2025-02-28 11:29:00+05:30,1218.45,1218.95,1218.45,1218.9,11281
2025-02-28 11:30:00+05:30,1218.95,1218.95,1217.8,1217.9,19278
2025-02-28 11:31:00+05:30,1217.9,1218.0,1217.5,1217.5,11769
2025-02-28 11:32:00+05:30,1217.5,1217.95,1217.2,1217.95,41444
2025-02-28 11:33:00+05:30,1217.95,1218.5,1217.75,1217.95,13585
2025-02-28 11:34:00+05:30,1217.95,1217.95,1217.75,1217.85,9292
2025-02-28 11:35:00+05:30,1217.8,1217.85,1217.2,1217.45,16290
2025-02-28 11:36:00+05:30,1217.5,1217.7,1217.4,1217.5,23614
2025-02-28 11:37:00+05:30,1217.4,1217.55,1217.4,1217.5,14164
2025-02-28 11:38:00+05:30,1217.5,1217.75,1217.45,1217.75,14782
2025-02-28 11:39:00+05:30,1217.75,1218.15,1217.7,1217.95,16131
2025-02-28 11:40:00+05:30,1217.95,1218.45,1217.9,1218.45,9339
2025-02-28 11:41:00+05:30,1218.4,1218.45,1217.95,1218.1,12371
2025-02-28 11:42:00+05:30,1218.1,1218.15,1217.5,1217.55,16141
2025-02-28 11:43:00+05:30,1217.5,1217.6,1217.5,1217.55,4447
2025-02-28 11:44:00+05:30,1217.5,1217.7,1216.95,1217.3,32599
2025-02-28 11:45:00+05:30,1217.3,1218.05,1217.05,1217.7,6255
2025-02-28 11:46:00+05:30,1217.5,1217.7,1217.45,1217.55,5623
2025-02-28 11:47:00+05:30,1217.45,1217.7,1217.45,1217.65,4975
2025-02-28 11:48:00+05:30,1217.5,1217.65,1217.2,1217.35,11510
2025-02-28 11:49:00+05:30,1217.25,1217.35,1216.7,1216.75,9381
2025-02-28 11:50:00+05:30,1216.95,1217.3,1216.75,1217.1,10736
2025-02-28 11:51:00+05:30,1217.3,1217.7,1217.2,1217.6,4099
2025-02-28 11:52:00+05:30,1217.7,1218.45,1217.6,1218.0,12835
2025-02-28 11:53:00+05:30,1217.8,1218.0,1217.75,1217.9,4204
2025-02-28 11:54:00+05:30,1217.9,1218.0,1217.8,1217.95,4280
2025-02-28 11:55:00+05:30,1217.95,1218.25,1217.9,1218.25,3931
2025-02-28 11:56:00+05:30,1218.25,1218.45,1218.15,1218.4,5360
2025-02-28 11:57:00+05:30,1218.35,1218.75,1218.35,1218.6,12895
2025-02-28 11:58:00+05:30,1218.75,1218.95,1218.15,1218.4,29462
2025-02-28 11:59:00+05:30,1218.4,1218.4,1218.0,1218.1,4212
2025-02-28 12:00:00+05:30,1218.1,1218.1,1217.4,1217.6,8555
2025-02-28 12:01:00+05:30,1217.6,1218.0,1217.55,1218.0,6087
2025-02-28 12:02:00+05:30,1218.0,1218.0,1217.85,1218.0,4255
2025-02-28 12:03:00+05:30,1217.9,1218.0,1217.5,1217.55,11034
2025-02-28 12:04:00+05:30,1217.55,1218.0,1217.5,1218.0,6555
2025-02-28 12:05:00+05:30,1218.0,1218.0,1217.6,1217.8,10024
2025-02-28 12:06:00+05:30,1217.65,1218.0,1217.65,1217.8,6729
2025-02-28 12:07:00+05:30,1217.7,1218.15,1217.7,1217.75,7955
2025-02-28 12:08:00+05:30,1217.75,1218.45,1217.75,1218.45,24335
2025-02-28 12:09:00+05:30,1218.4,1218.4,1218.05,1218.15,17467
2025-02-28 12:10:00+05:30,1218.15,1218.4,1217.65,1218.4,14886
2025-02-28 12:11:00+05:30,1218.4,1218.45,1217.95,1218.15,17578
2025-02-28 12:12:00+05:30,1218.15,1218.3,1218.0,1218.3,6624
2025-02-28 12:13:00+05:30,1218.3,1218.95,1218.25,1218.9,18267
2025-02-28 12:14:00+05:30,1218.95,1219.05,1218.8,1218.8,18301
2025-02-28 12:15:00+05:30,1218.8,1219.0,1218.55,1218.6,9548
2025-02-28 12:16:00+05:30,1218.55,1218.65,1218.5,1218.55,6630
2025-02-28 12:17:00+05:30,1218.5,1218.85,1218.45,1218.8,12072
2025-02-28 12:18:00+05:30,1218.8,1219.45,1218.55,1218.7,43170
2025-02-28 12:19:00+05:30,1218.65,1219.0,1218.5,1218.7,10783
2025-02-28 12:20:00+05:30,1218.65,1218.95,1217.85,1218.4,21759
2025-02-28 12:21:00+05:30,1218.25,1218.5,1218.25,1218.4,5945
2025-02-28 12:22:00+05:30,1218.4,1218.5,1217.85,1218.0,12386
2025-02-28 12:23:00+05:30,1218.0,1218.45,1217.95,1218.1,13257
2025-02-28 12:24:00+05:30,1218.1,1218.35,1217.0,1217.3,26465
2025-02-28 12:25:00+05:30,1217.05,1217.75,1217.0,1217.25,23238
2025-02-28 12:26:00+05:30,1217.25,1217.8,1217.0,1217.3,17021
2025-02-28 12:27:00+05:30,1217.1,1217.9,1216.95,1217.2,19542
2025-02-28 12:28:00+05:30,1217.25,1217.7,1216.45,1217.0,74478
2025-02-28 12:29:00+05:30,1217.0,1217.95,1216.5,1217.7,58629
2025-02-28 12:30:00+05:30,1217.35,1217.7,1217.2,1217.5,12732
2025-02-28 12:31:00+05:30,1217.5,1217.5,1217.0,1217.2,21250
2025-02-28 12:32:00+05:30,1217.2,1217.45,1214.45,1214.45,99979
2025-02-28 12:33:00+05:30,1214.7,1215.0,1213.25,1214.5,122495
2025-02-28 12:34:00+05:30,1214.5,1214.65,1213.3,1213.85,30262
2025-02-28 12:35:00+05:30,1213.6,1214.8,1213.3,1213.8,34141
2025-02-28 12:36:00+05:30,1213.8,1214.3,1213.25,1214.05,30038
2025-02-28 12:37:00+05:30,1213.9,1214.2,1213.45,1214.05,31809
2025-02-28 12:38:00+05:30,1213.8,1214.15,1213.45,1213.55,39437
2025-02-28 12:39:00+05:30,1214.0,1214.05,1213.25,1214.0,83452
2025-02-28 12:40:00+05:30,1213.55,1214.05,1213.45,1214.05,26349
2025-02-28 12:41:00+05:30,1214.05,1214.05,1213.2,1214.05,53689
2025-02-28 12:42:00+05:30,1213.8,1214.25,1211.85,1212.4,48425
2025-02-28 12:43:00+05:30,1212.0,1213.9,1211.85,1212.75,33706
2025-02-28 12:44:00+05:30,1213.0,1213.25,1212.15,1212.55,22650
2025-02-28 12:45:00+05:30,1212.6,1212.8,1212.3,1212.65,19763
2025-02-28 12:46:00+05:30,1212.35,1212.65,1211.5,1211.9,24188
2025-02-28 12:47:00+05:30,1211.9,1212.5,1211.7,1212.0,17613
2025-02-28 12:48:00+05:30,1212.0,1212.5,1211.5,1211.8,26801
2025-02-28 12:49:00+05:30,1211.8,1212.0,1210.5,1211.15,46801
2025-02-28 12:50:00+05:30,1211.1,1211.8,1210.6,1211.6,39373
2025-02-28 12:51:00+05:30,1211.45,1212.0,1211.35,1211.6,19883
2025-02-28 12:52:00+05:30,1211.95,1211.95,1210.15,1210.5,13616
2025-02-28 12:53:00+05:30,1210.3,1210.65,1209.5,1210.2,38182
2025-02-28 12:54:00+05:30,1210.05,1210.2,1208.75,1209.3,18892
2025-02-28 12:55:00+05:30,1209.3,1209.3,1208.1,1208.15,20099
2025-02-28 12:56:00+05:30,1208.1,1209.2,1208.0,1208.2,16027
2025-02-28 12:57:00+05:30,1208.05,1209.45,1207.9,1209.4,18254
2025-02-28 12:58:00+05:30,1209.3,1209.8,1208.65,1209.4,18941
2025-02-28 12:59:00+05:30,1208.9,1209.6,1208.55,1209.55,14270
2025-02-28 13:00:00+05:30,1209.25,1209.8,1208.75,1209.5,13790
2025-02-28 13:01:00+05:30,1209.4,1209.5,1209.15,1209.5,6378
2025-02-28 13:02:00+05:30,1209.45,1210.0,1209.35,1209.95,12238
2025-02-28 13:03:00+05:30,1209.95,1210.35,1209.65,1210.35,11101
2025-02-28 13:04:00+05:30,1210.0,1210.5,1209.75,1209.9,16247
2025-02-28 13:05:00+05:30,1209.9,1210.4,1209.7,1210.05,13133
2025-02-28 13:06:00+05:30,1210.0,1210.5,1209.05,1209.55,20214
2025-02-28 13:07:00+05:30,1209.2,1209.9,1209.1,1209.7,13133
2025-02-28 13:08:00+05:30,1209.7,1209.7,1208.6,1209.35,18260
2025-02-28 13:09:00+05:30,1208.8,1209.35,1208.3,1209.25,121109
2025-02-28 13:10:00+05:30,1209.25,1209.3,1208.6,1209.25,32327
2025-02-28 13:11:00+05:30,1209.3,1209.3,1208.55,1208.7,36125
2025-02-28 13:12:00+05:30,1208.85,1209.45,1208.5,1209.3,44374
2025-02-28 13:13:00+05:30,1208.9,1209.4,1206.65,1207.2,40049
2025-02-28 13:14:00+05:30,1206.7,1207.2,1205.65,1205.95,21366
2025-02-28 13:15:00+05:30,1205.7,1206.35,1205.35,1206.25,23803
2025-02-28 13:16:00+05:30,1206.25,1206.85,1206.0,1206.35,18511
2025-02-28 13:17:00+05:30,1206.35,1206.95,1206.05,1206.5,24043
2025-02-28 13:18:00+05:30,1206.25,1206.9,1206.0,1206.5,24475
2025-02-28 13:19:00+05:30,1206.3,1206.9,1205.85,1206.9,28185
2025-02-28 13:20:00+05:30,1206.5,1206.95,1206.1,1206.5,24038
2025-02-28 13:21:00+05:30,1206.25,1207.0,1206.1,1206.3,22532
2025-02-28 13:22:00+05:30,1206.3,1207.5,1206.25,1207.45,20748
2025-02-28 13:23:00+05:30,1207.45,1207.75,1206.3,1206.5,20623
2025-02-28 13:24:00+05:30,1206.4,1207.0,1206.0,1206.6,21740
2025-02-28 13:25:00+05:30,1206.35,1206.6,1206.15,1206.55,20579
2025-02-28 13:26:00+05:30,1206.3,1206.9,1206.2,1206.75,26717
2025-02-28 13:27:00+05:30,1206.45,1206.75,1205.6,1206.25,61357
2025-02-28 13:28:00+05:30,1206.3,1206.35,1204.8,1205.5,86955
2025-02-28 13:29:00+05:30,1205.5,1205.6,1205.15,1205.55,28981
2025-02-28 13:30:00+05:30,1205.55,1206.35,1205.3,1206.05,59373
2025-02-28 13:31:00+05:30,1205.6,1206.1,1205.3,1205.6,31819
2025-02-28 13:32:00+05:30,1205.5,1205.6,1205.4,1205.6,28227
2025-02-28 13:33:00+05:30,1205.5,1205.65,1204.8,1205.25,35341
2025-02-28 13:34:00+05:30,1205.0,1205.25,1204.0,1204.0,30805
2025-02-28 13:35:00+05:30,1204.35,1204.6,1203.85,1204.45,40924
2025-02-28 13:36:00+05:30,1204.1,1204.45,1203.6,1204.05,31038
2025-02-28 13:37:00+05:30,1203.75,1204.05,1203.25,1203.95,34550
2025-02-28 13:38:00+05:30,1203.65,1204.55,1203.3,1204.35,44872
2025-02-28 13:39:00+05:30,1204.0,1204.95,1203.75,1204.45,33357
2025-02-28 13:40:00+05:30,1204.25,1204.95,1204.1,1204.9,32383
2025-02-28 13:41:00+05:30,1204.9,1205.0,1204.25,1204.7,33557
2025-02-28 13:42:00+05:30,1204.45,1204.85,1203.8,1203.8,31158
2025-02-28 13:43:00+05:30,1203.8,1204.35,1203.75,1203.95,33307
2025-02-28 13:44:00+05:30,1204.2,1204.95,1203.95,1204.95,33159
2025-02-28 13:45:00+05:30,1204.45,1204.75,1203.3,1204.65,54831
2025-02-28 13:46:00+05:30,1204.65,1204.65,1203.95,1204.5,24091
2025-02-28 13:47:00+05:30,1204.5,1204.9,1203.95,1204.4,31235
2025-02-28 13:48:00+05:30,1204.4,1204.75,1203.75,1204.65,29273
2025-02-28 13:49:00+05:30,1204.1,1205.95,1204.0,1205.9,36636
2025-02-28 13:50:00+05:30,1205.85,1208.3,1205.7,1207.7,64088
2025-02-28 13:51:00+05:30,1207.3,1207.95,1205.75,1205.9,33731
2025-02-28 13:52:00+05:30,1205.75,1206.0,1205.15,1205.5,21396
2025-02-28 13:53:00+05:30,1205.65,1206.25,1205.0,1205.35,27787
2025-02-28 13:54:00+05:30,1205.35,1205.75,1204.8,1205.25,19725
2025-02-28 13:55:00+05:30,1205.05,1205.6,1204.7,1205.15,20024
2025-02-28 13:56:00+05:30,1205.65,1206.4,1205.05,1206.1,26772
2025-02-28 13:57:00+05:30,1205.7,1206.4,1205.5,1206.15,21838
2025-02-28 13:58:00+05:30,1205.95,1206.85,1205.8,1206.2,26228
2025-02-28 13:59:00+05:30,1206.2,1206.75,1205.9,1206.1,20219
2025-02-28 14:00:00+05:30,1206.5,1207.25,1206.1,1206.85,26830
2025-02-28 14:01:00+05:30,1206.4,1207.45,1206.35,1207.35,18421
2025-02-28 14:02:00+05:30,1207.35,1208.0,1206.85,1207.85,17305
2025-02-28 14:03:00+05:30,1207.55,1207.95,1206.9,1207.45,15861
2025-02-28 14:04:00+05:30,1207.2,1207.75,1206.55,1207.7,43286
2025-02-28 14:05:00+05:30,1207.45,1208.75,1207.15,1208.6,19327
2025-02-28 14:06:00+05:30,1208.45,1209.2,1208.3,1208.6,18896
2025-02-28 14:07:00+05:30,1208.3,1209.3,1208.2,1208.5,34256
2025-02-28 14:08:00+05:30,1208.5,1209.0,1208.1,1209.0,19330
2025-02-28 14:09:00+05:30,1208.95,1209.65,1208.65,1209.65,14502
2025-02-28 14:10:00+05:30,1209.6,1209.75,1209.15,1209.65,20518
2025-02-28 14:11:00+05:30,1209.3,1209.6,1208.7,1209.1,19786
2025-02-28 14:12:00+05:30,1209.0,1209.3,1208.65,1209.05,23002
2025-02-28 14:13:00+05:30,1208.8,1209.5,1208.3,1209.05,26935
2025-02-28 14:14:00+05:30,1209.3,1209.75,1209.05,1209.6,22129
2025-02-28 14:15:00+05:30,1209.6,1209.95,1209.05,1209.75,25337
2025-02-28 14:16:00+05:30,1209.95,1209.95,1208.6,1208.9,52240
2025-02-28 14:17:00+05:30,1208.85,1209.05,1208.55,1209.0,19580
2025-02-28 14:18:00+05:30,1208.75,1209.5,1207.95,1208.2,33983
2025-02-28 14:19:00+05:30,1208.0,1208.55,1207.9,1208.55,23269
2025-02-28 14:20:00+05:30,1208.2,1209.45,1208.15,1208.25,28154
2025-02-28 14:21:00+05:30,1208.25,1209.8,1208.2,1209.35,30631
2025-02-28 14:22:00+05:30,1209.05,1209.35,1208.45,1209.35,23149
2025-02-28 14:23:00+05:30,1209.2,1209.25,1208.5,1208.85,18948
2025-02-28 14:24:00+05:30,1208.85,1209.35,1208.4,1208.75,19228
2025-02-28 14:25:00+05:30,1208.4,1209.05,1208.4,1208.6,20298
2025-02-28 14:26:00+05:30,1208.65,1209.9,1208.6,1209.55,23199
2025-02-28 14:27:00+05:30,1209.1,1209.6,1208.7,1209.2,20410
2025-02-28 14:28:00+05:30,1209.1,1210.0,1208.8,1209.6,20482
2025-02-28 14:29:00+05:30,1209.55,1209.9,1208.95,1209.15,32863
2025-02-28 14:30:00+05:30,1209.15,1209.2,1208.35,1208.8,28657
2025-02-28 14:31:00+05:30,1209.1,1209.2,1208.2,1208.9,22755
2025-02-28 14:32:00+05:30,1208.7,1209.2,1208.3,1208.35,20592
2025-02-28 14:33:00+05:30,1208.6,1209.35,1208.25,1208.75,28057
2025-02-28 14:34:00+05:30,1209.1,1209.15,1208.2,1208.25,25815
2025-02-28 14:35:00+05:30,1208.85,1208.85,1208.0,1208.45,25361
2025-02-28 14:36:00+05:30,1208.45,1208.65,1207.5,1208.2,28136
2025-02-28 14:37:00+05:30,1208.1,1208.85,1207.95,1208.25,31599
2025-02-28 14:38:00+05:30,1208.25,1209.35,1208.05,1209.1,32051
2025-02-28 14:39:00+05:30,1208.7,1209.25,1208.35,1208.9,24407
2025-02-28 14:40:00+05:30,1208.85,1209.7,1208.75,1209.45,37595
2025-02-28 14:41:00+05:30,1209.5,1209.7,1208.6,1209.0,48478
2025-02-28 14:42:00+05:30,1208.7,1211.75,1208.65,1211.6,39970
2025-02-28 14:43:00+05:30,1211.6,1211.9,1210.9,1211.65,26217
2025-02-28 14:44:00+05:30,1211.35,1212.15,1211.35,1212.15,28254
2025-02-28 14:45:00+05:30,1211.85,1212.95,1211.55,1212.55,26015
2025-02-28 14:46:00+05:30,1212.75,1212.75,1211.55,1211.95,31938
2025-02-28 14:47:00+05:30,1211.95,1212.05,1210.6,1211.1,47203
2025-02-28 14:48:00+05:30,1210.8,1211.65,1208.8,1209.3,254110
2025-02-28 14:49:00+05:30,1209.3,1209.85,1208.8,1209.35,189065
2025-02-28 14:50:00+05:30,1209.3,1210.95,1208.8,1210.2,78827
2025-02-28 14:51:00+05:30,1210.25,1210.25,1209.45,1209.7,34053
2025-02-28 14:52:00+05:30,1209.6,1210.1,1208.5,1208.8,54193
2025-02-28 14:53:00+05:30,1208.55,1209.15,1208.5,1208.95,39322
2025-02-28 14:54:00+05:30,1208.95,1209.3,1208.65,1208.85,35905
2025-02-28 14:55:00+05:30,1209.15,1209.2,1208.4,1208.85,46969
2025-02-28 14:56:00+05:30,1208.85,1209.6,1208.45,1209.3,114109
2025-02-28 14:57:00+05:30,1208.95,1209.2,1208.5,1208.9,61783
2025-02-28 14:58:00+05:30,1208.9,1209.15,1208.45,1208.85,74833
2025-02-28 14:59:00+05:30,1209.0,1209.0,1208.5,1208.7,51356
2025-02-28 15:00:00+05:30,1208.6,1208.7,1205.4,1205.7,399240
2025-02-28 15:01:00+05:30,1205.65,1205.75,1203.95,1204.8,405956
2025-02-28 15:02:00+05:30,1204.8,1205.1,1203.75,1204.4,353848
2025-02-28 15:03:00+05:30,1204.5,1205.0,1203.55,1204.6,380073
2025-02-28 15:04:00+05:30,1204.7,1205.7,1203.55,1205.35,280189
2025-02-28 15:05:00+05:30,1205.35,1205.75,1204.7,1205.05,233788
2025-02-28 15:06:00+05:30,1205.05,1205.15,1203.6,1203.9,298914
2025-02-28 15:07:00+05:30,1203.85,1205.35,1203.65,1205.25,397609
2025-02-28 15:08:00+05:30,1205.25,1205.45,1204.3,1204.45,234354
2025-02-28 15:09:00+05:30,1204.45,1204.55,1203.75,1203.9,316867
2025-02-28 15:10:00+05:30,1203.9,1204.95,1203.65,1204.2,358408
2025-02-28 15:11:00+05:30,1204.2,1205.05,1203.65,1204.9,412879
2025-02-28 15:12:00+05:30,1204.85,1205.95,1204.75,1205.2,256731
2025-02-28 15:13:00+05:30,1205.2,1206.25,1204.95,1205.7,264915
2025-02-28 15:14:00+05:30,1205.7,1206.6,1205.6,1206.2,252891
2025-02-28 15:15:00+05:30,1206.2,1206.2,1205.3,1205.35,253493
2025-02-28 15:16:00+05:30,1205.5,1206.8,1205.3,1205.9,288464
2025-02-28 15:17:00+05:30,1205.85,1205.9,1205.05,1205.3,264588
2025-02-28 15:18:00+05:30,1205.25,1205.5,1205.1,1205.25,350907
2025-02-28 15:19:00+05:30,1205.3,1205.3,1204.75,1205.2,406454
2025-02-28 15:20:00+05:30,1205.05,1205.3,1204.3,1204.7,264736
2025-02-28 15:21:00+05:30,1204.7,1204.7,1204.6,1204.7,221212
2025-02-28 15:22:00+05:30,1204.65,1204.7,1202.55,1202.9,271312
2025-02-28 15:23:00+05:30,1202.85,1202.9,1201.35,1202.15,420622
2025-02-28 15:24:00+05:30,1202.15,1202.5,1202.05,1202.35,313964
2025-02-28 15:25:00+05:30,1202.3,1202.35,1201.0,1201.25,300385
2025-02-28 15:26:00+05:30,1201.25,1204.7,1200.2,1203.1,483334
2025-02-28 15:27:00+05:30,1203.1,1205.0,1200.1,1201.7,611441
2025-02-28 15:28:00+05:30,1202.0,1203.5,1200.3,1201.9,304339
2025-02-28 15:29:00+05:30,1201.9,1204.5,1200.45,1201.1,163924
2025-03-03 09:15:00+05:30,1211.0,1217.0,1211.0,1212.7,124967
2025-03-03 09:16:00+05:30,1212.3,1214.55,1211.2,1212.0,60637
2025-03-03 09:17:00+05:30,1212.0,1213.9,1211.4,1212.85,62714
2025-03-03 09:18:00+05:30,1212.85,1213.0,1211.0,1211.75,58859
2025-03-03 09:19:00+05:30,1211.4,1212.55,1210.1,1211.0,91385
2025-03-03 09:20:00+05:30,1211.0,1211.15,1209.4,1211.0,80896
2025-03-03 09:21:00+05:30,1211.0,1212.6,1210.95,1211.8,39728
2025-03-03 09:22:00+05:30,1211.8,1212.5,1210.4,1210.8,30602
2025-03-03 09:23:00+05:30,1210.8,1210.8,1207.55,1208.4,39552
2025-03-03 09:24:00+05:30,1208.4,1210.75,1207.8,1209.3,73865
2025-03-03 09:25:00+05:30,1209.3,1209.3,1208.7,1209.05,19467
2025-03-03 09:26:00+05:30,1208.85,1210.4,1208.85,1209.8,15145
2025-03-03 09:27:00+05:30,1210.0,1210.95,1209.4,1210.95,11104
2025-03-03 09:28:00+05:30,1210.55,1211.55,1210.55,1211.05,11380
2025-03-03 09:29:00+05:30,1211.15,1211.45,1210.3,1210.65,21710
2025-03-03 09:30:00+05:30,1210.4,1210.85,1209.7,1210.3,15862
2025-03-03 09:31:00+05:30,1210.3,1210.95,1210.15,1210.4,15787
2025-03-03 09:32:00+05:30,1210.45,1212.55,1210.0,1212.4,23163
2025-03-03 09:33:00+05:30,1212.4,1212.8,1212.0,1212.65,8607
2025-03-03 09:34:00+05:30,1212.65,1213.05,1212.05,1212.25,24942
2025-03-03 09:35:00+05:30,1212.6,1212.6,1210.7,1211.05,35869
2025-03-03 09:36:00+05:30,1211.4,1211.45,1209.5,1210.2,27248
2025-03-03 09:37:00+05:30,1210.2,1210.8,1208.9,1209.8,23439
2025-03-03 09:38:00+05:30,1210.3,1211.0,1209.85,1210.45,15458
2025-03-03 09:39:00+05:30,1210.75,1210.9,1210.05,1210.4,11185
2025-03-03 09:40:00+05:30,1210.4,1211.85,1209.95,1211.7,16200
2025-03-03 09:41:00+05:30,1211.9,1212.55,1211.8,1212.55,13978
2025-03-03 09:42:00+05:30,1212.55,1212.75,1211.95,1212.15,17423
2025-03-03 09:43:00+05:30,1212.1,1212.1,1211.55,1212.05,10587
2025-03-03 09:44:00+05:30,1212.05,1212.05,1211.4,1211.5,13545
2025-03-03 09:45:00+05:30,1211.7,1211.8,1209.8,1210.35,14923
2025-03-03 09:46:00+05:30,1210.35,1210.95,1209.05,1209.9,34559
2025-03-03 09:47:00+05:30,1209.9,1209.9,1208.65,1209.3,25844
2025-03-03 09:48:00+05:30,1209.3,1209.45,1207.2,1207.85,24313
2025-03-03 09:49:00+05:30,1207.85,1207.85,1206.0,1206.9,26567
2025-03-03 09:50:00+05:30,1207.0,1207.25,1205.95,1206.4,24992
2025-03-03 09:51:00+05:30,1206.15,1206.9,1205.55,1206.5,20506
2025-03-03 09:52:00+05:30,1206.7,1206.7,1205.05,1205.45,12393
2025-03-03 09:53:00+05:30,1205.45,1207.7,1205.1,1207.6,21950
2025-03-03 09:54:00+05:30,1207.3,1207.7,1206.35,1206.5,21304
2025-03-03 09:55:00+05:30,1206.9,1207.3,1205.0,1205.85,38386
2025-03-03 09:56:00+05:30,1205.85,1206.4,1205.3,1206.0,17015
2025-03-03 09:57:00+05:30,1206.0,1206.0,1205.1,1205.3,26321
2025-03-03 09:58:00+05:30,1205.65,1206.0,1205.35,1205.55,17165
2025-03-03 09:59:00+05:30,1205.6,1206.4,1205.25,1206.4,14708
2025-03-03 10:00:00+05:30,1206.45,1206.95,1204.15,1205.15,37548
2025-03-03 10:01:00+05:30,1205.15,1205.9,1204.15,1204.95,20382
2025-03-03 10:02:00+05:30,1205.3,1205.9,1204.5,1205.5,20685
2025-03-03 10:03:00+05:30,1205.5,1206.0,1204.8,1205.45,11382
2025-03-03 10:04:00+05:30,1205.45,1206.05,1205.05,1206.0,18321
2025-03-03 10:05:00+05:30,1206.0,1206.2,1205.2,1205.75,14422
2025-03-03 10:06:00+05:30,1206.15,1206.95,1205.75,1206.55,10514
2025-03-03 10:07:00+05:30,1206.55,1206.9,1205.6,1206.05,41965
2025-03-03 10:08:00+05:30,1206.05,1206.6,1205.0,1205.3,14514
2025-03-03 10:09:00+05:30,1205.35,1206.4,1205.1,1206.4,13512
2025-03-03 10:10:00+05:30,1206.35,1206.95,1205.2,1206.3,12989
2025-03-03 10:11:00+05:30,1206.75,1206.9,1205.45,1206.65,32041
2025-03-03 10:12:00+05:30,1206.65,1207.5,1206.35,1207.0,29076
2025-03-03 10:13:00+05:30,1206.95,1207.5,1206.55,1206.95,27374
2025-03-03 10:14:00+05:30,1207.0,1207.35,1205.8,1206.95,13223
2025-03-03 10:15:00+05:30,1206.95,1207.0,1205.5,1206.05,33741
2025-03-03 10:16:00+05:30,1206.3,1208.0,1206.1,1207.35,34399
2025-03-03 10:17:00+05:30,1207.35,1207.95,1206.55,1207.7,23889
2025-03-03 10:18:00+05:30,1207.7,1208.0,1207.45,1207.65,13277
2025-03-03 10:19:00+05:30,1207.95,1208.5,1207.65,1208.35,19169
2025-03-03 10:20:00+05:30,1208.3,1208.65,1207.85,1208.55,20637
2025-03-03 10:21:00+05:30,1208.55,1208.75,1207.8,1208.5,15128
2025-03-03 10:22:00+05:30,1208.5,1208.5,1207.25,1207.45,15560
2025-03-03 10:23:00+05:30,1207.8,1208.75,1207.2,1208.45,17782
2025-03-03 10:24:00+05:30,1208.45,1208.7,1207.6,1208.45,12978
2025-03-03 10:25:00+05:30,1208.45,1208.7,1207.65,1208.35,19526
2025-03-03 10:26:00+05:30,1208.55,1208.95,1208.05,1208.6,11808
2025-03-03 10:27:00+05:30,1208.7,1209.0,1207.7,1208.75,17927
2025-03-03 10:28:00+05:30,1208.5,1209.4,1208.0,1208.95,11934
2025-03-03 10:29:00+05:30,1209.4,1209.4,1208.85,1209.25,5303
2025-03-03 10:30:00+05:30,1209.25,1209.4,1208.3,1208.45,10440
2025-03-03 10:31:00+05:30,1208.9,1209.55,1208.4,1208.85,9890
2025-03-03 10:32:00+05:30,1209.3,1210.0,1208.75,1209.8,9303
2025-03-03 10:33:00+05:30,1209.9,1210.0,1208.55,1209.0,13895
2025-03-03 10:34:00+05:30,1209.0,1209.8,1208.8,1209.05,8999
2025-03-03 10:35:00+05:30,1209.35,1209.55,1208.8,1208.8,7229
2025-03-03 10:36:00+05:30,1209.25,1209.25,1208.75,1208.85,6711
2025-03-03 10:37:00+05:30,1209.25,1209.4,1208.85,1209.2,6473
2025-03-03 10:38:00+05:30,1209.25,1210.0,1208.95,1209.9,12380
2025-03-03 10:39:00+05:30,1209.9,1210.0,1209.4,1209.95,19675
2025-03-03 10:40:00+05:30,1209.95,1210.0,1209.05,1209.9,12055
2025-03-03 10:41:00+05:30,1209.85,1210.2,1209.85,1209.85,7598
2025-03-03 10:42:00+05:30,1209.9,1209.9,1209.2,1209.8,8088
2025-03-03 10:43:00+05:30,1209.8,1209.8,1208.2,1208.4,9939
2025-03-03 10:44:00+05:30,1208.35,1209.4,1208.2,1209.0,14274
2025-03-03 10:45:00+05:30,1208.8,1209.6,1208.6,1209.05,5978
2025-03-03 10:46:00+05:30,1209.05,1209.7,1208.9,1209.65,5040
2025-03-03 10:47:00+05:30,1209.6,1209.9,1209.05,1209.9,5210
2025-03-03 10:48:00+05:30,1209.9,1210.4,1209.55,1209.9,27342
2025-03-03 10:49:00+05:30,1209.9,1211.15,1209.65,1210.85,23914
2025-03-03 10:50:00+05:30,1210.9,1211.4,1210.8,1211.35,7045
2025-03-03 10:51:00+05:30,1211.1,1211.35,1210.25,1211.3,8966
2025-03-03 10:52:00+05:30,1211.35,1212.0,1211.15,1211.65,10034
2025-03-03 10:53:00+05:30,1211.85,1212.0,1211.1,1211.6,7902
2025-03-03 10:54:00+05:30,1211.6,1211.6,1210.7,1211.5,6801
2025-03-03 10:55:00+05:30,1211.5,1211.5,1210.65,1211.45,10167
2025-03-03 10:56:00+05:30,1211.35,1211.4,1210.35,1210.4,4901
2025-03-03 10:57:00+05:30,1210.45,1210.8,1210.35,1210.5,3054
2025-03-03 10:58:00+05:30,1210.5,1210.65,1209.4,1209.9,16843
2025-03-03 10:59:00+05:30,1209.9,1210.0,1209.4,1210.0,10668
2025-03-03 11:00:00+05:30,1209.9,1210.0,1209.05,1209.3,9102
2025-03-03 11:01:00+05:30,1209.5,1210.25,1209.3,1210.25,4730
2025-03-03 11:02:00+05:30,1210.25,1210.25,1209.0,1209.65,64070
2025-03-03 11:03:00+05:30,1209.65,1209.65,1208.35,1209.1,21723
2025-03-03 11:04:00+05:30,1208.65,1209.75,1208.15,1209.3,28977
2025-03-03 11:05:00+05:30,1209.05,1209.55,1208.6,1208.7,26841
2025-03-03 11:06:00+05:30,1208.7,1208.9,1207.75,1207.85,37108
2025-03-03 11:07:00+05:30,1207.8,1208.95,1207.65,1208.9,26224
2025-03-03 11:08:00+05:30,1208.9,1208.9,1207.75,1208.1,28331
2025-03-03 11:09:00+05:30,1208.05,1208.15,1207.75,1207.85,12841
2025-03-03 11:10:00+05:30,1207.85,1208.9,1207.75,1208.8,51491
2025-03-03 11:11:00+05:30,1208.8,1208.9,1208.05,1208.6,29962
2025-03-03 11:12:00+05:30,1208.55,1208.6,1207.65,1207.85,12503
2025-03-03 11:13:00+05:30,1207.85,1208.2,1207.4,1207.95,26227
2025-03-03 11:14:00+05:30,1208.15,1208.85,1207.85,1208.85,58463
2025-03-03 11:15:00+05:30,1208.85,1209.0,1207.75,1207.85,36533
2025-03-03 11:16:00+05:30,1207.9,1208.1,1207.5,1207.5,15764
2025-03-03 11:17:00+05:30,1207.5,1208.0,1207.2,1208.0,12043
2025-03-03 11:18:00+05:30,1207.95,1208.0,1207.7,1207.7,13179
2025-03-03 11:19:00+05:30,1207.75,1208.0,1207.4,1207.6,11971
2025-03-03 11:20:00+05:30,1207.7,1207.95,1207.5,1207.6,8188
2025-03-03 11:21:00+05:30,1207.6,1208.0,1207.4,1208.0,11682
2025-03-03 11:22:00+05:30,1207.65,1208.0,1207.2,1207.35,11991
2025-03-03 11:23:00+05:30,1207.5,1208.0,1207.35,1207.65,11849
2025-03-03 11:24:00+05:30,1207.95,1208.8,1207.6,1208.3,47556
2025-03-03 11:25:00+05:30,1208.7,1209.4,1208.1,1209.05,19183
2025-03-03 11:26:00+05:30,1209.05,1209.4,1208.25,1208.95,5534
2025-03-03 11:27:00+05:30,1208.7,1209.3,1207.9,1208.15,104700
2025-03-03 11:28:00+05:30,1208.35,1209.3,1208.15,1208.75,10117
2025-03-03 11:29:00+05:30,1208.25,1208.8,1207.3,1207.95,25283
2025-03-03 11:30:00+05:30,1207.95,1208.0,1207.65,1208.0,12524
2025-03-03 11:31:00+05:30,1208.0,1209.55,1207.95,1209.35,36867
2025-03-03 11:32:00+05:30,1209.05,1209.6,1208.85,1209.45,8171
2025-03-03 11:33:00+05:30,1208.95,1209.45,1208.75,1209.4,2994
2025-03-03 11:34:00+05:30,1209.4,1209.75,1208.85,1209.65,575185
2025-03-03 11:35:00+05:30,1209.65,1209.65,1208.7,1209.35,9639
2025-03-03 11:36:00+05:30,1209.05,1209.3,1208.4,1208.55,7518
2025-03-03 11:37:00+05:30,1208.95,1209.2,1208.55,1209.1,2598
2025-03-03 11:38:00+05:30,1209.1,1209.2,1208.3,1208.55,4593
2025-03-03 11:39:00+05:30,1208.55,1208.7,1208.05,1208.65,3710
2025-03-03 11:40:00+05:30,1208.7,1208.8,1208.15,1208.7,3021
2025-03-03 11:41:00+05:30,1208.55,1209.0,1208.05,1208.5,6861
2025-03-03 11:42:00+05:30,1208.2,1208.85,1206.9,1207.85,113376
2025-03-03 11:43:00+05:30,1207.85,1208.2,1207.0,1207.9,109249
2025-03-03 11:44:00+05:30,1208.1,1208.1,1207.15,1207.65,11639
2025-03-03 11:45:00+05:30,1207.65,1208.0,1207.4,1207.95,6725
2025-03-03 11:46:00+05:30,1207.95,1208.05,1207.4,1207.85,9465
2025-03-03 11:47:00+05:30,1207.6,1208.3,1207.4,1207.7,10863
2025-03-03 11:48:00+05:30,1207.45,1207.8,1207.3,1207.6,4405
2025-03-03 11:49:00+05:30,1207.6,1208.2,1207.6,1208.0,7001
2025-03-03 11:50:00+05:30,1208.0,1208.35,1207.75,1208.3,3045
2025-03-03 11:51:00+05:30,1208.1,1208.5,1207.9,1208.2,7025
2025-03-03 11:52:00+05:30,1208.2,1208.5,1207.8,1208.2,4320
2025-03-03 11:53:00+05:30,1208.2,1208.2,1207.8,1208.0,6301
2025-03-03 11:54:00+05:30,1207.85,1208.0,1207.7,1207.85,4745
2025-03-03 11:55:00+05:30,1207.8,1208.0,1207.5,1207.85,12665
2025-03-03 11:56:00+05:30,1207.55,1208.0,1207.45,1207.75,8385
2025-03-03 11:57:00+05:30,1207.55,1207.95,1207.3,1207.95,9093
2025-03-03 11:58:00+05:30,1207.7,1208.0,1207.3,1207.85,6266
2025-03-03 11:59:00+05:30,1207.85,1208.0,1207.4,1207.95,8223
2025-03-03 12:00:00+05:30,1207.95,1208.0,1207.5,1207.9,10898
2025-03-03 12:01:00+05:30,1207.85,1208.0,1207.2,1207.4,5950
2025-03-03 12:02:00+05:30,1207.45,1207.7,1206.4,1207.5,13444
2025-03-03 12:03:00+05:30,1207.5,1208.0,1207.15,1208.0,4611
2025-03-03 12:04:00+05:30,1207.9,1208.05,1207.9,1208.0,7581
2025-03-03 12:05:00+05:30,1208.05,1209.5,1207.95,1209.5,35813
2025-03-03 12:06:00+05:30,1209.5,1209.95,1209.25,1209.75,7164
2025-03-03 12:07:00+05:30,1209.75,1210.2,1209.55,1210.2,10884
2025-03-03 12:08:00+05:30,1210.2,1211.0,1210.15,1210.8,4277
2025-03-03 12:09:00+05:30,1210.75,1212.35,1210.75,1212.15,29000
2025-03-03 12:10:00+05:30,1212.15,1213.0,1212.15,1212.45,24615
2025-03-03 12:11:00+05:30,1212.65,1213.95,1212.4,1212.85,16044
2025-03-03 12:12:00+05:30,1212.85,1213.95,1212.5,1213.95,13007
2025-03-03 12:13:00+05:30,1213.5,1214.95,1213.4,1213.8,44047
2025-03-03 12:14:00+05:30,1213.95,1214.65,1213.55,1214.65,11972
2025-03-03 12:15:00+05:30,1214.65,1215.0,1213.7,1214.85,23576
2025-03-03 12:16:00+05:30,1215.0,1215.05,1214.25,1214.75,19734
2025-03-03 12:17:00+05:30,1214.75,1215.25,1214.05,1214.5,23917
2025-03-03 12:18:00+05:30,1214.5,1214.75,1213.2,1213.35,5045
2025-03-03 12:19:00+05:30,1213.35,1214.45,1213.3,1213.75,5442
2025-03-03 12:20:00+05:30,1213.75,1213.9,1212.85,1213.6,14120
2025-03-03 12:21:00+05:30,1213.35,1214.0,1213.2,1213.5,5507
2025-03-03 12:22:00+05:30,1213.35,1213.75,1213.15,1213.5,3452
2025-03-03 12:23:00+05:30,1213.55,1213.75,1213.2,1213.45,6943
2025-03-03 12:24:00+05:30,1213.7,1214.0,1213.05,1213.45,12599
2025-03-03 12:25:00+05:30,1213.25,1213.55,1212.45,1213.0,31380
2025-03-03 12:26:00+05:30,1212.95,1213.05,1212.25,1212.4,6618
2025-03-03 12:27:00+05:30,1212.4,1212.5,1212.05,1212.3,4359
2025-03-03 12:28:00+05:30,1212.3,1213.0,1212.25,1212.95,6137
2025-03-03 12:29:00+05:30,1212.7,1213.25,1212.5,1212.85,18620
2025-03-03 12:30:00+05:30,1212.55,1213.1,1212.25,1212.3,14575
2025-03-03 12:31:00+05:30,1212.3,1212.9,1212.3,1212.5,6191
2025-03-03 12:32:00+05:30,1212.55,1213.2,1212.5,1212.9,5694
2025-03-03 12:33:00+05:30,1212.85,1213.1,1212.55,1212.95,6328
2025-03-03 12:34:00+05:30,1212.65,1215.0,1212.65,1215.0,44590
2025-03-03 12:35:00+05:30,1215.0,1215.8,1213.9,1214.35,38246
2025-03-03 12:36:00+05:30,1214.55,1214.9,1213.3,1213.8,11118
2025-03-03 12:37:00+05:30,1213.45,1213.8,1213.3,1213.3,9824
2025-03-03 12:38:00+05:30,1213.4,1214.1,1213.35,1214.0,5369
2025-03-03 12:39:00+05:30,1214.0,1214.35,1212.9,1213.0,23413
2025-03-03 12:40:00+05:30,1212.95,1213.5,1212.75,1213.15,17270
2025-03-03 12:41:00+05:30,1213.3,1213.6,1212.9,1213.25,8472
2025-03-03 12:42:00+05:30,1213.55,1213.6,1212.55,1212.65,8275
2025-03-03 12:43:00+05:30,1212.6,1213.2,1212.55,1212.8,8621
2025-03-03 12:44:00+05:30,1212.85,1213.25,1212.1,1212.35,15824
2025-03-03 12:45:00+05:30,1212.4,1213.5,1212.4,1213.2,9302
2025-03-03 12:46:00+05:30,1213.25,1214.3,1213.25,1213.65,8759
2025-03-03 12:47:00+05:30,1213.45,1213.85,1212.95,1213.8,16056
2025-03-03 12:48:00+05:30,1213.8,1214.4,1213.55,1214.25,11544
2025-03-03 12:49:00+05:30,1214.35,1214.7,1213.95,1214.3,6559
2025-03-03 12:50:00+05:30,1214.3,1214.55,1213.4,1214.0,11319
2025-03-03 12:51:00+05:30,1214.05,1214.75,1213.45,1214.5,11468
2025-03-03 12:52:00+05:30,1214.55,1214.75,1213.25,1213.65,14812
2025-03-03 12:53:00+05:30,1213.7,1214.45,1213.4,1214.15,10493
2025-03-03 12:54:00+05:30,1214.2,1214.45,1213.5,1214.25,17166
2025-03-03 12:55:00+05:30,1214.35,1214.7,1213.45,1213.45,9371
2025-03-03 12:56:00+05:30,1213.55,1214.55,1213.5,1213.9,7746
2025-03-03 12:57:00+05:30,1214.05,1214.45,1213.9,1213.95,15597
2025-03-03 12:58:00+05:30,1213.9,1214.2,1213.1,1213.1,10403
2025-03-03 12:59:00+05:30,1213.35,1213.75,1212.65,1213.05,21667
2025-03-03 13:00:00+05:30,1213.05,1213.85,1212.95,1213.7,11570
2025-03-03 13:01:00+05:30,1213.75,1214.1,1212.8,1213.2,10277
2025-03-03 13:02:00+05:30,1213.3,1213.8,1212.6,1212.85,13272
2025-03-03 13:03:00+05:30,1212.6,1213.2,1212.45,1212.85,12632
2025-03-03 13:04:00+05:30,1212.85,1213.25,1212.75,1213.2,8373
2025-03-03 13:05:00+05:30,1213.05,1213.3,1212.45,1213.2,10200
2025-03-03 13:06:00+05:30,1213.15,1213.2,1212.0,1212.4,10015
2025-03-03 13:07:00+05:30,1212.55,1213.1,1212.0,1212.95,16031
2025-03-03 13:08:00+05:30,1212.7,1213.45,1212.65,1212.65,13638
2025-03-03 13:09:00+05:30,1212.7,1213.65,1212.6,1213.5,9275
2025-03-03 13:10:00+05:30,1213.5,1214.0,1213.35,1213.65,7446
2025-03-03 13:11:00+05:30,1213.65,1213.95,1213.4,1213.7,8492
2025-03-03 13:12:00+05:30,1213.85,1214.0,1213.35,1213.9,9071
2025-03-03 13:13:00+05:30,1213.9,1214.2,1213.8,1214.15,11961
2025-03-03 13:14:00+05:30,1213.95,1214.5,1213.8,1214.35,18924
2025-03-03 13:15:00+05:30,1214.4,1214.55,1213.9,1214.5,10893
2025-03-03 13:16:00+05:30,1214.5,1214.65,1213.75,1213.85,20614
2025-03-03 13:17:00+05:30,1214.05,1215.0,1213.6,1214.8,18702
2025-03-03 13:18:00+05:30,1214.7,1214.85,1214.2,1214.7,11763
2025-03-03 13:19:00+05:30,1214.65,1215.0,1214.1,1214.65,17136
2025-03-03 13:20:00+05:30,1214.65,1214.75,1213.4,1214.3,18974
2025-03-03 13:21:00+05:30,1214.3,1214.4,1213.35,1214.25,11317
2025-03-03 13:22:00+05:30,1214.0,1214.8,1213.65,1214.45,19405
2025-03-03 13:23:00+05:30,1214.45,1214.85,1213.6,1214.85,24056
2025-03-03 13:24:00+05:30,1214.85,1214.95,1213.85,1214.35,18790
2025-03-03 13:25:00+05:30,1214.2,1214.6,1213.85,1214.25,8356
2025-03-03 13:26:00+05:30,1214.25,1214.35,1213.55,1214.0,10851
2025-03-03 13:27:00+05:30,1213.95,1214.3,1213.4,1213.8,14079
2025-03-03 13:28:00+05:30,1213.75,1213.95,1213.5,1213.9,11976
2025-03-03 13:29:00+05:30,1213.85,1213.9,1212.7,1213.35,22770
2025-03-03 13:30:00+05:30,1213.35,1213.45,1212.55,1213.15,10089
2025-03-03 13:31:00+05:30,1213.15,1213.85,1212.75,1213.3,16269
2025-03-03 13:32:00+05:30,1213.45,1213.45,1212.0,1212.9,17973
2025-03-03 13:33:00+05:30,1212.8,1213.1,1212.6,1212.95,10178
2025-03-03 13:34:00+05:30,1212.95,1213.2,1212.35,1212.8,13387
2025-03-03 13:35:00+05:30,1212.65,1213.3,1212.4,1213.15,17119
2025-03-03 13:36:00+05:30,1213.15,1213.5,1212.6,1213.3,12202
2025-03-03 13:37:00+05:30,1213.3,1213.7,1212.9,1213.45,17238
2025-03-03 13:38:00+05:30,1212.9,1213.6,1212.8,1213.3,15929
2025-03-03 13:39:00+05:30,1213.55,1213.55,1212.8,1213.4,13267
2025-03-03 13:40:00+05:30,1213.4,1213.4,1212.25,1212.55,16149
2025-03-03 13:41:00+05:30,1212.6,1213.4,1212.4,1212.9,19934
2025-03-03 13:42:00+05:30,1212.55,1213.25,1212.25,1212.95,12626
2025-03-03 13:43:00+05:30,1212.9,1212.9,1212.0,1212.05,16152
2025-03-03 13:44:00+05:30,1212.45,1212.9,1212.0,1212.85,14416
2025-03-03 13:45:00+05:30,1212.85,1213.15,1212.1,1212.4,16976
2025-03-03 13:46:00+05:30,1212.45,1213.0,1212.3,1212.9,11750
2025-03-03 13:47:00+05:30,1212.85,1212.95,1212.15,1212.7,11635
2025-03-03 13:48:00+05:30,1212.75,1213.05,1212.25,1212.55,16258
2025-03-03 13:49:00+05:30,1213.0,1213.6,1212.6,1213.55,15047
2025-03-03 13:50:00+05:30,1213.55,1214.0,1212.85,1213.9,21072
2025-03-03 13:51:00+05:30,1213.8,1214.05,1212.7,1213.4,11446
2025-03-03 13:52:00+05:30,1213.4,1213.9,1212.65,1212.9,16823
2025-03-03 13:53:00+05:30,1212.9,1213.35,1212.15,1212.15,11717
2025-03-03 13:54:00+05:30,1212.25,1212.6,1211.3,1211.9,10524
2025-03-03 13:55:00+05:30,1211.35,1211.95,1210.75,1210.9,11517
2025-03-03 13:56:00+05:30,1210.9,1210.95,1210.15,1210.85,12152
2025-03-03 13:57:00+05:30,1210.85,1211.0,1210.0,1210.6,14698
2025-03-03 13:58:00+05:30,1210.1,1210.65,1209.75,1210.4,16692
2025-03-03 13:59:00+05:30,1210.4,1210.85,1209.65,1209.65,11411
2025-03-03 14:00:00+05:30,1210.0,1210.5,1209.55,1209.6,12867
2025-03-03 14:01:00+05:30,1210.0,1210.3,1209.15,1209.8,12482
2025-03-03 14:02:00+05:30,1209.8,1210.65,1209.8,1210.05,10585
2025-03-03 14:03:00+05:30,1210.05,1210.5,1209.95,1210.2,8329
2025-03-03 14:04:00+05:30,1210.2,1210.9,1210.0,1210.55,11500
2025-03-03 14:05:00+05:30,1210.55,1210.9,1209.8,1210.2,11034
2025-03-03 14:06:00+05:30,1210.1,1210.7,1209.5,1209.55,15566
2025-03-03 14:07:00+05:30,1209.45,1210.45,1209.1,1209.85,11104
2025-03-03 14:08:00+05:30,1209.85,1210.2,1209.15,1210.05,9476
2025-03-03 14:09:00+05:30,1210.05,1210.3,1209.5,1209.75,11747
2025-03-03 14:10:00+05:30,1209.75,1210.35,1209.35,1209.85,12276
2025-03-03 14:11:00+05:30,1210.25,1210.6,1209.85,1210.5,16290
2025-03-03 14:12:00+05:30,1210.5,1211.0,1210.3,1210.6,12260
2025-03-03 14:13:00+05:30,1210.65,1211.35,1210.55,1211.2,14779
2025-03-03 14:14:00+05:30,1211.2,1211.35,1209.7,1210.15,28901
2025-03-03 14:15:00+05:30,1210.6,1210.65,1209.55,1209.75,23843
2025-03-03 14:16:00+05:30,1210.15,1210.25,1209.55,1209.6,15076
2025-03-03 14:17:00+05:30,1209.6,1210.5,1209.6,1210.3,14977
2025-03-03 14:18:00+05:30,1210.25,1210.4,1209.65,1209.85,12917
2025-03-03 14:19:00+05:30,1210.3,1210.45,1209.7,1209.95,13369
2025-03-03 14:20:00+05:30,1210.05,1210.75,1209.95,1210.75,14057
2025-03-03 14:21:00+05:30,1210.75,1211.05,1210.05,1210.45,12570
2025-03-03 14:22:00+05:30,1210.4,1210.9,1210.05,1210.5,8888
2025-03-03 14:23:00+05:30,1210.45,1211.4,1210.3,1210.95,8086
2025-03-03 14:24:00+05:30,1210.85,1211.3,1210.2,1210.65,11893
2025-03-03 14:25:00+05:30,1210.45,1210.95,1210.05,1210.5,11433
2025-03-03 14:26:00+05:30,1210.2,1210.6,1210.05,1210.55,7346
2025-03-03 14:27:00+05:30,1210.55,1212.05,1210.2,1210.7,61905
2025-03-03 14:28:00+05:30,1210.8,1211.5,1210.7,1210.7,11237
2025-03-03 14:29:00+05:30,1210.7,1211.45,1210.6,1211.3,9105
2025-03-03 14:30:00+05:30,1211.2,1211.3,1210.45,1210.75,13546
2025-03-03 14:31:00+05:30,1210.6,1210.8,1209.9,1209.9,14899
2025-03-03 14:32:00+05:30,1209.9,1210.45,1209.65,1210.0,16201
2025-03-03 14:33:00+05:30,1210.0,1210.1,1209.25,1209.4,12728
2025-03-03 14:34:00+05:30,1209.35,1210.1,1209.25,1210.1,9212
2025-03-03 14:35:00+05:30,1209.8,1210.5,1209.55,1210.0,8624
2025-03-03 14:36:00+05:30,1210.0,1210.25,1209.5,1209.9,12516
2025-03-03 14:37:00+05:30,1209.85,1211.25,1209.55,1210.0,55634
2025-03-03 14:38:00+05:30,1210.2,1210.8,1209.85,1209.95,12249
2025-03-03 14:39:00+05:30,1209.8,1210.0,1209.3,1209.5,8080
2025-03-03 14:40:00+05:30,1209.95,1210.15,1209.25,1209.55,8797
2025-03-03 14:41:00+05:30,1209.95,1210.25,1209.45,1210.15,12161
2025-03-03 14:42:00+05:30,1210.15,1210.25,1209.55,1210.05,8160
2025-03-03 14:43:00+05:30,1210.15,1210.15,1209.55,1209.55,8578
2025-03-03 14:44:00+05:30,1209.55,1210.45,1209.55,1209.75,10468
2025-03-03 14:45:00+05:30,1210.1,1210.35,1209.7,1210.0,12080
2025-03-03 14:46:00+05:30,1209.95,1210.35,1209.5,1209.6,12825
2025-03-03 14:47:00+05:30,1210.05,1210.4,1209.6,1209.75,16647
2025-03-03 14:48:00+05:30,1210.2,1210.4,1209.5,1209.9,12981
2025-03-03 14:49:00+05:30,1209.85,1210.15,1209.2,1209.4,11677
2025-03-03 14:50:00+05:30,1209.7,1210.1,1209.25,1209.65,17333
2025-03-03 14:51:00+05:30,1209.45,1210.25,1209.35,1210.05,14414
2025-03-03 14:52:00+05:30,1209.7,1210.2,1209.2,1209.6,9739
2025-03-03 14:53:00+05:30,1209.8,1210.1,1209.55,1209.85,15000
2025-03-03 14:54:00+05:30,1209.65,1210.1,1209.35,1210.0,10547
2025-03-03 14:55:00+05:30,1209.5,1210.0,1209.2,1209.2,13885
2025-03-03 14:56:00+05:30,1209.2,1209.75,1208.4,1209.1,18386
2025-03-03 14:57:00+05:30,1209.0,1209.5,1208.6,1208.8,14595
2025-03-03 14:58:00+05:30,1208.8,1209.0,1208.1,1208.55,13953
2025-03-03 14:59:00+05:30,1208.4,1209.0,1208.3,1209.0,11001
2025-03-03 15:00:00+05:30,1208.7,1208.7,1205.75,1206.1,73438
2025-03-03 15:01:00+05:30,1206.3,1206.3,1205.0,1205.7,67491
2025-03-03 15:02:00+05:30,1205.7,1206.15,1204.65,1205.05,53153
2025-03-03 15:03:00+05:30,1205.05,1205.7,1204.65,1204.75,48309
2025-03-03 15:04:00+05:30,1204.95,1207.5,1204.7,1205.95,91540
2025-03-03 15:05:00+05:30,1205.95,1206.35,1205.15,1205.85,37703
2025-03-03 15:06:00+05:30,1205.85,1207.05,1205.25,1206.6,80597
2025-03-03 15:07:00+05:30,1206.6,1206.85,1206.05,1206.8,29245
2025-03-03 15:08:00+05:30,1206.45,1206.85,1206.05,1206.75,30032
2025-03-03 15:09:00+05:30,1206.75,1207.75,1206.15,1206.8,58123
2025-03-03 15:10:00+05:30,1207.25,1207.95,1206.15,1206.35,55471
2025-03-03 15:11:00+05:30,1206.35,1206.45,1205.4,1205.8,30731
2025-03-03 15:12:00+05:30,1205.9,1205.9,1204.75,1205.55,41887
2025-03-03 15:13:00+05:30,1205.5,1205.9,1204.9,1205.9,43257
2025-03-03 15:14:00+05:30,1205.9,1205.95,1205.2,1205.6,32680
2025-03-03 15:15:00+05:30,1205.65,1206.3,1205.05,1205.5,50940
2025-03-03 15:16:00+05:30,1205.5,1206.05,1205.2,1205.65,48977
2025-03-03 15:17:00+05:30,1205.65,1206.8,1205.4,1206.55,33208
2025-03-03 15:18:00+05:30,1206.55,1206.95,1205.95,1206.95,36492
2025-03-03 15:19:00+05:30,1206.95,1207.55,1206.6,1207.3,41779
2025-03-03 15:20:00+05:30,1207.3,1207.4,1205.45,1206.25,64032
2025-03-03 15:21:00+05:30,1206.35,1206.4,1205.75,1206.25,38359
2025-03-03 15:22:00+05:30,1206.25,1206.25,1205.45,1206.1,35212
2025-03-03 15:23:00+05:30,1206.1,1207.75,1205.85,1207.5,48371
2025-03-03 15:24:00+05:30,1207.5,1207.85,1206.4,1207.0,52063
2025-03-03 15:25:00+05:30,1206.9,1207.0,1206.1,1206.8,39886
2025-03-03 15:26:00+05:30,1207.0,1207.85,1206.5,1207.4,46714
2025-03-03 15:27:00+05:30,1207.45,1207.7,1206.3,1207.55,44658
2025-03-03 15:28:00+05:30,1207.0,1207.65,1206.35,1207.35,20917
2025-03-03 15:29:00+05:30,1207.35,1208.7,1206.75,1208.7,7288
2025-03-04 09:15:00+05:30,1207.6,1213.9,1207.15,1210.3,331810
2025-03-04 09:16:00+05:30,1210.4,1214.95,1209.2,1212.65,99906
2025-03-04 09:17:00+05:30,1212.65,1213.15,1211.3,1212.3,66014
2025-03-04 09:18:00+05:30,1212.3,1212.3,1210.0,1210.4,55410
2025-03-04 09:19:00+05:30,1210.4,1215.0,1210.3,1214.4,78744
2025-03-04 09:20:00+05:30,1214.4,1214.8,1213.6,1213.95,46810
2025-03-04 09:21:00+05:30,1213.65,1214.15,1212.2,1213.95,39054
2025-03-04 09:22:00+05:30,1214.2,1214.35,1212.0,1212.5,42972
2025-03-04 09:23:00+05:30,1212.4,1213.9,1212.0,1213.5,47361
2025-03-04 09:24:00+05:30,1213.4,1213.8,1212.6,1212.9,18834
2025-03-04 09:25:00+05:30,1212.9,1212.95,1210.8,1211.05,20315
2025-03-04 09:26:00+05:30,1210.95,1211.0,1209.7,1209.95,43835
2025-03-04 09:27:00+05:30,1209.65,1210.0,1208.7,1208.75,49209
2025-03-04 09:28:00+05:30,1209.1,1210.25,1208.55,1208.55,25660
2025-03-04 09:29:00+05:30,1208.65,1208.75,1208.0,1208.5,16315
2025-03-04 09:30:00+05:30,1208.35,1208.9,1207.65,1208.7,24952
2025-03-04 09:31:00+05:30,1208.65,1209.65,1207.8,1209.1,19097
2025-03-04 09:32:00+05:30,1209.55,1210.95,1209.1,1210.0,24555
2025-03-04 09:33:00+05:30,1210.0,1210.75,1209.75,1210.75,18663
2025-03-04 09:34:00+05:30,1210.5,1211.0,1209.0,1209.0,21391
2025-03-04 09:35:00+05:30,1209.0,1211.55,1209.0,1211.55,17877
2025-03-04 09:36:00+05:30,1211.5,1211.55,1210.55,1211.05,9618
2025-03-04 09:37:00+05:30,1211.1,1213.45,1211.05,1213.1,25457
2025-03-04 09:38:00+05:30,1213.4,1213.55,1212.05,1212.45,20125
2025-03-04 09:39:00+05:30,1212.3,1213.3,1212.25,1212.4,12611
2025-03-04 09:40:00+05:30,1212.3,1212.5,1212.25,1212.4,3556
2025-03-04 09:41:00+05:30,1212.4,1214.0,1212.35,1213.7,31222
2025-03-04 09:42:00+05:30,1213.6,1214.8,1213.2,1214.75,26385
2025-03-04 09:43:00+05:30,1214.75,1215.75,1213.85,1215.45,31915
2025-03-04 09:44:00+05:30,1215.3,1215.5,1213.85,1214.35,24883
2025-03-04 09:45:00+05:30,1214.05,1214.7,1213.05,1213.3,32797
2025-03-04 09:46:00+05:30,1213.25,1214.0,1212.65,1213.8,22864
2025-03-04 09:47:00+05:30,1213.8,1214.0,1213.35,1213.75,17491
2025-03-04 09:48:00+05:30,1213.35,1214.45,1213.35,1214.1,15931
2025-03-04 09:49:00+05:30,1214.2,1214.35,1213.2,1214.2,22568
2025-03-04 09:50:00+05:30,1214.2,1214.55,1213.25,1214.3,21142
2025-03-04 09:51:00+05:30,1214.05,1214.35,1213.35,1213.8,16629
2025-03-04 09:52:00+05:30,1213.95,1214.9,1213.4,1213.95,17449
2025-03-04 09:53:00+05:30,1213.85,1213.95,1212.3,1213.65,19802
2025-03-04 09:54:00+05:30,1213.25,1214.0,1213.0,1214.0,31390
2025-03-04 09:55:00+05:30,1213.9,1214.0,1212.25,1212.9,25954
2025-03-04 09:56:00+05:30,1212.9,1213.0,1212.0,1212.4,15802
2025-03-04 09:57:00+05:30,1212.45,1212.7,1211.0,1211.85,25877
2025-03-04 09:58:00+05:30,1211.4,1212.45,1211.05,1211.35,16575
2025-03-04 09:59:00+05:30,1211.15,1211.9,1211.0,1211.4,12476
2025-03-04 10:00:00+05:30,1211.4,1212.4,1211.1,1212.05,12200
2025-03-04 10:01:00+05:30,1212.15,1213.55,1212.15,1213.25,8936
2025-03-04 10:02:00+05:30,1213.1,1214.4,1213.1,1213.75,15926
2025-03-04 10:03:00+05:30,1213.85,1214.0,1213.0,1213.05,19166
2025-03-04 10:04:00+05:30,1213.2,1213.4,1212.45,1212.9,13069
2025-03-04 10:05:00+05:30,1212.9,1213.25,1212.55,1212.9,10495
2025-03-04 10:06:00+05:30,1212.6,1213.25,1212.3,1213.2,14498
2025-03-04 10:07:00+05:30,1213.1,1213.35,1212.8,1213.0,6542
2025-03-04 10:08:00+05:30,1212.9,1213.0,1211.65,1211.65,13132
2025-03-04 10:09:00+05:30,1211.75,1212.05,1211.75,1211.95,12391
2025-03-04 10:10:00+05:30,1211.95,1212.0,1211.05,1211.3,9774
2025-03-04 10:11:00+05:30,1211.05,1211.2,1209.5,1209.7,17623
2025-03-04 10:12:00+05:30,1209.9,1209.9,1209.2,1209.5,14379
2025-03-04 10:13:00+05:30,1209.35,1210.95,1209.35,1210.45,10897
2025-03-04 10:14:00+05:30,1210.45,1210.75,1210.2,1210.5,12952
2025-03-04 10:15:00+05:30,1210.3,1210.95,1209.65,1210.05,20552
2025-03-04 10:16:00+05:30,1210.05,1211.05,1209.95,1210.45,12322
2025-03-04 10:17:00+05:30,1210.45,1210.55,1210.0,1210.55,9029
2025-03-04 10:18:00+05:30,1210.35,1210.85,1210.0,1210.15,13941
2025-03-04 10:19:00+05:30,1210.1,1210.5,1209.55,1210.15,56676
2025-03-04 10:20:00+05:30,1210.05,1210.75,1210.0,1210.65,9121
2025-03-04 10:21:00+05:30,1210.65,1210.7,1210.15,1210.3,7618
2025-03-04 10:22:00+05:30,1210.3,1211.4,1210.2,1211.2,22182
2025-03-04 10:23:00+05:30,1211.2,1211.2,1210.3,1210.65,16697
2025-03-04 10:24:00+05:30,1210.65,1210.9,1210.6,1210.8,12573
2025-03-04 10:25:00+05:30,1210.75,1210.85,1210.15,1210.2,16254
2025-03-04 10:26:00+05:30,1210.2,1210.6,1210.15,1210.5,23884
2025-03-04 10:27:00+05:30,1210.45,1212.05,1210.45,1211.6,16489
2025-03-04 10:28:00+05:30,1211.75,1211.8,1211.05,1211.1,9418
2025-03-04 10:29:00+05:30,1211.15,1211.75,1211.0,1211.5,7201
2025-03-04 10:30:00+05:30,1211.5,1211.65,1211.25,1211.4,8627
2025-03-04 10:31:00+05:30,1211.35,1211.4,1211.0,1211.15,6644
2025-03-04 10:32:00+05:30,1211.1,1211.15,1210.5,1211.0,17781
2025-03-04 10:33:00+05:30,1211.05,1211.75,1211.0,1211.65,7548
2025-03-04 10:34:00+05:30,1211.65,1211.75,1211.0,1211.2,8161
2025-03-04 10:35:00+05:30,1211.2,1211.2,1210.8,1210.85,9124
2025-03-04 10:36:00+05:30,1210.85,1211.15,1210.75,1210.95,7435
2025-03-04 10:37:00+05:30,1210.95,1210.95,1210.3,1210.45,9644
2025-03-04 10:38:00+05:30,1210.35,1210.4,1210.15,1210.15,7071
2025-03-04 10:39:00+05:30,1210.2,1210.2,1210.1,1210.15,10991
2025-03-04 10:40:00+05:30,1210.1,1210.1,1209.05,1209.65,31952
2025-03-04 10:41:00+05:30,1209.35,1209.4,1209.0,1209.0,16419
2025-03-04 10:42:00+05:30,1209.0,1209.65,1209.0,1209.65,29179
2025-03-04 10:43:00+05:30,1209.4,1209.65,1209.0,1209.5,14711
2025-03-04 10:44:00+05:30,1209.4,1209.65,1208.8,1208.9,14396
2025-03-04 10:45:00+05:30,1208.85,1209.85,1208.5,1209.6,13848
2025-03-04 10:46:00+05:30,1209.6,1210.6,1209.6,1210.15,21875
2025-03-04 10:47:00+05:30,1210.3,1210.3,1209.0,1209.45,16825
2025-03-04 10:48:00+05:30,1209.3,1209.85,1208.2,1208.25,16555
2025-03-04 10:49:00+05:30,1208.2,1208.9,1208.1,1208.5,9997
2025-03-04 10:50:00+05:30,1208.55,1208.8,1208.25,1208.35,10378
2025-03-04 10:51:00+05:30,1208.35,1208.45,1207.5,1207.7,21513
2025-03-04 10:52:00+05:30,1207.7,1208.65,1207.7,1208.45,11495
2025-03-04 10:53:00+05:30,1208.3,1208.6,1207.75,1207.8,11196
2025-03-04 10:54:00+05:30,1207.8,1208.45,1207.8,1208.05,16087
2025-03-04 10:55:00+05:30,1208.05,1208.3,1207.95,1208.15,7386
2025-03-04 10:56:00+05:30,1208.15,1208.35,1207.8,1208.15,9913
2025-03-04 10:57:00+05:30,1208.0,1208.15,1206.7,1207.35,70810
2025-03-04 10:58:00+05:30,1207.3,1208.2,1207.3,1208.1,5813
2025-03-04 10:59:00+05:30,1208.1,1208.1,1206.9,1207.05,44491
2025-03-04 11:00:00+05:30,1207.05,1207.55,1206.95,1207.0,35823
2025-03-04 11:01:00+05:30,1206.9,1207.45,1206.75,1207.2,21555
2025-03-04 11:02:00+05:30,1207.25,1207.95,1206.75,1207.55,14372
2025-03-04 11:03:00+05:30,1207.55,1208.4,1207.5,1207.75,24421
2025-03-04 11:04:00+05:30,1207.6,1208.15,1207.1,1207.7,19745
2025-03-04 11:05:00+05:30,1207.65,1207.7,1206.95,1207.05,19958
2025-03-04 11:06:00+05:30,1207.05,1207.9,1206.95,1207.75,22525
2025-03-04 11:07:00+05:30,1207.7,1207.95,1207.05,1207.7,14205
2025-03-04 11:08:00+05:30,1207.6,1208.0,1206.25,1206.85,44946
2025-03-04 11:09:00+05:30,1206.85,1207.0,1206.4,1207.0,18704
2025-03-04 11:10:00+05:30,1206.95,1207.0,1206.6,1206.9,25306
2025-03-04 11:11:00+05:30,1206.8,1207.8,1206.7,1207.25,39278
2025-03-04 11:12:00+05:30,1207.25,1207.8,1207.2,1207.6,12441
2025-03-04 11:13:00+05:30,1207.5,1207.6,1206.6,1206.95,14725
2025-03-04 11:14:00+05:30,1206.9,1207.7,1206.85,1207.25,57508
2025-03-04 11:15:00+05:30,1207.25,1207.7,1207.0,1207.55,8673
2025-03-04 11:16:00+05:30,1207.6,1207.85,1206.9,1207.8,53364
2025-03-04 11:17:00+05:30,1207.8,1208.0,1207.8,1208.0,17408
2025-03-04 11:18:00+05:30,1208.0,1208.0,1207.9,1207.9,7052
2025-03-04 11:19:00+05:30,1207.95,1208.4,1207.45,1208.3,49444
2025-03-04 11:20:00+05:30,1208.1,1208.7,1208.0,1208.65,9353
2025-03-04 11:21:00+05:30,1208.65,1208.75,1207.05,1207.8,53569
2025-03-04 11:22:00+05:30,1207.65,1209.0,1207.65,1208.65,30871
2025-03-04 11:23:00+05:30,1208.7,1209.95,1208.65,1209.4,15945
2025-03-04 11:24:00+05:30,1209.25,1209.95,1208.65,1209.2,46741
2025-03-04 11:25:00+05:30,1209.2,1209.7,1208.85,1209.55,25497
2025-03-04 11:26:00+05:30,1209.4,1209.7,1209.15,1209.55,13749
2025-03-04 11:27:00+05:30,1209.55,1210.3,1209.45,1210.25,30131
2025-03-04 11:28:00+05:30,1210.3,1210.6,1209.45,1209.55,21816
2025-03-04 11:29:00+05:30,1209.75,1210.15,1209.4,1209.4,9182
2025-03-04 11:30:00+05:30,1209.45,1209.8,1208.8,1209.75,62664
2025-03-04 11:31:00+05:30,1209.65,1210.0,1209.0,1209.05,14355
2025-03-04 11:32:00+05:30,1209.1,1210.0,1209.05,1209.9,9786
2025-03-04 11:33:00+05:30,1209.9,1210.0,1209.5,1209.8,10776
2025-03-04 11:34:00+05:30,1209.65,1210.3,1209.2,1209.45,10348
2025-03-04 11:35:00+05:30,1209.25,1209.5,1208.95,1209.0,9531
2025-03-04 11:36:00+05:30,1209.0,1209.2,1208.8,1208.85,9253
2025-03-04 11:37:00+05:30,1208.8,1209.05,1208.55,1208.75,8194
2025-03-04 11:38:00+05:30,1208.7,1209.15,1208.65,1209.05,9259
2025-03-04 11:39:00+05:30,1209.05,1209.4,1209.0,1209.05,6007
2025-03-04 11:40:00+05:30,1209.0,1209.1,1208.5,1209.05,14485
2025-03-04 11:41:00+05:30,1209.05,1209.15,1208.65,1208.75,12409
2025-03-04 11:42:00+05:30,1208.7,1209.2,1208.35,1208.45,18226
2025-03-04 11:43:00+05:30,1208.5,1209.2,1208.4,1208.95,11767
2025-03-04 11:44:00+05:30,1209.0,1209.2,1208.85,1208.95,8022
2025-03-04 11:45:00+05:30,1208.95,1209.1,1208.4,1208.65,9521
2025-03-04 11:46:00+05:30,1208.65,1209.0,1208.5,1208.7,10026
2025-03-04 11:47:00+05:30,1208.8,1208.8,1208.1,1208.15,7187
2025-03-04 11:48:00+05:30,1208.15,1208.2,1208.0,1208.0,9330
2025-03-04 11:49:00+05:30,1208.1,1208.2,1207.55,1207.7,9359
2025-03-04 11:50:00+05:30,1207.7,1208.9,1207.55,1208.9,11046
2025-03-04 11:51:00+05:30,1208.3,1208.95,1207.55,1207.8,12084
2025-03-04 11:52:00+05:30,1207.55,1207.9,1207.55,1207.75,8191
2025-03-04 11:53:00+05:30,1207.7,1208.25,1207.4,1208.15,21831
2025-03-04 11:54:00+05:30,1208.1,1208.5,1207.8,1208.05,14780
2025-03-04 11:55:00+05:30,1208.0,1208.75,1208.0,1208.6,5733
2025-03-04 11:56:00+05:30,1208.6,1208.75,1208.5,1208.65,5169
2025-03-04 11:57:00+05:30,1208.65,1209.0,1208.6,1208.9,12552
2025-03-04 11:58:00+05:30,1208.95,1209.8,1208.75,1209.8,29151
2025-03-04 11:59:00+05:30,1209.8,1209.95,1209.45,1209.85,8233
2025-03-04 12:00:00+05:30,1209.8,1210.3,1209.75,1210.1,14159
2025-03-04 12:01:00+05:30,1210.0,1210.3,1209.85,1209.9,5915
2025-03-04 12:02:00+05:30,1209.9,1209.9,1209.35,1209.7,7897
2025-03-04 12:03:00+05:30,1209.4,1210.5,1209.4,1210.2,20045
2025-03-04 12:04:00+05:30,1210.15,1210.55,1210.05,1210.1,7022
2025-03-04 12:05:00+05:30,1210.1,1210.3,1209.9,1209.95,9119
2025-03-04 12:06:00+05:30,1209.95,1210.2,1209.25,1209.35,8817
2025-03-04 12:07:00+05:30,1209.35,1209.9,1209.3,1209.6,8995
2025-03-04 12:08:00+05:30,1209.6,1210.0,1209.55,1209.75,9475
2025-03-04 12:09:00+05:30,1209.75,1210.6,1209.5,1210.25,15604
2025-03-04 12:10:00+05:30,1210.1,1210.65,1210.1,1210.25,9327
2025-03-04 12:11:00+05:30,1210.25,1210.65,1210.2,1210.25,8500
2025-03-04 12:12:00+05:30,1210.2,1210.3,1210.0,1210.15,10149
2025-03-04 12:13:00+05:30,1210.05,1210.35,1210.0,1210.05,7622
2025-03-04 12:14:00+05:30,1210.0,1210.45,1210.0,1210.1,10055
2025-03-04 12:15:00+05:30,1210.05,1210.6,1209.65,1210.5,23027
2025-03-04 12:16:00+05:30,1210.05,1210.5,1210.0,1210.15,19238
2025-03-04 12:17:00+05:30,1210.15,1210.65,1210.05,1210.45,7454
2025-03-04 12:18:00+05:30,1210.3,1210.45,1210.15,1210.3,10263
2025-03-04 12:19:00+05:30,1210.15,1210.8,1210.15,1210.45,9661
2025-03-04 12:20:00+05:30,1210.4,1211.5,1210.4,1211.35,27585
2025-03-04 12:21:00+05:30,1211.35,1211.65,1210.7,1211.05,28225
2025-03-04 12:22:00+05:30,1210.85,1211.4,1210.85,1211.05,6941
2025-03-04 12:23:00+05:30,1211.0,1211.2,1210.95,1211.15,8273
2025-03-04 12:24:00+05:30,1211.1,1211.25,1211.0,1211.25,12064
2025-03-04 12:25:00+05:30,1211.2,1211.3,1211.0,1211.05,10618
2025-03-04 12:26:00+05:30,1211.2,1211.5,1211.05,1211.15,10463
2025-03-04 12:27:00+05:30,1211.2,1211.7,1211.2,1211.6,9559
2025-03-04 12:28:00+05:30,1211.5,1211.8,1211.45,1211.6,7440
2025-03-04 12:29:00+05:30,1211.55,1211.6,1211.15,1211.2,6976
2025-03-04 12:30:00+05:30,1211.15,1211.2,1210.85,1210.95,11270
2025-03-04 12:31:00+05:30,1210.95,1211.35,1210.95,1211.15,10182
2025-03-04 12:32:00+05:30,1211.1,1211.25,1210.7,1211.2,11806
2025-03-04 12:33:00+05:30,1211.0,1211.45,1210.9,1211.0,12812
2025-03-04 12:34:00+05:30,1211.0,1211.6,1210.95,1211.1,16831
2025-03-04 12:35:00+05:30,1211.05,1211.6,1210.9,1211.15,12518
2025-03-04 12:36:00+05:30,1211.15,1211.45,1210.9,1211.0,14354
2025-03-04 12:37:00+05:30,1211.0,1211.65,1210.95,1211.1,11524
2025-03-04 12:38:00+05:30,1211.1,1211.5,1210.75,1210.75,9394
2025-03-04 12:39:00+05:30,1210.9,1211.0,1210.1,1210.4,13043
2025-03-04 12:40:00+05:30,1210.5,1210.6,1210.15,1210.3,8577
2025-03-04 12:41:00+05:30,1210.25,1210.7,1210.1,1210.45,10734
2025-03-04 12:42:00+05:30,1210.45,1211.3,1210.35,1210.9,10409
2025-03-04 12:43:00+05:30,1210.85,1211.2,1210.8,1211.0,11367
2025-03-04 12:44:00+05:30,1211.0,1211.25,1210.9,1210.95,12341
2025-03-04 12:45:00+05:30,1210.9,1211.6,1210.8,1211.35,12183
2025-03-04 12:46:00+05:30,1211.15,1211.4,1210.8,1210.8,13087
2025-03-04 12:47:00+05:30,1210.8,1211.25,1210.45,1211.15,15569
2025-03-04 12:48:00+05:30,1211.0,1211.3,1210.55,1210.95,13161
2025-03-04 12:49:00+05:30,1210.8,1211.65,1210.8,1211.25,17035
2025-03-04 12:50:00+05:30,1211.25,1211.75,1211.05,1211.3,15675
2025-03-04 12:51:00+05:30,1211.3,1211.5,1210.95,1211.45,13740
2025-03-04 12:52:00+05:30,1211.15,1211.8,1211.05,1211.7,17881
2025-03-04 12:53:00+05:30,1211.7,1211.8,1211.1,1211.2,10970
2025-03-04 12:54:00+05:30,1211.2,1211.65,1211.1,1211.15,12124
2025-03-04 12:55:00+05:30,1211.15,1211.6,1211.1,1211.3,12535
2025-03-04 12:56:00+05:30,1211.2,1211.85,1211.1,1211.65,15216
2025-03-04 12:57:00+05:30,1211.85,1212.1,1211.2,1211.9,28311
2025-03-04 12:58:00+05:30,1212.0,1212.2,1211.55,1212.0,14600
2025-03-04 12:59:00+05:30,1212.0,1212.35,1211.6,1212.3,16316
2025-03-04 13:00:00+05:30,1212.3,1212.5,1211.0,1211.4,28771
2025-03-04 13:01:00+05:30,1211.85,1211.85,1211.05,1211.55,32772
2025-03-04 13:02:00+05:30,1211.05,1212.2,1211.0,1212.1,21248
2025-03-04 13:03:00+05:30,1212.0,1212.15,1211.35,1211.8,16256
2025-03-04 13:04:00+05:30,1211.4,1211.95,1211.35,1211.35,14350
2025-03-04 13:05:00+05:30,1211.35,1211.8,1211.05,1211.6,22521
2025-03-04 13:06:00+05:30,1211.6,1211.8,1211.05,1211.1,18464
2025-03-04 13:07:00+05:30,1211.2,1212.3,1211.05,1212.0,26075
2025-03-04 13:08:00+05:30,1212.0,1213.1,1211.75,1212.55,18892
2025-03-04 13:09:00+05:30,1212.55,1213.55,1212.45,1213.3,17916
2025-03-04 13:10:00+05:30,1213.2,1213.55,1213.05,1213.05,17060
2025-03-04 13:11:00+05:30,1213.05,1213.15,1212.6,1212.9,16418
2025-03-04 13:12:00+05:30,1212.9,1213.45,1212.7,1213.0,11638
2025-03-04 13:13:00+05:30,1213.0,1213.2,1212.7,1213.0,14807
2025-03-04 13:14:00+05:30,1213.0,1213.9,1213.0,1213.75,25544
2025-03-04 13:15:00+05:30,1213.5,1214.25,1213.3,1214.0,32396
2025-03-04 13:16:00+05:30,1213.45,1214.45,1213.3,1214.4,57952
2025-03-04 13:17:00+05:30,1214.4,1214.45,1214.0,1214.45,14534
2025-03-04 13:18:00+05:30,1214.45,1214.65,1214.0,1214.3,19933
2025-03-04 13:19:00+05:30,1214.0,1214.65,1214.0,1214.5,12668
2025-03-04 13:20:00+05:30,1214.3,1214.5,1214.0,1214.4,18428
2025-03-04 13:21:00+05:30,1214.2,1214.35,1214.0,1214.0,15995
2025-03-04 13:22:00+05:30,1214.05,1214.5,1214.0,1214.45,19285
2025-03-04 13:23:00+05:30,1214.3,1214.5,1214.05,1214.5,17027
2025-03-04 13:24:00+05:30,1214.45,1214.5,1214.0,1214.45,13173
2025-03-04 13:25:00+05:30,1214.3,1214.5,1214.15,1214.5,13433
2025-03-04 13:26:00+05:30,1214.3,1214.95,1214.2,1214.7,16675
2025-03-04 13:27:00+05:30,1214.65,1214.65,1213.9,1213.95,23213
2025-03-04 13:28:00+05:30,1213.9,1213.95,1213.2,1213.4,21409
2025-03-04 13:29:00+05:30,1213.2,1213.6,1213.0,1213.6,24528
2025-03-04 13:30:00+05:30,1213.55,1213.9,1213.2,1213.85,19668
2025-03-04 13:31:00+05:30,1213.55,1213.95,1213.45,1213.9,19254
2025-03-04 13:32:00+05:30,1213.5,1214.8,1213.45,1214.5,24548
2025-03-04 13:33:00+05:30,1214.5,1215.0,1214.35,1215.0,33381
2025-03-04 13:34:00+05:30,1215.0,1215.6,1214.8,1215.55,23442
2025-03-04 13:35:00+05:30,1215.2,1216.3,1215.05,1215.75,31639
2025-03-04 13:36:00+05:30,1215.9,1216.65,1215.6,1216.0,18778
2025-03-04 13:37:00+05:30,1215.95,1216.45,1215.7,1216.15,15604
2025-03-04 13:38:00+05:30,1216.0,1216.0,1215.25,1215.55,17157
2025-03-04 13:39:00+05:30,1215.4,1215.7,1215.0,1215.35,11496
2025-03-04 13:40:00+05:30,1215.25,1215.75,1214.7,1215.15,13853
2025-03-04 13:41:00+05:30,1214.9,1215.5,1214.65,1215.4,17280
2025-03-04 13:42:00+05:30,1215.05,1215.7,1215.0,1215.3,14530
2025-03-04 13:43:00+05:30,1215.3,1215.45,1214.6,1214.85,11783
2025-03-04 13:44:00+05:30,1214.85,1215.05,1214.15,1214.5,27735
2025-03-04 13:45:00+05:30,1214.5,1215.25,1214.5,1215.05,14735
2025-03-04 13:46:00+05:30,1215.0,1215.1,1214.4,1214.95,15590
2025-03-04 13:47:00+05:30,1214.95,1215.4,1214.55,1214.95,16290
2025-03-04 13:48:00+05:30,1214.65,1215.3,1214.55,1214.95,11060
2025-03-04 13:49:00+05:30,1214.95,1215.05,1214.55,1214.85,9391
2025-03-04 13:50:00+05:30,1214.7,1214.95,1214.45,1214.45,7763
2025-03-04 13:51:00+05:30,1214.5,1215.45,1214.45,1215.0,16559
2025-03-04 13:52:00+05:30,1214.65,1215.1,1214.3,1214.65,11325
2025-03-04 13:53:00+05:30,1214.6,1214.7,1214.15,1214.6,10667
2025-03-04 13:54:00+05:30,1214.55,1214.75,1214.5,1214.6,9838
2025-03-04 13:55:00+05:30,1214.55,1215.5,1214.5,1215.0,24214
2025-03-04 13:56:00+05:30,1215.0,1215.45,1214.95,1215.4,11699
2025-03-04 13:57:00+05:30,1215.05,1215.4,1214.9,1215.05,10650
2025-03-04 13:58:00+05:30,1215.05,1215.25,1214.6,1215.25,15100
2025-03-04 13:59:00+05:30,1214.95,1215.65,1214.8,1214.95,20678
2025-03-04 14:00:00+05:30,1215.0,1215.1,1214.75,1215.0,14022
2025-03-04 14:01:00+05:30,1215.0,1215.1,1214.55,1215.05,8706
2025-03-04 14:02:00+05:30,1214.95,1215.05,1214.3,1214.75,15601
2025-03-04 14:03:00+05:30,1214.45,1214.75,1213.75,1214.2,22875
2025-03-04 14:04:00+05:30,1214.2,1214.6,1213.95,1214.3,19838
2025-03-04 14:05:00+05:30,1214.3,1214.3,1213.6,1214.3,30165
2025-03-04 14:06:00+05:30,1214.3,1215.15,1213.75,1215.0,67582
2025-03-04 14:07:00+05:30,1215.0,1215.05,1213.8,1214.25,31845
2025-03-04 14:08:00+05:30,1214.6,1214.8,1214.0,1214.45,9695
2025-03-04 14:09:00+05:30,1214.1,1214.5,1213.3,1213.7,41090
2025-03-04 14:10:00+05:30,1213.7,1214.25,1213.6,1214.2,16016
2025-03-04 14:11:00+05:30,1214.0,1214.2,1213.6,1213.75,18916
2025-03-04 14:12:00+05:30,1213.65,1213.75,1212.55,1213.1,20740
2025-03-04 14:13:00+05:30,1213.05,1213.1,1212.25,1212.45,25671
2025-03-04 14:14:00+05:30,1212.5,1212.5,1211.65,1211.85,25982
2025-03-04 14:15:00+05:30,1211.7,1212.25,1211.7,1212.05,31522
2025-03-04 14:16:00+05:30,1212.05,1212.5,1211.8,1212.0,21404
2025-03-04 14:17:00+05:30,1212.0,1212.05,1211.65,1212.0,20064
2025-03-04 14:18:00+05:30,1211.95,1212.4,1211.55,1211.95,30680
2025-03-04 14:19:00+05:30,1211.8,1212.4,1211.7,1212.4,23135
2025-03-04 14:20:00+05:30,1212.3,1212.4,1211.6,1211.8,11617
2025-03-04 14:21:00+05:30,1211.8,1212.55,1211.8,1212.35,10839
2025-03-04 14:22:00+05:30,1212.0,1212.45,1211.65,1212.0,7916
2025-03-04 14:23:00+05:30,1212.05,1213.15,1212.05,1212.8,34436
2025-03-04 14:24:00+05:30,1212.7,1212.85,1211.65,1211.65,13155
2025-03-04 14:25:00+05:30,1211.65,1211.8,1211.2,1211.7,20891
2025-03-04 14:26:00+05:30,1211.65,1211.95,1211.3,1211.75,18162
2025-03-04 14:27:00+05:30,1211.65,1212.05,1211.35,1211.55,15792
2025-03-04 14:28:00+05:30,1211.55,1211.95,1211.45,1211.9,13363
2025-03-04 14:29:00+05:30,1211.85,1212.25,1211.4,1211.75,16287
2025-03-04 14:30:00+05:30,1211.6,1211.85,1211.1,1211.3,16060
2025-03-04 14:31:00+05:30,1211.15,1211.3,1211.1,1211.15,6752
2025-03-04 14:32:00+05:30,1211.15,1211.2,1210.6,1210.7,18297
2025-03-04 14:33:00+05:30,1210.65,1210.7,1210.3,1210.6,25127
2025-03-04 14:34:00+05:30,1210.4,1211.25,1210.4,1211.0,15457
2025-03-04 14:35:00+05:30,1211.0,1211.25,1210.3,1210.5,15528
2025-03-04 14:36:00+05:30,1210.45,1210.5,1210.1,1210.15,16947
2025-03-04 14:37:00+05:30,1210.1,1210.15,1209.0,1209.65,48738
2025-03-04 14:38:00+05:30,1209.7,1209.7,1209.0,1209.25,23481
2025-03-04 14:39:00+05:30,1209.3,1209.95,1209.25,1209.8,26471
2025-03-04 14:40:00+05:30,1209.9,1209.9,1209.1,1209.8,44560
2025-03-04 14:41:00+05:30,1209.75,1210.35,1209.75,1210.35,14547
2025-03-04 14:42:00+05:30,1210.1,1210.45,1210.0,1210.15,14351
2025-03-04 14:43:00+05:30,1210.1,1210.15,1210.05,1210.15,9430
2025-03-04 14:44:00+05:30,1210.1,1210.1,1209.5,1209.8,18751
2025-03-04 14:45:00+05:30,1209.75,1209.9,1209.0,1209.55,45218
2025-03-04 14:46:00+05:30,1209.5,1209.7,1209.15,1209.3,13435
2025-03-04 14:47:00+05:30,1209.3,1209.35,1209.15,1209.3,16302
2025-03-04 14:48:00+05:30,1209.25,1209.35,1209.0,1209.25,42502
2025-03-04 14:49:00+05:30,1209.25,1209.45,1209.25,1209.45,14842
2025-03-04 14:50:00+05:30,1209.35,1209.65,1209.25,1209.35,13862
2025-03-04 14:51:00+05:30,1209.25,1209.65,1209.25,1209.65,17430
2025-03-04 14:52:00+05:30,1209.65,1210.0,1209.25,1209.3,30656
2025-03-04 14:53:00+05:30,1209.3,1209.3,1209.2,1209.3,42134
2025-03-04 14:54:00+05:30,1209.25,1209.3,1209.0,1209.2,36089
2025-03-04 14:55:00+05:30,1209.1,1209.2,1208.0,1208.25,37952
2025-03-04 14:56:00+05:30,1208.25,1208.9,1208.25,1208.85,19271
2025-03-04 14:57:00+05:30,1208.8,1209.2,1208.3,1209.15,30963
2025-03-04 14:58:00+05:30,1209.05,1209.65,1209.0,1209.15,10664
2025-03-04 14:59:00+05:30,1209.15,1209.15,1208.15,1208.7,55786
2025-03-04 15:00:00+05:30,1208.65,1209.7,1208.25,1208.65,73615
2025-03-04 15:01:00+05:30,1208.7,1209.9,1208.3,1209.6,91767
2025-03-04 15:02:00+05:30,1209.6,1209.9,1209.0,1209.6,74206
2025-03-04 15:03:00+05:30,1209.6,1209.7,1209.15,1209.35,52548
2025-03-04 15:04:00+05:30,1209.45,1209.45,1209.0,1209.15,51545
2025-03-04 15:05:00+05:30,1209.1,1209.35,1209.0,1209.05,82674
2025-03-04 15:06:00+05:30,1209.1,1210.0,1209.0,1209.75,76390
2025-03-04 15:07:00+05:30,1209.65,1210.0,1209.0,1209.7,161390
2025-03-04 15:08:00+05:30,1209.25,1210.0,1209.05,1209.35,54194
2025-03-04 15:09:00+05:30,1209.1,1209.7,1208.65,1208.75,75296
2025-03-04 15:10:00+05:30,1208.8,1209.35,1208.5,1209.0,75210
2025-03-04 15:11:00+05:30,1209.0,1210.0,1209.0,1209.5,63383
2025-03-04 15:12:00+05:30,1209.5,1209.55,1209.05,1209.25,75608
2025-03-04 15:13:00+05:30,1209.25,1210.0,1209.25,1209.8,114248
2025-03-04 15:14:00+05:30,1209.8,1209.85,1209.5,1209.5,46866
2025-03-04 15:15:00+05:30,1209.5,1209.9,1208.85,1209.8,89070
2025-03-04 15:16:00+05:30,1209.85,1210.1,1209.8,1210.1,53566
2025-03-04 15:17:00+05:30,1210.05,1210.3,1210.05,1210.05,69885
2025-03-04 15:18:00+05:30,1210.05,1211.25,1210.05,1211.2,86232
2025-03-04 15:19:00+05:30,1211.2,1212.8,1211.2,1212.6,91479
2025-03-04 15:20:00+05:30,1212.6,1212.8,1211.9,1212.2,91784
2025-03-04 15:21:00+05:30,1212.2,1212.25,1211.4,1211.6,51874
2025-03-04 15:22:00+05:30,1211.6,1211.85,1211.55,1211.75,62094
2025-03-04 15:23:00+05:30,1211.75,1213.0,1211.6,1212.55,100342
2025-03-04 15:24:00+05:30,1212.6,1212.95,1212.0,1212.4,37188
2025-03-04 15:25:00+05:30,1212.35,1212.4,1211.45,1211.45,54418
2025-03-04 15:26:00+05:30,1211.45,1211.55,1211.1,1211.4,71807
2025-03-04 15:27:00+05:30,1211.45,1212.5,1211.45,1212.3,64261
2025-03-04 15:28:00+05:30,1212.3,1213.0,1211.95,1212.85,111682
2025-03-04 15:29:00+05:30,1212.85,1213.9,1212.35,1212.8,10962
2025-03-05 09:15:00+05:30,1216.95,1223.2,1212.2,1220.0,470568
2025-03-05 09:16:00+05:30,1220.5,1223.05,1219.8,1221.85,88058
2025-03-05 09:17:00+05:30,1221.85,1222.25,1220.85,1222.25,63717
2025-03-05 09:18:00+05:30,1222.0,1222.2,1220.55,1220.95,23271
2025-03-05 09:19:00+05:30,1220.95,1222.0,1220.5,1220.85,27200
2025-03-05 09:20:00+05:30,1220.8,1222.55,1220.55,1220.8,33397
2025-03-05 09:21:00+05:30,1220.8,1222.0,1220.75,1221.8,22090
2025-03-05 09:22:00+05:30,1221.65,1222.9,1221.0,1221.0,25552
2025-03-05 09:23:00+05:30,1221.1,1223.65,1221.05,1223.65,29342
2025-03-05 09:24:00+05:30,1223.25,1224.5,1222.75,1224.05,66377
2025-03-05 09:25:00+05:30,1224.05,1224.65,1223.3,1224.65,31457
2025-03-05 09:26:00+05:30,1224.65,1225.4,1224.0,1225.0,27873
2025-03-05 09:27:00+05:30,1224.95,1225.5,1224.15,1224.95,25747
2025-03-05 09:28:00+05:30,1224.55,1224.9,1223.5,1224.15,19737
2025-03-05 09:29:00+05:30,1224.05,1225.05,1224.05,1224.2,13489
2025-03-05 09:30:00+05:30,1224.5,1225.95,1224.05,1225.75,51352
2025-03-05 09:31:00+05:30,1225.75,1225.95,1225.1,1225.5,23970
2025-03-05 09:32:00+05:30,1225.65,1225.75,1225.1,1225.25,12845
2025-03-05 09:33:00+05:30,1225.25,1225.45,1224.0,1224.35,24342
2025-03-05 09:34:00+05:30,1224.2,1224.7,1223.55,1224.25,11493
2025-03-05 09:35:00+05:30,1224.6,1224.65,1223.45,1223.65,8990
2025-03-05 09:36:00+05:30,1223.7,1224.1,1223.0,1224.1,23572
2025-03-05 09:37:00+05:30,1224.1,1224.1,1221.35,1221.35,28915
2025-03-05 09:38:00+05:30,1221.8,1222.35,1221.0,1221.55,24870
2025-03-05 09:39:00+05:30,1221.55,1221.55,1220.0,1220.35,18071
2025-03-05 09:40:00+05:30,1220.4,1220.4,1219.8,1220.0,18824
2025-03-05 09:41:00+05:30,1220.1,1220.65,1219.5,1219.95,11923
2025-03-05 09:42:00+05:30,1219.5,1220.0,1218.25,1218.9,13594
2025-03-05 09:43:00+05:30,1218.85,1219.2,1218.5,1219.2,13843
2025-03-05 09:44:00+05:30,1219.2,1220.15,1219.05,1220.15,18215
2025-03-05 09:45:00+05:30,1220.15,1221.8,1219.7,1220.4,32746
2025-03-05 09:46:00+05:30,1220.4,1220.4,1219.75,1219.95,8173
2025-03-05 09:47:00+05:30,1220.0,1221.3,1219.5,1221.3,12870
2025-03-05 09:48:00+05:30,1221.3,1223.0,1221.3,1222.95,11654
2025-03-05 09:49:00+05:30,1222.95,1223.0,1221.35,1221.4,21783
2025-03-05 09:50:00+05:30,1221.7,1221.8,1221.0,1221.0,8898
2025-03-05 09:51:00+05:30,1221.0,1221.4,1220.95,1221.3,6022
2025-03-05 09:52:00+05:30,1221.4,1221.95,1220.95,1221.95,10893
2025-03-05 09:53:00+05:30,1221.95,1222.45,1221.7,1222.2,11683
2025-03-05 09:54:00+05:30,1222.15,1222.55,1221.9,1222.55,8583
2025-03-05 09:55:00+05:30,1222.35,1222.8,1222.0,1222.2,11159
2025-03-05 09:56:00+05:30,1222.2,1222.2,1221.35,1221.65,6415
2025-03-05 09:57:00+05:30,1221.65,1221.7,1221.1,1221.6,7846
2025-03-05 09:58:00+05:30,1221.6,1222.45,1220.2,1220.9,62961
2025-03-05 09:59:00+05:30,1220.85,1221.0,1218.65,1218.8,18144
2025-03-05 10:00:00+05:30,1219.0,1219.95,1218.8,1219.35,17019
2025-03-05 10:01:00+05:30,1219.35,1220.1,1219.3,1219.35,10729
2025-03-05 10:02:00+05:30,1219.35,1219.75,1218.0,1218.6,16739
2025-03-05 10:03:00+05:30,1218.6,1218.7,1218.05,1218.2,10480
2025-03-05 10:04:00+05:30,1218.05,1218.45,1217.7,1218.4,19225
2025-03-05 10:05:00+05:30,1218.45,1218.6,1217.6,1218.0,12678
2025-03-05 10:06:00+05:30,1218.0,1218.15,1217.55,1218.0,8649
2025-03-05 10:07:00+05:30,1218.05,1218.35,1217.5,1218.35,16714
2025-03-05 10:08:00+05:30,1218.35,1218.8,1217.9,1218.5,18082
2025-03-05 10:09:00+05:30,1218.7,1219.15,1218.35,1218.95,8679
2025-03-05 10:10:00+05:30,1218.95,1218.95,1217.45,1218.0,21184
2025-03-05 10:11:00+05:30,1218.0,1218.1,1217.0,1217.3,13655
2025-03-05 10:12:00+05:30,1217.3,1217.3,1217.05,1217.3,7062
2025-03-05 10:13:00+05:30,1217.05,1218.0,1216.7,1216.95,17510
2025-03-05 10:14:00+05:30,1216.75,1217.2,1216.5,1216.6,11176
2025-03-05 10:15:00+05:30,1216.6,1217.2,1216.0,1216.3,13717
2025-03-05 10:16:00+05:30,1216.3,1216.4,1215.85,1215.9,11518
2025-03-05 10:17:00+05:30,1215.9,1216.8,1215.3,1215.85,37425
2025-03-05 10:18:00+05:30,1215.8,1215.8,1214.45,1214.95,34335
2025-03-05 10:19:00+05:30,1215.05,1215.05,1213.7,1213.75,61971
2025-03-05 10:20:00+05:30,1214.05,1214.85,1213.5,1214.15,18571
2025-03-05 10:21:00+05:30,1213.95,1214.2,1212.9,1213.4,15662
2025-03-05 10:22:00+05:30,1213.4,1214.0,1213.1,1213.5,15230
2025-03-05 10:23:00+05:30,1213.5,1213.85,1213.25,1213.85,6377
2025-03-05 10:24:00+05:30,1213.7,1214.7,1213.7,1214.35,12931
2025-03-05 10:25:00+05:30,1214.35,1214.7,1213.7,1213.85,10385
2025-03-05 10:26:00+05:30,1213.85,1214.95,1213.75,1214.95,10377
2025-03-05 10:27:00+05:30,1214.9,1215.0,1214.4,1215.0,7792
2025-03-05 10:28:00+05:30,1215.0,1215.25,1214.45,1214.75,7993
2025-03-05 10:29:00+05:30,1215.25,1215.3,1214.45,1214.9,10513
2025-03-05 10:30:00+05:30,1214.9,1215.45,1214.7,1215.4,4947
2025-03-05 10:31:00+05:30,1215.45,1215.45,1213.85,1214.0,11980
2025-03-05 10:32:00+05:30,1214.0,1214.7,1213.75,1214.2,17796
2025-03-05 10:33:00+05:30,1214.55,1215.45,1213.9,1215.3,52144
2025-03-05 10:34:00+05:30,1215.3,1215.45,1214.75,1215.15,3804
2025-03-05 10:35:00+05:30,1215.45,1215.45,1214.7,1214.9,4851
2025-03-05 10:36:00+05:30,1214.95,1216.65,1214.7,1216.4,64826
2025-03-05 10:37:00+05:30,1216.45,1216.5,1215.85,1216.1,7141
2025-03-05 10:38:00+05:30,1216.1,1216.35,1215.9,1216.2,4816
2025-03-05 10:39:00+05:30,1216.2,1216.35,1215.4,1215.9,10684
2025-03-05 10:40:00+05:30,1215.9,1215.95,1215.0,1215.55,8555
2025-03-05 10:41:00+05:30,1215.55,1216.2,1215.05,1216.2,26953
2025-03-05 10:42:00+05:30,1215.8,1216.25,1213.5,1213.8,25722
2025-03-05 10:43:00+05:30,1213.5,1214.45,1213.5,1213.7,13655
2025-03-05 10:44:00+05:30,1213.7,1213.85,1213.0,1213.5,9260
2025-03-05 10:45:00+05:30,1213.45,1213.5,1212.65,1213.45,10294
2025-03-05 10:46:00+05:30,1213.4,1213.5,1212.95,1213.3,5615
2025-03-05 10:47:00+05:30,1213.3,1213.3,1212.6,1212.95,12432
2025-03-05 10:48:00+05:30,1212.95,1213.0,1212.75,1212.95,7947
2025-03-05 10:49:00+05:30,1212.95,1213.35,1212.55,1212.75,22736
2025-03-05 10:50:00+05:30,1213.0,1213.0,1211.65,1211.85,17504
2025-03-05 10:51:00+05:30,1211.85,1212.65,1211.55,1212.4,19958
2025-03-05 10:52:00+05:30,1212.4,1212.9,1212.0,1212.45,9207
2025-03-05 10:53:00+05:30,1212.45,1213.75,1212.2,1213.15,15304
2025-03-05 10:54:00+05:30,1213.55,1214.4,1213.25,1214.4,14802
2025-03-05 10:55:00+05:30,1214.4,1214.4,1213.5,1213.6,8476
2025-03-05 10:56:00+05:30,1213.55,1213.65,1213.0,1213.5,9322
2025-03-05 10:57:00+05:30,1213.5,1213.5,1213.1,1213.25,6024
2025-03-05 10:58:00+05:30,1213.25,1213.75,1213.0,1213.75,10977
2025-03-05 10:59:00+05:30,1213.75,1213.95,1213.4,1213.5,6345
2025-03-05 11:00:00+05:30,1213.5,1213.8,1213.15,1213.4,10797
2025-03-05 11:01:00+05:30,1213.4,1213.95,1212.6,1213.05,16230
2025-03-05 11:02:00+05:30,1213.1,1213.45,1212.5,1212.8,7250
2025-03-05 11:03:00+05:30,1212.8,1212.95,1212.0,1212.65,57782
2025-03-05 11:04:00+05:30,1212.65,1213.0,1212.6,1212.9,6867
2025-03-05 11:05:00+05:30,1212.9,1213.0,1212.2,1212.75,14257
2025-03-05 11:06:00+05:30,1212.75,1212.75,1212.0,1212.35,5852
2025-03-05 11:07:00+05:30,1212.35,1212.85,1212.25,1212.6,6075
2025-03-05 11:08:00+05:30,1212.6,1212.6,1211.3,1211.5,19814
2025-03-05 11:09:00+05:30,1211.85,1212.05,1211.35,1211.75,8106
2025-03-05 11:10:00+05:30,1211.75,1212.45,1211.55,1212.25,7914
2025-03-05 11:11:00+05:30,1212.25,1212.45,1212.0,1212.45,6816
2025-03-05 11:12:00+05:30,1212.45,1213.0,1212.3,1213.0,6103
2025-03-05 11:13:00+05:30,1213.0,1213.45,1212.8,1213.25,6186
2025-03-05 11:14:00+05:30,1213.45,1213.65,1213.0,1213.15,10125
2025-03-05 11:15:00+05:30,1213.15,1213.75,1213.1,1213.6,7013
2025-03-05 11:16:00+05:30,1213.6,1213.75,1213.4,1213.6,6681
2025-03-05 11:17:00+05:30,1213.75,1214.1,1213.55,1213.85,8493
2025-03-05 11:18:00+05:30,1213.85,1214.05,1213.75,1213.9,5165
2025-03-05 11:19:00+05:30,1213.85,1213.95,1213.85,1213.95,4551
2025-03-05 11:20:00+05:30,1213.9,1214.1,1213.8,1213.95,6423
2025-03-05 11:21:00+05:30,1213.95,1214.05,1213.5,1213.95,8731
2025-03-05 11:22:00+05:30,1213.95,1214.05,1213.8,1214.0,9284
2025-03-05 11:23:00+05:30,1213.95,1214.0,1213.65,1213.9,4732
2025-03-05 11:24:00+05:30,1213.9,1214.1,1213.1,1213.4,13652
2025-03-05 11:25:00+05:30,1213.35,1213.35,1212.75,1212.8,7317
2025-03-05 11:26:00+05:30,1212.8,1212.85,1212.1,1212.5,8031
2025-03-05 11:27:00+05:30,1212.5,1213.1,1212.3,1213.1,10403
2025-03-05 11:28:00+05:30,1213.1,1213.3,1212.6,1212.85,13975
2025-03-05 11:29:00+05:30,1213.0,1213.65,1212.85,1213.55,5050
2025-03-05 11:30:00+05:30,1213.65,1214.6,1213.55,1214.5,8722
2025-03-05 11:31:00+05:30,1214.55,1214.8,1214.0,1214.8,8103
2025-03-05 11:32:00+05:30,1214.7,1214.85,1213.7,1214.05,7522
2025-03-05 11:33:00+05:30,1213.7,1214.3,1213.55,1213.95,11810
2025-03-05 11:34:00+05:30,1213.95,1214.25,1213.65,1214.25,6331
2025-03-05 11:35:00+05:30,1214.25,1215.4,1214.2,1215.3,15048
2025-03-05 11:36:00+05:30,1215.15,1215.65,1214.9,1215.65,16235
2025-03-05 11:37:00+05:30,1215.6,1215.8,1215.1,1215.45,14880
2025-03-05 11:38:00+05:30,1215.65,1215.7,1215.35,1215.7,8208
2025-03-05 11:39:00+05:30,1215.7,1217.0,1215.4,1216.95,35082
2025-03-05 11:40:00+05:30,1216.9,1217.0,1215.5,1215.8,24445
2025-03-05 11:41:00+05:30,1215.7,1216.15,1215.7,1215.9,6001
2025-03-05 11:42:00+05:30,1215.95,1216.0,1215.4,1216.0,14688
2025-03-05 11:43:00+05:30,1216.0,1216.05,1215.4,1215.75,9033
2025-03-05 11:44:00+05:30,1215.65,1215.8,1215.4,1215.55,8646
2025-03-05 11:45:00+05:30,1215.5,1215.65,1215.5,1215.65,7173
2025-03-05 11:46:00+05:30,1215.6,1216.0,1215.6,1215.95,3474
2025-03-05 11:47:00+05:30,1215.95,1216.6,1215.85,1216.55,12117
2025-03-05 11:48:00+05:30,1216.55,1216.65,1215.65,1216.1,9239
2025-03-05 11:49:00+05:30,1216.1,1216.15,1215.8,1216.0,9608
2025-03-05 11:50:00+05:30,1216.0,1216.45,1215.9,1216.1,17945
2025-03-05 11:51:00+05:30,1216.1,1216.5,1215.95,1216.1,18570
2025-03-05 11:52:00+05:30,1216.0,1216.1,1215.9,1216.05,11054
2025-03-05 11:53:00+05:30,1215.95,1216.05,1215.55,1216.0,6032
2025-03-05 11:54:00+05:30,1216.0,1216.0,1215.9,1215.95,4468
2025-03-05 11:55:00+05:30,1215.95,1216.0,1215.5,1215.85,13780
2025-03-05 11:56:00+05:30,1215.8,1215.9,1215.25,1215.35,8181
2025-03-05 11:57:00+05:30,1215.35,1215.95,1215.3,1215.85,4351
2025-03-05 11:58:00+05:30,1215.85,1215.85,1214.45,1215.0,15209
2025-03-05 11:59:00+05:30,1215.0,1216.6,1214.95,1216.5,54381
2025-03-05 12:00:00+05:30,1216.6,1217.5,1216.5,1217.35,16942
2025-03-05 12:01:00+05:30,1217.3,1217.65,1216.45,1216.75,26502
2025-03-05 12:02:00+05:30,1216.75,1217.0,1216.55,1217.0,7767
2025-03-05 12:03:00+05:30,1216.95,1217.45,1216.95,1217.35,5200
2025-03-05 12:04:00+05:30,1217.25,1217.55,1217.0,1217.2,10616
2025-03-05 12:05:00+05:30,1217.2,1217.2,1216.5,1216.65,4329
2025-03-05 12:06:00+05:30,1216.65,1217.25,1216.45,1216.5,15474
2025-03-05 12:07:00+05:30,1216.5,1216.5,1216.35,1216.45,5246
2025-03-05 12:08:00+05:30,1216.45,1216.45,1215.95,1216.25,9681
2025-03-05 12:09:00+05:30,1216.25,1216.35,1216.15,1216.25,10569
2025-03-05 12:10:00+05:30,1216.25,1217.45,1216.2,1217.0,20214
2025-03-05 12:11:00+05:30,1217.0,1217.3,1216.65,1217.3,10557
2025-03-05 12:12:00+05:30,1217.3,1217.5,1217.05,1217.45,5355
2025-03-05 12:13:00+05:30,1217.4,1217.8,1217.35,1217.6,7874
2025-03-05 12:14:00+05:30,1217.6,1218.0,1217.05,1217.9,27235
2025-03-05 12:15:00+05:30,1217.9,1217.95,1217.35,1217.7,11861
2025-03-05 12:16:00+05:30,1217.7,1217.7,1216.45,1216.95,21189
2025-03-05 12:17:00+05:30,1216.95,1217.25,1216.8,1217.15,7832
2025-03-05 12:18:00+05:30,1217.15,1217.2,1216.35,1216.6,4256
2025-03-05 12:19:00+05:30,1216.6,1216.6,1215.5,1216.0,12586
2025-03-05 12:20:00+05:30,1216.0,1216.7,1215.9,1216.0,16003
2025-03-05 12:21:00+05:30,1216.0,1216.0,1215.5,1216.0,14581
2025-03-05 12:22:00+05:30,1216.0,1216.2,1215.75,1215.8,11197
2025-03-05 12:23:00+05:30,1216.0,1216.65,1215.6,1216.5,13650
2025-03-05 12:24:00+05:30,1216.5,1216.9,1216.05,1216.9,9390
2025-03-05 12:25:00+05:30,1216.9,1217.2,1216.45,1217.2,7239
2025-03-05 12:26:00+05:30,1217.2,1217.5,1216.85,1217.3,4991
2025-03-05 12:27:00+05:30,1217.3,1217.5,1217.0,1217.1,8489
2025-03-05 12:28:00+05:30,1217.3,1217.45,1217.05,1217.35,5308
2025-03-05 12:29:00+05:30,1217.35,1217.45,1216.6,1217.0,6979
2025-03-05 12:30:00+05:30,1217.0,1217.4,1216.95,1217.2,5016
2025-03-05 12:31:00+05:30,1217.2,1217.35,1216.55,1217.35,10979
2025-03-05 12:32:00+05:30,1217.35,1217.85,1217.15,1217.85,9378
2025-03-05 12:33:00+05:30,1217.8,1217.85,1216.95,1217.45,13935
2025-03-05 12:34:00+05:30,1217.4,1217.7,1216.75,1217.3,13764
2025-03-05 12:35:00+05:30,1217.3,1217.3,1216.8,1217.2,5408
2025-03-05 12:36:00+05:30,1217.15,1217.2,1216.65,1216.95,5340
2025-03-05 12:37:00+05:30,1216.85,1216.95,1216.3,1216.7,11559
2025-03-05 12:38:00+05:30,1216.75,1217.7,1216.7,1217.65,7430
2025-03-05 12:39:00+05:30,1217.65,1217.75,1217.25,1217.4,8128
2025-03-05 12:40:00+05:30,1217.4,1217.4,1217.15,1217.3,6584
2025-03-05 12:41:00+05:30,1217.15,1217.2,1216.8,1216.9,5549
2025-03-05 12:42:00+05:30,1216.9,1217.2,1215.8,1216.8,44128
2025-03-05 12:43:00+05:30,1216.8,1216.95,1215.5,1215.8,10475
2025-03-05 12:44:00+05:30,1215.8,1215.85,1215.5,1215.7,9704
2025-03-05 12:45:00+05:30,1215.7,1215.75,1215.2,1215.6,7261
2025-03-05 12:46:00+05:30,1215.6,1215.6,1215.2,1215.5,7105
2025-03-05 12:47:00+05:30,1215.55,1215.7,1215.0,1215.15,6992
2025-03-05 12:48:00+05:30,1215.15,1215.3,1215.0,1215.3,6310
2025-03-05 12:49:00+05:30,1215.3,1215.45,1215.15,1215.45,5222
2025-03-05 12:50:00+05:30,1215.45,1216.0,1215.25,1215.5,10113
2025-03-05 12:51:00+05:30,1215.55,1215.6,1215.0,1215.3,8650
2025-03-05 12:52:00+05:30,1215.3,1215.8,1215.2,1215.8,5614
2025-03-05 12:53:00+05:30,1215.8,1215.8,1215.0,1215.2,9373
2025-03-05 12:54:00+05:30,1215.2,1215.45,1214.9,1214.95,28648
2025-03-05 12:55:00+05:30,1215.1,1215.4,1213.7,1214.15,39806
2025-03-05 12:56:00+05:30,1213.65,1214.25,1213.15,1214.1,24585
2025-03-05 12:57:00+05:30,1214.0,1214.2,1213.35,1213.85,8242
2025-03-05 12:58:00+05:30,1213.85,1214.25,1213.75,1214.25,6005
2025-03-05 12:59:00+05:30,1214.25,1214.7,1214.1,1214.7,5278
2025-03-05 13:00:00+05:30,1214.7,1214.9,1214.3,1214.65,7734
2025-03-05 13:01:00+05:30,1214.65,1214.65,1214.4,1214.4,5671
2025-03-05 13:02:00+05:30,1214.4,1214.6,1213.65,1214.05,6648
2025-03-05 13:03:00+05:30,1214.0,1214.05,1213.9,1214.05,4248
2025-03-05 13:04:00+05:30,1214.05,1214.05,1213.35,1213.85,6672
2025-03-05 13:05:00+05:30,1213.85,1213.85,1213.2,1213.4,7724
2025-03-05 13:06:00+05:30,1213.35,1213.4,1212.4,1212.85,14576
2025-03-05 13:07:00+05:30,1212.85,1213.05,1211.8,1212.45,18742
2025-03-05 13:08:00+05:30,1212.1,1212.95,1212.1,1212.55,6822
2025-03-05 13:09:00+05:30,1212.85,1213.5,1212.55,1213.5,5429
2025-03-05 13:10:00+05:30,1213.15,1213.5,1213.15,1213.35,5738
2025-03-05 13:11:00+05:30,1213.45,1213.9,1213.3,1213.85,5288
2025-03-05 13:12:00+05:30,1213.85,1214.5,1213.65,1214.5,7962
2025-03-05 13:13:00+05:30,1214.45,1214.5,1213.7,1213.8,8823
2025-03-05 13:14:00+05:30,1213.8,1213.9,1213.55,1213.85,5900
2025-03-05 13:15:00+05:30,1213.9,1214.5,1213.75,1214.35,7738
2025-03-05 13:16:00+05:30,1214.25,1214.5,1213.95,1214.35,5727
2025-03-05 13:17:00+05:30,1214.35,1214.4,1213.95,1214.15,4025
2025-03-05 13:18:00+05:30,1214.2,1214.2,1213.9,1213.95,5501
2025-03-05 13:19:00+05:30,1213.95,1214.2,1213.7,1213.8,6909
2025-03-05 13:20:00+05:30,1213.8,1213.85,1213.0,1213.15,7050
2025-03-05 13:21:00+05:30,1213.1,1213.15,1212.7,1213.05,7123
2025-03-05 13:22:00+05:30,1213.1,1213.6,1212.85,1213.5,9625
2025-03-05 13:23:00+05:30,1213.5,1213.7,1212.8,1213.2,18372
2025-03-05 13:24:00+05:30,1213.2,1213.35,1212.75,1212.95,6061
2025-03-05 13:25:00+05:30,1212.95,1213.35,1212.55,1213.25,10131
2025-03-05 13:26:00+05:30,1213.25,1213.35,1213.05,1213.35,4550
2025-03-05 13:27:00+05:30,1213.35,1214.0,1213.35,1213.95,6404
2025-03-05 13:28:00+05:30,1213.8,1213.95,1213.35,1213.65,5924
2025-03-05 13:29:00+05:30,1213.6,1213.8,1213.55,1213.8,8058
2025-03-05 13:30:00+05:30,1213.8,1214.2,1213.65,1214.1,11448
2025-03-05 13:31:00+05:30,1214.1,1214.25,1213.2,1213.6,10473
2025-03-05 13:32:00+05:30,1213.55,1213.75,1212.65,1212.9,14923
2025-03-05 13:33:00+05:30,1212.9,1212.9,1212.55,1212.8,9150
2025-03-05 13:34:00+05:30,1212.8,1213.0,1212.8,1213.0,13096
2025-03-05 13:35:00+05:30,1213.0,1213.0,1212.95,1213.0,4720
2025-03-05 13:36:00+05:30,1213.0,1213.0,1212.55,1213.0,20028
2025-03-05 13:37:00+05:30,1213.0,1213.1,1212.85,1213.1,14700
2025-03-05 13:38:00+05:30,1213.1,1213.1,1212.6,1212.85,18917
2025-03-05 13:39:00+05:30,1212.85,1212.85,1212.0,1212.25,10971
2025-03-05 13:40:00+05:30,1212.3,1212.35,1211.5,1212.1,24811
2025-03-05 13:41:00+05:30,1212.2,1212.55,1212.0,1212.45,42557
2025-03-05 13:42:00+05:30,1212.4,1213.1,1212.4,1213.1,14723
2025-03-05 13:43:00+05:30,1213.1,1213.85,1212.7,1213.8,120122
2025-03-05 13:44:00+05:30,1213.8,1214.95,1213.65,1214.45,33723
2025-03-05 13:45:00+05:30,1214.35,1214.55,1214.0,1214.5,20645
2025-03-05 13:46:00+05:30,1214.5,1214.9,1214.25,1214.8,30817
2025-03-05 13:47:00+05:30,1214.8,1216.1,1214.5,1216.0,42332
2025-03-05 13:48:00+05:30,1216.0,1216.0,1215.25,1215.35,7901
2025-03-05 13:49:00+05:30,1215.35,1216.0,1215.35,1215.95,16876
2025-03-05 13:50:00+05:30,1215.95,1216.0,1215.6,1216.0,16503
2025-03-05 13:51:00+05:30,1216.0,1216.95,1215.8,1216.95,28521
2025-03-05 13:52:00+05:30,1216.95,1217.0,1216.5,1217.0,27096
2025-03-05 13:53:00+05:30,1217.0,1217.2,1216.25,1217.15,27722
2025-03-05 13:54:00+05:30,1217.15,1217.2,1216.2,1216.8,19471
2025-03-05 13:55:00+05:30,1216.75,1217.1,1216.35,1217.0,18822
2025-03-05 13:56:00+05:30,1217.0,1217.85,1216.7,1217.65,26697
2025-03-05 13:57:00+05:30,1217.3,1217.75,1217.0,1217.1,14779
2025-03-05 13:58:00+05:30,1217.1,1217.1,1216.9,1217.1,8545
2025-03-05 13:59:00+05:30,1217.1,1217.1,1216.25,1216.75,15787
2025-03-05 14:00:00+05:30,1216.75,1216.8,1216.1,1216.65,17134
2025-03-05 14:01:00+05:30,1216.65,1217.05,1216.05,1217.05,22672
2025-03-05 14:02:00+05:30,1217.05,1217.3,1216.8,1217.2,33463
2025-03-05 14:03:00+05:30,1217.15,1217.5,1216.1,1217.1,42701
2025-03-05 14:04:00+05:30,1217.2,1217.35,1217.0,1217.2,12313
2025-03-05 14:05:00+05:30,1217.3,1217.3,1216.7,1217.1,45894
2025-03-05 14:06:00+05:30,1217.0,1217.1,1216.2,1216.8,22092
2025-03-05 14:07:00+05:30,1216.75,1216.8,1216.5,1216.6,8327
2025-03-05 14:08:00+05:30,1216.6,1217.0,1216.0,1216.9,22490
2025-03-05 14:09:00+05:30,1216.85,1216.9,1215.6,1215.85,14820
2025-03-05 14:10:00+05:30,1215.9,1216.45,1215.85,1216.25,12162
2025-03-05 14:11:00+05:30,1216.25,1216.25,1215.35,1215.55,13254
2025-03-05 14:12:00+05:30,1215.55,1215.7,1215.15,1215.4,16487
2025-03-05 14:13:00+05:30,1215.4,1215.5,1214.95,1215.0,20415
2025-03-05 14:14:00+05:30,1215.0,1216.8,1214.95,1216.55,26579
2025-03-05 14:15:00+05:30,1216.45,1216.7,1215.65,1216.1,15891
2025-03-05 14:16:00+05:30,1216.05,1216.7,1215.6,1216.15,22489
2025-03-05 14:17:00+05:30,1216.15,1216.45,1215.2,1216.05,20780
2025-03-05 14:18:00+05:30,1216.05,1216.3,1215.15,1215.85,21094
2025-03-05 14:19:00+05:30,1215.85,1215.85,1215.15,1215.25,14720
2025-03-05 14:20:00+05:30,1215.25,1216.0,1215.15,1216.0,19559
2025-03-05 14:21:00+05:30,1215.95,1216.0,1215.4,1216.0,27034
2025-03-05 14:22:00+05:30,1216.0,1216.0,1215.45,1215.45,20942
2025-03-05 14:23:00+05:30,1215.8,1216.0,1215.1,1215.55,18010
2025-03-05 14:24:00+05:30,1215.55,1215.75,1215.1,1215.75,17344
2025-03-05 14:25:00+05:30,1215.75,1216.0,1215.1,1215.8,12094
2025-03-05 14:26:00+05:30,1215.75,1215.8,1215.1,1215.35,14668
2025-03-05 14:27:00+05:30,1215.35,1215.65,1215.0,1215.65,17681
2025-03-05 14:28:00+05:30,1215.65,1215.95,1215.4,1215.8,11237
2025-03-05 14:29:00+05:30,1215.8,1215.8,1215.2,1215.6,17130
2025-03-05 14:30:00+05:30,1215.55,1216.0,1215.05,1215.65,33562
2025-03-05 14:31:00+05:30,1215.6,1215.65,1215.1,1215.4,8900
2025-03-05 14:32:00+05:30,1215.4,1215.4,1215.0,1215.15,11175
2025-03-05 14:33:00+05:30,1215.15,1215.8,1215.1,1215.35,14688
2025-03-05 14:34:00+05:30,1215.35,1215.6,1215.0,1215.55,14093
2025-03-05 14:35:00+05:30,1215.4,1215.85,1215.2,1215.55,18149
2025-03-05 14:36:00+05:30,1215.6,1215.65,1215.2,1215.55,14293
2025-03-05 14:37:00+05:30,1215.55,1215.95,1215.4,1215.75,10273
2025-03-05 14:38:00+05:30,1215.75,1216.65,1215.7,1216.45,25392
2025-03-05 14:39:00+05:30,1216.3,1217.0,1216.15,1216.9,14229
2025-03-05 14:40:00+05:30,1216.9,1217.0,1216.6,1216.95,17939
2025-03-05 14:41:00+05:30,1217.0,1217.0,1216.2,1216.55,1339073
2025-03-05 14:42:00+05:30,1216.55,1216.8,1216.35,1216.75,18395
2025-03-05 14:43:00+05:30,1216.75,1217.0,1216.65,1217.0,17549
2025-03-05 14:44:00+05:30,1217.0,1217.95,1216.95,1217.6,27750
2025-03-05 14:45:00+05:30,1217.6,1217.6,1216.55,1216.8,14723
2025-03-05 14:46:00+05:30,1216.8,1217.75,1216.75,1217.5,25907
2025-03-05 14:47:00+05:30,1217.45,1217.5,1216.55,1216.65,13593
2025-03-05 14:48:00+05:30,1216.65,1217.2,1216.55,1216.9,14797
2025-03-05 14:49:00+05:30,1216.9,1217.1,1216.75,1216.8,13253
2025-03-05 14:50:00+05:30,1216.9,1217.1,1216.25,1217.1,14213
2025-03-05 14:51:00+05:30,1217.1,1218.0,1216.95,1217.95,26673
2025-03-05 14:52:00+05:30,1218.0,1218.85,1217.85,1218.85,21759
2025-03-05 14:53:00+05:30,1218.85,1218.85,1218.0,1218.2,21204
2025-03-05 14:54:00+05:30,1218.2,1219.0,1218.1,1218.9,32122
2025-03-05 14:55:00+05:30,1218.8,1219.15,1218.1,1218.6,25380
2025-03-05 14:56:00+05:30,1218.6,1218.65,1218.0,1218.55,13559
2025-03-05 14:57:00+05:30,1218.35,1218.5,1217.75,1217.95,18831
2025-03-05 14:58:00+05:30,1217.9,1218.05,1217.15,1217.6,22340
2025-03-05 14:59:00+05:30,1217.6,1218.0,1217.5,1217.7,16321
2025-03-05 15:00:00+05:30,1217.65,1217.85,1216.7,1216.8,55672
2025-03-05 15:01:00+05:30,1216.8,1217.0,1216.05,1217.0,65578
2025-03-05 15:02:00+05:30,1217.0,1218.55,1217.0,1218.1,74977
2025-03-05 15:03:00+05:30,1218.1,1218.95,1216.7,1217.35,66192
2025-03-05 15:04:00+05:30,1217.35,1217.85,1216.05,1216.8,72195
2025-03-05 15:05:00+05:30,1216.8,1216.8,1216.15,1216.5,40570
2025-03-05 15:06:00+05:30,1216.5,1216.95,1216.2,1216.6,57313
2025-03-05 15:07:00+05:30,1216.6,1217.95,1216.2,1216.3,76055
2025-03-05 15:08:00+05:30,1216.3,1216.8,1215.9,1216.25,43365
2025-03-05 15:09:00+05:30,1216.2,1216.25,1215.7,1216.25,66638
2025-03-05 15:10:00+05:30,1216.25,1216.65,1216.0,1216.0,40934
2025-03-05 15:11:00+05:30,1216.1,1216.1,1215.55,1215.65,50668
2025-03-05 15:12:00+05:30,1215.7,1215.75,1215.3,1215.75,49048
2025-03-05 15:13:00+05:30,1215.7,1215.75,1215.05,1215.25,43814
2025-03-05 15:14:00+05:30,1215.25,1215.25,1215.0,1215.0,47455
2025-03-05 15:15:00+05:30,1215.05,1215.1,1215.0,1215.0,57103
2025-03-05 15:16:00+05:30,1215.05,1215.1,1214.55,1215.1,69439
2025-03-05 15:17:00+05:30,1215.1,1215.8,1214.95,1215.75,69292
2025-03-05 15:18:00+05:30,1215.75,1216.4,1215.1,1215.6,66179
2025-03-05 15:19:00+05:30,1215.9,1216.05,1215.45,1215.85,54991
2025-03-05 15:20:00+05:30,1215.85,1216.45,1215.45,1215.5,47417
2025-03-05 15:21:00+05:30,1215.5,1215.5,1214.8,1214.8,49113
2025-03-05 15:22:00+05:30,1214.75,1214.75,1214.65,1214.7,43979
2025-03-05 15:23:00+05:30,1214.7,1214.7,1213.8,1214.1,54649
2025-03-05 15:24:00+05:30,1214.1,1214.15,1213.65,1213.8,51789
2025-03-05 15:25:00+05:30,1213.85,1213.95,1213.2,1213.85,65725
2025-03-05 15:26:00+05:30,1213.8,1214.1,1213.35,1213.85,68126
2025-03-05 15:27:00+05:30,1213.85,1214.2,1213.5,1214.15,53479
2025-03-05 15:28:00+05:30,1214.15,1215.0,1214.0,1214.95,32179
2025-03-05 15:29:00+05:30,1214.95,1215.0,1213.75,1215.0,25414
2025-03-06 09:15:00+05:30,1227.85,1227.85,1220.2,1220.75,281641
2025-03-06 09:16:00+05:30,1220.8,1221.3,1219.6,1219.75,107330
2025-03-06 09:17:00+05:30,1219.75,1220.0,1218.0,1219.3,45588
2025-03-06 09:18:00+05:30,1218.65,1220.25,1218.5,1219.55,137785
2025-03-06 09:19:00+05:30,1219.55,1219.85,1218.2,1218.95,103701
2025-03-06 09:20:00+05:30,1219.05,1220.2,1216.05,1216.05,69580
2025-03-06 09:21:00+05:30,1216.05,1217.3,1215.8,1216.35,50669
2025-03-06 09:22:00+05:30,1216.35,1216.45,1215.0,1215.7,87765
2025-03-06 09:23:00+05:30,1215.7,1216.3,1214.7,1215.85,86124
2025-03-06 09:24:00+05:30,1215.7,1216.55,1214.55,1215.3,52517
2025-03-06 09:25:00+05:30,1215.2,1215.65,1214.05,1214.1,51216
2025-03-06 09:26:00+05:30,1214.1,1214.6,1213.25,1213.35,44326
2025-03-06 09:27:00+05:30,1213.3,1215.0,1213.25,1214.05,36733
2025-03-06 09:28:00+05:30,1214.05,1215.05,1213.95,1214.7,30905
2025-03-06 09:29:00+05:30,1214.4,1214.65,1213.8,1214.0,29264
2025-03-06 09:30:00+05:30,1214.4,1215.05,1213.0,1213.0,67359
2025-03-06 09:31:00+05:30,1213.0,1214.3,1212.8,1214.05,56618
2025-03-06 09:32:00+05:30,1213.5,1215.45,1213.3,1213.8,48544
2025-03-06 09:33:00+05:30,1213.7,1215.25,1213.7,1214.9,38348
2025-03-06 09:34:00+05:30,1214.4,1215.0,1213.85,1214.85,39128
2025-03-06 09:35:00+05:30,1214.8,1215.75,1214.0,1214.05,52496
2025-03-06 09:36:00+05:30,1214.05,1215.1,1213.0,1213.05,31078
2025-03-06 09:37:00+05:30,1213.25,1213.5,1212.25,1212.25,45542
2025-03-06 09:38:00+05:30,1212.2,1212.7,1212.0,1212.35,27477
2025-03-06 09:39:00+05:30,1212.3,1212.6,1211.0,1211.15,46247
2025-03-06 09:40:00+05:30,1211.25,1212.0,1210.45,1211.5,52078
2025-03-06 09:41:00+05:30,1211.5,1212.0,1210.8,1211.1,20190
2025-03-06 09:42:00+05:30,1211.1,1212.4,1210.75,1212.2,22196
2025-03-06 09:43:00+05:30,1212.2,1212.55,1211.35,1212.15,42832
2025-03-06 09:44:00+05:30,1211.8,1212.6,1211.55,1212.5,31334
2025-03-06 09:45:00+05:30,1212.55,1213.45,1212.1,1212.45,31153
2025-03-06 09:46:00+05:30,1212.15,1212.55,1211.3,1211.9,27791
2025-03-06 09:47:00+05:30,1211.85,1212.45,1210.3,1210.35,38558
2025-03-06 09:48:00+05:30,1210.55,1210.9,1209.45,1209.45,60603
2025-03-06 09:49:00+05:30,1209.45,1210.1,1209.0,1209.35,61972
2025-03-06 09:50:00+05:30,1209.35,1210.25,1209.1,1209.8,33725
2025-03-06 09:51:00+05:30,1209.8,1211.0,1209.75,1210.4,47824
2025-03-06 09:52:00+05:30,1210.2,1211.7,1209.8,1211.1,39053
2025-03-06 09:53:00+05:30,1211.25,1212.45,1210.8,1212.35,21081
2025-03-06 09:54:00+05:30,1212.3,1213.0,1212.0,1212.7,14872
2025-03-06 09:55:00+05:30,1212.8,1213.0,1211.05,1212.3,79729
2025-03-06 09:56:00+05:30,1212.35,1212.8,1212.0,1212.0,12903
2025-03-06 09:57:00+05:30,1212.0,1212.8,1211.4,1212.2,50674
2025-03-06 09:58:00+05:30,1212.3,1214.1,1212.0,1213.8,17254
2025-03-06 09:59:00+05:30,1213.8,1213.9,1212.55,1213.05,15162
2025-03-06 10:00:00+05:30,1212.8,1213.1,1212.45,1212.75,12973
2025-03-06 10:01:00+05:30,1212.75,1213.25,1211.9,1212.9,24953
2025-03-06 10:02:00+05:30,1212.9,1214.0,1212.75,1213.45,39427
2025-03-06 10:03:00+05:30,1214.0,1214.5,1213.4,1214.25,34603
2025-03-06 10:04:00+05:30,1214.25,1215.2,1214.05,1215.05,16895
2025-03-06 10:05:00+05:30,1215.05,1217.0,1215.05,1216.7,33384
2025-03-06 10:06:00+05:30,1216.9,1216.95,1216.1,1216.45,30935
2025-03-06 10:07:00+05:30,1216.45,1217.55,1216.2,1217.55,13590
2025-03-06 10:08:00+05:30,1217.5,1217.6,1216.55,1216.65,15151
2025-03-06 10:09:00+05:30,1216.7,1216.9,1214.75,1216.3,41322
2025-03-06 10:10:00+05:30,1216.3,1216.75,1215.55,1216.3,13788
2025-03-06 10:11:00+05:30,1216.3,1216.55,1215.35,1215.5,15783
2025-03-06 10:12:00+05:30,1215.5,1216.15,1215.5,1216.0,15177
2025-03-06 10:13:00+05:30,1215.95,1216.0,1215.5,1215.65,10984
2025-03-06 10:14:00+05:30,1215.65,1216.35,1215.25,1215.55,9651
2025-03-06 10:15:00+05:30,1215.25,1215.6,1214.7,1214.85,11574
2025-03-06 10:16:00+05:30,1215.1,1216.0,1214.65,1215.8,11271
2025-03-06 10:17:00+05:30,1215.8,1216.75,1215.8,1216.4,12841
2025-03-06 10:18:00+05:30,1216.4,1217.5,1216.1,1217.0,13936
2025-03-06 10:19:00+05:30,1217.3,1217.65,1217.0,1217.35,9175
2025-03-06 10:20:00+05:30,1217.25,1217.45,1216.65,1216.85,14677
2025-03-06 10:21:00+05:30,1216.75,1217.3,1216.25,1216.95,10630
2025-03-06 10:22:00+05:30,1216.9,1217.0,1216.2,1216.65,10480
2025-03-06 10:23:00+05:30,1216.75,1217.0,1215.6,1216.65,20542
2025-03-06 10:24:00+05:30,1216.7,1217.65,1216.2,1216.75,52661
2025-03-06 10:25:00+05:30,1216.7,1216.95,1216.15,1216.7,7589
2025-03-06 10:26:00+05:30,1216.7,1217.6,1216.7,1217.45,9418
2025-03-06 10:27:00+05:30,1217.4,1217.9,1216.9,1217.85,14994
2025-03-06 10:28:00+05:30,1217.45,1217.95,1215.45,1217.35,93145
2025-03-06 10:29:00+05:30,1217.35,1217.95,1216.95,1217.55,14283
2025-03-06 10:30:00+05:30,1217.8,1218.5,1217.5,1218.1,24698
2025-03-06 10:31:00+05:30,1217.9,1218.75,1217.45,1217.5,21060
2025-03-06 10:32:00+05:30,1217.5,1217.85,1216.45,1216.6,12972
2025-03-06 10:33:00+05:30,1216.6,1217.35,1216.05,1216.4,83349
2025-03-06 10:34:00+05:30,1216.75,1217.0,1216.0,1216.7,61370
2025-03-06 10:35:00+05:30,1216.75,1217.05,1216.1,1216.4,9235
2025-03-06 10:36:00+05:30,1216.45,1217.05,1215.9,1216.3,14343
2025-03-06 10:37:00+05:30,1216.15,1216.7,1215.7,1216.3,12924
2025-03-06 10:38:00+05:30,1216.3,1217.0,1216.2,1216.4,10280
2025-03-06 10:39:00+05:30,1216.55,1216.8,1215.2,1215.9,26376
2025-03-06 10:40:00+05:30,1215.9,1216.0,1215.4,1215.4,9618
2025-03-06 10:41:00+05:30,1215.9,1216.0,1215.3,1215.95,9937
2025-03-06 10:42:00+05:30,1215.6,1215.95,1215.05,1215.4,8917
2025-03-06 10:43:00+05:30,1215.4,1216.0,1215.25,1215.75,9706
2025-03-06 10:44:00+05:30,1215.85,1216.0,1215.7,1215.9,5976
2025-03-06 10:45:00+05:30,1215.9,1216.0,1215.45,1215.8,7699
2025-03-06 10:46:00+05:30,1215.9,1215.9,1215.05,1215.5,9979
2025-03-06 10:47:00+05:30,1215.55,1215.9,1215.4,1215.65,9419
2025-03-06 10:48:00+05:30,1215.6,1215.95,1215.1,1215.5,9892
2025-03-06 10:49:00+05:30,1215.8,1216.0,1215.2,1216.0,19861
2025-03-06 10:50:00+05:30,1215.5,1215.95,1215.3,1215.6,9162
2025-03-06 10:51:00+05:30,1215.65,1215.8,1215.05,1215.55,7414
2025-03-06 10:52:00+05:30,1215.55,1215.85,1215.55,1215.75,7304
2025-03-06 10:53:00+05:30,1215.8,1215.85,1215.25,1215.55,10221
2025-03-06 10:54:00+05:30,1215.4,1215.6,1215.05,1215.1,13848
2025-03-06 10:55:00+05:30,1215.3,1215.75,1215.05,1215.3,8433
2025-03-06 10:56:00+05:30,1215.3,1215.35,1214.0,1214.1,18083
2025-03-06 10:57:00+05:30,1214.1,1214.15,1213.25,1213.65,12564
2025-03-06 10:58:00+05:30,1213.65,1213.75,1213.1,1213.55,10097
2025-03-06 10:59:00+05:30,1213.55,1214.05,1213.55,1213.65,7116
2025-03-06 11:00:00+05:30,1213.65,1214.1,1213.05,1214.1,10073
2025-03-06 11:01:00+05:30,1213.95,1215.0,1213.95,1214.95,8838
2025-03-06 11:02:00+05:30,1215.0,1216.1,1214.65,1215.6,21937
2025-03-06 11:03:00+05:30,1215.95,1216.25,1215.35,1216.15,20317
2025-03-06 11:04:00+05:30,1216.1,1216.15,1215.5,1216.0,12005
2025-03-06 11:05:00+05:30,1215.9,1216.7,1215.6,1216.6,11103
2025-03-06 11:06:00+05:30,1216.6,1217.95,1216.4,1217.65,26424
2025-03-06 11:07:00+05:30,1217.85,1218.7,1216.35,1216.35,48261
2025-03-06 11:08:00+05:30,1216.75,1216.75,1215.05,1215.05,29428
2025-03-06 11:09:00+05:30,1215.05,1215.5,1214.7,1215.05,19224
2025-03-06 11:10:00+05:30,1215.2,1216.05,1214.75,1215.05,14654
2025-03-06 11:11:00+05:30,1215.2,1215.45,1214.65,1215.1,16542
2025-03-06 11:12:00+05:30,1215.1,1215.2,1214.6,1215.0,8635
2025-03-06 11:13:00+05:30,1214.95,1215.3,1214.6,1215.25,14980
2025-03-06 11:14:00+05:30,1215.25,1215.5,1215.2,1215.5,31710
2025-03-06 11:15:00+05:30,1215.5,1215.6,1215.4,1215.55,9524
2025-03-06 11:16:00+05:30,1215.55,1215.7,1215.55,1215.6,5605
2025-03-06 11:17:00+05:30,1215.6,1215.7,1215.55,1215.7,5136
2025-03-06 11:18:00+05:30,1215.65,1215.7,1215.45,1215.45,8810
2025-03-06 11:19:00+05:30,1215.45,1215.5,1214.9,1214.95,10452
2025-03-06 11:20:00+05:30,1214.95,1215.05,1214.8,1214.8,8739
2025-03-06 11:21:00+05:30,1214.8,1215.3,1214.65,1215.3,14643
2025-03-06 11:22:00+05:30,1215.25,1215.45,1213.25,1214.45,97427
2025-03-06 11:23:00+05:30,1214.45,1215.0,1214.0,1214.0,18438
2025-03-06 11:24:00+05:30,1214.0,1214.05,1212.75,1213.0,13886
2025-03-06 11:25:00+05:30,1213.0,1213.15,1212.2,1213.0,9628
2025-03-06 11:26:00+05:30,1212.95,1213.65,1212.35,1213.0,30991
2025-03-06 11:27:00+05:30,1213.2,1213.45,1212.0,1212.0,72916
2025-03-06 11:28:00+05:30,1212.1,1212.4,1211.15,1212.4,27330
2025-03-06 11:29:00+05:30,1212.25,1213.05,1212.2,1212.8,10536
2025-03-06 11:30:00+05:30,1212.55,1212.85,1211.5,1212.25,16945
2025-03-06 11:31:00+05:30,1212.25,1212.65,1211.5,1212.5,8064
2025-03-06 11:32:00+05:30,1212.5,1212.5,1212.2,1212.2,5814
2025-03-06 11:33:00+05:30,1212.2,1212.5,1211.7,1212.15,7705
2025-03-06 11:34:00+05:30,1212.5,1213.45,1212.5,1213.1,7514
2025-03-06 11:35:00+05:30,1213.1,1213.7,1212.8,1213.45,15140
2025-03-06 11:36:00+05:30,1213.0,1213.75,1212.8,1213.75,3871
2025-03-06 11:37:00+05:30,1213.5,1213.95,1213.4,1213.45,7991
2025-03-06 11:38:00+05:30,1213.4,1214.1,1213.1,1213.9,4863
2025-03-06 11:39:00+05:30,1213.9,1214.4,1213.6,1214.25,7235
2025-03-06 11:40:00+05:30,1214.05,1214.4,1213.65,1213.7,6311
2025-03-06 11:41:00+05:30,1213.7,1213.7,1213.0,1213.3,13019
2025-03-06 11:42:00+05:30,1213.3,1214.15,1213.0,1214.1,6187
2025-03-06 11:43:00+05:30,1214.1,1214.65,1214.0,1214.35,4569
2025-03-06 11:44:00+05:30,1214.4,1214.8,1214.25,1214.65,7509
2025-03-06 11:45:00+05:30,1214.7,1214.75,1214.6,1214.7,4454
2025-03-06 11:46:00+05:30,1214.7,1215.85,1214.7,1215.1,32788
2025-03-06 11:47:00+05:30,1215.25,1215.25,1214.75,1215.0,24278
2025-03-06 11:48:00+05:30,1214.95,1215.05,1214.9,1215.0,9809
2025-03-06 11:49:00+05:30,1214.95,1215.0,1214.9,1215.0,5643
2025-03-06 11:50:00+05:30,1214.95,1215.9,1214.95,1215.9,23917
2025-03-06 11:51:00+05:30,1215.75,1216.5,1215.05,1216.35,25019
2025-03-06 11:52:00+05:30,1216.5,1217.0,1216.25,1217.0,15794
2025-03-06 11:53:00+05:30,1217.0,1217.0,1216.0,1216.0,6935
2025-03-06 11:54:00+05:30,1215.9,1216.0,1215.85,1215.85,24991
2025-03-06 11:55:00+05:30,1215.9,1216.65,1215.9,1216.6,33384
2025-03-06 11:56:00+05:30,1216.6,1216.65,1216.0,1216.4,11405
2025-03-06 11:57:00+05:30,1216.35,1216.5,1216.0,1216.3,9274
2025-03-06 11:58:00+05:30,1216.3,1216.4,1215.4,1215.5,17557
2025-03-06 11:59:00+05:30,1215.45,1215.75,1215.4,1215.75,8635
2025-03-06 12:00:00+05:30,1215.7,1216.25,1215.1,1215.7,21293
2025-03-06 12:01:00+05:30,1215.7,1215.85,1215.3,1215.5,6600
2025-03-06 12:02:00+05:30,1215.45,1216.0,1215.45,1215.8,11051
2025-03-06 12:03:00+05:30,1215.8,1216.95,1215.7,1216.35,19129
2025-03-06 12:04:00+05:30,1216.5,1217.0,1216.15,1216.75,11719
2025-03-06 12:05:00+05:30,1216.45,1217.0,1216.4,1217.0,16808
2025-03-06 12:06:00+05:30,1216.6,1217.0,1215.7,1216.0,34611
2025-03-06 12:07:00+05:30,1215.85,1216.0,1215.7,1215.9,8924
2025-03-06 12:08:00+05:30,1215.95,1215.95,1215.7,1215.9,15709
2025-03-06 12:09:00+05:30,1215.7,1215.95,1215.3,1215.75,13182
2025-03-06 12:10:00+05:30,1215.75,1215.8,1215.2,1215.8,9550
2025-03-06 12:11:00+05:30,1215.8,1215.9,1215.1,1215.4,11261
2025-03-06 12:12:00+05:30,1215.3,1215.8,1215.05,1215.6,7598
2025-03-06 12:13:00+05:30,1215.6,1215.8,1215.05,1215.35,8436
2025-03-06 12:14:00+05:30,1215.15,1215.35,1214.8,1215.0,10103
2025-03-06 12:15:00+05:30,1215.0,1215.05,1214.55,1215.05,18767
2025-03-06 12:16:00+05:30,1214.95,1215.5,1214.65,1215.5,13637
2025-03-06 12:17:00+05:30,1215.15,1215.9,1215.1,1215.9,13794
2025-03-06 12:18:00+05:30,1215.6,1215.95,1215.15,1215.95,9508
2025-03-06 12:19:00+05:30,1215.95,1216.2,1214.8,1215.0,18010
2025-03-06 12:20:00+05:30,1214.9,1215.1,1214.75,1215.1,9884
2025-03-06 12:21:00+05:30,1215.1,1215.75,1215.05,1215.5,18994
2025-03-06 12:22:00+05:30,1215.45,1215.7,1215.0,1215.7,22158
2025-03-06 12:23:00+05:30,1215.7,1216.45,1215.6,1216.45,15652
2025-03-06 12:24:00+05:30,1216.45,1216.65,1215.4,1216.0,17883
2025-03-06 12:25:00+05:30,1216.0,1216.15,1215.4,1215.85,9881
2025-03-06 12:26:00+05:30,1215.85,1216.45,1215.55,1216.35,11872
2025-03-06 12:27:00+05:30,1216.3,1216.6,1215.8,1216.45,13366
2025-03-06 12:28:00+05:30,1216.45,1216.55,1215.85,1216.25,9356
2025-03-06 12:29:00+05:30,1216.0,1216.45,1214.9,1215.85,70209
2025-03-06 12:30:00+05:30,1215.35,1217.0,1215.35,1216.75,17614
2025-03-06 12:31:00+05:30,1216.75,1217.35,1216.25,1217.3,17255
2025-03-06 12:32:00+05:30,1217.3,1217.5,1216.7,1217.3,15460
2025-03-06 12:33:00+05:30,1217.3,1217.4,1215.65,1216.25,11934
2025-03-06 12:34:00+05:30,1215.9,1216.3,1215.05,1215.85,18312
2025-03-06 12:35:00+05:30,1215.8,1215.95,1215.65,1215.7,10567
2025-03-06 12:36:00+05:30,1215.7,1216.85,1215.65,1215.8,29006
2025-03-06 12:37:00+05:30,1215.8,1216.35,1215.35,1215.75,23783
2025-03-06 12:38:00+05:30,1215.45,1215.75,1215.0,1215.4,10132
2025-03-06 12:39:00+05:30,1215.35,1215.8,1215.25,1215.8,6373
2025-03-06 12:40:00+05:30,1215.65,1216.45,1215.6,1216.45,10660
2025-03-06 12:41:00+05:30,1216.35,1216.5,1215.55,1215.55,11025
2025-03-06 12:42:00+05:30,1215.95,1216.2,1215.5,1215.85,10017
2025-03-06 12:43:00+05:30,1215.85,1216.4,1215.5,1216.4,7790
2025-03-06 12:44:00+05:30,1216.3,1216.4,1215.3,1216.0,17898
2025-03-06 12:45:00+05:30,1215.95,1216.25,1215.2,1215.5,12015
2025-03-06 12:46:00+05:30,1215.3,1215.6,1215.0,1215.45,12521
2025-03-06 12:47:00+05:30,1215.2,1216.0,1215.05,1215.9,11683
2025-03-06 12:48:00+05:30,1215.8,1216.3,1215.35,1216.2,17181
2025-03-06 12:49:00+05:30,1216.15,1216.5,1216.0,1216.45,8358
2025-03-06 12:50:00+05:30,1216.05,1217.25,1215.95,1217.25,16666
2025-03-06 12:51:00+05:30,1217.05,1217.4,1216.55,1217.35,15340
2025-03-06 12:52:00+05:30,1217.1,1217.7,1217.0,1217.7,16054
2025-03-06 12:53:00+05:30,1217.65,1217.75,1216.75,1216.85,16213
2025-03-06 12:54:00+05:30,1217.0,1217.2,1216.4,1216.8,16176
2025-03-06 12:55:00+05:30,1216.8,1217.8,1216.8,1217.6,22432
2025-03-06 12:56:00+05:30,1217.6,1217.65,1216.8,1217.45,15395
2025-03-06 12:57:00+05:30,1217.15,1217.75,1217.0,1217.55,11150
2025-03-06 12:58:00+05:30,1217.5,1217.8,1217.15,1217.45,10093
2025-03-06 12:59:00+05:30,1217.5,1217.6,1216.55,1217.45,12737
2025-03-06 13:00:00+05:30,1217.3,1217.45,1217.05,1217.4,8487
2025-03-06 13:01:00+05:30,1217.2,1217.45,1216.9,1217.4,25535
2025-03-06 13:02:00+05:30,1217.3,1217.5,1216.5,1216.95,10312
2025-03-06 13:03:00+05:30,1216.95,1217.2,1216.6,1217.1,8791
2025-03-06 13:04:00+05:30,1217.0,1217.25,1216.8,1217.25,7050
2025-03-06 13:05:00+05:30,1217.2,1217.5,1216.9,1217.35,8066
2025-03-06 13:06:00+05:30,1217.3,1217.55,1217.15,1217.55,7770
2025-03-06 13:07:00+05:30,1217.4,1217.5,1216.8,1217.15,9225
2025-03-06 13:08:00+05:30,1217.1,1217.55,1216.9,1217.1,6889
2025-03-06 13:09:00+05:30,1217.1,1217.8,1217.1,1217.75,8589
2025-03-06 13:10:00+05:30,1217.65,1217.9,1217.1,1217.1,12508
2025-03-06 13:11:00+05:30,1217.1,1217.75,1216.95,1217.5,15735
2025-03-06 13:12:00+05:30,1217.4,1217.75,1217.15,1217.65,9447
2025-03-06 13:13:00+05:30,1217.65,1217.85,1217.5,1217.7,10270
2025-03-06 13:14:00+05:30,1217.6,1217.85,1217.25,1217.55,10487
2025-03-06 13:15:00+05:30,1217.6,1217.85,1217.15,1217.35,9871
2025-03-06 13:16:00+05:30,1217.5,1218.0,1216.7,1216.85,24404
2025-03-06 13:17:00+05:30,1216.85,1217.75,1216.85,1217.3,13491
2025-03-06 13:18:00+05:30,1217.5,1217.95,1217.15,1217.95,11884
2025-03-06 13:19:00+05:30,1217.85,1218.0,1217.5,1218.0,15854
2025-03-06 13:20:00+05:30,1217.9,1218.0,1217.15,1217.5,12905
2025-03-06 13:21:00+05:30,1217.2,1218.0,1216.8,1216.8,12430
2025-03-06 13:22:00+05:30,1216.85,1217.0,1216.4,1216.8,8526
2025-03-06 13:23:00+05:30,1216.85,1217.4,1216.55,1217.4,11775
2025-03-06 13:24:00+05:30,1217.3,1218.0,1217.15,1217.95,15847
2025-03-06 13:25:00+05:30,1217.7,1218.0,1217.0,1217.6,1514693
2025-03-06 13:26:00+05:30,1217.5,1218.25,1217.25,1218.05,167231
2025-03-06 13:27:00+05:30,1218.05,1218.3,1217.25,1217.85,22154
2025-03-06 13:28:00+05:30,1217.85,1218.7,1217.65,1218.7,15926
2025-03-06 13:29:00+05:30,1218.4,1219.0,1218.35,1219.0,15040
2025-03-06 13:30:00+05:30,1218.85,1219.1,1218.05,1218.4,14958
2025-03-06 13:31:00+05:30,1218.45,1218.75,1218.0,1218.25,15893
2025-03-06 13:32:00+05:30,1218.25,1218.7,1217.95,1218.3,11803
2025-03-06 13:33:00+05:30,1218.4,1218.65,1218.05,1218.65,6140
2025-03-06 13:34:00+05:30,1218.6,1219.4,1218.5,1219.15,14911
2025-03-06 13:35:00+05:30,1219.15,1219.5,1218.75,1218.8,21924
2025-03-06 13:36:00+05:30,1219.2,1219.5,1219.0,1219.35,13374
2025-03-06 13:37:00+05:30,1219.05,1219.4,1218.45,1218.45,14881
2025-03-06 13:38:00+05:30,1218.6,1219.0,1217.5,1217.75,34525
2025-03-06 13:39:00+05:30,1217.75,1218.3,1217.0,1217.45,34670
2025-03-06 13:40:00+05:30,1217.4,1217.7,1216.85,1217.0,20911
2025-03-06 13:41:00+05:30,1217.0,1217.95,1216.8,1216.85,27858
2025-03-06 13:42:00+05:30,1216.9,1217.45,1216.7,1217.0,19743
2025-03-06 13:43:00+05:30,1216.8,1217.1,1216.15,1216.3,12281
2025-03-06 13:44:00+05:30,1216.3,1216.65,1216.0,1216.2,14437
2025-03-06 13:45:00+05:30,1216.2,1217.3,1216.1,1217.15,32771
2025-03-06 13:46:00+05:30,1217.3,1217.55,1216.15,1216.55,25078
2025-03-06 13:47:00+05:30,1216.45,1217.15,1216.3,1216.8,16861
2025-03-06 13:48:00+05:30,1216.85,1217.15,1216.15,1217.05,12959
2025-03-06 13:49:00+05:30,1216.8,1217.45,1216.45,1217.2,20365
2025-03-06 13:50:00+05:30,1217.2,1217.65,1216.45,1216.95,24811
2025-03-06 13:51:00+05:30,1216.65,1217.35,1216.2,1217.15,22094
2025-03-06 13:52:00+05:30,1217.05,1218.05,1216.5,1217.1,41336
2025-03-06 13:53:00+05:30,1217.1,1218.15,1217.05,1217.9,36132
2025-03-06 13:54:00+05:30,1217.9,1218.35,1217.25,1217.55,35321
2025-03-06 13:55:00+05:30,1217.35,1217.6,1216.75,1217.25,33880
2025-03-06 13:56:00+05:30,1217.2,1217.65,1216.65,1217.6,24762
2025-03-06 13:57:00+05:30,1217.35,1217.85,1216.8,1217.55,18223
2025-03-06 13:58:00+05:30,1217.6,1218.0,1217.15,1217.95,25284
2025-03-06 13:59:00+05:30,1217.95,1218.35,1216.95,1217.45,20264
2025-03-06 14:00:00+05:30,1217.45,1217.55,1216.7,1217.05,24305
2025-03-06 14:01:00+05:30,1217.15,1217.25,1216.6,1216.9,25889
2025-03-06 14:02:00+05:30,1216.9,1217.3,1216.4,1217.15,32066
2025-03-06 14:03:00+05:30,1217.15,1217.75,1216.85,1217.1,47606
2025-03-06 14:04:00+05:30,1217.4,1217.75,1216.45,1216.55,37007
2025-03-06 14:05:00+05:30,1216.95,1217.25,1216.4,1216.8,43946
2025-03-06 14:06:00+05:30,1216.8,1217.25,1216.3,1216.8,38016
2025-03-06 14:07:00+05:30,1216.8,1217.9,1216.6,1217.85,33863
2025-03-06 14:08:00+05:30,1217.85,1217.85,1216.55,1217.2,30230
2025-03-06 14:09:00+05:30,1217.15,1217.45,1216.65,1217.35,22512
2025-03-06 14:10:00+05:30,1217.35,1217.4,1216.75,1217.4,25021
2025-03-06 14:11:00+05:30,1217.4,1217.7,1216.7,1217.15,14573
2025-03-06 14:12:00+05:30,1217.15,1217.9,1216.7,1217.85,26024
2025-03-06 14:13:00+05:30,1217.85,1218.65,1217.4,1218.2,40661
2025-03-06 14:14:00+05:30,1218.55,1218.55,1217.05,1217.2,12238
2025-03-06 14:15:00+05:30,1217.2,1217.95,1217.05,1217.3,25123
2025-03-06 14:16:00+05:30,1217.5,1218.55,1217.1,1218.3,25379
2025-03-06 14:17:00+05:30,1218.45,1218.9,1218.05,1218.15,26439
2025-03-06 14:18:00+05:30,1218.6,1219.0,1218.2,1219.0,29774
2025-03-06 14:19:00+05:30,1219.0,1219.0,1218.05,1218.55,29552
2025-03-06 14:20:00+05:30,1218.55,1218.85,1217.85,1218.8,25272
2025-03-06 14:21:00+05:30,1218.8,1219.05,1218.55,1219.0,35630
2025-03-06 14:22:00+05:30,1219.05,1219.3,1218.65,1219.0,18035
2025-03-06 14:23:00+05:30,1219.25,1219.6,1218.5,1218.95,30847
2025-03-06 14:24:00+05:30,1219.45,1219.8,1218.8,1219.5,42975
2025-03-06 14:25:00+05:30,1219.3,1219.9,1219.25,1219.9,22248
2025-03-06 14:26:00+05:30,1219.9,1219.95,1218.95,1219.1,16998
2025-03-06 14:27:00+05:30,1219.6,1219.65,1218.65,1219.2,22619
2025-03-06 14:28:00+05:30,1219.1,1219.5,1218.8,1219.35,24874
2025-03-06 14:29:00+05:30,1219.4,1219.4,1218.2,1218.5,21786
2025-03-06 14:30:00+05:30,1218.5,1218.9,1217.8,1218.2,25263
2025-03-06 14:31:00+05:30,1218.2,1219.45,1217.85,1219.25,39729
2025-03-06 14:32:00+05:30,1218.85,1219.65,1218.65,1219.45,39947
2025-03-06 14:33:00+05:30,1219.45,1219.75,1218.6,1219.2,44501
2025-03-06 14:34:00+05:30,1219.25,1219.45,1218.8,1219.25,22095
2025-03-06 14:35:00+05:30,1219.2,1219.45,1218.65,1219.25,18613
2025-03-06 14:36:00+05:30,1219.25,1219.7,1218.9,1219.05,19877
2025-03-06 14:37:00+05:30,1219.4,1219.75,1218.95,1219.45,19833
2025-03-06 14:38:00+05:30,1219.45,1219.6,1218.95,1219.4,16951
2025-03-06 14:39:00+05:30,1219.3,1219.6,1218.7,1219.05,14606
2025-03-06 14:40:00+05:30,1219.0,1219.05,1218.35,1218.4,10768
2025-03-06 14:41:00+05:30,1218.35,1219.55,1218.2,1219.2,27003
2025-03-06 14:42:00+05:30,1218.95,1219.75,1218.7,1219.4,42593
2025-03-06 14:43:00+05:30,1219.4,1219.8,1218.75,1219.8,46769
2025-03-06 14:44:00+05:30,1219.85,1219.95,1219.1,1219.5,26385
2025-03-06 14:45:00+05:30,1219.5,1219.9,1218.8,1219.3,28789
2025-03-06 14:46:00+05:30,1219.3,1219.95,1219.0,1219.95,27572
2025-03-06 14:47:00+05:30,1219.95,1220.5,1219.85,1220.5,39978
2025-03-06 14:48:00+05:30,1220.45,1220.8,1219.6,1220.55,28061
2025-03-06 14:49:00+05:30,1220.55,1220.95,1219.8,1220.2,31843
2025-03-06 14:50:00+05:30,1220.3,1220.55,1219.55,1220.1,46662
2025-03-06 14:51:00+05:30,1220.1,1220.3,1219.2,1219.8,33270
2025-03-06 14:52:00+05:30,1219.8,1220.1,1219.0,1219.3,35445
2025-03-06 14:53:00+05:30,1219.0,1219.3,1218.25,1218.35,26824
2025-03-06 14:54:00+05:30,1218.75,1218.75,1217.8,1218.25,18965
2025-03-06 14:55:00+05:30,1217.8,1218.45,1217.4,1218.45,30266
2025-03-06 14:56:00+05:30,1218.45,1218.7,1217.65,1218.45,26102
2025-03-06 14:57:00+05:30,1218.45,1218.7,1217.75,1218.35,24924
2025-03-06 14:58:00+05:30,1218.35,1218.4,1217.5,1218.0,24951
2025-03-06 14:59:00+05:30,1218.0,1218.45,1217.65,1217.8,30834
2025-03-06 15:00:00+05:30,1217.8,1219.1,1217.35,1218.7,94781
2025-03-06 15:01:00+05:30,1218.75,1219.05,1218.15,1218.5,69135
2025-03-06 15:02:00+05:30,1218.5,1219.2,1217.65,1218.6,66781
2025-03-06 15:03:00+05:30,1218.6,1219.3,1218.1,1219.0,93600
2025-03-06 15:04:00+05:30,1218.85,1219.4,1217.9,1218.55,74717
2025-03-06 15:05:00+05:30,1218.6,1218.85,1217.7,1218.65,89467
2025-03-06 15:06:00+05:30,1218.75,1218.95,1217.8,1218.9,76469
2025-03-06 15:07:00+05:30,1218.65,1219.05,1218.15,1218.7,67558
2025-03-06 15:08:00+05:30,1218.7,1218.7,1217.3,1218.0,91706
2025-03-06 15:09:00+05:30,1218.05,1218.3,1217.3,1217.6,70635
2025-03-06 15:10:00+05:30,1217.6,1217.7,1216.75,1217.4,66651
2025-03-06 15:11:00+05:30,1217.4,1217.4,1216.45,1216.75,62678
2025-03-06 15:12:00+05:30,1216.75,1217.15,1216.5,1216.6,47361
2025-03-06 15:13:00+05:30,1216.6,1217.35,1216.5,1217.25,46136
2025-03-06 15:14:00+05:30,1217.15,1217.85,1217.0,1217.4,43617
2025-03-06 15:15:00+05:30,1217.4,1217.6,1216.75,1217.15,46894
2025-03-06 15:16:00+05:30,1217.2,1217.35,1216.6,1216.85,50656
2025-03-06 15:17:00+05:30,1216.8,1217.2,1216.6,1217.15,50794
2025-03-06 15:18:00+05:30,1217.15,1217.5,1217.0,1217.35,55354
2025-03-06 15:19:00+05:30,1217.35,1217.55,1216.7,1217.15,54489
2025-03-06 15:20:00+05:30,1217.15,1217.55,1216.55,1217.0,54696
2025-03-06 15:21:00+05:30,1216.95,1217.2,1216.6,1217.1,44506
2025-03-06 15:22:00+05:30,1217.1,1217.4,1216.85,1217.05,35882
2025-03-06 15:23:00+05:30,1216.95,1218.15,1216.8,1217.65,40309
2025-03-06 15:24:00+05:30,1217.65,1219.75,1217.6,1219.2,83958
2025-03-06 15:25:00+05:30,1219.2,1219.8,1218.7,1219.8,65116
2025-03-06 15:26:00+05:30,1219.8,1220.0,1218.35,1219.4,76678
2025-03-06 15:27:00+05:30,1219.35,1219.65,1218.15,1219.35,61690
2025-03-06 15:28:00+05:30,1219.35,1219.35,1218.0,1219.1,35717
2025-03-06 15:29:00+05:30,1219.3,1219.9,1218.9,1219.8,8929
2025-03-07 09:15:00+05:30,1215.2,1215.95,1211.1,1211.4,242111
2025-03-07 09:16:00+05:30,1211.65,1214.8,1211.1,1213.4,131979
2025-03-07 09:17:00+05:30,1213.4,1214.7,1212.8,1214.0,62582
2025-03-07 09:18:00+05:30,1214.05,1214.15,1212.65,1213.1,59352
2025-03-07 09:19:00+05:30,1213.4,1214.55,1212.35,1214.35,25524
2025-03-07 09:20:00+05:30,1214.35,1214.45,1212.6,1212.8,24621
2025-03-07 09:21:00+05:30,1212.8,1213.1,1210.1,1210.1,33768
2025-03-07 09:22:00+05:30,1210.6,1211.6,1210.1,1210.6,24686
2025-03-07 09:23:00+05:30,1210.6,1211.15,1210.0,1210.7,28351
2025-03-07 09:24:00+05:30,1211.15,1211.55,1210.0,1210.5,33467
2025-03-07 09:25:00+05:30,1210.5,1210.5,1209.4,1209.65,20195
2025-03-07 09:26:00+05:30,1209.75,1211.3,1209.65,1210.9,12495
2025-03-07 09:27:00+05:30,1210.9,1211.2,1209.85,1210.0,12454
2025-03-07 09:28:00+05:30,1210.2,1210.85,1210.0,1210.25,15348
2025-03-07 09:29:00+05:30,1210.2,1210.2,1209.1,1209.5,18648
2025-03-07 09:30:00+05:30,1209.45,1209.6,1208.7,1209.35,31067
2025-03-07 09:31:00+05:30,1209.15,1209.2,1207.5,1207.85,45988
2025-03-07 09:32:00+05:30,1207.75,1208.35,1207.45,1207.7,16097
2025-03-07 09:33:00+05:30,1207.7,1207.7,1207.05,1207.4,15648
2025-03-07 09:34:00+05:30,1207.4,1209.6,1207.4,1209.4,23818
2025-03-07 09:35:00+05:30,1209.4,1209.5,1208.45,1209.25,16825
2025-03-07 09:36:00+05:30,1209.25,1210.1,1209.0,1209.25,23544
2025-03-07 09:37:00+05:30,1209.0,1209.5,1208.65,1209.45,17682
2025-03-07 09:38:00+05:30,1209.5,1210.2,1209.0,1209.3,21722
2025-03-07 09:39:00+05:30,1209.05,1209.15,1207.25,1207.4,19450
2025-03-07 09:40:00+05:30,1207.5,1208.3,1206.4,1206.4,26069
2025-03-07 09:41:00+05:30,1206.4,1207.45,1206.3,1206.75,12732
2025-03-07 09:42:00+05:30,1206.85,1207.45,1206.55,1207.1,12627
2025-03-07 09:43:00+05:30,1207.1,1208.6,1207.05,1207.7,11337
2025-03-07 09:44:00+05:30,1207.9,1208.7,1207.4,1208.35,20784
2025-03-07 09:45:00+05:30,1208.55,1209.2,1208.1,1208.45,17460
2025-03-07 09:46:00+05:30,1208.5,1208.9,1208.1,1208.75,9376
2025-03-07 09:47:00+05:30,1208.75,1208.8,1207.65,1208.3,12584
2025-03-07 09:48:00+05:30,1208.15,1208.95,1207.8,1208.4,9179
2025-03-07 09:49:00+05:30,1208.3,1209.0,1208.0,1208.8,10474
2025-03-07 09:50:00+05:30,1209.0,1209.85,1209.0,1209.4,13001
2025-03-07 09:51:00+05:30,1209.4,1209.5,1209.0,1209.5,9166
2025-03-07 09:52:00+05:30,1209.45,1209.75,1209.05,1209.4,11301
2025-03-07 09:53:00+05:30,1209.4,1209.55,1209.15,1209.25,8015
2025-03-07 09:54:00+05:30,1209.25,1209.75,1209.15,1209.15,11627
2025-03-07 09:55:00+05:30,1209.35,1209.6,1209.15,1209.25,8780
2025-03-07 09:56:00+05:30,1209.4,1209.95,1209.05,1209.6,20940
2025-03-07 09:57:00+05:30,1209.8,1209.8,1209.0,1209.1,9566
2025-03-07 09:58:00+05:30,1209.25,1209.95,1209.1,1209.9,6652
2025-03-07 09:59:00+05:30,1209.9,1211.0,1209.5,1210.65,13225
2025-03-07 10:00:00+05:30,1210.7,1210.95,1209.6,1210.75,13941
2025-03-07 10:01:00+05:30,1210.75,1210.75,1209.95,1210.0,5403
2025-03-07 10:02:00+05:30,1210.0,1210.0,1209.65,1209.65,3983
2025-03-07 10:03:00+05:30,1209.8,1210.95,1209.65,1210.65,8490
2025-03-07 10:04:00+05:30,1210.8,1211.5,1210.45,1210.45,18046
2025-03-07 10:05:00+05:30,1210.85,1211.1,1210.25,1210.95,7187
2025-03-07 10:06:00+05:30,1210.95,1211.5,1210.8,1211.5,2800
2025-03-07 10:07:00+05:30,1211.5,1211.55,1211.35,1211.55,9659
2025-03-07 10:08:00+05:30,1211.55,1212.9,1211.5,1212.55,28257
2025-03-07 10:09:00+05:30,1212.55,1212.9,1211.85,1212.55,9347
2025-03-07 10:10:00+05:30,1212.65,1212.85,1211.75,1212.3,11067
2025-03-07 10:11:00+05:30,1212.1,1212.3,1212.1,1212.15,5526
2025-03-07 10:12:00+05:30,1212.2,1212.2,1211.8,1212.1,8518
2025-03-07 10:13:00+05:30,1212.0,1212.3,1211.85,1212.2,8224
2025-03-07 10:14:00+05:30,1212.25,1213.0,1212.2,1213.0,12201
2025-03-07 10:15:00+05:30,1213.0,1213.45,1212.5,1212.6,14853
2025-03-07 10:16:00+05:30,1212.55,1214.0,1212.25,1213.75,11271
2025-03-07 10:17:00+05:30,1214.0,1215.8,1214.0,1215.45,39514
2025-03-07 10:18:00+05:30,1215.8,1216.5,1215.25,1215.55,19917
2025-03-07 10:19:00+05:30,1215.3,1215.9,1215.25,1215.9,16185
2025-03-07 10:20:00+05:30,1215.7,1216.3,1215.3,1215.5,18913
2025-03-07 10:21:00+05:30,1215.5,1215.55,1214.6,1214.75,8531
2025-03-07 10:22:00+05:30,1214.75,1214.9,1213.95,1214.3,15227
2025-03-07 10:23:00+05:30,1214.3,1214.5,1214.0,1214.15,8801
2025-03-07 10:24:00+05:30,1214.15,1214.5,1214.15,1214.15,11045
2025-03-07 10:25:00+05:30,1214.3,1214.35,1213.8,1213.9,8395
2025-03-07 10:26:00+05:30,1213.95,1214.65,1213.5,1214.35,13159
2025-03-07 10:27:00+05:30,1214.35,1215.0,1214.2,1214.5,9012
2025-03-07 10:28:00+05:30,1214.45,1214.65,1214.0,1214.55,26054
2025-03-07 10:29:00+05:30,1214.65,1215.0,1214.6,1214.85,7716
2025-03-07 10:30:00+05:30,1214.95,1214.95,1214.25,1214.3,8596
2025-03-07 10:31:00+05:30,1214.45,1214.45,1214.1,1214.45,3512
2025-03-07 10:32:00+05:30,1214.45,1214.45,1213.6,1213.95,7778
2025-03-07 10:33:00+05:30,1213.95,1214.15,1213.85,1214.1,8413
2025-03-07 10:34:00+05:30,1214.05,1214.9,1213.85,1214.85,11728
2025-03-07 10:35:00+05:30,1214.85,1215.0,1214.85,1215.0,6012
2025-03-07 10:36:00+05:30,1215.0,1215.75,1213.85,1215.75,53697
2025-03-07 10:37:00+05:30,1215.8,1215.9,1215.5,1215.75,6388
2025-03-07 10:38:00+05:30,1215.75,1217.0,1215.7,1217.0,17760
2025-03-07 10:39:00+05:30,1216.9,1217.0,1216.4,1216.45,12636
2025-03-07 10:40:00+05:30,1216.45,1217.0,1216.4,1216.95,11463
2025-03-07 10:41:00+05:30,1216.9,1216.95,1215.8,1215.8,10765
2025-03-07 10:42:00+05:30,1215.95,1216.1,1215.55,1215.55,10332
2025-03-07 10:43:00+05:30,1215.6,1215.85,1215.55,1215.7,6369
2025-03-07 10:44:00+05:30,1215.7,1216.0,1215.3,1215.4,8963
2025-03-07 10:45:00+05:30,1215.35,1215.6,1214.85,1215.0,10009
2025-03-07 10:46:00+05:30,1214.9,1214.95,1214.35,1214.35,11263
2025-03-07 10:47:00+05:30,1214.4,1214.5,1214.3,1214.5,7150
2025-03-07 10:48:00+05:30,1214.5,1215.2,1213.3,1214.75,76446
2025-03-07 10:49:00+05:30,1214.95,1216.3,1214.75,1216.3,13123
2025-03-07 10:50:00+05:30,1216.2,1216.2,1213.6,1214.95,50900
2025-03-07 10:51:00+05:30,1214.95,1215.05,1214.5,1214.95,12079
2025-03-07 10:52:00+05:30,1214.8,1215.35,1214.2,1215.0,50664
2025-03-07 10:53:00+05:30,1214.85,1215.0,1214.0,1214.4,10385
2025-03-07 10:54:00+05:30,1214.2,1214.4,1212.7,1213.0,17008
2025-03-07 10:55:00+05:30,1213.0,1213.0,1212.65,1212.95,11871
2025-03-07 10:56:00+05:30,1213.0,1213.3,1212.7,1213.0,46765
2025-03-07 10:57:00+05:30,1213.05,1213.05,1211.95,1212.6,15249
2025-03-07 10:58:00+05:30,1212.6,1212.6,1211.95,1212.0,16546
2025-03-07 10:59:00+05:30,1211.95,1212.0,1211.35,1211.35,10770
2025-03-07 11:00:00+05:30,1211.35,1211.75,1210.7,1211.2,12959
2025-03-07 11:01:00+05:30,1211.2,1212.0,1211.15,1211.85,8669
2025-03-07 11:02:00+05:30,1211.95,1212.45,1211.7,1212.0,23262
2025-03-07 11:03:00+05:30,1212.0,1212.2,1211.95,1211.95,29470
2025-03-07 11:04:00+05:30,1211.95,1212.0,1211.7,1211.95,8963
2025-03-07 11:05:00+05:30,1211.95,1212.7,1211.95,1212.65,7829
2025-03-07 11:06:00+05:30,1212.6,1212.6,1212.5,1212.55,5884
2025-03-07 11:07:00+05:30,1212.55,1212.55,1212.35,1212.55,5352
2025-03-07 11:08:00+05:30,1212.55,1213.0,1212.45,1213.0,8086
2025-03-07 11:09:00+05:30,1213.0,1213.8,1212.95,1213.75,48162
2025-03-07 11:10:00+05:30,1213.8,1214.95,1213.75,1214.5,15194
2025-03-07 11:11:00+05:30,1214.5,1214.5,1213.6,1214.0,18408
2025-03-07 11:12:00+05:30,1214.0,1214.4,1213.75,1214.0,13611
2025-03-07 11:13:00+05:30,1214.0,1215.3,1213.95,1215.3,47995
2025-03-07 11:14:00+05:30,1215.35,1215.95,1215.25,1215.5,14836
2025-03-07 11:15:00+05:30,1215.5,1215.75,1215.25,1215.7,8436
2025-03-07 11:16:00+05:30,1215.75,1217.0,1215.7,1216.85,25663
2025-03-07 11:17:00+05:30,1216.85,1216.85,1216.4,1216.4,7269
2025-03-07 11:18:00+05:30,1216.45,1216.45,1216.2,1216.35,6832
2025-03-07 11:19:00+05:30,1216.4,1216.4,1216.15,1216.15,7932
2025-03-07 11:20:00+05:30,1216.15,1216.2,1216.0,1216.15,11892
2025-03-07 11:21:00+05:30,1216.15,1216.2,1216.1,1216.2,8018
2025-03-07 11:22:00+05:30,1216.2,1216.2,1215.85,1216.1,13334
2025-03-07 11:23:00+05:30,1216.05,1216.1,1215.9,1216.05,3801
2025-03-07 11:24:00+05:30,1216.05,1216.05,1216.0,1216.05,7012
2025-03-07 11:25:00+05:30,1216.05,1216.05,1215.5,1215.5,11981
2025-03-07 11:26:00+05:30,1215.6,1215.75,1215.2,1215.45,4794
2025-03-07 11:27:00+05:30,1215.45,1215.45,1215.4,1215.45,3208
2025-03-07 11:28:00+05:30,1215.45,1215.55,1215.4,1215.5,5280
2025-03-07 11:29:00+05:30,1215.55,1215.85,1215.55,1215.8,6138
2025-03-07 11:30:00+05:30,1215.85,1216.0,1215.15,1215.25,7258
2025-03-07 11:31:00+05:30,1215.25,1215.6,1215.25,1215.6,2477
2025-03-07 11:32:00+05:30,1215.55,1216.0,1215.55,1215.9,10816
2025-03-07 11:33:00+05:30,1215.9,1215.95,1215.4,1215.6,4692
2025-03-07 11:34:00+05:30,1215.6,1215.6,1215.05,1215.25,5948
2025-03-07 11:35:00+05:30,1215.25,1215.25,1214.4,1214.65,7815
2025-03-07 11:36:00+05:30,1214.65,1214.7,1214.4,1214.5,4223
2025-03-07 11:37:00+05:30,1214.5,1214.65,1214.4,1214.65,8065
2025-03-07 11:38:00+05:30,1214.65,1214.85,1214.65,1214.8,13195
2025-03-07 11:39:00+05:30,1214.85,1215.1,1214.8,1214.95,2676
2025-03-07 11:40:00+05:30,1214.95,1215.05,1214.45,1214.45,10162
2025-03-07 11:41:00+05:30,1214.45,1214.6,1214.45,1214.6,3013
2025-03-07 11:42:00+05:30,1214.6,1214.75,1214.55,1214.7,6289
2025-03-07 11:43:00+05:30,1214.75,1214.85,1214.7,1214.85,2777
2025-03-07 11:44:00+05:30,1214.85,1215.4,1214.8,1215.0,6198
2025-03-07 11:45:00+05:30,1215.05,1215.15,1214.6,1214.8,6186
2025-03-07 11:46:00+05:30,1214.8,1214.85,1214.35,1214.5,6096
2025-03-07 11:47:00+05:30,1214.5,1214.65,1214.2,1214.35,12047
2025-03-07 11:48:00+05:30,1214.35,1214.45,1213.0,1213.5,9015
2025-03-07 11:49:00+05:30,1213.5,1213.95,1213.1,1213.6,20083
2025-03-07 11:50:00+05:30,1213.95,1214.6,1213.45,1213.7,20175
2025-03-07 11:51:00+05:30,1213.7,1213.95,1213.0,1213.55,15371
2025-03-07 11:52:00+05:30,1213.5,1213.5,1213.0,1213.3,11875
2025-03-07 11:53:00+05:30,1213.35,1213.7,1213.15,1213.7,6163
2025-03-07 11:54:00+05:30,1213.65,1213.7,1213.45,1213.6,2430
2025-03-07 11:55:00+05:30,1213.6,1213.6,1212.55,1212.85,6712
2025-03-07 11:56:00+05:30,1213.05,1213.05,1212.75,1212.85,3624
2025-03-07 11:57:00+05:30,1212.9,1212.9,1212.5,1212.7,6281
2025-03-07 11:58:00+05:30,1212.7,1212.7,1212.55,1212.7,3593
2025-03-07 11:59:00+05:30,1212.55,1212.75,1212.55,1212.75,2686
2025-03-07 12:00:00+05:30,1212.75,1212.9,1212.65,1212.8,7461
2025-03-07 12:01:00+05:30,1212.9,1213.0,1212.8,1212.85,7207
2025-03-07 12:02:00+05:30,1212.85,1212.85,1211.8,1211.95,11999
2025-03-07 12:03:00+05:30,1211.85,1212.2,1211.85,1212.1,5931
2025-03-07 12:04:00+05:30,1212.1,1212.65,1212.05,1212.65,5536
2025-03-07 12:05:00+05:30,1212.65,1212.65,1211.85,1212.0,11572
2025-03-07 12:06:00+05:30,1212.0,1212.2,1211.85,1212.0,20646
2025-03-07 12:07:00+05:30,1212.0,1212.0,1211.95,1212.0,6685
2025-03-07 12:08:00+05:30,1212.0,1212.0,1211.95,1212.0,4710
2025-03-07 12:09:00+05:30,1211.95,1212.0,1211.95,1211.95,4671
2025-03-07 12:10:00+05:30,1212.0,1212.0,1211.75,1211.9,7911
2025-03-07 12:11:00+05:30,1211.9,1211.9,1211.75,1211.9,2388
2025-03-07 12:12:00+05:30,1211.85,1212.6,1211.7,1212.2,12465
2025-03-07 12:13:00+05:30,1212.2,1213.0,1212.0,1212.45,8440
2025-03-07 12:14:00+05:30,1212.65,1212.8,1212.0,1212.75,11782
2025-03-07 12:15:00+05:30,1212.8,1213.35,1212.75,1213.35,4262
2025-03-07 12:16:00+05:30,1213.35,1213.35,1212.0,1212.45,27699
2025-03-07 12:17:00+05:30,1212.45,1212.45,1212.0,1212.25,5155
2025-03-07 12:18:00+05:30,1212.25,1213.05,1212.25,1212.95,7943
2025-03-07 12:19:00+05:30,1212.7,1212.95,1212.0,1212.3,10798
2025-03-07 12:20:00+05:30,1212.25,1212.35,1212.0,1212.35,3836
2025-03-07 12:21:00+05:30,1212.25,1212.85,1212.2,1212.65,5552
2025-03-07 12:22:00+05:30,1212.65,1213.0,1212.4,1212.85,3625
2025-03-07 12:23:00+05:30,1212.9,1214.05,1212.9,1213.55,9134
2025-03-07 12:24:00+05:30,1213.4,1213.75,1213.25,1213.75,7115
2025-03-07 12:25:00+05:30,1213.95,1214.2,1213.6,1214.1,3740
2025-03-07 12:26:00+05:30,1214.15,1214.35,1214.0,1214.35,5318
2025-03-07 12:27:00+05:30,1214.35,1214.35,1214.05,1214.35,3800
2025-03-07 12:28:00+05:30,1214.35,1214.6,1214.25,1214.35,6683
2025-03-07 12:29:00+05:30,1214.35,1214.5,1214.25,1214.4,7536
2025-03-07 12:30:00+05:30,1214.4,1214.75,1213.85,1214.7,12542
2025-03-07 12:31:00+05:30,1214.8,1215.45,1214.8,1215.05,10607
2025-03-07 12:32:00+05:30,1215.25,1215.85,1215.05,1215.75,13513
2025-03-07 12:33:00+05:30,1215.75,1216.0,1215.7,1215.75,6851
2025-03-07 12:34:00+05:30,1215.8,1216.0,1215.05,1215.05,16792
2025-03-07 12:35:00+05:30,1215.35,1215.45,1215.05,1215.35,5417
2025-03-07 12:36:00+05:30,1215.35,1215.85,1214.85,1215.25,12356
2025-03-07 12:37:00+05:30,1215.25,1215.3,1215.25,1215.25,2007
2025-03-07 12:38:00+05:30,1215.3,1215.3,1214.6,1214.95,9364
2025-03-07 12:39:00+05:30,1214.95,1215.0,1214.5,1214.85,3791
2025-03-07 12:40:00+05:30,1214.85,1214.85,1214.6,1214.6,5740
2025-03-07 12:41:00+05:30,1214.6,1214.75,1214.5,1214.6,9488
2025-03-07 12:42:00+05:30,1214.6,1214.6,1214.55,1214.6,1721
2025-03-07 12:43:00+05:30,1214.6,1214.65,1214.55,1214.6,5742
2025-03-07 12:44:00+05:30,1214.6,1215.0,1214.6,1214.95,10508
2025-03-07 12:45:00+05:30,1214.95,1215.0,1214.45,1214.45,10233
2025-03-07 12:46:00+05:30,1214.5,1214.5,1213.2,1213.75,16695
2025-03-07 12:47:00+05:30,1213.75,1213.9,1213.45,1213.5,5441
2025-03-07 12:48:00+05:30,1213.5,1214.1,1213.5,1213.8,7988
2025-03-07 12:49:00+05:30,1213.85,1214.0,1213.7,1213.85,2844
2025-03-07 12:50:00+05:30,1213.85,1213.85,1213.8,1213.85,2812
2025-03-07 12:51:00+05:30,1213.8,1213.85,1213.8,1213.85,2654
2025-03-07 12:52:00+05:30,1213.85,1214.0,1213.85,1214.0,5594
2025-03-07 12:53:00+05:30,1214.0,1214.0,1213.8,1213.95,8355
2025-03-07 12:54:00+05:30,1213.8,1213.8,1212.95,1213.1,6575
2025-03-07 12:55:00+05:30,1213.1,1213.7,1212.65,1213.6,7991
2025-03-07 12:56:00+05:30,1213.55,1214.15,1213.45,1213.75,5089
2025-03-07 12:57:00+05:30,1213.7,1213.9,1213.65,1213.85,5824
2025-03-07 12:58:00+05:30,1213.9,1214.6,1213.85,1214.0,6999
2025-03-07 12:59:00+05:30,1214.0,1214.3,1213.9,1213.9,22006
2025-03-07 13:00:00+05:30,1213.9,1213.95,1213.45,1213.6,6939
2025-03-07 13:01:00+05:30,1213.6,1214.0,1213.45,1213.65,6989
2025-03-07 13:02:00+05:30,1213.65,1213.75,1213.2,1213.35,8206
2025-03-07 13:03:00+05:30,1213.35,1213.95,1213.2,1213.65,7026
2025-03-07 13:04:00+05:30,1213.85,1214.1,1213.8,1213.85,7584
2025-03-07 13:05:00+05:30,1213.95,1213.95,1213.6,1213.75,5223
2025-03-07 13:06:00+05:30,1213.8,1214.0,1213.55,1213.9,6019
2025-03-07 13:07:00+05:30,1213.9,1214.05,1213.8,1213.9,9022
2025-03-07 13:08:00+05:30,1213.9,1214.0,1213.65,1213.95,15265
2025-03-07 13:09:00+05:30,1213.95,1214.4,1213.85,1214.05,9632
2025-03-07 13:10:00+05:30,1214.15,1214.15,1213.6,1213.7,11516
2025-03-07 13:11:00+05:30,1213.7,1214.0,1213.35,1213.75,10934
2025-03-07 13:12:00+05:30,1213.9,1214.35,1213.75,1214.1,7755
2025-03-07 13:13:00+05:30,1214.15,1214.15,1213.7,1213.85,6777
2025-03-07 13:14:00+05:30,1213.85,1214.8,1213.8,1214.55,12073
2025-03-07 13:15:00+05:30,1214.55,1215.0,1214.35,1214.95,6206
2025-03-07 13:16:00+05:30,1214.95,1214.95,1214.9,1214.9,4383
2025-03-07 13:17:00+05:30,1214.95,1215.45,1214.85,1215.4,8572
2025-03-07 13:18:00+05:30,1215.4,1216.0,1215.25,1215.95,9849
2025-03-07 13:19:00+05:30,1216.0,1216.35,1215.95,1216.35,9636
2025-03-07 13:20:00+05:30,1216.35,1216.5,1215.85,1215.85,10956
2025-03-07 13:21:00+05:30,1216.0,1216.65,1215.8,1216.4,6847
2025-03-07 13:22:00+05:30,1216.45,1216.65,1216.2,1216.6,7476
2025-03-07 13:23:00+05:30,1216.6,1216.6,1216.55,1216.55,5562
2025-03-07 13:24:00+05:30,1216.6,1216.7,1216.55,1216.65,15020
2025-03-07 13:25:00+05:30,1216.65,1216.65,1216.35,1216.4,10567
2025-03-07 13:26:00+05:30,1216.4,1216.6,1215.7,1216.4,17541
2025-03-07 13:27:00+05:30,1216.45,1216.7,1216.4,1216.7,12460
2025-03-07 13:28:00+05:30,1216.7,1217.0,1216.65,1217.0,8072
2025-03-07 13:29:00+05:30,1217.0,1217.0,1216.95,1217.0,12428
2025-03-07 13:30:00+05:30,1217.0,1217.0,1216.85,1216.85,7392
2025-03-07 13:31:00+05:30,1216.85,1216.85,1216.05,1216.45,10600
2025-03-07 13:32:00+05:30,1216.45,1216.85,1216.35,1216.65,7194
2025-03-07 13:33:00+05:30,1216.7,1216.9,1216.55,1216.65,5358
2025-03-07 13:34:00+05:30,1216.65,1216.9,1216.5,1216.8,7307
2025-03-07 13:35:00+05:30,1216.8,1216.95,1216.7,1216.9,4397
2025-03-07 13:36:00+05:30,1216.95,1217.0,1216.9,1216.95,6513
2025-03-07 13:37:00+05:30,1217.0,1217.75,1216.9,1217.5,22259
2025-03-07 13:38:00+05:30,1217.55,1217.75,1217.35,1217.35,8821
2025-03-07 13:39:00+05:30,1217.4,1217.4,1217.15,1217.25,6205
2025-03-07 13:40:00+05:30,1217.25,1217.5,1217.2,1217.4,6594
2025-03-07 13:41:00+05:30,1217.45,1217.45,1216.5,1217.05,11867
2025-03-07 13:42:00+05:30,1216.85,1217.5,1216.65,1217.2,12162
2025-03-07 13:43:00+05:30,1217.25,1217.55,1217.2,1217.45,6062
2025-03-07 13:44:00+05:30,1217.5,1217.85,1216.9,1217.35,11914
2025-03-07 13:45:00+05:30,1217.35,1217.35,1214.9,1214.95,141168
2025-03-07 13:46:00+05:30,1215.0,1215.0,1214.25,1214.9,22554
2025-03-07 13:47:00+05:30,1214.9,1215.2,1214.85,1215.0,30781
2025-03-07 13:48:00+05:30,1215.0,1215.0,1214.95,1215.0,12338
2025-03-07 13:49:00+05:30,1215.0,1215.0,1214.6,1214.6,6820
2025-03-07 13:50:00+05:30,1214.65,1214.65,1212.8,1213.55,68003
2025-03-07 13:51:00+05:30,1213.55,1213.6,1212.45,1212.85,105535
2025-03-07 13:52:00+05:30,1212.9,1213.0,1212.0,1212.35,15728
2025-03-07 13:53:00+05:30,1212.35,1213.0,1212.2,1212.85,9270
2025-03-07 13:54:00+05:30,1212.85,1213.0,1212.8,1213.0,10647
2025-03-07 13:55:00+05:30,1213.0,1213.0,1212.6,1212.9,10189
2025-03-07 13:56:00+05:30,1212.9,1212.9,1212.0,1212.55,12345
2025-03-07 13:57:00+05:30,1212.5,1212.95,1212.5,1212.9,8388
2025-03-07 13:58:00+05:30,1212.95,1213.0,1212.85,1212.95,8432
2025-03-07 13:59:00+05:30,1212.95,1213.0,1212.9,1212.95,10703
2025-03-07 14:00:00+05:30,1213.0,1213.15,1212.95,1212.95,17544
2025-03-07 14:01:00+05:30,1213.0,1213.0,1212.9,1212.95,7221
2025-03-07 14:02:00+05:30,1213.0,1213.0,1212.9,1212.9,7341
2025-03-07 14:03:00+05:30,1212.95,1213.05,1212.9,1212.95,8728
2025-03-07 14:04:00+05:30,1212.95,1213.2,1212.9,1213.0,11368
2025-03-07 14:05:00+05:30,1213.0,1213.2,1212.9,1212.9,10218
2025-03-07 14:06:00+05:30,1212.95,1213.25,1212.9,1212.9,8998
2025-03-07 14:07:00+05:30,1212.95,1213.3,1212.9,1212.9,7718
2025-03-07 14:08:00+05:30,1212.95,1213.0,1212.75,1212.75,8077
2025-03-07 14:09:00+05:30,1212.9,1213.0,1212.75,1212.9,7190
2025-03-07 14:10:00+05:30,1212.95,1213.0,1212.6,1212.65,7635
2025-03-07 14:11:00+05:30,1212.65,1213.0,1212.4,1212.95,12313
2025-03-07 14:12:00+05:30,1212.9,1213.0,1212.85,1212.95,9002
2025-03-07 14:13:00+05:30,1213.0,1213.0,1212.9,1212.95,8426
2025-03-07 14:14:00+05:30,1213.0,1213.05,1212.9,1213.0,12267
2025-03-07 14:15:00+05:30,1213.0,1213.15,1212.95,1212.95,9464
2025-03-07 14:16:00+05:30,1213.0,1213.05,1212.95,1213.0,10079
2025-03-07 14:17:00+05:30,1213.0,1213.05,1212.95,1212.95,18589
2025-03-07 14:18:00+05:30,1213.0,1213.3,1212.9,1212.9,16852
2025-03-07 14:19:00+05:30,1212.95,1213.0,1212.9,1212.95,6888
2025-03-07 14:20:00+05:30,1213.0,1213.3,1212.75,1212.95,14110
2025-03-07 14:21:00+05:30,1212.95,1212.95,1212.35,1212.85,9074
2025-03-07 14:22:00+05:30,1212.9,1212.95,1212.25,1212.5,10409
2025-03-07 14:23:00+05:30,1212.55,1212.9,1212.5,1212.9,6472
2025-03-07 14:24:00+05:30,1212.9,1213.0,1212.5,1213.0,9442
2025-03-07 14:25:00+05:30,1212.9,1213.1,1212.45,1212.95,12155
2025-03-07 14:26:00+05:30,1212.95,1213.1,1212.6,1212.85,8804
2025-03-07 14:27:00+05:30,1212.9,1213.35,1212.85,1213.15,7763
2025-03-07 14:28:00+05:30,1213.2,1213.9,1213.15,1213.75,10124
2025-03-07 14:29:00+05:30,1213.8,1214.0,1213.7,1214.0,8126
2025-03-07 14:30:00+05:30,1214.05,1214.2,1213.55,1213.65,10563
2025-03-07 14:31:00+05:30,1213.7,1214.0,1213.55,1213.9,7705
2025-03-07 14:32:00+05:30,1213.9,1214.35,1213.85,1214.2,8791
2025-03-07 14:33:00+05:30,1214.25,1214.9,1214.2,1214.85,9035
2025-03-07 14:34:00+05:30,1214.85,1215.15,1214.8,1215.15,8810
2025-03-07 14:35:00+05:30,1215.15,1215.25,1214.9,1215.0,11352
2025-03-07 14:36:00+05:30,1215.0,1215.2,1214.5,1214.95,9940
2025-03-07 14:37:00+05:30,1214.95,1215.0,1214.1,1214.4,12791
2025-03-07 14:38:00+05:30,1214.4,1214.8,1214.05,1214.05,10359
2025-03-07 14:39:00+05:30,1214.2,1214.55,1213.3,1214.55,14454
2025-03-07 14:40:00+05:30,1214.3,1214.75,1214.1,1214.75,8359
2025-03-07 14:41:00+05:30,1214.6,1214.6,1213.8,1214.2,14995
2025-03-07 14:42:00+05:30,1214.2,1215.0,1214.1,1214.75,13588
2025-03-07 14:43:00+05:30,1214.75,1215.7,1214.7,1215.5,26576
2025-03-07 14:44:00+05:30,1215.5,1215.65,1214.9,1215.2,15494
2025-03-07 14:45:00+05:30,1215.05,1215.95,1214.8,1215.85,27189
2025-03-07 14:46:00+05:30,1215.85,1215.85,1214.75,1215.0,11621
2025-03-07 14:47:00+05:30,1215.1,1215.1,1214.4,1214.45,10644
2025-03-07 14:48:00+05:30,1214.45,1215.3,1214.35,1215.1,8224
2025-03-07 14:49:00+05:30,1215.2,1215.65,1215.1,1215.5,16622
2025-03-07 14:50:00+05:30,1215.65,1215.65,1215.0,1215.1,9170
2025-03-07 14:51:00+05:30,1215.15,1215.4,1214.7,1215.15,10479
2025-03-07 14:52:00+05:30,1215.0,1215.5,1214.55,1215.15,28186
2025-03-07 14:53:00+05:30,1215.1,1215.3,1214.65,1215.0,12002
2025-03-07 14:54:00+05:30,1215.05,1215.3,1214.95,1215.15,10177
2025-03-07 14:55:00+05:30,1215.2,1216.0,1215.15,1216.0,19867
2025-03-07 14:56:00+05:30,1215.95,1216.5,1215.8,1216.25,11866
2025-03-07 14:57:00+05:30,1216.3,1216.35,1215.55,1215.75,13044
2025-03-07 14:58:00+05:30,1215.8,1216.7,1215.6,1216.5,11298
2025-03-07 14:59:00+05:30,1216.55,1216.95,1215.7,1216.7,19093
2025-03-07 15:00:00+05:30,1216.75,1216.85,1215.15,1215.45,56837
2025-03-07 15:01:00+05:30,1215.45,1216.0,1215.05,1215.95,103980
2025-03-07 15:02:00+05:30,1216.0,1216.1,1215.85,1216.05,31588
2025-03-07 15:03:00+05:30,1216.05,1216.2,1215.85,1216.0,34430
2025-03-07 15:04:00+05:30,1216.0,1216.05,1215.9,1215.9,32705
2025-03-07 15:05:00+05:30,1215.9,1215.95,1215.75,1215.8,40548
2025-03-07 15:06:00+05:30,1215.8,1215.95,1215.75,1215.9,40176
2025-03-07 15:07:00+05:30,1215.9,1215.95,1215.85,1215.9,36397
2025-03-07 15:08:00+05:30,1215.85,1215.9,1215.05,1215.45,48956
2025-03-07 15:09:00+05:30,1215.25,1215.4,1214.5,1214.55,50785
2025-03-07 15:10:00+05:30,1214.85,1214.9,1214.05,1214.2,52312
2025-03-07 15:11:00+05:30,1214.2,1215.25,1214.15,1214.4,158969
2025-03-07 15:12:00+05:30,1214.45,1215.2,1214.4,1214.4,38907
2025-03-07 15:13:00+05:30,1214.7,1214.9,1214.35,1214.65,39661
2025-03-07 15:14:00+05:30,1214.65,1214.7,1214.25,1214.4,42304
2025-03-07 15:15:00+05:30,1214.65,1214.7,1213.25,1213.65,57370
2025-03-07 15:16:00+05:30,1213.55,1215.1,1213.55,1214.4,110802
2025-03-07 15:17:00+05:30,1214.4,1214.55,1213.75,1214.25,39359
2025-03-07 15:18:00+05:30,1214.3,1214.3,1213.65,1213.95,55977
2025-03-07 15:19:00+05:30,1214.0,1214.05,1213.95,1213.95,44897
2025-03-07 15:20:00+05:30,1214.0,1214.0,1213.9,1213.95,42623
2025-03-07 15:21:00+05:30,1214.0,1214.1,1213.95,1214.1,52266
2025-03-07 15:22:00+05:30,1214.1,1214.15,1214.0,1214.1,55203
2025-03-07 15:23:00+05:30,1214.15,1214.15,1214.05,1214.1,41194
2025-03-07 15:24:00+05:30,1214.1,1214.5,1214.05,1214.15,55698
2025-03-07 15:25:00+05:30,1214.1,1214.2,1213.2,1213.7,108042
2025-03-07 15:26:00+05:30,1213.75,1213.75,1213.1,1213.45,37689
2025-03-07 15:27:00+05:30,1213.45,1213.5,1212.95,1213.5,69638
2025-03-07 15:28:00+05:30,1213.5,1214.0,1212.45,1214.0,41801
2025-03-07 15:29:00+05:30,1214.0,1214.4,1213.25,1213.4,6863
2025-03-10 09:15:00+05:30,1208.0,1216.65,1208.0,1215.35,187276
2025-03-10 09:16:00+05:30,1215.7,1217.55,1215.0,1217.45,68588
2025-03-10 09:17:00+05:30,1216.85,1219.4,1216.25,1216.75,82440
2025-03-10 09:18:00+05:30,1216.35,1218.75,1216.35,1217.65,41044
2025-03-10 09:19:00+05:30,1217.65,1219.2,1217.55,1218.7,36151
2025-03-10 09:20:00+05:30,1218.7,1219.5,1217.55,1217.7,34137
2025-03-10 09:21:00+05:30,1217.95,1219.75,1217.55,1219.1,55791
2025-03-10 09:22:00+05:30,1219.15,1219.7,1218.5,1219.65,30864
2025-03-10 09:23:00+05:30,1219.65,1220.0,1218.85,1219.65,20343
2025-03-10 09:24:00+05:30,1219.4,1220.25,1218.95,1220.25,22691
2025-03-10 09:25:00+05:30,1220.3,1220.85,1219.8,1220.7,16229
2025-03-10 09:26:00+05:30,1220.7,1220.85,1220.2,1220.55,8326
2025-03-10 09:27:00+05:30,1220.6,1221.7,1220.55,1220.8,25253
2025-03-10 09:28:00+05:30,1220.6,1221.05,1219.0,1219.45,14514
2025-03-10 09:29:00+05:30,1219.45,1220.65,1218.2,1220.35,48093
2025-03-10 09:30:00+05:30,1220.15,1220.95,1220.0,1220.0,26455
2025-03-10 09:31:00+05:30,1220.05,1221.95,1219.95,1221.75,36497
2025-03-10 09:32:00+05:30,1221.6,1223.1,1221.35,1222.5,24637
2025-03-10 09:33:00+05:30,1222.45,1222.55,1221.0,1221.5,8377
2025-03-10 09:34:00+05:30,1221.25,1221.25,1220.05,1220.8,12822
2025-03-10 09:35:00+05:30,1220.7,1221.75,1220.0,1220.15,10852
2025-03-10 09:36:00+05:30,1220.15,1220.75,1220.15,1220.65,12279
2025-03-10 09:37:00+05:30,1220.65,1220.8,1219.55,1219.9,37815
2025-03-10 09:38:00+05:30,1219.55,1220.0,1219.05,1219.35,29408
2025-03-10 09:39:00+05:30,1219.15,1219.5,1219.0,1219.2,9116
2025-03-10 09:40:00+05:30,1219.2,1219.4,1219.1,1219.15,4694
2025-03-10 09:41:00+05:30,1219.35,1220.05,1219.25,1219.5,16638
2025-03-10 09:42:00+05:30,1219.5,1220.9,1219.35,1220.4,21713
2025-03-10 09:43:00+05:30,1220.55,1222.8,1220.55,1222.4,17484
2025-03-10 09:44:00+05:30,1222.25,1223.25,1222.15,1223.25,21482
2025-03-10 09:45:00+05:30,1223.15,1224.45,1222.65,1223.4,47132
2025-03-10 09:46:00+05:30,1223.35,1224.0,1223.0,1224.0,13582
2025-03-10 09:47:00+05:30,1224.0,1224.15,1222.85,1223.35,28295
2025-03-10 09:48:00+05:30,1223.35,1223.45,1222.55,1222.55,11046
2025-03-10 09:49:00+05:30,1222.85,1222.85,1221.0,1221.3,11887
2025-03-10 09:50:00+05:30,1221.25,1221.75,1221.0,1221.6,18475
2025-03-10 09:51:00+05:30,1221.85,1221.85,1221.15,1221.55,7908
2025-03-10 09:52:00+05:30,1221.55,1221.65,1221.0,1221.3,8836
2025-03-10 09:53:00+05:30,1221.15,1221.85,1220.9,1221.85,8085
2025-03-10 09:54:00+05:30,1221.85,1222.55,1221.75,1221.8,18039
2025-03-10 09:55:00+05:30,1221.8,1222.15,1221.15,1221.75,16274
2025-03-10 09:56:00+05:30,1221.75,1222.25,1221.35,1222.25,16239
2025-03-10 09:57:00+05:30,1222.25,1223.55,1222.2,1223.3,11288
2025-03-10 09:58:00+05:30,1223.3,1224.8,1223.3,1224.1,24304
2025-03-10 09:59:00+05:30,1224.0,1224.75,1224.0,1224.35,22725
2025-03-10 10:00:00+05:30,1224.35,1225.0,1223.3,1223.45,26401
2025-03-10 10:01:00+05:30,1223.5,1223.55,1223.05,1223.35,9723
2025-03-10 10:02:00+05:30,1223.2,1223.9,1222.75,1223.6,11407
2025-03-10 10:03:00+05:30,1223.3,1223.85,1222.35,1223.45,20421
2025-03-10 10:04:00+05:30,1223.25,1223.45,1222.35,1222.9,9745
2025-03-10 10:05:00+05:30,1222.9,1223.5,1222.45,1223.5,10149
2025-03-10 10:06:00+05:30,1223.1,1223.6,1222.75,1223.55,8283
2025-03-10 10:07:00+05:30,1223.55,1223.55,1223.1,1223.25,9143
2025-03-10 10:08:00+05:30,1223.25,1223.25,1222.55,1223.1,10506
2025-03-10 10:09:00+05:30,1223.05,1223.9,1222.95,1223.9,10103
2025-03-10 10:10:00+05:30,1223.85,1223.95,1223.0,1223.3,12582
2025-03-10 10:11:00+05:30,1223.3,1223.55,1222.85,1223.1,9808
2025-03-10 10:12:00+05:30,1223.1,1223.4,1221.85,1223.2,28463
2025-03-10 10:13:00+05:30,1223.15,1223.3,1222.65,1222.8,13629
2025-03-10 10:14:00+05:30,1222.8,1222.9,1222.2,1222.85,8953
2025-03-10 10:15:00+05:30,1222.9,1222.9,1222.0,1222.15,13523
2025-03-10 10:16:00+05:30,1222.0,1222.5,1220.6,1221.0,21765
2025-03-10 10:17:00+05:30,1220.85,1220.95,1220.8,1220.85,6104
2025-03-10 10:18:00+05:30,1220.85,1221.85,1220.4,1221.25,21744
2025-03-10 10:19:00+05:30,1221.0,1221.5,1220.85,1221.5,10560
2025-03-10 10:20:00+05:30,1221.45,1221.6,1221.0,1221.15,8887
2025-03-10 10:21:00+05:30,1221.15,1222.45,1221.15,1221.95,19776
2025-03-10 10:22:00+05:30,1221.9,1222.55,1221.85,1222.55,7605
2025-03-10 10:23:00+05:30,1222.5,1222.65,1221.55,1221.6,12310
2025-03-10 10:24:00+05:30,1221.65,1221.9,1221.55,1221.55,3401
2025-03-10 10:25:00+05:30,1221.55,1221.65,1221.55,1221.6,5145
2025-03-10 10:26:00+05:30,1221.6,1221.6,1220.7,1220.75,8276
2025-03-10 10:27:00+05:30,1220.75,1220.85,1219.75,1220.15,12904
2025-03-10 10:28:00+05:30,1220.15,1222.45,1220.0,1221.8,90240
2025-03-10 10:29:00+05:30,1221.5,1222.0,1221.05,1221.6,22387
2025-03-10 10:30:00+05:30,1221.6,1221.6,1221.0,1221.0,7218
2025-03-10 10:31:00+05:30,1221.05,1221.95,1220.95,1220.95,18739
2025-03-10 10:32:00+05:30,1221.2,1221.3,1220.75,1221.25,5999
2025-03-10 10:33:00+05:30,1221.25,1222.0,1221.05,1221.85,10209
2025-03-10 10:34:00+05:30,1221.85,1221.85,1221.15,1221.25,14914
2025-03-10 10:35:00+05:30,1221.35,1222.3,1221.2,1222.2,30572
2025-03-10 10:36:00+05:30,1221.9,1222.55,1221.65,1222.1,8651
2025-03-10 10:37:00+05:30,1222.1,1222.25,1221.7,1222.1,10391
2025-03-10 10:38:00+05:30,1222.0,1222.15,1221.5,1222.0,6722
2025-03-10 10:39:00+05:30,1221.95,1222.15,1221.6,1221.9,10837
2025-03-10 10:40:00+05:30,1221.9,1222.55,1221.7,1222.2,8437
2025-03-10 10:41:00+05:30,1222.45,1222.45,1220.95,1221.85,51820
2025-03-10 10:42:00+05:30,1221.85,1222.15,1221.25,1221.5,17033
2025-03-10 10:43:00+05:30,1221.5,1221.6,1220.8,1220.9,11079
2025-03-10 10:44:00+05:30,1220.85,1222.25,1220.85,1222.0,8708
2025-03-10 10:45:00+05:30,1221.8,1222.05,1221.65,1221.85,8187
2025-03-10 10:46:00+05:30,1221.85,1222.7,1221.85,1222.6,8576
2025-03-10 10:47:00+05:30,1222.6,1223.1,1222.6,1223.0,8364
2025-03-10 10:48:00+05:30,1223.0,1223.25,1222.0,1222.55,24914
2025-03-10 10:49:00+05:30,1222.55,1222.8,1222.2,1222.65,10393
2025-03-10 10:50:00+05:30,1222.65,1222.85,1222.5,1222.7,5903
2025-03-10 10:51:00+05:30,1222.7,1223.15,1221.1,1222.6,82008
2025-03-10 10:52:00+05:30,1222.6,1222.75,1222.05,1222.75,11338
2025-03-10 10:53:00+05:30,1222.45,1222.75,1221.0,1221.75,39135
2025-03-10 10:54:00+05:30,1222.1,1222.35,1221.0,1221.85,35407
2025-03-10 10:55:00+05:30,1221.75,1222.3,1221.75,1222.3,8882
2025-03-10 10:56:00+05:30,1222.3,1222.5,1222.2,1222.4,10414
2025-03-10 10:57:00+05:30,1222.4,1222.4,1220.75,1221.7,44936
2025-03-10 10:58:00+05:30,1221.7,1221.85,1221.35,1221.55,5977
2025-03-10 10:59:00+05:30,1221.55,1221.8,1221.0,1221.15,9661
2025-03-10 11:00:00+05:30,1221.15,1221.25,1221.0,1221.25,3257
2025-03-10 11:01:00+05:30,1221.25,1221.25,1220.5,1220.75,12078
2025-03-10 11:02:00+05:30,1220.75,1220.75,1220.05,1220.4,8867
2025-03-10 11:03:00+05:30,1220.5,1220.5,1219.95,1220.15,13135
2025-03-10 11:04:00+05:30,1220.15,1220.55,1219.55,1219.8,9430
2025-03-10 11:05:00+05:30,1219.85,1220.9,1219.8,1220.5,62805
2025-03-10 11:06:00+05:30,1220.5,1220.65,1219.75,1220.3,19634
2025-03-10 11:07:00+05:30,1220.4,1220.5,1220.2,1220.35,4221
2025-03-10 11:08:00+05:30,1220.3,1220.5,1220.2,1220.2,11226
2025-03-10 11:09:00+05:30,1220.35,1220.45,1220.15,1220.35,4360
2025-03-10 11:10:00+05:30,1220.35,1220.35,1220.15,1220.25,3715
2025-03-10 11:11:00+05:30,1220.2,1220.3,1220.2,1220.3,5132
2025-03-10 11:12:00+05:30,1220.3,1220.35,1220.15,1220.3,7203
2025-03-10 11:13:00+05:30,1220.2,1220.4,1220.2,1220.3,7706
2025-03-10 11:14:00+05:30,1220.25,1221.0,1220.25,1220.7,8715
2025-03-10 11:15:00+05:30,1220.7,1221.0,1220.6,1220.85,10167
2025-03-10 11:16:00+05:30,1220.85,1220.95,1220.0,1220.2,15992
2025-03-10 11:17:00+05:30,1220.0,1220.0,1219.75,1219.8,6431
2025-03-10 11:18:00+05:30,1219.95,1220.0,1219.2,1219.6,7841
2025-03-10 11:19:00+05:30,1219.55,1219.6,1219.05,1219.5,7471
2025-03-10 11:20:00+05:30,1219.15,1219.85,1219.15,1219.4,8325
2025-03-10 11:21:00+05:30,1219.4,1219.5,1219.2,1219.45,10040
2025-03-10 11:22:00+05:30,1219.25,1219.25,1218.3,1218.8,17927
2025-03-10 11:23:00+05:30,1218.8,1219.1,1218.05,1219.1,30434
2025-03-10 11:24:00+05:30,1219.1,1219.1,1218.25,1218.75,10445
2025-03-10 11:25:00+05:30,1218.75,1218.85,1218.0,1218.35,11514
2025-03-10 11:26:00+05:30,1218.4,1218.95,1218.0,1218.7,21899
2025-03-10 11:27:00+05:30,1218.75,1219.5,1218.35,1219.5,6390
2025-03-10 11:28:00+05:30,1219.4,1219.75,1219.35,1219.7,12885
2025-03-10 11:29:00+05:30,1219.5,1219.8,1219.4,1219.7,6594
2025-03-10 11:30:00+05:30,1219.7,1220.65,1219.4,1220.5,11567
2025-03-10 11:31:00+05:30,1220.5,1221.0,1220.5,1221.0,7533
2025-03-10 11:32:00+05:30,1220.9,1221.0,1220.7,1221.0,10763
2025-03-10 11:33:00+05:30,1220.95,1221.0,1220.75,1221.0,4512
2025-03-10 11:34:00+05:30,1221.0,1221.95,1219.95,1221.3,70108
2025-03-10 11:35:00+05:30,1221.4,1222.1,1221.4,1222.0,19740
2025-03-10 11:36:00+05:30,1221.8,1222.0,1220.05,1221.2,53110
2025-03-10 11:37:00+05:30,1221.2,1221.35,1221.0,1221.35,2574
2025-03-10 11:38:00+05:30,1221.35,1222.1,1221.0,1222.05,70238
2025-03-10 11:39:00+05:30,1222.0,1222.25,1221.8,1222.25,3987
2025-03-10 11:40:00+05:30,1222.25,1222.65,1222.1,1222.65,4164
2025-03-10 11:41:00+05:30,1222.65,1222.65,1221.3,1221.45,14472
2025-03-10 11:42:00+05:30,1221.85,1222.0,1221.5,1221.85,4647
2025-03-10 11:43:00+05:30,1221.85,1222.0,1221.75,1222.0,5709
2025-03-10 11:44:00+05:30,1222.0,1222.0,1221.9,1221.95,6141
2025-03-10 11:45:00+05:30,1221.95,1222.0,1221.9,1221.95,4014
2025-03-10 11:46:00+05:30,1221.95,1222.0,1220.95,1221.5,22184
2025-03-10 11:47:00+05:30,1221.35,1221.5,1221.0,1221.0,8274
2025-03-10 11:48:00+05:30,1221.0,1221.0,1220.8,1220.9,9543
2025-03-10 11:49:00+05:30,1220.95,1221.0,1220.9,1221.0,2106
2025-03-10 11:50:00+05:30,1221.0,1221.0,1220.95,1221.0,6256
2025-03-10 11:51:00+05:30,1221.0,1221.05,1220.95,1221.0,6403
2025-03-10 11:52:00+05:30,1221.0,1221.95,1220.95,1221.95,19487
2025-03-10 11:53:00+05:30,1222.0,1222.0,1221.7,1221.95,12501
2025-03-10 11:54:00+05:30,1221.95,1221.95,1221.45,1221.45,7138
2025-03-10 11:55:00+05:30,1221.45,1221.8,1221.45,1221.8,2954
2025-03-10 11:56:00+05:30,1221.8,1222.0,1221.65,1221.85,4333
2025-03-10 11:57:00+05:30,1221.95,1222.0,1221.9,1222.0,1631
2025-03-10 11:58:00+05:30,1221.9,1222.0,1221.9,1222.0,2182
2025-03-10 11:59:00+05:30,1222.0,1222.0,1221.65,1221.75,5588
2025-03-10 12:00:00+05:30,1221.75,1221.75,1220.95,1221.45,38189
2025-03-10 12:01:00+05:30,1221.45,1221.45,1221.2,1221.45,10494
2025-03-10 12:02:00+05:30,1221.45,1221.45,1221.25,1221.45,4180
2025-03-10 12:03:00+05:30,1221.25,1221.45,1221.15,1221.35,9154
2025-03-10 12:04:00+05:30,1221.35,1221.45,1221.2,1221.35,5458
2025-03-10 12:05:00+05:30,1221.35,1221.5,1221.3,1221.5,5777
2025-03-10 12:06:00+05:30,1221.5,1221.6,1221.35,1221.5,9513
2025-03-10 12:07:00+05:30,1221.5,1222.5,1221.4,1221.75,31248
2025-03-10 12:08:00+05:30,1221.75,1221.8,1221.4,1221.45,29335
2025-03-10 12:09:00+05:30,1221.35,1221.45,1221.15,1221.2,6759
2025-03-10 12:10:00+05:30,1221.25,1221.3,1221.15,1221.3,6255
2025-03-10 12:11:00+05:30,1221.3,1221.5,1221.3,1221.45,3995
2025-03-10 12:12:00+05:30,1221.45,1221.45,1221.35,1221.45,6054
2025-03-10 12:13:00+05:30,1221.45,1221.5,1221.35,1221.5,2474
2025-03-10 12:14:00+05:30,1221.45,1221.55,1220.85,1220.85,22037
2025-03-10 12:15:00+05:30,1220.95,1221.0,1220.85,1221.0,6779
2025-03-10 12:16:00+05:30,1221.0,1221.0,1220.8,1220.9,6084
2025-03-10 12:17:00+05:30,1220.9,1221.0,1220.8,1221.0,21936
2025-03-10 12:18:00+05:30,1221.0,1221.0,1220.85,1220.95,10935
2025-03-10 12:19:00+05:30,1221.0,1221.0,1220.55,1220.95,18725
2025-03-10 12:20:00+05:30,1220.95,1222.1,1220.85,1222.05,13464
2025-03-10 12:21:00+05:30,1222.05,1222.25,1221.7,1221.85,4513
2025-03-10 12:22:00+05:30,1221.95,1222.0,1221.85,1221.9,8275
2025-03-10 12:23:00+05:30,1221.9,1222.0,1221.85,1222.0,11194
2025-03-10 12:24:00+05:30,1222.0,1222.1,1221.95,1222.05,6059
2025-03-10 12:25:00+05:30,1222.1,1223.0,1222.1,1222.85,19083
2025-03-10 12:26:00+05:30,1222.95,1223.0,1222.85,1222.85,6718
2025-03-10 12:27:00+05:30,1222.9,1223.0,1222.85,1223.0,6736
2025-03-10 12:28:00+05:30,1222.95,1223.0,1222.95,1223.0,7208
2025-03-10 12:29:00+05:30,1223.0,1223.1,1222.95,1223.0,5369
2025-03-10 12:30:00+05:30,1222.95,1223.1,1222.85,1223.0,8466
2025-03-10 12:31:00+05:30,1223.0,1223.6,1222.9,1223.55,24761
2025-03-10 12:32:00+05:30,1223.35,1224.0,1223.35,1223.45,12674
2025-03-10 12:33:00+05:30,1223.45,1224.2,1223.4,1224.15,12552
2025-03-10 12:34:00+05:30,1224.25,1224.8,1224.0,1224.55,17944
2025-03-10 12:35:00+05:30,1224.55,1224.7,1224.2,1224.35,14544
2025-03-10 12:36:00+05:30,1224.4,1224.45,1224.3,1224.45,10805
2025-03-10 12:37:00+05:30,1224.45,1224.75,1224.35,1224.5,18550
2025-03-10 12:38:00+05:30,1224.5,1224.6,1224.4,1224.55,7661
2025-03-10 12:39:00+05:30,1224.55,1224.6,1223.95,1224.15,23519
2025-03-10 12:40:00+05:30,1224.05,1224.25,1224.05,1224.25,8022
2025-03-10 12:41:00+05:30,1224.2,1224.35,1224.15,1224.35,7000
2025-03-10 12:42:00+05:30,1224.35,1224.35,1223.25,1223.95,26073
2025-03-10 12:43:00+05:30,1223.95,1224.15,1223.8,1224.15,9011
2025-03-10 12:44:00+05:30,1224.15,1224.45,1224.0,1224.25,5399
2025-03-10 12:45:00+05:30,1224.25,1224.35,1224.05,1224.3,5780
2025-03-10 12:46:00+05:30,1224.3,1224.5,1224.1,1224.5,4585
2025-03-10 12:47:00+05:30,1224.5,1224.5,1222.95,1223.55,29631
2025-03-10 12:48:00+05:30,1224.0,1224.45,1223.55,1224.3,11703
2025-03-10 12:49:00+05:30,1224.0,1224.4,1224.0,1224.3,9701
2025-03-10 12:50:00+05:30,1224.0,1224.3,1224.0,1224.15,8064
2025-03-10 12:51:00+05:30,1224.15,1224.25,1224.0,1224.15,3332
2025-03-10 12:52:00+05:30,1224.15,1224.15,1223.9,1224.0,4153
2025-03-10 12:53:00+05:30,1223.95,1224.05,1223.4,1223.9,14667
2025-03-10 12:54:00+05:30,1223.9,1224.05,1223.8,1223.8,6758
2025-03-10 12:55:00+05:30,1223.85,1224.0,1223.75,1223.85,3936
2025-03-10 12:56:00+05:30,1223.9,1223.95,1223.5,1223.5,10069
2025-03-10 12:57:00+05:30,1223.75,1223.8,1223.55,1223.75,3997
2025-03-10 12:58:00+05:30,1223.7,1223.75,1223.4,1223.5,5834
2025-03-10 12:59:00+05:30,1223.45,1223.65,1223.45,1223.5,6830
2025-03-10 13:00:00+05:30,1223.5,1223.6,1223.45,1223.6,5728
2025-03-10 13:01:00+05:30,1223.6,1223.7,1223.55,1223.6,5682
2025-03-10 13:02:00+05:30,1223.6,1223.7,1223.55,1223.7,4142
2025-03-10 13:03:00+05:30,1223.7,1224.0,1223.65,1223.8,9491
2025-03-10 13:04:00+05:30,1224.0,1224.0,1223.8,1224.0,5581
2025-03-10 13:05:00+05:30,1224.0,1224.5,1223.9,1224.2,10051
2025-03-10 13:06:00+05:30,1224.35,1224.65,1224.2,1224.55,9606
2025-03-10 13:07:00+05:30,1224.6,1224.65,1224.2,1224.3,5886
2025-03-10 13:08:00+05:30,1224.25,1224.6,1224.2,1224.55,7877
2025-03-10 13:09:00+05:30,1224.5,1224.8,1224.0,1224.8,7290
2025-03-10 13:10:00+05:30,1224.8,1225.0,1224.55,1225.0,13969
2025-03-10 13:11:00+05:30,1225.0,1225.8,1224.95,1225.5,42543
2025-03-10 13:12:00+05:30,1225.25,1225.5,1224.0,1224.85,44850
2025-03-10 13:13:00+05:30,1224.85,1224.85,1224.15,1224.5,8187
2025-03-10 13:14:00+05:30,1224.35,1224.5,1224.2,1224.4,5833
2025-03-10 13:15:00+05:30,1224.2,1224.45,1224.2,1224.35,8914
2025-03-10 13:16:00+05:30,1224.3,1224.5,1224.3,1224.45,4383
2025-03-10 13:17:00+05:30,1224.45,1224.6,1224.35,1224.55,8930
2025-03-10 13:18:00+05:30,1224.55,1224.65,1224.4,1224.6,9980
2025-03-10 13:19:00+05:30,1224.6,1224.75,1224.55,1224.65,4686
2025-03-10 13:20:00+05:30,1224.6,1225.0,1224.55,1224.9,10630
2025-03-10 13:21:00+05:30,1224.9,1225.35,1224.8,1225.35,11266
2025-03-10 13:22:00+05:30,1225.3,1225.55,1225.25,1225.35,10454
2025-03-10 13:23:00+05:30,1225.35,1225.45,1225.25,1225.4,7996
2025-03-10 13:24:00+05:30,1225.4,1225.4,1225.1,1225.3,5911
2025-03-10 13:25:00+05:30,1225.3,1225.35,1224.65,1225.05,7775
2025-03-10 13:26:00+05:30,1225.05,1225.2,1225.0,1225.05,6384
2025-03-10 13:27:00+05:30,1225.15,1225.25,1224.95,1225.15,11072
2025-03-10 13:28:00+05:30,1225.05,1225.15,1224.95,1225.0,8699
2025-03-10 13:29:00+05:30,1225.0,1225.0,1224.7,1224.75,12765
2025-03-10 13:30:00+05:30,1224.75,1224.8,1224.25,1224.7,8261
2025-03-10 13:31:00+05:30,1224.7,1224.7,1223.95,1224.55,15520
2025-03-10 13:32:00+05:30,1224.5,1224.6,1224.4,1224.5,5594
2025-03-10 13:33:00+05:30,1224.5,1224.55,1224.0,1224.25,9722
2025-03-10 13:34:00+05:30,1224.25,1224.35,1224.05,1224.3,38162
2025-03-10 13:35:00+05:30,1224.3,1224.55,1224.25,1224.4,14181
2025-03-10 13:36:00+05:30,1224.35,1224.4,1223.65,1223.65,12811
2025-03-10 13:37:00+05:30,1223.8,1223.85,1222.7,1223.4,37713
2025-03-10 13:38:00+05:30,1223.4,1223.6,1223.15,1223.35,5399
2025-03-10 13:39:00+05:30,1223.35,1223.6,1223.25,1223.55,10095
2025-03-10 13:40:00+05:30,1223.5,1223.5,1222.15,1222.35,12519
2025-03-10 13:41:00+05:30,1222.3,1222.35,1221.55,1221.8,16015
2025-03-10 13:42:00+05:30,1221.8,1222.0,1221.6,1221.95,6004
2025-03-10 13:43:00+05:30,1221.95,1222.0,1221.6,1221.6,13101
2025-03-10 13:44:00+05:30,1221.65,1221.8,1220.75,1221.0,13619
2025-03-10 13:45:00+05:30,1221.0,1221.0,1220.1,1220.35,13030
2025-03-10 13:46:00+05:30,1220.35,1221.3,1220.25,1220.85,13192
2025-03-10 13:47:00+05:30,1220.85,1220.85,1219.65,1219.65,22124
2025-03-10 13:48:00+05:30,1219.6,1219.65,1219.2,1219.4,14507
2025-03-10 13:49:00+05:30,1219.4,1219.4,1218.65,1219.0,10146
2025-03-10 13:50:00+05:30,1219.0,1219.5,1218.5,1219.0,14643
2025-03-10 13:51:00+05:30,1219.0,1219.05,1218.45,1218.45,9543
2025-03-10 13:52:00+05:30,1218.4,1218.95,1218.15,1218.6,13770
2025-03-10 13:53:00+05:30,1218.55,1219.2,1218.35,1219.0,9180
2025-03-10 13:54:00+05:30,1219.0,1219.1,1218.5,1218.65,4587
2025-03-10 13:55:00+05:30,1218.65,1218.8,1218.55,1218.7,7264
2025-03-10 13:56:00+05:30,1218.7,1218.75,1218.6,1218.75,8658
2025-03-10 13:57:00+05:30,1218.75,1218.8,1218.3,1218.45,10586
2025-03-10 13:58:00+05:30,1218.3,1219.25,1218.25,1218.95,15227
2025-03-10 13:59:00+05:30,1218.95,1219.15,1218.4,1218.45,9587
2025-03-10 14:00:00+05:30,1218.55,1219.0,1218.0,1218.5,21192
2025-03-10 14:01:00+05:30,1218.6,1219.55,1218.5,1219.15,6401
2025-03-10 14:02:00+05:30,1219.15,1219.2,1218.55,1218.65,4371
2025-03-10 14:03:00+05:30,1218.6,1219.0,1218.45,1218.45,17284
2025-03-10 14:04:00+05:30,1218.45,1218.55,1218.15,1218.3,7123
2025-03-10 14:05:00+05:30,1218.3,1219.25,1218.25,1218.95,12367
2025-03-10 14:06:00+05:30,1218.75,1219.0,1218.5,1218.95,13531
2025-03-10 14:07:00+05:30,1218.95,1219.25,1218.35,1219.2,37686
2025-03-10 14:08:00+05:30,1219.0,1219.25,1218.95,1219.15,8217
2025-03-10 14:09:00+05:30,1219.15,1219.15,1218.8,1218.85,5287
2025-03-10 14:10:00+05:30,1218.85,1219.6,1218.8,1219.45,16769
2025-03-10 14:11:00+05:30,1219.5,1219.85,1219.3,1219.65,12332
2025-03-10 14:12:00+05:30,1219.65,1219.7,1219.5,1219.55,4350
2025-03-10 14:13:00+05:30,1219.5,1220.0,1219.45,1219.6,11285
2025-03-10 14:14:00+05:30,1219.6,1219.65,1219.45,1219.5,8757
2025-03-10 14:15:00+05:30,1219.5,1220.1,1219.05,1219.3,13388
2025-03-10 14:16:00+05:30,1219.25,1219.4,1218.5,1218.55,15185
2025-03-10 14:17:00+05:30,1218.55,1218.7,1218.0,1218.15,10817
2025-03-10 14:18:00+05:30,1218.0,1218.2,1217.1,1217.35,16785
2025-03-10 14:19:00+05:30,1217.35,1217.35,1215.55,1215.95,23503
2025-03-10 14:20:00+05:30,1215.95,1216.0,1215.05,1215.1,8973
2025-03-10 14:21:00+05:30,1215.05,1215.35,1214.15,1215.3,28586
2025-03-10 14:22:00+05:30,1215.2,1215.95,1214.35,1215.65,22492
2025-03-10 14:23:00+05:30,1215.55,1215.65,1214.45,1214.85,8997
2025-03-10 14:24:00+05:30,1214.8,1215.35,1214.0,1214.8,57538
2025-03-10 14:25:00+05:30,1214.8,1214.85,1213.65,1213.7,14205
2025-03-10 14:26:00+05:30,1213.7,1214.5,1213.55,1214.4,14609
2025-03-10 14:27:00+05:30,1214.4,1214.4,1212.75,1213.8,24681
2025-03-10 14:28:00+05:30,1213.45,1213.8,1212.2,1213.4,38727
2025-03-10 14:29:00+05:30,1213.4,1213.45,1212.1,1213.05,73981
2025-03-10 14:30:00+05:30,1213.3,1213.5,1211.55,1212.55,53357
2025-03-10 14:31:00+05:30,1212.6,1213.1,1211.75,1212.25,11907
2025-03-10 14:32:00+05:30,1212.1,1212.35,1211.15,1211.5,14729
2025-03-10 14:33:00+05:30,1211.6,1212.3,1211.3,1211.5,11167
2025-03-10 14:34:00+05:30,1211.5,1212.7,1211.35,1212.6,9821
2025-03-10 14:35:00+05:30,1212.6,1214.6,1212.6,1214.15,23625
2025-03-10 14:36:00+05:30,1214.15,1214.25,1213.25,1214.0,11418
2025-03-10 14:37:00+05:30,1213.95,1214.15,1213.4,1213.55,15437
2025-03-10 14:38:00+05:30,1213.85,1214.0,1213.05,1213.95,9244
2025-03-10 14:39:00+05:30,1213.6,1214.15,1213.3,1213.75,14442
2025-03-10 14:40:00+05:30,1213.75,1213.8,1213.2,1213.4,13116
2025-03-10 14:41:00+05:30,1213.4,1214.0,1213.25,1213.55,8066
2025-03-10 14:42:00+05:30,1213.55,1214.5,1213.55,1213.85,15104
2025-03-10 14:43:00+05:30,1214.05,1214.2,1213.15,1213.35,12050
2025-03-10 14:44:00+05:30,1213.35,1213.95,1212.65,1213.7,15013
2025-03-10 14:45:00+05:30,1213.7,1213.9,1213.25,1213.7,11447
2025-03-10 14:46:00+05:30,1213.7,1214.1,1212.8,1213.35,14053
2025-03-10 14:47:00+05:30,1213.3,1213.5,1212.8,1212.85,10644
2025-03-10 14:48:00+05:30,1212.85,1214.1,1212.7,1213.1,42059
2025-03-10 14:49:00+05:30,1213.05,1213.8,1212.8,1213.75,18326
2025-03-10 14:50:00+05:30,1213.7,1213.95,1212.9,1213.55,20721
2025-03-10 14:51:00+05:30,1213.5,1213.7,1212.75,1213.35,30533
2025-03-10 14:52:00+05:30,1213.35,1213.95,1212.8,1213.4,14583
2025-03-10 14:53:00+05:30,1213.4,1214.3,1213.35,1214.3,9213
2025-03-10 14:54:00+05:30,1214.25,1216.05,1214.0,1215.75,35761
2025-03-10 14:55:00+05:30,1215.75,1216.0,1215.05,1215.4,12787
2025-03-10 14:56:00+05:30,1215.4,1215.4,1215.1,1215.4,9167
2025-03-10 14:57:00+05:30,1215.4,1215.95,1215.3,1215.75,17953
2025-03-10 14:58:00+05:30,1215.75,1216.0,1215.05,1215.85,17093
2025-03-10 14:59:00+05:30,1215.85,1216.1,1215.6,1216.05,10183
2025-03-10 15:00:00+05:30,1216.05,1216.05,1213.9,1214.05,66969
2025-03-10 15:01:00+05:30,1214.05,1214.15,1212.95,1214.05,76153
2025-03-10 15:02:00+05:30,1214.05,1215.0,1213.95,1214.8,48156
2025-03-10 15:03:00+05:30,1214.8,1214.9,1214.7,1214.85,33674
2025-03-10 15:04:00+05:30,1214.85,1215.4,1214.8,1215.3,43973
2025-03-10 15:05:00+05:30,1215.3,1215.35,1214.65,1214.8,42862
2025-03-10 15:06:00+05:30,1214.8,1215.55,1214.75,1215.25,43594
2025-03-10 15:07:00+05:30,1215.25,1215.95,1215.2,1215.7,48920
2025-03-10 15:08:00+05:30,1215.7,1216.2,1215.5,1216.0,71932
2025-03-10 15:09:00+05:30,1215.95,1216.0,1215.65,1215.75,44583
2025-03-10 15:10:00+05:30,1215.7,1215.8,1215.0,1215.35,51334
2025-03-10 15:11:00+05:30,1215.35,1215.45,1215.2,1215.45,44661
2025-03-10 15:12:00+05:30,1215.45,1215.45,1215.25,1215.35,42568
2025-03-10 15:13:00+05:30,1215.35,1215.4,1215.15,1215.2,46685
2025-03-10 15:14:00+05:30,1215.2,1215.25,1215.1,1215.2,42594
2025-03-10 15:15:00+05:30,1215.2,1215.25,1215.0,1215.05,46404
2025-03-10 15:16:00+05:30,1215.15,1215.4,1215.05,1215.15,48676
2025-03-10 15:17:00+05:30,1215.15,1215.35,1215.05,1215.25,46039
2025-03-10 15:18:00+05:30,1215.35,1215.6,1215.25,1215.45,52508
2025-03-10 15:19:00+05:30,1215.45,1215.55,1215.35,1215.5,40308
2025-03-10 15:20:00+05:30,1215.5,1216.0,1214.65,1214.9,69346
2025-03-10 15:21:00+05:30,1214.9,1215.35,1214.4,1215.0,51356
2025-03-10 15:22:00+05:30,1214.95,1215.0,1213.7,1214.05,52757
2025-03-10 15:23:00+05:30,1214.05,1214.95,1213.6,1214.3,81734
2025-03-10 15:24:00+05:30,1214.4,1215.1,1214.25,1214.45,54422
2025-03-10 15:25:00+05:30,1214.6,1215.4,1214.2,1214.8,48519
2025-03-10 15:26:00+05:30,1214.8,1215.35,1213.35,1214.2,74713
2025-03-10 15:27:00+05:30,1214.95,1215.75,1213.35,1213.4,71802
2025-03-10 15:28:00+05:30,1213.4,1215.9,1212.55,1213.65,77818
2025-03-10 15:29:00+05:30,1213.65,1214.8,1210.0,1212.9,68486
2025-03-11 09:15:00+05:30,1217.8,1228.45,1217.8,1226.85,297516
2025-03-11 09:16:00+05:30,1226.85,1229.75,1226.65,1228.3,217994
2025-03-11 09:17:00+05:30,1228.0,1229.4,1227.75,1228.25,135101
2025-03-11 09:18:00+05:30,1228.1,1228.45,1227.05,1228.2,89067
2025-03-11 09:19:00+05:30,1227.95,1229.2,1226.85,1228.05,97771
2025-03-11 09:20:00+05:30,1228.15,1230.65,1227.75,1230.1,154042
2025-03-11 09:21:00+05:30,1230.1,1230.9,1227.4,1228.5,115625
2025-03-11 09:22:00+05:30,1228.5,1228.5,1226.6,1227.55,56397
2025-03-11 09:23:00+05:30,1227.55,1227.55,1225.5,1226.85,66775
2025-03-11 09:24:00+05:30,1226.85,1227.8,1225.5,1225.85,49265
2025-03-11 09:25:00+05:30,1225.55,1227.0,1224.0,1225.1,82775
2025-03-11 09:26:00+05:30,1224.5,1225.5,1223.65,1224.0,46710
2025-03-11 09:27:00+05:30,1224.0,1226.0,1224.0,1225.3,46116
2025-03-11 09:28:00+05:30,1225.3,1227.0,1224.85,1226.65,29415
2025-03-11 09:29:00+05:30,1227.0,1228.0,1226.65,1227.05,40854
2025-03-11 09:30:00+05:30,1227.05,1228.9,1225.9,1228.65,60413
2025-03-11 09:31:00+05:30,1228.65,1230.5,1228.25,1230.5,83808
2025-03-11 09:32:00+05:30,1230.4,1232.5,1230.4,1231.35,67329
2025-03-11 09:33:00+05:30,1231.35,1231.9,1229.5,1230.8,35845
2025-03-11 09:34:00+05:30,1230.95,1232.3,1230.45,1232.0,31065
2025-03-11 09:35:00+05:30,1232.0,1234.0,1232.0,1233.25,43160
2025-03-11 09:36:00+05:30,1232.85,1233.6,1231.55,1232.05,28252
2025-03-11 09:37:00+05:30,1232.2,1232.9,1232.05,1232.65,14553
2025-03-11 09:38:00+05:30,1232.8,1233.6,1232.5,1233.35,13527
2025-03-11 09:39:00+05:30,1233.35,1234.4,1232.5,1234.1,28627
2025-03-11 09:40:00+05:30,1234.1,1235.9,1234.0,1235.0,73231
2025-03-11 09:41:00+05:30,1235.2,1235.9,1234.8,1235.0,30254
2025-03-11 09:42:00+05:30,1235.45,1236.65,1234.25,1236.05,50334
2025-03-11 09:43:00+05:30,1236.05,1236.8,1235.15,1236.05,37406
2025-03-11 09:44:00+05:30,1235.5,1236.1,1234.3,1236.05,43708
2025-03-11 09:45:00+05:30,1235.65,1236.5,1233.4,1234.15,69712
2025-03-11 09:46:00+05:30,1233.95,1235.0,1233.4,1234.65,25615
2025-03-11 09:47:00+05:30,1234.9,1235.2,1234.15,1234.6,25236
2025-03-11 09:48:00+05:30,1234.45,1235.3,1234.3,1235.3,17753
2025-03-11 09:49:00+05:30,1235.3,1237.8,1234.95,1236.95,116739
2025-03-11 09:50:00+05:30,1236.95,1237.5,1235.05,1235.1,30540
2025-03-11 09:51:00+05:30,1235.2,1235.85,1234.0,1234.15,20465
2025-03-11 09:52:00+05:30,1233.85,1234.8,1233.1,1233.15,27484
2025-03-11 09:53:00+05:30,1233.3,1233.55,1232.5,1233.25,24111
2025-03-11 09:54:00+05:30,1233.35,1233.95,1232.7,1233.45,20012
2025-03-11 09:55:00+05:30,1233.35,1233.95,1232.7,1233.55,25409
2025-03-11 09:56:00+05:30,1233.6,1235.0,1233.35,1234.55,22661
2025-03-11 09:57:00+05:30,1235.0,1236.6,1234.7,1236.3,50339
2025-03-11 09:58:00+05:30,1236.45,1236.9,1235.55,1235.85,15905
2025-03-11 09:59:00+05:30,1236.0,1236.9,1235.55,1236.75,14876
2025-03-11 10:00:00+05:30,1236.75,1237.5,1235.65,1236.2,38166
2025-03-11 10:01:00+05:30,1236.2,1238.0,1236.05,1237.8,36048
2025-03-11 10:02:00+05:30,1237.8,1238.8,1236.7,1237.25,41732
2025-03-11 10:03:00+05:30,1237.0,1237.25,1236.0,1236.35,22543
2025-03-11 10:04:00+05:30,1236.5,1236.85,1235.25,1236.7,27361
2025-03-11 10:05:00+05:30,1236.85,1237.0,1236.0,1236.0,16060
2025-03-11 10:06:00+05:30,1236.0,1236.9,1235.65,1236.45,14399
2025-03-11 10:07:00+05:30,1236.7,1236.7,1235.0,1235.0,10357
2025-03-11 10:08:00+05:30,1235.05,1235.6,1234.8,1235.5,14227
2025-03-11 10:09:00+05:30,1235.5,1235.6,1235.0,1235.05,8909
2025-03-11 10:10:00+05:30,1235.3,1235.3,1234.0,1234.85,13453
2025-03-11 10:11:00+05:30,1234.65,1234.75,1234.15,1234.45,7582
2025-03-11 10:12:00+05:30,1234.45,1235.05,1234.35,1234.45,11241
2025-03-11 10:13:00+05:30,1234.8,1235.0,1234.4,1235.0,9298
2025-03-11 10:14:00+05:30,1234.95,1235.05,1234.4,1234.7,10600
2025-03-11 10:15:00+05:30,1234.75,1235.0,1234.4,1234.65,9215
2025-03-11 10:16:00+05:30,1234.5,1234.85,1233.3,1233.7,16361
2025-03-11 10:17:00+05:30,1233.75,1234.6,1233.6,1234.35,6511
2025-03-11 10:18:00+05:30,1234.5,1234.8,1233.75,1234.1,7347
2025-03-11 10:19:00+05:30,1234.1,1234.2,1234.1,1234.15,4746
2025-03-11 10:20:00+05:30,1234.2,1234.2,1233.85,1234.1,7296
2025-03-11 10:21:00+05:30,1234.05,1235.2,1234.05,1235.0,24684
2025-03-11 10:22:00+05:30,1234.95,1236.95,1234.95,1236.75,50844
2025-03-11 10:23:00+05:30,1236.75,1237.75,1235.75,1235.85,55493
2025-03-11 10:24:00+05:30,1235.85,1236.1,1235.2,1235.8,15399
2025-03-11 10:25:00+05:30,1235.75,1235.8,1235.2,1235.7,6796
2025-03-11 10:26:00+05:30,1235.75,1236.45,1235.45,1236.0,17583
2025-03-11 10:27:00+05:30,1236.1,1236.25,1234.95,1235.8,64971
2025-03-11 10:28:00+05:30,1235.9,1236.85,1235.7,1236.65,7133
2025-03-11 10:29:00+05:30,1236.65,1236.9,1236.25,1236.6,7725
2025-03-11 10:30:00+05:30,1236.4,1237.0,1236.4,1236.7,6277
2025-03-11 10:31:00+05:30,1236.75,1237.0,1236.05,1236.35,7750
2025-03-11 10:32:00+05:30,1236.2,1236.5,1235.7,1236.05,5584
2025-03-11 10:33:00+05:30,1236.0,1236.5,1235.65,1235.7,9677
2025-03-11 10:34:00+05:30,1235.95,1236.25,1235.6,1235.95,7611
2025-03-11 10:35:00+05:30,1236.0,1236.0,1235.05,1235.45,13046
2025-03-11 10:36:00+05:30,1235.45,1235.45,1234.5,1234.65,9169
2025-03-11 10:37:00+05:30,1234.7,1234.75,1234.0,1234.5,10569
2025-03-11 10:38:00+05:30,1234.4,1234.75,1233.9,1234.35,27611
2025-03-11 10:39:00+05:30,1234.45,1234.5,1234.1,1234.5,8020
2025-03-11 10:40:00+05:30,1234.45,1234.5,1234.35,1234.35,5880
2025-03-11 10:41:00+05:30,1234.45,1234.5,1234.35,1234.45,4949
2025-03-11 10:42:00+05:30,1234.5,1235.25,1234.45,1234.95,18266
2025-03-11 10:43:00+05:30,1235.0,1235.45,1234.35,1234.55,13494
2025-03-11 10:44:00+05:30,1234.65,1234.7,1233.65,1234.0,23457
2025-03-11 10:45:00+05:30,1233.75,1234.15,1233.7,1233.9,23968
2025-03-11 10:46:00+05:30,1233.95,1234.25,1233.85,1233.85,32511
2025-03-11 10:47:00+05:30,1233.85,1236.0,1233.85,1235.9,15726
2025-03-11 10:48:00+05:30,1235.9,1236.2,1234.9,1235.05,11733
2025-03-11 10:49:00+05:30,1235.15,1235.3,1234.55,1235.15,9677
2025-03-11 10:50:00+05:30,1235.0,1235.15,1234.35,1234.75,6867
2025-03-11 10:51:00+05:30,1235.0,1236.6,1234.75,1236.25,7277
2025-03-11 10:52:00+05:30,1236.55,1236.9,1235.85,1236.7,7060
2025-03-11 10:53:00+05:30,1236.8,1237.0,1235.9,1236.8,8493
2025-03-11 10:54:00+05:30,1236.95,1237.0,1236.8,1236.95,8259
2025-03-11 10:55:00+05:30,1236.95,1237.0,1236.0,1236.55,8319
2025-03-11 10:56:00+05:30,1236.6,1236.95,1236.3,1236.45,6595
2025-03-11 10:57:00+05:30,1236.8,1237.4,1236.0,1237.1,41150
2025-03-11 10:58:00+05:30,1237.2,1237.5,1236.6,1236.8,18037
2025-03-11 10:59:00+05:30,1236.85,1237.55,1236.55,1236.75,24864
2025-03-11 11:00:00+05:30,1237.0,1237.25,1235.5,1236.5,94069
2025-03-11 11:01:00+05:30,1236.5,1237.0,1236.15,1236.65,45406
2025-03-11 11:02:00+05:30,1236.95,1237.5,1236.65,1237.4,43464
2025-03-11 11:03:00+05:30,1237.4,1237.5,1236.5,1237.05,18783
2025-03-11 11:04:00+05:30,1237.05,1237.1,1235.4,1235.9,41534
2025-03-11 11:05:00+05:30,1236.0,1236.85,1235.7,1236.35,18358
2025-03-11 11:06:00+05:30,1236.35,1237.3,1236.0,1237.0,14144
2025-03-11 11:07:00+05:30,1237.25,1237.5,1236.55,1237.25,27539
2025-03-11 11:08:00+05:30,1237.3,1237.35,1236.2,1236.65,8282
2025-03-11 11:09:00+05:30,1236.95,1236.95,1236.1,1236.5,10100
2025-03-11 11:10:00+05:30,1236.45,1236.55,1236.0,1236.3,7747
2025-03-11 11:11:00+05:30,1236.3,1236.4,1235.7,1236.0,7103
2025-03-11 11:12:00+05:30,1236.05,1236.1,1235.0,1235.2,9528
2025-03-11 11:13:00+05:30,1235.35,1235.9,1235.2,1235.8,5482
2025-03-11 11:14:00+05:30,1235.85,1236.2,1235.8,1236.1,10216
2025-03-11 11:15:00+05:30,1236.2,1236.6,1236.1,1236.15,7614
2025-03-11 11:16:00+05:30,1236.4,1236.45,1235.4,1236.3,6474
2025-03-11 11:17:00+05:30,1236.15,1237.25,1236.15,1237.0,6835
2025-03-11 11:18:00+05:30,1237.0,1237.25,1236.25,1236.7,9243
2025-03-11 11:19:00+05:30,1236.25,1236.7,1235.3,1236.0,15752
2025-03-11 11:20:00+05:30,1236.05,1237.0,1235.85,1237.0,6358
2025-03-11 11:21:00+05:30,1236.8,1237.3,1236.8,1237.05,9900
2025-03-11 11:22:00+05:30,1237.2,1237.2,1236.15,1236.5,7944
2025-03-11 11:23:00+05:30,1236.55,1236.8,1236.2,1236.75,9344
2025-03-11 11:24:00+05:30,1236.5,1237.1,1236.1,1236.65,7803
2025-03-11 11:25:00+05:30,1236.9,1237.1,1236.45,1237.1,11451
2025-03-11 11:26:00+05:30,1237.2,1239.0,1237.05,1238.4,31501
2025-03-11 11:27:00+05:30,1238.45,1238.95,1237.7,1238.0,36855
2025-03-11 11:28:00+05:30,1237.95,1238.0,1237.7,1237.95,18592
2025-03-11 11:29:00+05:30,1237.95,1238.0,1236.5,1236.85,21403
2025-03-11 11:30:00+05:30,1236.9,1237.0,1236.35,1236.95,21556
2025-03-11 11:31:00+05:30,1236.95,1237.5,1235.95,1237.0,20687
2025-03-11 11:32:00+05:30,1237.2,1237.8,1236.3,1237.75,17313
2025-03-11 11:33:00+05:30,1237.8,1238.1,1236.85,1237.9,26440
2025-03-11 11:34:00+05:30,1237.9,1238.4,1237.35,1237.9,13248
2025-03-11 11:35:00+05:30,1238.0,1238.75,1237.65,1238.75,17566
2025-03-11 11:36:00+05:30,1238.75,1239.0,1238.1,1238.1,21010
2025-03-11 11:37:00+05:30,1238.55,1238.55,1237.5,1237.8,10750
2025-03-11 11:38:00+05:30,1237.8,1238.0,1237.2,1237.95,25846
2025-03-11 11:39:00+05:30,1238.0,1238.0,1237.1,1237.5,11754
2025-03-11 11:40:00+05:30,1237.45,1238.0,1237.25,1237.85,21070
2025-03-11 11:41:00+05:30,1238.0,1238.05,1237.15,1237.55,10549
2025-03-11 11:42:00+05:30,1237.7,1237.7,1237.15,1237.35,7560
2025-03-11 11:43:00+05:30,1237.45,1238.25,1237.25,1237.7,7579
2025-03-11 11:44:00+05:30,1237.85,1238.05,1237.05,1237.2,10078
2025-03-11 11:45:00+05:30,1237.2,1237.6,1236.8,1237.6,7706
2025-03-11 11:46:00+05:30,1237.6,1237.8,1237.1,1237.75,9587
2025-03-11 11:47:00+05:30,1237.75,1237.8,1237.3,1237.55,7184
2025-03-11 11:48:00+05:30,1237.3,1237.8,1237.3,1237.35,15461
2025-03-11 11:49:00+05:30,1237.45,1237.5,1237.3,1237.35,9129
2025-03-11 11:50:00+05:30,1237.4,1237.5,1236.75,1237.1,23499
2025-03-11 11:51:00+05:30,1237.1,1238.25,1237.0,1238.1,9615
2025-03-11 11:52:00+05:30,1238.25,1238.85,1238.1,1238.8,9462
2025-03-11 11:53:00+05:30,1238.65,1239.0,1238.25,1238.6,16352
2025-03-11 11:54:00+05:30,1238.8,1239.0,1237.7,1237.9,17041
2025-03-11 11:55:00+05:30,1238.25,1238.4,1237.25,1237.3,14763
2025-03-11 11:56:00+05:30,1237.75,1238.05,1237.1,1238.0,9186
2025-03-11 11:57:00+05:30,1238.05,1238.5,1237.8,1238.3,11469
2025-03-11 11:58:00+05:30,1238.5,1238.8,1237.9,1238.5,10227
2025-03-11 11:59:00+05:30,1238.3,1238.7,1237.85,1238.0,10255
2025-03-11 12:00:00+05:30,1238.0,1239.0,1238.0,1238.85,9960
2025-03-11 12:01:00+05:30,1238.85,1239.0,1237.95,1238.3,13172
2025-03-11 12:02:00+05:30,1238.4,1238.8,1238.0,1238.3,9591
2025-03-11 12:03:00+05:30,1238.4,1238.4,1237.55,1237.95,12394
2025-03-11 12:04:00+05:30,1238.1,1238.3,1236.95,1237.9,30616
2025-03-11 12:05:00+05:30,1237.9,1238.5,1237.9,1238.35,10200
2025-03-11 12:06:00+05:30,1238.5,1238.65,1238.05,1238.55,6568
2025-03-11 12:07:00+05:30,1238.65,1238.8,1237.75,1238.4,11706
2025-03-11 12:08:00+05:30,1238.4,1238.45,1237.8,1238.15,7958
2025-03-11 12:09:00+05:30,1237.9,1238.15,1237.75,1238.0,8101
2025-03-11 12:10:00+05:30,1238.0,1238.15,1237.6,1237.95,17254
2025-03-11 12:11:00+05:30,1238.0,1238.5,1237.85,1238.4,8893
2025-03-11 12:12:00+05:30,1238.5,1238.5,1237.85,1237.85,10694
2025-03-11 12:13:00+05:30,1238.0,1238.5,1237.85,1238.45,11670
2025-03-11 12:14:00+05:30,1238.5,1238.5,1238.4,1238.5,12087
2025-03-11 12:15:00+05:30,1238.45,1238.65,1238.2,1238.35,10420
2025-03-11 12:16:00+05:30,1238.45,1239.0,1238.35,1238.75,17020
2025-03-11 12:17:00+05:30,1238.75,1239.0,1238.4,1238.55,9680
2025-03-11 12:18:00+05:30,1238.6,1239.0,1238.4,1238.85,22691
2025-03-11 12:19:00+05:30,1239.0,1240.0,1238.85,1239.95,53144
2025-03-11 12:20:00+05:30,1239.95,1240.0,1239.4,1239.6,12706
2025-03-11 12:21:00+05:30,1239.6,1240.0,1239.6,1239.95,12905
2025-03-11 12:22:00+05:30,1240.0,1240.0,1239.95,1239.95,16317
2025-03-11 12:23:00+05:30,1239.95,1240.0,1239.9,1239.95,12447
2025-03-11 12:24:00+05:30,1239.95,1241.2,1239.9,1240.6,41841
2025-03-11 12:25:00+05:30,1240.6,1241.45,1240.6,1241.2,18433
2025-03-11 12:26:00+05:30,1241.3,1241.9,1240.85,1241.75,23746
2025-03-11 12:27:00+05:30,1241.8,1242.0,1241.0,1241.6,23261
2025-03-11 12:28:00+05:30,1241.6,1241.95,1240.6,1241.0,22702
2025-03-11 12:29:00+05:30,1241.05,1241.5,1240.7,1241.45,7787
2025-03-11 12:30:00+05:30,1241.5,1241.6,1240.6,1241.3,12736
2025-03-11 12:31:00+05:30,1241.3,1241.95,1241.3,1241.8,22206
2025-03-11 12:32:00+05:30,1241.95,1242.15,1241.75,1241.95,23588
2025-03-11 12:33:00+05:30,1242.0,1242.9,1241.95,1242.7,11592
2025-03-11 12:34:00+05:30,1242.85,1243.35,1242.7,1243.1,25786
2025-03-11 12:35:00+05:30,1243.1,1243.65,1242.7,1243.2,36028
2025-03-11 12:36:00+05:30,1243.2,1244.7,1243.2,1244.35,31055
2025-03-11 12:37:00+05:30,1244.45,1244.45,1243.3,1243.6,14842
2025-03-11 12:38:00+05:30,1243.65,1243.9,1243.0,1243.25,41390
2025-03-11 12:39:00+05:30,1243.75,1243.8,1242.2,1242.8,33403
2025-03-11 12:40:00+05:30,1242.9,1243.0,1242.2,1242.95,26763
2025-03-11 12:41:00+05:30,1242.95,1243.75,1242.65,1243.5,14567
2025-03-11 12:42:00+05:30,1243.5,1243.8,1243.05,1243.5,12225
2025-03-11 12:43:00+05:30,1243.55,1243.8,1243.0,1243.6,18013
2025-03-11 12:44:00+05:30,1243.6,1243.6,1243.0,1243.55,9975
2025-03-11 12:45:00+05:30,1243.6,1243.8,1243.5,1243.7,13080
2025-03-11 12:46:00+05:30,1243.75,1243.85,1242.2,1242.25,33885
2025-03-11 12:47:00+05:30,1242.55,1242.95,1242.2,1242.95,15085
2025-03-11 12:48:00+05:30,1242.8,1242.8,1241.25,1241.9,29036
2025-03-11 12:49:00+05:30,1242.0,1242.0,1241.05,1241.35,17800
2025-03-11 12:50:00+05:30,1241.3,1241.5,1240.35,1240.85,22527
2025-03-11 12:51:00+05:30,1240.85,1241.65,1240.7,1241.25,14968
2025-03-11 12:52:00+05:30,1241.3,1241.8,1241.2,1241.5,10739
2025-03-11 12:53:00+05:30,1241.65,1241.75,1241.2,1241.5,9383
2025-03-11 12:54:00+05:30,1241.5,1242.25,1241.3,1242.0,11908
2025-03-11 12:55:00+05:30,1241.9,1242.7,1241.8,1242.25,15760
2025-03-11 12:56:00+05:30,1242.25,1242.75,1241.7,1242.0,13588
2025-03-11 12:57:00+05:30,1242.2,1242.25,1241.5,1241.9,15268
2025-03-11 12:58:00+05:30,1241.85,1242.15,1241.25,1241.5,19220
2025-03-11 12:59:00+05:30,1241.6,1241.6,1240.8,1241.2,14562
2025-03-11 13:00:00+05:30,1241.25,1241.35,1240.15,1240.4,15877
2025-03-11 13:01:00+05:30,1240.4,1240.75,1240.15,1240.6,9068
2025-03-11 13:02:00+05:30,1240.6,1240.9,1239.55,1240.75,28817
2025-03-11 13:03:00+05:30,1240.45,1240.8,1240.1,1240.3,17918
2025-03-11 13:04:00+05:30,1240.55,1240.9,1240.25,1240.75,13902
2025-03-11 13:05:00+05:30,1240.75,1240.9,1240.2,1240.4,20232
2025-03-11 13:06:00+05:30,1240.35,1240.85,1240.2,1240.65,17360
2025-03-11 13:07:00+05:30,1240.85,1241.6,1240.8,1241.5,18080
2025-03-11 13:08:00+05:30,1241.6,1242.0,1241.45,1241.95,12282
2025-03-11 13:09:00+05:30,1242.0,1243.5,1241.95,1243.2,42837
2025-03-11 13:10:00+05:30,1242.75,1243.3,1242.4,1242.85,13274
2025-03-11 13:11:00+05:30,1242.85,1242.95,1242.3,1242.9,8858
2025-03-11 13:12:00+05:30,1242.95,1242.95,1242.75,1242.9,11618
2025-03-11 13:13:00+05:30,1242.95,1243.1,1242.8,1243.05,11189
2025-03-11 13:14:00+05:30,1243.05,1243.25,1242.9,1243.2,7899
2025-03-11 13:15:00+05:30,1243.2,1243.45,1242.5,1243.25,14090
2025-03-11 13:16:00+05:30,1243.45,1244.35,1243.3,1244.25,19202
2025-03-11 13:17:00+05:30,1244.25,1245.0,1244.2,1244.7,39544
2025-03-11 13:18:00+05:30,1244.7,1244.95,1244.05,1244.9,17784
2025-03-11 13:19:00+05:30,1244.85,1244.95,1244.5,1244.85,15345
2025-03-11 13:20:00+05:30,1244.85,1245.0,1244.3,1244.9,16505
2025-03-11 13:21:00+05:30,1244.9,1245.45,1244.85,1245.1,26991
2025-03-11 13:22:00+05:30,1245.1,1245.45,1244.3,1244.95,26857
2025-03-11 13:23:00+05:30,1244.95,1245.0,1244.5,1244.95,17543
2025-03-11 13:24:00+05:30,1244.95,1246.0,1244.55,1245.45,44299
2025-03-11 13:25:00+05:30,1245.55,1245.65,1245.0,1245.15,21889
2025-03-11 13:26:00+05:30,1245.35,1245.95,1245.05,1245.5,16414
2025-03-11 13:27:00+05:30,1245.45,1246.35,1245.0,1246.35,47789
2025-03-11 13:28:00+05:30,1245.95,1246.8,1244.55,1244.85,111454
2025-03-11 13:29:00+05:30,1245.0,1245.65,1244.35,1244.45,40916
2025-03-11 13:30:00+05:30,1244.6,1245.0,1244.05,1244.85,22391
2025-03-11 13:31:00+05:30,1244.85,1245.6,1244.15,1245.45,19355
2025-03-11 13:32:00+05:30,1245.45,1245.95,1244.95,1245.5,17983
2025-03-11 13:33:00+05:30,1245.55,1245.95,1245.05,1245.85,10995
2025-03-11 13:34:00+05:30,1245.95,1246.15,1245.3,1246.0,20005
2025-03-11 13:35:00+05:30,1246.15,1246.5,1245.9,1246.15,21130
2025-03-11 13:36:00+05:30,1246.25,1246.75,1245.95,1246.75,20938
2025-03-11 13:37:00+05:30,1246.65,1247.2,1246.65,1247.1,27404
2025-03-11 13:38:00+05:30,1247.15,1247.25,1246.75,1247.0,20570
2025-03-11 13:39:00+05:30,1246.95,1247.1,1244.85,1245.6,53231
2025-03-11 13:40:00+05:30,1245.8,1247.0,1245.3,1246.8,26963
2025-03-11 13:41:00+05:30,1246.8,1246.95,1246.25,1246.8,13657
2025-03-11 13:42:00+05:30,1246.8,1246.95,1246.75,1246.9,19264
2025-03-11 13:43:00+05:30,1246.95,1246.95,1246.35,1246.35,20814
2025-03-11 13:44:00+05:30,1246.5,1246.75,1246.35,1246.7,18570
2025-03-11 13:45:00+05:30,1246.75,1246.9,1246.3,1246.5,15315
2025-03-11 13:46:00+05:30,1246.75,1246.9,1246.0,1246.8,17237
2025-03-11 13:47:00+05:30,1246.8,1246.9,1246.35,1246.8,20657
2025-03-11 13:48:00+05:30,1246.7,1246.9,1246.5,1246.65,21856
2025-03-11 13:49:00+05:30,1246.65,1247.3,1246.5,1247.0,43001
2025-03-11 13:50:00+05:30,1247.25,1248.0,1246.55,1247.2,79719
2025-03-11 13:51:00+05:30,1247.2,1247.5,1247.0,1247.4,14769
2025-03-11 13:52:00+05:30,1247.4,1247.5,1246.3,1246.95,29223
2025-03-11 13:53:00+05:30,1246.5,1247.2,1245.35,1245.65,43619
2025-03-11 13:54:00+05:30,1245.75,1246.2,1245.25,1245.6,15649
2025-03-11 13:55:00+05:30,1245.6,1246.2,1245.4,1246.05,10080
2025-03-11 13:56:00+05:30,1246.2,1246.3,1245.65,1245.8,12306
2025-03-11 13:57:00+05:30,1245.95,1246.0,1245.5,1245.7,11458
2025-03-11 13:58:00+05:30,1245.7,1246.0,1245.4,1246.0,16029
2025-03-11 13:59:00+05:30,1245.95,1246.6,1245.6,1246.05,15734
2025-03-11 14:00:00+05:30,1246.1,1246.35,1245.75,1246.35,11392
2025-03-11 14:01:00+05:30,1246.4,1247.0,1246.0,1246.45,14902
2025-03-11 14:02:00+05:30,1246.5,1246.95,1246.3,1246.95,9557
2025-03-11 14:03:00+05:30,1246.95,1247.35,1246.55,1247.3,13546
2025-03-11 14:04:00+05:30,1247.35,1247.8,1246.5,1246.85,22402
2025-03-11 14:05:00+05:30,1247.2,1247.35,1246.55,1247.2,13736
2025-03-11 14:06:00+05:30,1247.25,1247.4,1246.35,1247.15,17970
2025-03-11 14:07:00+05:30,1247.3,1247.5,1246.7,1247.15,15721
2025-03-11 14:08:00+05:30,1247.25,1248.0,1246.95,1247.75,50213
2025-03-11 14:09:00+05:30,1247.75,1247.95,1247.0,1247.3,21263
2025-03-11 14:10:00+05:30,1247.4,1247.7,1247.1,1247.5,20800
2025-03-11 14:11:00+05:30,1247.55,1247.7,1247.1,1247.6,19342
2025-03-11 14:12:00+05:30,1247.6,1247.95,1247.0,1247.25,24630
2025-03-11 14:13:00+05:30,1247.15,1247.25,1246.3,1246.95,21288
2025-03-11 14:14:00+05:30,1246.95,1247.15,1246.4,1247.05,21736
2025-03-11 14:15:00+05:30,1247.15,1247.15,1246.8,1247.15,12717
2025-03-11 14:16:00+05:30,1247.1,1247.35,1246.4,1247.15,14699
2025-03-11 14:17:00+05:30,1247.35,1247.5,1246.1,1246.3,18956
2025-03-11 14:18:00+05:30,1246.25,1246.8,1246.0,1246.6,12687
2025-03-11 14:19:00+05:30,1246.8,1246.9,1246.0,1246.3,23149
2025-03-11 14:20:00+05:30,1246.6,1246.65,1246.0,1246.65,16207
2025-03-11 14:21:00+05:30,1246.65,1246.95,1245.5,1246.15,25443
2025-03-11 14:22:00+05:30,1246.2,1246.4,1245.4,1246.15,16663
2025-03-11 14:23:00+05:30,1246.25,1246.35,1245.7,1246.15,12669
2025-03-11 14:24:00+05:30,1246.3,1246.45,1246.0,1246.05,13018
2025-03-11 14:25:00+05:30,1246.0,1246.35,1245.45,1245.45,24239
2025-03-11 14:26:00+05:30,1245.5,1246.45,1245.3,1246.05,13833
2025-03-11 14:27:00+05:30,1246.5,1246.7,1245.95,1246.1,17164
2025-03-11 14:28:00+05:30,1246.15,1246.55,1246.0,1246.55,14234
2025-03-11 14:29:00+05:30,1246.55,1246.95,1244.8,1245.0,60216
2025-03-11 14:30:00+05:30,1245.15,1245.45,1244.25,1244.5,16798
2025-03-11 14:31:00+05:30,1244.95,1245.35,1243.25,1243.6,27008
2025-03-11 14:32:00+05:30,1243.75,1243.85,1243.0,1243.4,34895
2025-03-11 14:33:00+05:30,1243.5,1244.35,1243.3,1244.3,20925
2025-03-11 14:34:00+05:30,1243.8,1245.0,1243.75,1244.5,45291
2025-03-11 14:35:00+05:30,1244.5,1245.2,1244.05,1244.1,63419
2025-03-11 14:36:00+05:30,1244.25,1244.9,1244.05,1244.3,22267
2025-03-11 14:37:00+05:30,1244.25,1244.8,1244.25,1244.5,13538
2025-03-11 14:38:00+05:30,1244.4,1244.5,1243.5,1243.9,14841
2025-03-11 14:39:00+05:30,1243.95,1244.3,1243.6,1243.75,16701
2025-03-11 14:40:00+05:30,1243.7,1243.75,1243.0,1243.2,13904
2025-03-11 14:41:00+05:30,1243.6,1244.5,1243.1,1244.05,16640
2025-03-11 14:42:00+05:30,1244.05,1245.0,1244.05,1244.75,12489
2025-03-11 14:43:00+05:30,1244.95,1245.0,1244.05,1244.95,17883
2025-03-11 14:44:00+05:30,1245.0,1245.2,1244.55,1244.8,16119
2025-03-11 14:45:00+05:30,1244.85,1245.0,1244.2,1245.0,14147
2025-03-11 14:46:00+05:30,1244.95,1245.35,1244.5,1245.0,17585
2025-03-11 14:47:00+05:30,1245.0,1245.4,1244.65,1245.05,13965
2025-03-11 14:48:00+05:30,1245.1,1245.5,1244.5,1245.0,23699
2025-03-11 14:49:00+05:30,1245.0,1245.2,1244.45,1244.85,20613
2025-03-11 14:50:00+05:30,1244.75,1245.35,1244.1,1244.85,24097
2025-03-11 14:51:00+05:30,1245.05,1245.1,1244.4,1244.45,14909
2025-03-11 14:52:00+05:30,1244.5,1244.7,1242.8,1243.15,44430
2025-03-11 14:53:00+05:30,1243.15,1243.75,1243.0,1243.45,16878
2025-03-11 14:54:00+05:30,1243.6,1243.75,1243.0,1243.15,20140
2025-03-11 14:55:00+05:30,1243.15,1244.2,1243.05,1244.2,21561
2025-03-11 14:56:00+05:30,1244.2,1244.6,1244.0,1244.35,19490
2025-03-11 14:57:00+05:30,1244.35,1244.5,1243.5,1243.55,16653
2025-03-11 14:58:00+05:30,1243.55,1244.35,1243.35,1243.9,15890
2025-03-11 14:59:00+05:30,1243.95,1244.15,1243.7,1243.85,17896
2025-03-11 15:00:00+05:30,1244.0,1245.0,1243.85,1245.0,78749
2025-03-11 15:01:00+05:30,1245.0,1245.95,1244.7,1244.9,86694
2025-03-11 15:02:00+05:30,1244.9,1245.35,1244.0,1244.35,88320
2025-03-11 15:03:00+05:30,1244.05,1245.35,1244.05,1244.85,78515
2025-03-11 15:04:00+05:30,1244.85,1245.35,1244.55,1244.7,82161
2025-03-11 15:05:00+05:30,1244.75,1245.4,1244.45,1245.15,86023
2025-03-11 15:06:00+05:30,1245.15,1245.55,1244.75,1245.35,68733
2025-03-11 15:07:00+05:30,1245.4,1245.55,1244.45,1244.9,83810
2025-03-11 15:08:00+05:30,1244.95,1245.35,1244.65,1245.0,82924
2025-03-11 15:09:00+05:30,1245.05,1245.4,1244.25,1244.5,58006
2025-03-11 15:10:00+05:30,1244.85,1245.3,1244.2,1245.2,57660
2025-03-11 15:11:00+05:30,1245.2,1245.55,1245.0,1245.25,57336
2025-03-11 15:12:00+05:30,1245.2,1245.45,1245.05,1245.1,41722
2025-03-11 15:13:00+05:30,1245.15,1246.1,1245.1,1246.05,60861
2025-03-11 15:14:00+05:30,1246.05,1247.05,1246.0,1246.85,87495
2025-03-11 15:15:00+05:30,1246.75,1246.85,1246.0,1246.25,98593
2025-03-11 15:16:00+05:30,1246.3,1247.0,1245.6,1245.95,68454
2025-03-11 15:17:00+05:30,1245.95,1246.25,1245.1,1245.7,73491
2025-03-11 15:18:00+05:30,1245.7,1246.75,1245.25,1246.05,99319
2025-03-11 15:19:00+05:30,1246.2,1246.3,1245.5,1245.95,64648
2025-03-11 15:20:00+05:30,1245.95,1246.0,1244.9,1245.5,128876
2025-03-11 15:21:00+05:30,1245.5,1246.1,1245.1,1245.55,50993
2025-03-11 15:22:00+05:30,1245.55,1245.65,1245.3,1245.55,46512
2025-03-11 15:23:00+05:30,1245.5,1245.8,1244.75,1245.2,57121
2025-03-11 15:24:00+05:30,1245.2,1245.9,1244.55,1244.85,80095
2025-03-11 15:25:00+05:30,1244.85,1245.9,1244.5,1245.7,92330
2025-03-11 15:26:00+05:30,1245.55,1246.0,1244.7,1245.45,88889
2025-03-11 15:27:00+05:30,1245.45,1245.7,1244.55,1244.8,72622
2025-03-11 15:28:00+05:30,1244.8,1245.6,1244.05,1244.9,87279
2025-03-11 15:29:00+05:30,1244.3,1245.25,1244.0,1244.15,10496
2025-03-12 09:15:00+05:30,1246.65,1248.95,1244.8,1247.95,100939
2025-03-12 09:16:00+05:30,1247.85,1251.95,1246.15,1251.3,56406
2025-03-12 09:17:00+05:30,1251.25,1251.7,1248.0,1248.9,65234
2025-03-12 09:18:00+05:30,1248.95,1249.5,1248.5,1248.85,51965
2025-03-12 09:19:00+05:30,1248.8,1249.8,1247.15,1247.6,30401
2025-03-12 09:20:00+05:30,1247.6,1247.95,1244.3,1245.55,71897
2025-03-12 09:21:00+05:30,1245.45,1245.9,1244.6,1244.9,32230
2025-03-12 09:22:00+05:30,1244.95,1244.95,1242.55,1243.0,22511
2025-03-12 09:23:00+05:30,1243.05,1243.15,1240.9,1241.5,50453
2025-03-12 09:24:00+05:30,1241.3,1242.15,1240.6,1240.6,47066
2025-03-12 09:25:00+05:30,1240.75,1241.2,1240.0,1240.25,45761
2025-03-12 09:26:00+05:30,1240.2,1240.35,1238.75,1240.05,47261
2025-03-12 09:27:00+05:30,1240.05,1240.65,1239.25,1239.75,29512
2025-03-12 09:28:00+05:30,1239.8,1240.4,1238.5,1240.35,22063
2025-03-12 09:29:00+05:30,1240.35,1241.75,1240.35,1240.55,25356
2025-03-12 09:30:00+05:30,1240.45,1241.3,1239.6,1240.45,23031
2025-03-12 09:31:00+05:30,1240.45,1241.25,1240.4,1240.7,14444
2025-03-12 09:32:00+05:30,1240.75,1241.35,1239.9,1241.35,35075
2025-03-12 09:33:00+05:30,1241.35,1241.55,1240.65,1241.0,16212
2025-03-12 09:34:00+05:30,1241.0,1241.0,1240.05,1240.5,21450
2025-03-12 09:35:00+05:30,1240.5,1241.7,1239.6,1241.3,22516
2025-03-12 09:36:00+05:30,1241.6,1242.65,1241.5,1242.55,21155
2025-03-12 09:37:00+05:30,1242.5,1243.5,1242.4,1242.9,26756
2025-03-12 09:38:00+05:30,1242.9,1243.85,1242.1,1243.65,12595
2025-03-12 09:39:00+05:30,1243.65,1244.45,1243.6,1243.85,23219
2025-03-12 09:40:00+05:30,1243.8,1243.8,1242.6,1242.65,20371
2025-03-12 09:41:00+05:30,1242.6,1242.6,1241.35,1241.65,23912
2025-03-12 09:42:00+05:30,1241.6,1242.0,1241.2,1241.3,19208
2025-03-12 09:43:00+05:30,1241.3,1241.95,1240.5,1241.95,20709
2025-03-12 09:44:00+05:30,1241.95,1243.05,1241.75,1242.5,22984
2025-03-12 09:45:00+05:30,1242.45,1242.75,1241.0,1242.45,39288
2025-03-12 09:46:00+05:30,1242.45,1243.6,1242.2,1243.2,26376
2025-03-12 09:47:00+05:30,1243.25,1243.8,1242.4,1243.1,25751
2025-03-12 09:48:00+05:30,1243.15,1244.25,1243.15,1244.25,22751
2025-03-12 09:49:00+05:30,1244.3,1245.15,1244.3,1244.9,34928
2025-03-12 09:50:00+05:30,1244.95,1245.95,1244.85,1245.45,13939
2025-03-12 09:51:00+05:30,1245.5,1245.5,1244.2,1244.45,23935
2025-03-12 09:52:00+05:30,1244.5,1245.25,1244.05,1245.05,12619
2025-03-12 09:53:00+05:30,1245.2,1245.2,1244.0,1244.45,21424
2025-03-12 09:54:00+05:30,1244.5,1245.0,1244.0,1244.7,9660
2025-03-12 09:55:00+05:30,1244.65,1244.95,1244.0,1244.25,19126
2025-03-12 09:56:00+05:30,1244.25,1245.0,1244.25,1244.95,9450
2025-03-12 09:57:00+05:30,1244.95,1245.55,1244.9,1245.55,15525
2025-03-12 09:58:00+05:30,1245.55,1245.7,1244.35,1244.8,19209
2025-03-12 09:59:00+05:30,1244.95,1245.7,1244.85,1245.65,14094
2025-03-12 10:00:00+05:30,1245.65,1246.35,1245.2,1245.2,24456
2025-03-12 10:01:00+05:30,1245.2,1245.9,1245.05,1245.5,19489
2025-03-12 10:02:00+05:30,1245.5,1246.05,1245.45,1245.8,9222
2025-03-12 10:03:00+05:30,1245.85,1246.4,1245.55,1246.0,15390
2025-03-12 10:04:00+05:30,1245.95,1246.1,1245.0,1245.4,13674
2025-03-12 10:05:00+05:30,1245.4,1245.8,1244.55,1244.9,12541
2025-03-12 10:06:00+05:30,1244.9,1246.55,1244.9,1246.15,16906
2025-03-12 10:07:00+05:30,1246.1,1246.4,1245.4,1246.0,11457
2025-03-12 10:08:00+05:30,1245.9,1246.1,1244.8,1245.45,69658
2025-03-12 10:09:00+05:30,1245.55,1245.9,1245.0,1245.65,11052
2025-03-12 10:10:00+05:30,1245.5,1246.25,1244.6,1246.25,13188
2025-03-12 10:11:00+05:30,1246.25,1246.8,1245.6,1246.7,13785
2025-03-12 10:12:00+05:30,1246.75,1247.7,1246.7,1247.6,18721
2025-03-12 10:13:00+05:30,1247.65,1248.1,1247.25,1247.95,14545
2025-03-12 10:14:00+05:30,1247.95,1248.0,1246.85,1247.15,40726
2025-03-12 10:15:00+05:30,1246.95,1247.4,1246.1,1246.3,16659
2025-03-12 10:16:00+05:30,1246.35,1247.35,1246.35,1247.35,11446
2025-03-12 10:17:00+05:30,1247.25,1247.65,1246.6,1247.05,14364
2025-03-12 10:18:00+05:30,1247.0,1247.15,1246.0,1246.0,16411
2025-03-12 10:19:00+05:30,1246.25,1246.85,1245.5,1246.7,16888
2025-03-12 10:20:00+05:30,1246.6,1248.5,1246.6,1248.5,9457
2025-03-12 10:21:00+05:30,1248.4,1248.55,1247.45,1248.05,20890
2025-03-12 10:22:00+05:30,1248.05,1248.15,1247.35,1247.8,12796
2025-03-12 10:23:00+05:30,1247.55,1247.75,1247.15,1247.35,8370
2025-03-12 10:24:00+05:30,1247.3,1247.3,1246.3,1246.3,9497
2025-03-12 10:25:00+05:30,1246.4,1247.1,1246.25,1246.75,8633
2025-03-12 10:26:00+05:30,1246.9,1247.6,1246.45,1247.55,7812
2025-03-12 10:27:00+05:30,1247.55,1248.0,1246.8,1247.7,14378
2025-03-12 10:28:00+05:30,1247.6,1247.95,1247.2,1247.65,8157
2025-03-12 10:29:00+05:30,1247.5,1248.25,1247.4,1248.25,17766
2025-03-12 10:30:00+05:30,1248.2,1248.35,1247.75,1248.15,13690
2025-03-12 10:31:00+05:30,1248.15,1248.25,1247.4,1248.25,11444
2025-03-12 10:32:00+05:30,1248.25,1249.0,1248.15,1248.8,31527
2025-03-12 10:33:00+05:30,1248.8,1248.8,1248.15,1248.15,14280
2025-03-12 10:34:00+05:30,1248.45,1248.6,1248.25,1248.25,10265
2025-03-12 10:35:00+05:30,1248.3,1248.3,1247.55,1247.75,8951
2025-03-12 10:36:00+05:30,1247.8,1248.4,1247.75,1248.25,12485
2025-03-12 10:37:00+05:30,1248.25,1248.5,1248.0,1248.05,19378
2025-03-12 10:38:00+05:30,1248.0,1248.0,1247.45,1247.9,12112
2025-03-12 10:39:00+05:30,1247.7,1247.9,1247.45,1247.7,8415
2025-03-12 10:40:00+05:30,1247.6,1247.7,1246.9,1247.0,11262
2025-03-12 10:41:00+05:30,1246.95,1247.4,1246.85,1247.3,12917
2025-03-12 10:42:00+05:30,1247.3,1247.65,1247.2,1247.65,4796
2025-03-12 10:43:00+05:30,1247.65,1248.25,1247.6,1248.25,9135
2025-03-12 10:44:00+05:30,1248.25,1248.5,1248.15,1248.3,9454
2025-03-12 10:45:00+05:30,1248.2,1248.55,1246.9,1247.5,39090
2025-03-12 10:46:00+05:30,1247.2,1247.45,1246.6,1246.65,34311
2025-03-12 10:47:00+05:30,1246.7,1246.85,1246.55,1246.7,11005
2025-03-12 10:48:00+05:30,1246.7,1246.75,1246.0,1246.05,16254
2025-03-12 10:49:00+05:30,1246.1,1246.3,1246.1,1246.25,10146
2025-03-12 10:50:00+05:30,1246.25,1246.35,1246.2,1246.25,9199
2025-03-12 10:51:00+05:30,1246.3,1246.4,1246.25,1246.4,11848
2025-03-12 10:52:00+05:30,1246.4,1246.4,1246.0,1246.25,27083
2025-03-12 10:53:00+05:30,1246.15,1246.25,1245.35,1246.0,16367
2025-03-12 10:54:00+05:30,1245.95,1246.0,1245.95,1246.0,8493
2025-03-12 10:55:00+05:30,1246.0,1246.0,1245.45,1246.0,42267
2025-03-12 10:56:00+05:30,1245.95,1247.8,1245.95,1247.35,32054
2025-03-12 10:57:00+05:30,1247.4,1247.7,1247.25,1247.5,11472
2025-03-12 10:58:00+05:30,1247.35,1247.35,1246.3,1247.05,18177
2025-03-12 10:59:00+05:30,1247.05,1247.5,1246.6,1247.2,13266
2025-03-12 11:00:00+05:30,1247.1,1247.2,1246.6,1246.7,9365
2025-03-12 11:01:00+05:30,1246.65,1247.0,1246.25,1246.7,9419
2025-03-12 11:02:00+05:30,1246.55,1246.95,1246.1,1246.85,9142
2025-03-12 11:03:00+05:30,1246.8,1247.0,1246.2,1247.0,16265
2025-03-12 11:04:00+05:30,1247.0,1247.0,1246.0,1246.75,41696
2025-03-12 11:05:00+05:30,1246.55,1246.95,1246.45,1246.5,10620
2025-03-12 11:06:00+05:30,1246.45,1246.5,1245.75,1245.85,14275
2025-03-12 11:07:00+05:30,1245.85,1246.15,1245.85,1246.0,20969
2025-03-12 11:08:00+05:30,1245.95,1246.15,1245.95,1246.05,11203
2025-03-12 11:09:00+05:30,1246.05,1246.1,1245.85,1246.0,8358
2025-03-12 11:10:00+05:30,1246.0,1246.5,1246.0,1246.35,9670
2025-03-12 11:11:00+05:30,1246.4,1246.5,1246.35,1246.45,9262
2025-03-12 11:12:00+05:30,1246.4,1246.4,1246.0,1246.0,7453
2025-03-12 11:13:00+05:30,1246.0,1246.0,1245.5,1245.75,12336
2025-03-12 11:14:00+05:30,1245.7,1245.9,1245.2,1245.3,14279
2025-03-12 11:15:00+05:30,1245.25,1245.3,1244.25,1245.1,20537
2025-03-12 11:16:00+05:30,1245.0,1245.05,1244.9,1245.05,10944
2025-03-12 11:17:00+05:30,1245.0,1245.15,1244.6,1244.8,16287
2025-03-12 11:18:00+05:30,1244.7,1244.75,1244.1,1244.65,10067
2025-03-12 11:19:00+05:30,1244.6,1245.15,1243.85,1244.2,18163
2025-03-12 11:20:00+05:30,1244.05,1245.2,1244.05,1245.2,8393
2025-03-12 11:21:00+05:30,1245.15,1245.2,1244.35,1244.35,13183
2025-03-12 11:22:00+05:30,1244.5,1244.8,1244.35,1244.5,7942
2025-03-12 11:23:00+05:30,1244.4,1244.5,1243.55,1244.3,11211
2025-03-12 11:24:00+05:30,1244.3,1244.85,1243.85,1244.6,10923
2025-03-12 11:25:00+05:30,1244.5,1244.6,1243.55,1243.7,13200
2025-03-12 11:26:00+05:30,1243.65,1244.0,1243.65,1243.95,17211
2025-03-12 11:27:00+05:30,1243.95,1244.0,1243.4,1243.85,13166
2025-03-12 11:28:00+05:30,1243.75,1244.0,1243.55,1243.95,13987
2025-03-12 11:29:00+05:30,1244.0,1244.0,1243.55,1243.8,8257
2025-03-12 11:30:00+05:30,1243.75,1244.0,1243.7,1244.0,8550
2025-03-12 11:31:00+05:30,1244.0,1244.9,1243.95,1244.9,28374
2025-03-12 11:32:00+05:30,1244.9,1245.1,1244.3,1244.6,14443
2025-03-12 11:33:00+05:30,1244.65,1244.9,1244.25,1244.75,6753
2025-03-12 11:34:00+05:30,1244.8,1245.2,1244.65,1244.85,7847
2025-03-12 11:35:00+05:30,1244.85,1244.9,1244.1,1244.55,11088
2025-03-12 11:36:00+05:30,1244.55,1245.05,1244.45,1244.7,6545
2025-03-12 11:37:00+05:30,1244.65,1245.3,1244.45,1244.8,12478
2025-03-12 11:38:00+05:30,1244.8,1244.85,1244.5,1244.8,7410
2025-03-12 11:39:00+05:30,1244.65,1244.9,1244.05,1244.7,10713
2025-03-12 11:40:00+05:30,1244.45,1244.45,1243.55,1243.65,7347
2025-03-12 11:41:00+05:30,1243.6,1244.45,1243.4,1244.2,12355
2025-03-12 11:42:00+05:30,1244.35,1244.65,1244.1,1244.3,5208
2025-03-12 11:43:00+05:30,1244.1,1244.25,1243.5,1243.65,9356
2025-03-12 11:44:00+05:30,1243.6,1243.75,1243.35,1243.65,7349
2025-03-12 11:45:00+05:30,1243.65,1244.35,1243.5,1244.15,5332
2025-03-12 11:46:00+05:30,1244.05,1244.45,1243.85,1244.0,7913
2025-03-12 11:47:00+05:30,1243.95,1244.1,1243.5,1243.65,12139
2025-03-12 11:48:00+05:30,1243.65,1243.85,1243.35,1243.55,6119
2025-03-12 11:49:00+05:30,1243.45,1244.0,1243.35,1243.9,9463
2025-03-12 11:50:00+05:30,1243.85,1244.0,1243.2,1243.95,8580
2025-03-12 11:51:00+05:30,1243.9,1243.9,1243.7,1243.75,4405
2025-03-12 11:52:00+05:30,1243.8,1244.35,1243.75,1243.85,11411
2025-03-12 11:53:00+05:30,1243.85,1243.9,1243.8,1243.85,11055
2025-03-12 11:54:00+05:30,1243.85,1244.1,1243.1,1243.15,9079
2025-03-12 11:55:00+05:30,1243.2,1243.2,1242.4,1242.5,18596
2025-03-12 11:56:00+05:30,1242.65,1243.1,1242.2,1242.7,9624
2025-03-12 11:57:00+05:30,1242.5,1242.65,1241.05,1241.2,17614
2025-03-12 11:58:00+05:30,1241.2,1241.3,1240.0,1240.95,32974
2025-03-12 11:59:00+05:30,1241.0,1241.35,1240.7,1241.05,20413
2025-03-12 12:00:00+05:30,1241.2,1241.45,1241.1,1241.25,14786
