image_path,timestamp,Open,High,Low,Close,Volume,SMA,Upper,Lower,Open_HA,High_HA,Low_HA,Close_HA,Open_R,High_R,Low_R,Close_R,time
ICICIBANK-EQ_2024-03-14_15-25-00.png,2024-03-14_15-25-00,1080.4,1084.9,1079.55,1084.45,548148.0,1085.42,1089.29,1081.55,1078.58,1084.25,1078.58,1081.15,1081.43,1079.24,1079.24,1079.24,152500
ICICIBANK-EQ_2024-03-15_09-15-00.png,2024-03-15_09-15-00,1072.0,1078.5,1072.0,1077.8,458837.0,1084.96,1090.03,1079.89,1080.88,1083.85,1080.88,1082.91,1079.24,1081.43,1081.43,1081.43,91500
ICICIBANK-EQ_2024-03-15_09-20-00.png,2024-03-15_09-20-00,1077.45,1079.8,1077.45,1078.6,99060.0,1084.5,1090.12,1078.87,1082.88,1082.95,1080.35,1081.92,1081.43,1079.24,1079.24,1079.24,92000
ICICIBANK-EQ_2024-03-15_09-25-00.png,2024-03-15_09-25-00,1078.35,1079.0,1076.6,1078.15,52908.0,1084.0,1090.01,1077.98,1082.2,1082.9,1080.4,1081.32,1079.24,1081.43,1081.43,1081.43,92500
ICICIBANK-EQ_2024-03-15_09-30-00.png,2024-03-15_09-30-00,1078.0,1080.95,1077.95,1080.6,70502.0,1083.66,1089.64,1077.68,1081.0,1081.0,1079.3,1080.11,1081.43,1079.24,1079.24,1079.24,93000
ICICIBANK-EQ_2024-03-15_09-35-00.png,2024-03-15_09-35-00,1080.5,1080.7,1075.55,1076.0,69405.0,1083.12,1089.83,1076.42,1080.08,1080.8,1079.25,1079.99,1079.24,1081.43,1081.43,1081.43,93500
ICICIBANK-EQ_2024-03-15_09-40-00.png,2024-03-15_09-40-00,1076.0,1077.5,1073.55,1077.45,105945.0,1082.72,1089.79,1075.66,1079.95,1083.25,1079.95,1081.51,1081.43,1083.62,1083.62,1083.62,94000
ICICIBANK-EQ_2024-03-15_09-45-00.png,2024-03-15_09-45-00,1077.25,1077.5,1075.25,1075.5,98618.0,1082.12,1089.48,1074.75,1081.4,1082.7,1080.3,1081.96,1083.62,1081.43,1081.43,1081.43,94500
ICICIBANK-EQ_2024-03-15_09-50-00.png,2024-03-15_09-50-00,1075.5,1077.35,1073.6,1076.95,149307.0,1081.59,1088.84,1074.34,1082.42,1083.0,1081.6,1082.2,1081.43,1079.24,1079.24,1079.24,95000
ICICIBANK-EQ_2024-03-15_09-55-00.png,2024-03-15_09-55-00,1076.95,1077.9,1075.55,1077.8,127227.0,1081.12,1088.08,1074.17,1082.1,1082.1,1080.65,1081.39,1079.24,1077.05,1077.05,1077.05,95500
ICICIBANK-EQ_2024-03-15_10-00-00.png,2024-03-15_10-00-00,1077.4,1077.95,1075.7,1076.05,79664.0,1080.64,1087.61,1073.68,1081.45,1082.0,1080.9,1081.45,1077.05,1074.86,1074.86,1074.86,100000
ICICIBANK-EQ_2024-03-15_10-05-00.png,2024-03-15_10-05-00,1075.75,1079.35,1075.55,1077.9,111959.0,1080.34,1087.24,1073.45,1081.45,1081.95,1080.85,1081.49,1074.86,1077.05,1077.05,1077.05,100500
ICICIBANK-EQ_2024-03-15_10-10-00.png,2024-03-15_10-10-00,1077.75,1079.1,1076.85,1078.55,87880.0,1080.09,1086.85,1073.33,1081.58,1081.58,1080.3,1080.82,1077.05,1079.24,1079.24,1079.24,101000
ICICIBANK-EQ_2024-03-15_10-15-00.png,2024-03-15_10-15-00,1078.55,1078.75,1075.0,1076.0,218929.0,1079.66,1086.3,1073.02,1080.88,1081.1,1080.35,1080.76,1079.24,1081.43,1081.43,1081.43,101500
ICICIBANK-EQ_2024-03-15_10-20-00.png,2024-03-15_10-20-00,1075.7,1078.9,1075.45,1078.85,100596.0,1079.39,1085.66,1073.12,1080.8,1081.15,1079.6,1080.38,1081.43,1079.24,1079.24,1079.24,102000
ICICIBANK-EQ_2024-03-15_10-25-00.png,2024-03-15_10-25-00,1078.4,1078.85,1077.55,1078.0,118047.0,1079.09,1085.02,1073.17,1080.38,1080.7,1079.75,1080.19,1079.24,1077.05,1077.05,1077.05,102500
ICICIBANK-EQ_2024-03-15_10-30-00.png,2024-03-15_10-30-00,1077.8,1077.95,1076.3,1076.85,77078.0,1078.7,1084.07,1073.33,1080.15,1081.9,1080.15,1080.99,1077.05,1074.86,1074.86,1074.86,103000
ICICIBANK-EQ_2024-03-15_10-35-00.png,2024-03-15_10-35-00,1076.8,1079.0,1075.5,1078.75,135416.0,1078.45,1083.29,1073.62,1080.78,1081.35,1080.78,1081.15,1074.86,1072.67,1072.67,1072.67,103500
ICICIBANK-EQ_2024-03-15_10-40-00.png,2024-03-15_10-40-00,1078.5,1079.0,1077.85,1078.65,47510.0,1078.18,1082.26,1074.11,1081.2,1081.8,1080.4,1081.08,1072.67,1070.48,1070.48,1070.48,104000
ICICIBANK-EQ_2024-03-15_10-45-00.png,2024-03-15_10-45-00,1078.85,1084.25,1078.6,1082.9,259753.0,1078.29,1082.74,1073.84,1081.05,1081.05,1079.5,1080.14,1070.48,1072.67,1072.67,1072.67,104500
ICICIBANK-EQ_2024-03-15_10-50-00.png,2024-03-15_10-50-00,1083.0,1083.85,1082.05,1082.75,85585.0,1078.21,1082.2,1074.21,1080.07,1080.07,1078.4,1079.29,1072.67,1074.86,1074.86,1074.86,105000
ICICIBANK-EQ_2024-03-15_10-55-00.png,2024-03-15_10-55-00,1082.8,1082.95,1080.35,1081.6,67186.0,1078.4,1082.66,1074.13,1079.4,1080.1,1078.2,1079.31,1074.86,1077.05,1077.05,1077.05,105500
ICICIBANK-EQ_2024-03-15_11-00-00.png,2024-03-15_11-00-00,1081.45,1082.9,1080.4,1080.55,114954.0,1078.49,1082.86,1074.12,1079.47,1080.2,1078.95,1079.51,1077.05,1079.24,1079.24,1079.24,110000
ICICIBANK-EQ_2024-03-15_11-05-00.png,2024-03-15_11-05-00,1080.4,1081.0,1079.3,1079.75,107949.0,1078.57,1082.98,1074.17,1079.45,1080.0,1078.05,1079.18,1079.24,1081.43,1081.43,1081.43,110500
ICICIBANK-EQ_2024-03-15_11-10-00.png,2024-03-15_11-10-00,1079.7,1080.8,1079.25,1080.2,82386.0,1078.55,1082.92,1074.18,1079.32,1081.0,1079.32,1080.03,1081.43,1083.62,1083.62,1083.62,111000
ICICIBANK-EQ_2024-03-15_11-15-00.png,2024-03-15_11-15-00,1080.25,1083.25,1080.0,1082.55,60129.0,1078.88,1083.42,1074.34,1079.82,1081.0,1079.82,1080.28,1083.62,1081.43,1081.43,1081.43,111500
ICICIBANK-EQ_2024-03-15_11-20-00.png,2024-03-15_11-20-00,1082.5,1082.7,1080.3,1082.35,36364.0,1079.12,1083.87,1074.38,1080.05,1081.4,1080.0,1080.5,1081.43,1079.24,1079.24,1079.24,112000
ICICIBANK-EQ_2024-03-15_11-25-00.png,2024-03-15_11-25-00,1082.35,1083.0,1081.6,1081.85,36852.0,1079.44,1084.01,1074.88,1080.3,1080.9,1079.0,1080.0,1079.24,1077.05,1077.05,1077.05,112500
ICICIBANK-EQ_2024-03-15_11-30-00.png,2024-03-15_11-30-00,1081.85,1082.0,1080.65,1081.05,36927.0,1079.65,1084.11,1075.19,1080.05,1081.55,1079.5,1080.24,1077.05,1079.24,1079.24,1079.24,113000
ICICIBANK-EQ_2024-03-15_11-35-00.png,2024-03-15_11-35-00,1080.9,1082.0,1080.9,1082.0,39425.0,1079.86,1084.35,1075.37,1079.95,1081.3,1079.0,1080.21,1079.24,1081.43,1081.43,1081.43,113500
ICICIBANK-EQ_2024-03-15_11-40-00.png,2024-03-15_11-40-00,1081.9,1081.95,1080.85,1081.25,125399.0,1080.12,1084.27,1075.96,1080.28,1080.65,1078.85,1079.68,1081.43,1079.24,1079.24,1079.24,114000
ICICIBANK-EQ_2024-03-15_11-45-00.png,2024-03-15_11-45-00,1081.2,1081.25,1080.3,1080.55,62329.0,1080.25,1084.27,1076.23,1079.6,1079.6,1079.0,1079.16,1079.24,1077.05,1077.05,1077.05,114500
ICICIBANK-EQ_2024-03-15_11-50-00.png,2024-03-15_11-50-00,1080.55,1081.1,1080.35,1081.05,88722.0,1080.38,1084.33,1076.42,1079.08,1079.5,1077.7,1078.69,1077.05,1079.24,1079.24,1079.24,115000
ICICIBANK-EQ_2024-03-15_11-55-00.png,2024-03-15_11-55-00,1081.05,1081.15,1079.6,1079.7,77286.0,1080.56,1083.96,1077.16,1078.78,1080.0,1078.5,1079.03,1079.24,1081.43,1081.43,1081.43,115500
ICICIBANK-EQ_2024-03-15_12-00-00.png,2024-03-15_12-00-00,1079.75,1080.7,1079.75,1080.55,39161.0,1080.64,1083.95,1077.34,1078.8,1080.4,1078.3,1079.43,1081.43,1083.62,1083.62,1083.62,120000
ICICIBANK-EQ_2024-03-15_12-05-00.png,2024-03-15_12-05-00,1080.5,1081.9,1080.5,1081.05,49012.0,1080.8,1083.86,1077.74,1079.5,1079.95,1078.35,1079.21,1083.62,1081.43,1081.43,1081.43,120500
ICICIBANK-EQ_2024-03-15_12-10-00.png,2024-03-15_12-10-00,1081.05,1081.35,1080.85,1081.35,38029.0,1081.02,1083.46,1078.58,1079.28,1083.35,1078.9,1081.03,1081.43,1079.24,1079.24,1079.24,121000
ICICIBANK-EQ_2024-03-15_12-15-00.png,2024-03-15_12-15-00,1081.55,1081.8,1080.4,1080.55,63509.0,1081.11,1083.32,1078.91,1080.92,1084.15,1080.92,1082.55,1079.24,1081.43,1081.43,1081.43,121500
ICICIBANK-EQ_2024-03-15_12-20-00.png,2024-03-15_12-20-00,1080.55,1080.9,1079.5,1079.6,66644.0,1081.16,1083.18,1079.14,1082.35,1082.35,1080.05,1081.15,1081.43,1083.62,1083.62,1083.62,122000
ICICIBANK-EQ_2024-03-15_12-25-00.png,2024-03-15_12-25-00,1079.6,1079.95,1078.4,1079.2,80163.0,1080.97,1083.0,1078.95,1081.1,1081.75,1080.35,1080.92,1083.62,1081.43,1081.43,1081.43,122500
ICICIBANK-EQ_2024-03-15_12-30-00.png,2024-03-15_12-30-00,1079.2,1080.1,1078.2,1079.75,220693.0,1080.82,1082.74,1078.91,1080.8,1082.4,1080.8,1081.64,1081.43,1079.24,1079.24,1079.24,123000
ICICIBANK-EQ_2024-03-15_12-35-00.png,2024-03-15_12-35-00,1079.95,1080.2,1078.95,1078.95,179402.0,1080.69,1082.74,1078.64,1081.58,1083.05,1081.58,1082.2,1079.24,1077.05,1077.05,1077.05,123500
ICICIBANK-EQ_2024-03-15_12-40-00.png,2024-03-15_12-40-00,1079.0,1080.0,1078.05,1079.65,103600.0,1080.65,1082.75,1078.55,1082.03,1082.95,1081.0,1081.74,1077.05,1074.86,1074.86,1074.86,124000
ICICIBANK-EQ_2024-03-15_12-45-00.png,2024-03-15_12-45-00,1079.65,1081.0,1079.45,1080.0,113945.0,1080.66,1082.74,1078.58,1081.5,1082.75,1080.5,1081.44,1074.86,1072.67,1072.67,1072.67,124500
ICICIBANK-EQ_2024-03-15_12-50-00.png,2024-03-15_12-50-00,1080.05,1081.0,1080.0,1080.05,162295.0,1080.65,1082.74,1078.56,1081.25,1081.9,1080.1,1080.99,1072.67,1074.86,1074.86,1074.86,125000
ICICIBANK-EQ_2024-03-15_12-55-00.png,2024-03-15_12-55-00,1080.05,1081.4,1080.0,1080.55,147653.0,1080.55,1082.44,1078.67,1080.97,1080.97,1074.95,1077.79,1074.86,1077.05,1077.05,1077.05,125500
ICICIBANK-EQ_2024-03-15_13-00-00.png,2024-03-15_13-00-00,1080.3,1080.9,1079.0,1079.8,229775.0,1080.42,1082.14,1078.71,1077.78,1077.78,1074.8,1075.7,1077.05,1074.86,1074.86,1074.86,130000
ICICIBANK-EQ_2024-03-15_13-05-00.png,2024-03-15_13-05-00,1079.7,1081.55,1079.5,1080.2,171229.0,1080.34,1081.92,1078.77,1075.45,1078.05,1075.4,1076.75,1074.86,1072.67,1072.67,1072.67,130500
ICICIBANK-EQ_2024-03-15_13-10-00.png,2024-03-15_13-10-00,1080.4,1081.3,1079.0,1080.15,196697.0,1080.3,1081.84,1078.75,1076.78,1078.1,1076.5,1077.29,1072.67,1074.86,1074.86,1074.86,131000
ICICIBANK-EQ_2024-03-15_13-15-00.png,2024-03-15_13-15-00,1080.2,1080.65,1078.85,1079.0,102123.0,1080.15,1081.57,1078.72,1077.28,1078.85,1076.9,1077.85,1074.86,1077.05,1077.05,1077.05,131500
ICICIBANK-EQ_2024-03-15_13-20-00.png,2024-03-15_13-20-00,1079.15,1079.5,1079.0,1079.0,76760.0,1080.04,1081.45,1078.62,1077.82,1078.75,1076.5,1078.05,1077.05,1074.86,1074.86,1074.86,132000
ICICIBANK-EQ_2024-03-15_13-25-00.png,2024-03-15_13-25-00,1079.05,1079.5,1077.7,1078.5,99546.0,1079.93,1081.48,1078.38,1078.47,1081.7,1070.15,1078.04,1074.86,1072.67,1072.67,1072.67,132500
ICICIBANK-EQ_2024-03-15_13-30-00.png,2024-03-15_13-30-00,1078.5,1080.0,1078.5,1079.1,133099.0,1079.83,1081.33,1078.34,1080.15,1083.65,1076.2,1080.19,1072.67,1070.48,1070.48,1070.48,133000
ICICIBANK-EQ_2024-03-15_13-35-00.png,2024-03-15_13-35-00,1079.15,1080.4,1078.3,1079.85,112774.0,1079.84,1081.34,1078.35,1080.45,1082.45,1076.9,1079.36,1070.48,1072.67,1072.67,1072.67,133500
ICICIBANK-EQ_2024-03-15_13-40-00.png,2024-03-15_13-40-00,1079.45,1079.95,1078.35,1079.1,98198.0,1079.77,1081.26,1078.28,1079.05,1084.5,1078.95,1081.55,1072.67,1074.86,1074.86,1074.86,134000
ICICIBANK-EQ_2024-03-15_13-45-00.png,2024-03-15_13-45-00,1079.0,1083.35,1078.9,1082.85,211746.0,1079.86,1081.82,1077.9,1081.38,1084.0,1081.38,1083.2,1074.86,1072.67,1072.67,1072.67,134500
ICICIBANK-EQ_2024-03-15_13-50-00.png,2024-03-15_13-50-00,1082.95,1084.15,1081.35,1081.75,211977.0,1079.88,1081.91,1077.85,1083.62,1084.05,1071.2,1078.16,1072.67,1074.86,1074.86,1074.86,135000
ICICIBANK-EQ_2024-03-15_13-55-00.png,2024-03-15_13-55-00,1081.6,1082.35,1080.05,1080.6,98360.0,1079.88,1081.92,1077.85,1078.7,1078.7,1070.75,1073.85,1074.86,1072.67,1072.67,1072.67,135500
ICICIBANK-EQ_2024-03-15_14-00-00.png,2024-03-15_14-00-00,1080.6,1081.75,1080.35,1081.0,89247.0,1079.95,1082.04,1077.86,1073.62,1073.62,1072.0,1072.72,1072.67,1074.86,1074.86,1074.86,140000
ICICIBANK-EQ_2024-03-15_14-05-00.png,2024-03-15_14-05-00,1081.15,1082.4,1081.0,1082.0,114368.0,1080.09,1082.34,1077.85,1072.68,1077.45,1072.68,1074.84,1074.86,1072.67,1072.67,1072.67,140500
ICICIBANK-EQ_2024-03-15_14-10-00.png,2024-03-15_14-10-00,1082.05,1083.05,1081.7,1082.0,197816.0,1080.2,1082.6,1077.81,1074.45,1076.95,1072.55,1074.75,1072.67,1074.86,1074.86,1074.86,141000
ICICIBANK-EQ_2024-03-15_14-15-00.png,2024-03-15_14-15-00,1082.0,1082.95,1081.0,1081.0,189747.0,1080.31,1082.65,1077.96,1074.75,1074.75,1071.95,1073.11,1074.86,1072.67,1072.67,1072.67,141500
ICICIBANK-EQ_2024-03-15_14-20-00.png,2024-03-15_14-20-00,1081.15,1082.75,1080.5,1081.35,439173.0,1080.39,1082.76,1078.03,1073.03,1073.03,1071.55,1072.05,1072.67,1070.48,1070.48,1070.48,142000
ICICIBANK-EQ_2024-03-15_14-25-00.png,2024-03-15_14-25-00,1081.45,1081.9,1080.1,1080.5,238218.0,1080.42,1082.78,1078.06,1071.92,1072.55,1070.05,1071.51,1070.48,1068.29,1068.29,1068.29,142500
ICICIBANK-EQ_2024-03-15_14-30-00.png,2024-03-15_14-30-00,1080.5,1080.65,1074.95,1075.05,222164.0,1080.17,1083.53,1076.8,1071.72,1072.95,1070.75,1071.88,1068.29,1066.1,1066.1,1066.1,143000
ICICIBANK-EQ_2024-03-15_14-35-00.png,2024-03-15_14-35-00,1074.8,1077.1,1074.8,1076.1,258166.0,1079.95,1083.76,1076.13,1071.9,1076.75,1071.9,1074.24,1066.1,1063.91,1063.91,1063.91,143500
ICICIBANK-EQ_2024-03-15_14-40-00.png,2024-03-15_14-40-00,1076.35,1078.05,1075.4,1077.2,426042.0,1079.82,1083.83,1075.8,1073.95,1077.05,1073.95,1076.05,1063.91,1061.73,1061.73,1061.73,144000
ICICIBANK-EQ_2024-03-15_14-45-00.png,2024-03-15_14-45-00,1077.0,1078.1,1076.5,1077.55,482249.0,1079.68,1083.81,1075.55,1076.07,1076.55,1073.05,1074.96,1061.73,1063.91,1063.91,1063.91,144500
ICICIBANK-EQ_2024-03-15_14-50-00.png,2024-03-15_14-50-00,1077.6,1078.85,1076.9,1078.05,387789.0,1079.58,1083.77,1075.39,1075.12,1075.12,1071.2,1072.73,1063.91,1066.1,1066.1,1066.1,145000
ICICIBANK-EQ_2024-03-15_14-55-00.png,2024-03-15_14-55-00,1078.2,1078.75,1076.5,1078.75,199772.0,1079.56,1083.76,1075.37,1073.0,1076.0,1072.2,1073.53,1066.1,1068.29,1068.29,1068.29,145500
ICICIBANK-EQ_2024-03-15_15-00-00.png,2024-03-15_15-00-00,1078.6,1081.7,1070.15,1081.7,10174250.0,1079.7,1083.99,1075.41,1072.95,1074.35,1072.9,1073.49,1068.29,1066.1,1066.1,1066.1,150000
ICICIBANK-EQ_2024-03-15_15-05-00.png,2024-03-15_15-05-00,1081.75,1083.65,1076.2,1079.15,9739944.0,1079.73,1084.0,1075.47,1073.35,1073.45,1072.0,1072.62,1066.1,1068.29,1068.29,1068.29,150500
ICICIBANK-EQ_2024-03-15_15-10-00.png,2024-03-15_15-10-00,1079.1,1082.45,1076.9,1079.0,10004061.0,1079.73,1083.99,1075.46,1072.53,1073.45,1071.4,1072.24,1068.29,1070.48,1070.48,1070.48,151000
ICICIBANK-EQ_2024-03-15_15-15-00.png,2024-03-15_15-15-00,1078.95,1084.5,1078.95,1083.8,9380986.0,1079.92,1084.57,1075.28,1072.05,1072.8,1071.25,1071.84,1070.48,1072.67,1072.67,1072.67,151500
ICICIBANK-EQ_2024-03-15_15-20-00.png,2024-03-15_15-20-00,1083.55,1084.0,1081.55,1083.7,8945232.0,1080.16,1085.07,1075.24,1071.65,1073.4,1071.45,1072.42,1072.67,1074.86,1074.86,1074.86,152000
ICICIBANK-EQ_2024-03-15_15-25-00.png,2024-03-15_15-25-00,1083.75,1084.05,1071.2,1073.65,7968012.0,1079.7,1085.23,1074.16,1072.42,1074.7,1072.3,1073.34,1074.86,1077.05,1077.05,1077.05,152500
ICICIBANK-EQ_2024-03-18_09-15-00.png,2024-03-18_09-15-00,1075.05,1077.4,1070.75,1072.2,327405.0,1079.22,1085.59,1072.84,1073.18,1074.9,1072.95,1073.6,1077.05,1074.86,1074.86,1074.86,91500
ICICIBANK-EQ_2024-03-18_09-20-00.png,2024-03-18_09-20-00,1072.35,1073.55,1072.0,1073.0,105829.0,1078.84,1085.75,1071.93,1073.28,1074.25,1072.6,1073.45,1074.86,1072.67,1072.67,1072.67,92000
ICICIBANK-EQ_2024-03-18_09-25-00.png,2024-03-18_09-25-00,1073.05,1077.45,1073.0,1075.85,224578.0,1078.58,1085.54,1071.62,1073.47,1074.75,1073.3,1073.89,1072.67,1070.48,1070.48,1070.48,92500
ICICIBANK-EQ_2024-03-18_09-30-00.png,2024-03-18_09-30-00,1075.8,1076.95,1072.55,1073.7,90968.0,1078.16,1085.25,1071.08,1073.75,1074.7,1072.85,1073.9,1070.48,1072.67,1072.67,1072.67,93000
ICICIBANK-EQ_2024-03-18_09-35-00.png,2024-03-18_09-35-00,1073.7,1074.45,1071.95,1072.35,109656.0,1077.68,1084.98,1070.39,1074.03,1074.8,1066.15,1070.28,1072.67,1074.86,1074.86,1074.86,93500
ICICIBANK-EQ_2024-03-18_09-40-00.png,2024-03-18_09-40-00,1072.05,1072.8,1071.55,1071.8,44608.0,1077.22,1084.79,1069.65,1070.08,1070.08,1060.4,1066.03,1074.86,1077.05,1077.05,1077.05,94000
ICICIBANK-EQ_2024-03-18_09-45-00.png,2024-03-18_09-45-00,1071.8,1072.55,1070.05,1071.65,61535.0,1076.74,1084.44,1069.04,1067.1,1069.9,1067.1,1068.16,1077.05,1079.24,1079.24,1079.24,94500
ICICIBANK-EQ_2024-03-18_09-50-00.png,2024-03-18_09-50-00,1071.45,1072.95,1070.75,1072.35,75725.0,1076.33,1084.05,1068.61,1067.8,1069.15,1065.8,1067.56,1079.24,1081.43,1081.43,1081.43,95000
ICICIBANK-EQ_2024-03-18_09-55-00.png,2024-03-18_09-55-00,1072.35,1076.75,1072.3,1075.55,122035.0,1076.36,1084.06,1068.65,1067.65,1068.45,1067.05,1067.78,1081.43,1079.24,1079.24,1079.24,95500
ICICIBANK-EQ_2024-03-18_10-00-00.png,2024-03-18_10-00-00,1075.55,1077.05,1075.0,1076.6,86765.0,1076.38,1084.09,1068.67,1067.8,1070.35,1067.35,1068.61,1079.24,1077.05,1077.05,1077.05,100000
ICICIBANK-EQ_2024-03-18_10-05-00.png,2024-03-18_10-05-00,1076.55,1076.55,1073.05,1073.7,70225.0,1076.2,1083.99,1068.42,1068.38,1071.85,1068.38,1070.4,1077.05,1074.86,1074.86,1074.86,100500
ICICIBANK-EQ_2024-03-18_10-10-00.png,2024-03-18_10-10-00,1073.7,1073.7,1071.2,1072.3,72495.0,1075.94,1083.89,1067.99,1070.4,1072.65,1069.75,1071.09,1074.86,1077.05,1077.05,1077.05,101000
ICICIBANK-EQ_2024-03-18_10-15-00.png,2024-03-18_10-15-00,1072.3,1076.0,1072.2,1073.6,97797.0,1075.72,1083.67,1067.77,1070.97,1071.8,1070.35,1070.9,1077.05,1079.24,1079.24,1079.24,101500
ICICIBANK-EQ_2024-03-18_10-20-00.png,2024-03-18_10-20-00,1073.6,1074.35,1072.9,1073.1,107636.0,1075.44,1083.34,1067.54,1070.72,1071.15,1068.8,1070.01,1079.24,1081.43,1081.43,1081.43,102000
ICICIBANK-EQ_2024-03-18_10-25-00.png,2024-03-18_10-25-00,1072.85,1073.45,1072.0,1072.2,96568.0,1074.96,1082.41,1067.52,1070.05,1078.35,1068.55,1072.96,1081.43,1079.24,1079.24,1079.24,102500
ICICIBANK-EQ_2024-03-18_10-30-00.png,2024-03-18_10-30-00,1072.25,1073.45,1071.4,1071.85,51837.0,1074.6,1081.89,1067.3,1072.47,1082.6,1072.47,1078.29,1079.24,1081.43,1081.43,1081.43,103000
ICICIBANK-EQ_2024-03-18_10-35-00.png,2024-03-18_10-35-00,1071.55,1072.8,1071.25,1071.75,30370.0,1074.24,1081.32,1067.15,1077.97,1080.45,1077.2,1079.44,1081.43,1079.24,1079.24,1079.24,103500
ICICIBANK-EQ_2024-03-18_10-40-00.png,2024-03-18_10-40-00,1071.85,1073.4,1071.45,1073.0,38699.0,1073.7,1079.18,1068.21,1080.05,1082.9,1079.0,1080.72,1079.24,1081.43,1081.43,1081.43,104000
ICICIBANK-EQ_2024-03-18_10-45-00.png,2024-03-18_10-45-00,1073.05,1074.7,1072.3,1073.3,37429.0,1073.18,1075.99,1070.36,1080.5,1082.9,1079.45,1081.53,1081.43,1079.24,1079.24,1079.24,104500
ICICIBANK-EQ_2024-03-18_10-50-00.png,2024-03-18_10-50-00,1073.05,1074.9,1072.95,1073.5,71210.0,1073.17,1075.98,1070.36,1081.88,1083.4,1080.6,1081.97,1079.24,1081.43,1081.43,1081.43,105000
ICICIBANK-EQ_2024-03-18_10-55-00.png,2024-03-18_10-55-00,1073.5,1074.25,1072.6,1073.45,147969.0,1073.23,1076.0,1070.46,1081.95,1082.25,1079.2,1080.45,1081.43,1079.24,1079.24,1079.24,105500
ICICIBANK-EQ_2024-03-18_11-00-00.png,2024-03-18_11-00-00,1073.45,1074.75,1073.3,1074.05,68746.0,1073.28,1076.08,1070.49,1080.18,1080.6,1078.0,1079.03,1079.24,1081.43,1081.43,1081.43,110000
ICICIBANK-EQ_2024-03-18_11-05-00.png,2024-03-18_11-05-00,1074.05,1074.7,1072.85,1074.0,68251.0,1073.19,1075.74,1070.64,1078.75,1079.75,1077.65,1078.75,1081.43,1083.62,1083.62,1083.62,110500
ICICIBANK-EQ_2024-03-18_11-10-00.png,2024-03-18_11-10-00,1074.0,1074.8,1066.15,1066.15,191007.0,1072.81,1076.85,1068.78,1078.8,1080.5,1078.6,1079.53,1083.62,1081.43,1081.43,1081.43,111000
ICICIBANK-EQ_2024-03-18_11-15-00.png,2024-03-18_11-15-00,1066.3,1069.5,1060.4,1067.9,524042.0,1072.59,1077.18,1068.0,1079.5,1080.75,1078.6,1079.89,1081.43,1079.24,1079.24,1079.24,111500
ICICIBANK-EQ_2024-03-18_11-20-00.png,2024-03-18_11-20-00,1068.05,1069.9,1067.15,1067.55,272758.0,1072.38,1077.49,1067.27,1080.1,1081.7,1080.1,1080.55,1079.24,1081.43,1081.43,1081.43,112000
ICICIBANK-EQ_2024-03-18_11-25-00.png,2024-03-18_11-25-00,1067.3,1069.15,1065.8,1068.0,192282.0,1072.2,1077.66,1066.73,1080.2,1080.95,1079.7,1080.18,1081.43,1079.24,1079.24,1079.24,112500
ICICIBANK-EQ_2024-03-18_11-30-00.png,2024-03-18_11-30-00,1067.9,1068.45,1067.05,1067.7,117291.0,1071.96,1077.79,1066.14,1080.03,1080.95,1078.5,1079.99,1079.24,1077.05,1077.05,1077.05,113000
ICICIBANK-EQ_2024-03-18_11-35-00.png,2024-03-18_11-35-00,1067.7,1070.35,1067.35,1069.05,71551.0,1071.64,1077.34,1065.93,1080.25,1081.75,1080.0,1080.75,1077.05,1079.24,1079.24,1079.24,113500
ICICIBANK-EQ_2024-03-18_11-40-00.png,2024-03-18_11-40-00,1068.95,1071.85,1068.95,1071.85,46661.0,1071.4,1076.61,1066.19,1080.62,1081.95,1080.15,1080.94,1079.24,1081.43,1081.43,1081.43,114000
ICICIBANK-EQ_2024-03-18_11-45-00.png,2024-03-18_11-45-00,1071.6,1072.65,1069.75,1070.35,61063.0,1071.23,1076.35,1066.12,1080.82,1081.15,1080.6,1080.96,1081.43,1083.62,1083.62,1083.62,114500
ICICIBANK-EQ_2024-03-18_11-50-00.png,2024-03-18_11-50-00,1070.35,1071.8,1070.35,1071.1,49395.0,1071.17,1076.26,1066.08,1081.05,1081.2,1080.15,1080.66,1083.62,1085.81,1085.81,1085.81,115000
ICICIBANK-EQ_2024-03-18_11-55-00.png,2024-03-18_11-55-00,1071.05,1071.15,1068.8,1069.05,41719.0,1070.94,1075.98,1065.91,1080.65,1081.65,1079.65,1080.66,1085.81,1088.0,1088.0,1088.0,115500
ICICIBANK-EQ_2024-03-18_12-00-00.png,2024-03-18_12-00-00,1068.95,1078.35,1068.55,1076.0,281091.0,1071.09,1076.54,1065.64,1080.68,1081.85,1079.2,1080.71,1088.0,1085.81,1085.81,1085.81,120000
ICICIBANK-EQ_2024-03-18_12-05-00.png,2024-03-18_12-05-00,1076.0,1082.6,1074.6,1079.95,251257.0,1071.48,1078.21,1064.74,1080.9,1080.9,1079.45,1080.16,1085.81,1083.62,1083.62,1083.62,120500
ICICIBANK-EQ_2024-03-18_12-10-00.png,2024-03-18_12-10-00,1080.2,1080.45,1077.2,1079.9,67832.0,1071.88,1079.6,1064.16,1080.22,1081.2,1079.3,1080.38,1083.62,1081.43,1081.43,1081.43,121000
ICICIBANK-EQ_2024-03-18_12-15-00.png,2024-03-18_12-15-00,1080.0,1082.9,1079.0,1081.0,143145.0,1072.34,1081.07,1063.62,1080.5,1081.1,1080.3,1080.86,1081.43,1083.62,1083.62,1083.62,121500
ICICIBANK-EQ_2024-03-18_12-20-00.png,2024-03-18_12-20-00,1080.85,1082.9,1079.45,1082.9,102184.0,1072.84,1082.76,1062.91,1081.03,1082.95,1081.0,1081.8,1083.62,1085.81,1085.81,1085.81,122000
ICICIBANK-EQ_2024-03-18_12-25-00.png,2024-03-18_12-25-00,1082.9,1083.4,1080.6,1081.0,52966.0,1073.22,1083.8,1062.65,1081.62,1082.25,1081.2,1081.8,1085.81,1083.62,1083.62,1083.62,122500
ICICIBANK-EQ_2024-03-18_12-30-00.png,2024-03-18_12-30-00,1081.0,1082.25,1079.2,1079.35,91272.0,1073.51,1084.44,1062.59,1081.88,1081.88,1080.3,1081.05,1083.62,1085.81,1085.81,1085.81,123000
ICICIBANK-EQ_2024-03-18_12-35-00.png,2024-03-18_12-35-00,1079.35,1080.6,1078.0,1078.15,67220.0,1073.75,1084.87,1062.63,1081.2,1081.2,1080.35,1080.74,1085.81,1083.62,1083.62,1083.62,123500
ICICIBANK-EQ_2024-03-18_12-40-00.png,2024-03-18_12-40-00,1078.6,1079.75,1077.65,1079.0,81498.0,1074.0,1085.36,1062.63,1080.72,1080.8,1080.0,1080.32,1083.62,1085.81,1085.81,1085.81,124000
ICICIBANK-EQ_2024-03-18_12-45-00.png,2024-03-18_12-45-00,1079.3,1080.5,1078.6,1079.7,73306.0,1074.28,1085.93,1062.63,1080.25,1082.95,1079.95,1081.38,1085.81,1083.62,1083.62,1083.62,124500
ICICIBANK-EQ_2024-03-18_12-50-00.png,2024-03-18_12-50-00,1079.75,1080.75,1078.6,1080.45,29732.0,1075.0,1086.3,1063.7,1081.3,1084.4,1081.3,1083.15,1083.62,1081.43,1081.43,1081.43,125000
ICICIBANK-EQ_2024-03-18_12-55-00.png,2024-03-18_12-55-00,1080.3,1081.7,1080.1,1080.1,49612.0,1075.61,1086.61,1064.61,1083.12,1084.8,1082.4,1083.7,1081.43,1079.24,1079.24,1079.24,125500
ICICIBANK-EQ_2024-03-18_13-00-00.png,2024-03-18_13-00-00,1080.0,1080.95,1079.7,1080.05,45704.0,1076.23,1086.71,1065.75,1083.8,1084.5,1081.8,1083.25,1079.24,1081.43,1081.43,1081.43,130000
ICICIBANK-EQ_2024-03-18_13-05-00.png,2024-03-18_13-05-00,1080.05,1080.95,1078.5,1080.45,55409.0,1076.86,1086.74,1066.97,1083.35,1083.35,1081.7,1082.54,1081.43,1079.24,1079.24,1079.24,130500
ICICIBANK-EQ_2024-03-18_13-10-00.png,2024-03-18_13-10-00,1080.45,1081.75,1080.0,1080.8,36135.0,1077.51,1086.54,1068.48,1082.55,1082.55,1080.8,1081.78,1079.24,1081.43,1081.43,1081.43,131000
ICICIBANK-EQ_2024-03-18_13-15-00.png,2024-03-18_13-15-00,1080.65,1081.95,1080.15,1081.0,42926.0,1078.11,1086.32,1069.89,1081.9,1081.9,1080.1,1080.89,1081.43,1079.24,1079.24,1079.24,131500
ICICIBANK-EQ_2024-03-18_13-20-00.png,2024-03-18_13-20-00,1080.95,1081.15,1080.6,1081.15,32855.0,1078.57,1086.33,1070.81,1080.9,1082.15,1080.2,1080.92,1079.24,1081.43,1081.43,1081.43,132000
ICICIBANK-EQ_2024-03-18_13-25-00.png,2024-03-18_13-25-00,1081.15,1081.2,1080.15,1080.15,47783.0,1079.06,1085.81,1072.31,1080.68,1081.95,1080.25,1081.38,1081.43,1083.62,1083.62,1083.62,132500
ICICIBANK-EQ_2024-03-18_13-30-00.png,2024-03-18_13-30-00,1080.05,1081.65,1079.65,1081.3,45907.0,1079.57,1085.24,1073.9,1081.65,1082.4,1079.0,1081.34,1083.62,1081.43,1081.43,1081.43,133000
ICICIBANK-EQ_2024-03-18_13-35-00.png,2024-03-18_13-35-00,1081.3,1081.85,1079.2,1080.5,53518.0,1080.14,1082.91,1077.38,1081.97,1082.85,1080.15,1081.55,1081.43,1083.62,1083.62,1083.62,133500
ICICIBANK-EQ_2024-03-18_13-40-00.png,2024-03-18_13-40-00,1080.45,1080.75,1079.45,1080.0,34919.0,1080.34,1082.31,1078.38,1081.6,1082.45,1080.1,1080.99,1083.62,1085.81,1085.81,1085.81,134000
ICICIBANK-EQ_2024-03-18_13-45-00.png,2024-03-18_13-45-00,1080.0,1081.2,1079.3,1081.0,49606.0,1080.4,1082.37,1078.42,1080.7,1081.4,1080.65,1080.95,1085.81,1083.62,1083.62,1083.62,134500
ICICIBANK-EQ_2024-03-18_13-50-00.png,2024-03-18_13-50-00,1081.0,1081.1,1080.3,1081.05,47067.0,1080.46,1082.44,1078.47,1080.88,1082.1,1080.88,1081.54,1083.62,1081.43,1081.43,1081.43,135000
ICICIBANK-EQ_2024-03-18_13-55-00.png,2024-03-18_13-55-00,1081.0,1082.95,1081.0,1082.25,93386.0,1080.52,1082.64,1078.39,1081.55,1081.55,1075.25,1078.56,1081.43,1083.62,1083.62,1083.62,135500
ICICIBANK-EQ_2024-03-18_14-00-00.png,2024-03-18_14-00-00,1082.25,1082.25,1081.2,1081.5,59483.0,1080.45,1082.32,1078.57,1078.9,1082.35,1078.9,1080.62,1083.62,1081.43,1081.43,1081.43,140000
ICICIBANK-EQ_2024-03-18_14-05-00.png,2024-03-18_14-05-00,1081.45,1081.5,1080.3,1080.95,53968.0,1080.45,1082.32,1078.57,1080.4,1083.15,1080.4,1081.6,1081.43,1083.62,1083.62,1083.62,140500
ICICIBANK-EQ_2024-03-18_14-10-00.png,2024-03-18_14-10-00,1080.9,1081.15,1080.35,1080.55,71865.0,1080.51,1082.3,1078.71,1081.28,1083.55,1081.2,1081.88,1083.62,1081.43,1081.43,1081.43,141000
ICICIBANK-EQ_2024-03-18_14-15-00.png,2024-03-18_14-15-00,1080.45,1080.8,1080.0,1080.05,60969.0,1080.6,1082.04,1079.16,1081.38,1083.5,1081.38,1082.34,1081.43,1079.24,1079.24,1079.24,141500
ICICIBANK-EQ_2024-03-18_14-20-00.png,2024-03-18_14-20-00,1080.05,1082.95,1079.95,1082.55,123198.0,1080.78,1082.26,1079.29,1082.15,1082.8,1081.35,1082.2,1079.24,1077.05,1077.05,1077.05,142000
ICICIBANK-EQ_2024-03-18_14-25-00.png,2024-03-18_14-25-00,1082.6,1084.4,1081.95,1083.65,200841.0,1080.97,1082.85,1079.1,1082.32,1082.32,1080.0,1081.25,1077.05,1074.86,1074.86,1074.86,142500
ICICIBANK-EQ_2024-03-18_14-30-00.png,2024-03-18_14-30-00,1083.7,1084.8,1082.4,1083.9,144194.0,1081.15,1083.42,1078.88,1081.53,1083.4,1080.85,1081.96,1074.86,1072.67,1072.67,1072.67,143000
ICICIBANK-EQ_2024-03-18_14-35-00.png,2024-03-18_14-35-00,1083.9,1084.5,1081.8,1082.8,148442.0,1081.28,1083.61,1078.96,1081.8,1082.55,1080.0,1081.31,1072.67,1070.48,1070.48,1070.48,143500
ICICIBANK-EQ_2024-03-18_14-40-00.png,2024-03-18_14-40-00,1082.7,1083.35,1081.7,1082.4,137645.0,1081.4,1083.7,1079.1,1081.35,1081.75,1080.05,1080.93,1070.48,1072.67,1072.67,1072.67,144000
ICICIBANK-EQ_2024-03-18_14-45-00.png,2024-03-18_14-45-00,1082.4,1082.5,1080.8,1081.4,119060.0,1081.45,1083.71,1079.19,1080.95,1082.0,1080.0,1080.89,1072.67,1070.48,1070.48,1070.48,144500
ICICIBANK-EQ_2024-03-18_14-50-00.png,2024-03-18_14-50-00,1081.4,1081.65,1080.1,1080.4,111623.0,1081.43,1083.72,1079.14,1080.78,1081.75,1079.55,1080.79,1070.48,1072.67,1072.67,1072.67,145000
ICICIBANK-EQ_2024-03-18_14-55-00.png,2024-03-18_14-55-00,1080.4,1082.15,1080.2,1080.95,244830.0,1081.42,1083.72,1079.13,1080.92,1082.2,1080.92,1081.86,1072.67,1074.86,1074.86,1074.86,145500
ICICIBANK-EQ_2024-03-18_15-00-00.png,2024-03-18_15-00-00,1081.45,1081.95,1080.25,1081.85,229426.0,1081.46,1083.76,1079.16,1081.95,1082.3,1081.2,1081.65,1074.86,1072.67,1072.67,1072.67,150000
ICICIBANK-EQ_2024-03-18_15-05-00.png,2024-03-18_15-05-00,1081.8,1082.4,1079.0,1082.15,426046.0,1081.56,1083.79,1079.33,1081.55,1082.35,1081.0,1081.56,1072.67,1070.48,1070.48,1070.48,150500
ICICIBANK-EQ_2024-03-18_15-10-00.png,2024-03-18_15-10-00,1082.0,1082.85,1080.15,1081.2,260122.0,1081.55,1083.79,1079.32,1081.45,1088.15,1080.55,1083.85,1070.48,1068.29,1068.29,1068.29,151000
ICICIBANK-EQ_2024-03-18_15-15-00.png,2024-03-18_15-15-00,1080.8,1082.45,1080.1,1080.6,228483.0,1081.56,1083.78,1079.34,1083.35,1085.95,1083.35,1085.11,1068.29,1070.48,1070.48,1070.48,151500
ICICIBANK-EQ_2024-03-18_15-20-00.png,2024-03-18_15-20-00,1080.75,1081.4,1080.65,1081.0,223173.0,1081.61,1083.73,1079.49,1085.45,1085.75,1083.5,1084.68,1070.48,1072.67,1072.67,1072.67,152000
ICICIBANK-EQ_2024-03-18_15-25-00.png,2024-03-18_15-25-00,1081.0,1082.1,1080.95,1082.1,214336.0,1081.66,1083.77,1079.56,1084.72,1084.72,1083.45,1084.16,1072.67,1070.48,1070.48,1070.48,152500
ICICIBANK-EQ_2024-03-19_09-15-00.png,2024-03-19_09-15-00,1078.45,1081.2,1075.25,1079.35,302813.0,1081.58,1083.92,1079.24,1084.25,1086.9,1084.25,1085.55,1070.48,1072.67,1072.67,1072.67,91500
ICICIBANK-EQ_2024-03-19_09-20-00.png,2024-03-19_09-20-00,1079.35,1082.35,1079.35,1081.45,138251.0,1081.54,1083.86,1079.22,1085.5,1086.65,1084.75,1085.73,1072.67,1074.86,1074.86,1074.86,92000
ICICIBANK-EQ_2024-03-19_09-25-00.png,2024-03-19_09-25-00,1081.25,1083.15,1080.7,1081.3,96703.0,1081.53,1083.85,1079.21,1085.75,1085.9,1084.5,1085.06,1074.86,1072.67,1072.67,1072.67,92500
ICICIBANK-EQ_2024-03-19_09-30-00.png,2024-03-19_09-30-00,1081.2,1083.55,1081.2,1081.55,186264.0,1081.56,1083.86,1079.26,1084.92,1086.4,1084.55,1085.41,1072.67,1074.86,1074.86,1074.86,93000
ICICIBANK-EQ_2024-03-19_09-35-00.png,2024-03-19_09-35-00,1081.55,1083.5,1081.55,1082.75,122731.0,1081.67,1083.98,1079.36,1085.35,1086.15,1082.35,1084.19,1074.86,1077.05,1077.05,1077.05,93500
ICICIBANK-EQ_2024-03-19_09-40-00.png,2024-03-19_09-40-00,1082.7,1082.8,1081.35,1081.95,69888.0,1081.76,1083.95,1079.58,1084.12,1085.25,1082.05,1083.64,1077.05,1074.86,1074.86,1074.86,94000
ICICIBANK-EQ_2024-03-19_09-45-00.png,2024-03-19_09-45-00,1081.95,1081.95,1080.0,1081.1,52862.0,1081.69,1083.86,1079.53,1083.62,1086.0,1083.62,1085.05,1074.86,1072.67,1072.67,1072.67,94500
ICICIBANK-EQ_2024-03-19_09-50-00.png,2024-03-19_09-50-00,1081.2,1083.4,1080.85,1082.4,66385.0,1081.63,1083.62,1079.64,1084.85,1085.75,1084.5,1084.91,1072.67,1074.86,1074.86,1074.86,95000
ICICIBANK-EQ_2024-03-19_09-55-00.png,2024-03-19_09-55-00,1082.4,1082.55,1080.0,1080.3,76288.0,1081.45,1083.22,1079.68,1084.7,1085.25,1084.55,1084.85,1074.86,1077.05,1077.05,1077.05,95500
ICICIBANK-EQ_2024-03-19_10-00-00.png,2024-03-19_10-00-00,1080.25,1081.75,1080.05,1081.65,70953.0,1081.39,1083.05,1079.74,1084.8,1085.05,1084.1,1084.49,1077.05,1074.86,1074.86,1074.86,100000
ICICIBANK-EQ_2024-03-19_10-05-00.png,2024-03-19_10-05-00,1081.55,1082.0,1080.0,1080.0,95426.0,1081.27,1082.97,1079.58,1084.4,1084.9,1083.4,1084.12,1074.86,1077.05,1077.05,1077.05,100500
ICICIBANK-EQ_2024-03-19_10-10-00.png,2024-03-19_10-10-00,1080.1,1081.75,1079.55,1081.75,82222.0,1081.29,1083.0,1079.58,1084.1,1084.95,1083.75,1084.35,1077.05,1074.86,1074.86,1074.86,101000
ICICIBANK-EQ_2024-03-19_10-15-00.png,2024-03-19_10-15-00,1081.9,1082.2,1081.35,1082.0,131299.0,1081.37,1083.05,1079.69,1084.35,1085.2,1084.35,1084.75,1074.86,1077.05,1077.05,1077.05,101500
ICICIBANK-EQ_2024-03-19_10-20-00.png,2024-03-19_10-20-00,1081.55,1082.3,1081.2,1081.55,131518.0,1081.4,1083.07,1079.73,1084.65,1084.7,1081.85,1083.29,1077.05,1079.24,1079.24,1079.24,102000
ICICIBANK-EQ_2024-03-19_10-25-00.png,2024-03-19_10-25-00,1081.55,1082.35,1081.0,1081.35,71799.0,1081.38,1083.03,1079.72,1083.3,1083.3,1080.5,1081.6,1079.24,1077.05,1077.05,1077.05,102500
ICICIBANK-EQ_2024-03-19_10-30-00.png,2024-03-19_10-30-00,1081.3,1088.15,1080.55,1085.4,398699.0,1081.54,1083.97,1079.1,1081.65,1081.9,1080.0,1080.78,1077.05,1079.24,1079.24,1079.24,103000
ICICIBANK-EQ_2024-03-19_10-35-00.png,2024-03-19_10-35-00,1085.4,1085.95,1083.6,1085.5,200510.0,1081.75,1084.75,1078.75,1080.6,1080.9,1079.85,1080.31,1079.24,1081.43,1081.43,1081.43,103500
ICICIBANK-EQ_2024-03-19_10-40-00.png,2024-03-19_10-40-00,1085.5,1085.75,1083.5,1083.95,171826.0,1081.92,1085.02,1078.82,1080.25,1081.65,1080.2,1080.79,1081.43,1083.62,1083.62,1083.62,104000
ICICIBANK-EQ_2024-03-19_10-45-00.png,2024-03-19_10-45-00,1083.95,1084.7,1083.45,1084.55,195448.0,1082.1,1085.38,1078.81,1080.65,1080.95,1080.0,1080.44,1083.62,1085.81,1085.81,1085.81,104500
ICICIBANK-EQ_2024-03-19_10-50-00.png,2024-03-19_10-50-00,1084.55,1086.9,1084.3,1086.45,362412.0,1082.32,1086.13,1078.5,1080.4,1080.4,1079.6,1079.89,1085.81,1083.62,1083.62,1083.62,105000
ICICIBANK-EQ_2024-03-19_10-55-00.png,2024-03-19_10-55-00,1086.45,1086.65,1084.75,1085.05,492888.0,1082.6,1086.33,1078.87,1079.88,1080.2,1079.55,1079.84,1083.62,1085.81,1085.81,1085.81,105500
ICICIBANK-EQ_2024-03-19_11-00-00.png,2024-03-19_11-00-00,1085.05,1085.9,1084.5,1084.8,250935.0,1082.77,1086.58,1078.95,1079.8,1080.15,1079.65,1079.85,1085.81,1083.62,1083.62,1083.62,110000
ICICIBANK-EQ_2024-03-19_11-05-00.png,2024-03-19_11-05-00,1084.8,1086.4,1084.55,1085.9,277905.0,1083.0,1086.99,1079.0,1079.8,1080.0,1079.7,1079.9,1083.62,1085.81,1085.81,1085.81,110500
ICICIBANK-EQ_2024-03-19_11-10-00.png,2024-03-19_11-10-00,1085.9,1086.15,1082.35,1082.35,191178.0,1083.04,1086.99,1079.09,1079.95,1080.9,1079.65,1080.08,1085.81,1088.0,1088.0,1088.0,111000
ICICIBANK-EQ_2024-03-19_11-15-00.png,2024-03-19_11-15-00,1082.15,1085.25,1082.05,1085.1,207654.0,1083.16,1087.21,1079.1,1079.88,1081.5,1079.75,1080.58,1088.0,1085.81,1085.81,1085.81,111500
ICICIBANK-EQ_2024-03-19_11-20-00.png,2024-03-19_11-20-00,1085.1,1086.0,1084.5,1084.6,283121.0,1083.29,1087.35,1079.23,1080.53,1081.25,1079.6,1080.35,1085.81,1088.0,1088.0,1088.0,112000
ICICIBANK-EQ_2024-03-19_11-25-00.png,2024-03-19_11-25-00,1084.5,1085.75,1084.5,1084.9,205218.0,1083.48,1087.46,1079.49,1080.28,1080.28,1079.05,1079.56,1088.0,1085.81,1085.81,1085.81,112500
ICICIBANK-EQ_2024-03-19_11-30-00.png,2024-03-19_11-30-00,1085.0,1085.25,1084.55,1084.6,183496.0,1083.59,1087.57,1079.61,1079.6,1080.0,1079.25,1079.62,1085.81,1083.62,1083.62,1083.62,113000
ICICIBANK-EQ_2024-03-19_11-35-00.png,2024-03-19_11-35-00,1084.55,1085.05,1084.1,1084.25,299955.0,1083.78,1087.46,1080.11,1079.62,1080.2,1079.6,1079.88,1083.62,1081.43,1081.43,1081.43,113500
ICICIBANK-EQ_2024-03-19_11-40-00.png,2024-03-19_11-40-00,1084.1,1084.9,1083.4,1084.1,156787.0,1083.91,1087.44,1080.37,1079.85,1080.2,1079.75,1079.96,1081.43,1083.62,1083.62,1083.62,114000
ICICIBANK-EQ_2024-03-19_11-45-00.png,2024-03-19_11-45-00,1083.75,1084.95,1083.75,1084.95,151586.0,1084.16,1087.2,1081.11,1079.95,1080.0,1079.6,1079.84,1083.62,1081.43,1081.43,1081.43,114500
ICICIBANK-EQ_2024-03-19_11-50-00.png,2024-03-19_11-50-00,1084.6,1085.2,1084.5,1084.7,156160.0,1084.3,1087.13,1081.47,1079.88,1080.05,1079.25,1079.75,1081.43,1083.62,1083.62,1083.62,115000
ICICIBANK-EQ_2024-03-19_11-55-00.png,2024-03-19_11-55-00,1084.55,1084.7,1081.85,1082.05,86771.0,1084.3,1087.12,1081.49,1079.85,1082.25,1079.5,1080.74,1083.62,1085.81,1085.81,1085.81,115500
ICICIBANK-EQ_2024-03-19_12-00-00.png,2024-03-19_12-00-00,1082.0,1082.6,1080.5,1081.3,103576.0,1084.29,1087.17,1081.42,1080.6,1081.75,1080.6,1081.42,1085.81,1083.62,1083.62,1083.62,120000
ICICIBANK-EQ_2024-03-19_12-05-00.png,2024-03-19_12-05-00,1081.2,1081.9,1080.0,1080.0,92825.0,1084.22,1087.43,1081.02,1081.45,1081.75,1080.9,1081.39,1083.62,1085.81,1085.81,1085.81,120500
ICICIBANK-EQ_2024-03-19_12-10-00.png,2024-03-19_12-10-00,1080.0,1080.9,1079.85,1080.5,80295.0,1083.98,1087.54,1080.42,1081.45,1081.65,1080.4,1081.04,1085.81,1083.62,1083.62,1083.62,121000
ICICIBANK-EQ_2024-03-19_12-15-00.png,2024-03-19_12-15-00,1080.5,1081.65,1080.2,1080.8,77476.0,1083.75,1087.5,1079.99,1081.05,1081.05,1080.05,1080.46,1083.62,1085.81,1085.81,1085.81,121500
ICICIBANK-EQ_2024-03-19_12-20-00.png,2024-03-19_12-20-00,1080.75,1080.95,1080.0,1080.05,90039.0,1083.55,1087.65,1079.45,1080.38,1081.0,1079.95,1080.41,1085.81,1083.62,1083.62,1083.62,122000
ICICIBANK-EQ_2024-03-19_12-25-00.png,2024-03-19_12-25-00,1080.0,1080.2,1079.6,1079.75,56804.0,1083.31,1087.71,1078.91,1080.35,1080.8,1078.35,1080.11,1083.62,1085.81,1085.81,1085.81,122500
ICICIBANK-EQ_2024-03-19_12-30-00.png,2024-03-19_12-30-00,1079.7,1080.2,1079.55,1079.9,46346.0,1082.98,1087.37,1078.59,1080.65,1080.85,1079.65,1080.21,1085.81,1083.62,1083.62,1083.62,123000
ICICIBANK-EQ_2024-03-19_12-35-00.png,2024-03-19_12-35-00,1079.8,1080.15,1079.65,1079.8,38138.0,1082.72,1087.22,1078.22,1080.18,1080.45,1078.9,1079.56,1083.62,1085.81,1085.81,1085.81,123500
ICICIBANK-EQ_2024-03-19_12-40-00.png,2024-03-19_12-40-00,1079.9,1080.0,1079.7,1080.0,48142.0,1082.48,1087.02,1077.94,1079.45,1079.45,1077.75,1078.74,1085.81,1083.62,1083.62,1083.62,124000
ICICIBANK-EQ_2024-03-19_12-45-00.png,2024-03-19_12-45-00,1079.9,1080.9,1079.65,1079.85,104856.0,1082.18,1086.56,1077.79,1078.88,1080.75,1078.6,1079.45,1083.62,1085.81,1085.81,1085.81,124500
ICICIBANK-EQ_2024-03-19_12-50-00.png,2024-03-19_12-50-00,1079.9,1081.5,1079.75,1081.15,44636.0,1082.12,1086.53,1077.71,1079.22,1080.9,1079.05,1079.72,1085.81,1088.0,1088.0,1088.0,125000
ICICIBANK-EQ_2024-03-19_12-55-00.png,2024-03-19_12-55-00,1080.75,1081.25,1079.6,1079.8,62425.0,1081.85,1086.14,1077.56,1079.47,1080.85,1079.15,1080.0,1088.0,1090.19,1090.19,1090.19,125500
ICICIBANK-EQ_2024-03-19_13-00-00.png,2024-03-19_13-00-00,1079.7,1080.0,1079.05,1079.5,34341.0,1081.6,1085.81,1077.39,1080.0,1081.25,1079.1,1080.36,1090.19,1092.37,1092.37,1092.37,130000
ICICIBANK-EQ_2024-03-19_13-05-00.png,2024-03-19_13-05-00,1079.5,1080.0,1079.25,1079.75,31195.0,1081.34,1085.32,1077.36,1080.55,1080.9,1079.25,1080.11,1092.37,1094.56,1094.56,1094.56,130500
ICICIBANK-EQ_2024-03-19_13-10-00.png,2024-03-19_13-10-00,1079.75,1080.2,1079.6,1079.95,90103.0,1081.11,1084.82,1077.39,1080.15,1081.55,1079.75,1080.51,1094.56,1096.75,1096.75,1096.75,131000
ICICIBANK-EQ_2024-03-19_13-15-00.png,2024-03-19_13-15-00,1079.95,1080.2,1079.75,1079.95,72013.0,1080.89,1084.33,1077.46,1080.38,1081.15,1078.1,1079.61,1096.75,1098.94,1098.94,1098.94,131500
ICICIBANK-EQ_2024-03-19_13-20-00.png,2024-03-19_13-20-00,1079.8,1080.0,1079.6,1079.95,36655.0,1080.68,1083.79,1077.58,1079.6,1081.35,1078.05,1079.58,1098.94,1096.75,1096.75,1096.75,132000
ICICIBANK-EQ_2024-03-19_13-25-00.png,2024-03-19_13-25-00,1079.85,1080.05,1079.25,1079.85,70623.0,1080.43,1082.81,1078.05,1079.45,1084.8,1079.45,1082.43,1096.75,1094.56,1094.56,1094.56,132500
ICICIBANK-EQ_2024-03-19_13-30-00.png,2024-03-19_13-30-00,1079.85,1082.25,1079.5,1081.35,273238.0,1080.26,1081.64,1078.88,1082.38,1086.0,1082.38,1084.89,1094.56,1092.37,1092.37,1092.37,133000
ICICIBANK-EQ_2024-03-19_13-35-00.png,2024-03-19_13-35-00,1081.4,1081.75,1081.05,1081.5,49523.0,1080.24,1081.48,1078.99,1084.75,1085.0,1083.55,1084.6,1092.37,1090.19,1090.19,1090.19,133500
ICICIBANK-EQ_2024-03-19_13-40-00.png,2024-03-19_13-40-00,1081.4,1081.75,1080.9,1081.5,48898.0,1080.24,1081.53,1078.96,1084.93,1085.3,1083.65,1084.34,1090.19,1092.37,1092.37,1092.37,134000
ICICIBANK-EQ_2024-03-19_13-45-00.png,2024-03-19_13-45-00,1081.4,1081.65,1080.4,1080.7,54645.0,1080.28,1081.58,1078.98,1084.2,1084.2,1082.5,1083.16,1092.37,1094.56,1094.56,1094.56,134500
ICICIBANK-EQ_2024-03-19_13-50-00.png,2024-03-19_13-50-00,1080.5,1081.05,1080.05,1080.25,55224.0,1080.27,1081.56,1078.98,1083.18,1083.18,1081.25,1082.04,1094.56,1096.75,1096.75,1096.75,135000
ICICIBANK-EQ_2024-03-19_13-55-00.png,2024-03-19_13-55-00,1080.2,1081.0,1079.95,1080.5,66032.0,1080.25,1081.53,1078.98,1082.03,1082.95,1079.65,1081.18,1096.75,1094.56,1094.56,1094.56,135500
ICICIBANK-EQ_2024-03-19_14-00-00.png,2024-03-19_14-00-00,1080.5,1080.8,1078.35,1080.8,292004.0,1080.29,1081.58,1079.0,1081.05,1085.6,1081.05,1083.62,1094.56,1092.37,1092.37,1092.37,140000
ICICIBANK-EQ_2024-03-19_14-05-00.png,2024-03-19_14-05-00,1080.45,1080.85,1079.65,1079.9,78431.0,1080.3,1081.58,1079.02,1083.5,1085.4,1081.25,1083.99,1092.37,1094.56,1094.56,1094.56,140500
ICICIBANK-EQ_2024-03-19_14-10-00.png,2024-03-19_14-10-00,1079.85,1080.45,1078.9,1079.05,159660.0,1080.25,1081.64,1078.87,1084.65,1084.65,1081.6,1083.51,1094.56,1092.37,1092.37,1092.37,141000
ICICIBANK-EQ_2024-03-19_14-15-00.png,2024-03-19_14-15-00,1079.0,1079.45,1077.75,1078.75,234031.0,1080.2,1081.73,1078.67,1083.92,1083.92,1082.5,1083.09,1092.37,1090.19,1090.19,1090.19,141500
ICICIBANK-EQ_2024-03-19_14-20-00.png,2024-03-19_14-20-00,1078.75,1080.75,1078.6,1079.7,110879.0,1080.19,1081.73,1078.64,1083.12,1083.5,1082.35,1082.81,1090.19,1088.0,1088.0,1088.0,142000
ICICIBANK-EQ_2024-03-19_14-25-00.png,2024-03-19_14-25-00,1079.55,1080.9,1079.05,1079.4,122645.0,1080.16,1081.74,1078.59,1082.7,1083.85,1080.6,1082.25,1088.0,1085.81,1085.81,1085.81,142500
ICICIBANK-EQ_2024-03-19_14-30-00.png,2024-03-19_14-30-00,1079.4,1080.85,1079.15,1080.6,150706.0,1080.14,1081.66,1078.61,1082.28,1082.95,1080.15,1081.34,1085.81,1088.0,1088.0,1088.0,143000
ICICIBANK-EQ_2024-03-19_14-35-00.png,2024-03-19_14-35-00,1080.6,1081.25,1079.1,1080.5,361949.0,1080.17,1081.7,1078.65,1081.12,1081.12,1077.45,1079.32,1088.0,1090.19,1090.19,1090.19,143500
ICICIBANK-EQ_2024-03-19_14-40-00.png,2024-03-19_14-40-00,1080.5,1080.9,1079.25,1079.8,339674.0,1080.19,1081.69,1078.68,1079.53,1079.53,1075.0,1077.09,1090.19,1088.0,1088.0,1088.0,144000
ICICIBANK-EQ_2024-03-19_14-45-00.png,2024-03-19_14-45-00,1079.8,1081.55,1079.75,1080.95,279440.0,1080.25,1081.77,1078.72,1077.32,1077.32,1073.3,1075.03,1088.0,1085.81,1085.81,1085.81,144500
ICICIBANK-EQ_2024-03-19_14-50-00.png,2024-03-19_14-50-00,1081.05,1081.15,1078.1,1078.15,787239.0,1080.16,1081.95,1078.37,1075.18,1075.18,1070.3,1072.52,1085.81,1088.0,1088.0,1088.0,145000
ICICIBANK-EQ_2024-03-19_14-55-00.png,2024-03-19_14-55-00,1078.4,1081.35,1078.05,1080.5,753526.0,1080.18,1081.98,1078.39,1072.5,1073.2,1070.0,1071.72,1088.0,1085.81,1085.81,1085.81,145500
ICICIBANK-EQ_2024-03-19_15-00-00.png,2024-03-19_15-00-00,1080.5,1084.8,1080.15,1084.25,1252527.0,1080.4,1082.95,1077.85,1071.85,1073.1,1071.05,1072.26,1085.81,1088.0,1088.0,1088.0,150000
ICICIBANK-EQ_2024-03-19_15-05-00.png,2024-03-19_15-05-00,1084.35,1086.0,1084.05,1085.15,1144248.0,1080.66,1083.96,1077.37,1072.45,1073.95,1071.05,1072.29,1088.0,1090.19,1090.19,1090.19,150500
ICICIBANK-EQ_2024-03-19_15-10-00.png,2024-03-19_15-10-00,1084.9,1085.0,1083.55,1084.95,985559.0,1080.84,1084.65,1077.04,1072.08,1074.2,1071.0,1072.41,1090.19,1088.0,1088.0,1088.0,151000
ICICIBANK-EQ_2024-03-19_15-15-00.png,2024-03-19_15-15-00,1084.7,1085.3,1083.65,1083.7,805734.0,1080.96,1084.96,1076.95,1072.22,1075.9,1072.22,1074.25,1088.0,1085.81,1085.81,1085.81,151500
ICICIBANK-EQ_2024-03-19_15-20-00.png,2024-03-19_15-20-00,1083.75,1083.8,1082.5,1082.6,566110.0,1081.01,1085.08,1076.94,1074.15,1076.45,1068.05,1072.68,1085.81,1083.62,1083.62,1083.62,152000
ICICIBANK-EQ_2024-03-19_15-25-00.png,2024-03-19_15-25-00,1082.6,1082.85,1081.25,1081.45,527078.0,1081.05,1085.12,1076.97,1073.1,1073.1,1069.95,1071.2,1083.62,1085.81,1085.81,1085.81,152500
ICICIBANK-EQ_2024-03-20_09-15-00.png,2024-03-20_09-15-00,1080.0,1082.95,1079.65,1082.1,335259.0,1081.14,1085.22,1077.06,1071.07,1075.0,1071.07,1073.22,1085.81,1083.62,1083.62,1083.62,91500
ICICIBANK-EQ_2024-03-20_09-20-00.png,2024-03-20_09-20-00,1082.05,1085.6,1081.9,1084.95,237433.0,1081.36,1085.77,1076.96,1073.1,1078.6,1071.7,1075.29,1083.62,1081.43,1081.43,1081.43,92000
ICICIBANK-EQ_2024-03-20_09-25-00.png,2024-03-20_09-25-00,1085.05,1085.4,1081.25,1084.25,206181.0,1081.54,1086.12,1076.95,1075.43,1078.95,1075.43,1077.01,1081.43,1083.62,1083.62,1083.62,92500
ICICIBANK-EQ_2024-03-20_09-30-00.png,2024-03-20_09-30-00,1084.35,1084.6,1081.6,1083.5,143656.0,1081.71,1086.31,1077.12,1076.68,1077.15,1075.2,1076.46,1083.62,1081.43,1081.43,1081.43,93000
ICICIBANK-EQ_2024-03-20_09-35-00.png,2024-03-20_09-35-00,1083.4,1083.6,1082.5,1082.85,95742.0,1081.9,1086.35,1077.46,1076.75,1077.3,1074.85,1076.21,1081.43,1079.24,1079.24,1079.24,93500
ICICIBANK-EQ_2024-03-20_09-40-00.png,2024-03-20_09-40-00,1082.7,1083.5,1082.35,1082.7,122029.0,1082.1,1086.3,1077.91,1076.35,1077.8,1075.3,1076.56,1079.24,1081.43,1081.43,1081.43,94000
ICICIBANK-EQ_2024-03-20_09-45-00.png,2024-03-20_09-45-00,1082.7,1083.85,1080.6,1081.85,690293.0,1082.21,1086.25,1078.17,1076.58,1077.55,1074.5,1076.35,1081.43,1083.62,1083.62,1083.62,94500
ICICIBANK-EQ_2024-03-20_09-50-00.png,2024-03-20_09-50-00,1081.8,1082.95,1080.15,1080.45,127179.0,1082.26,1086.18,1078.35,1076.68,1077.85,1075.8,1076.79,1083.62,1081.43,1081.43,1081.43,95000
ICICIBANK-EQ_2024-03-20_09-55-00.png,2024-03-20_09-55-00,1080.45,1080.8,1077.45,1078.6,232668.0,1082.16,1086.35,1077.98,1076.75,1077.6,1076.0,1076.69,1081.43,1083.62,1083.62,1083.62,95500
ICICIBANK-EQ_2024-03-20_10-00-00.png,2024-03-20_10-00-00,1078.2,1078.7,1075.0,1076.45,226871.0,1081.96,1086.82,1077.1,1076.57,1077.0,1075.25,1075.9,1083.62,1085.81,1085.81,1085.81,100000
ICICIBANK-EQ_2024-03-20_10-05-00.png,2024-03-20_10-05-00,1076.4,1076.45,1073.3,1073.95,232594.0,1081.67,1087.65,1075.68,1075.68,1079.8,1075.1,1077.51,1085.81,1083.62,1083.62,1083.62,100500
ICICIBANK-EQ_2024-03-20_10-10-00.png,2024-03-20_10-10-00,1073.8,1074.8,1070.3,1071.2,202463.0,1081.18,1088.78,1073.58,1077.57,1081.25,1077.57,1080.11,1083.62,1081.43,1081.43,1081.43,101000
ICICIBANK-EQ_2024-03-20_10-15-00.png,2024-03-20_10-15-00,1071.05,1073.2,1070.0,1072.65,227029.0,1080.91,1089.32,1072.49,1080.1,1082.25,1080.0,1081.18,1081.43,1079.24,1079.24,1079.24,101500
ICICIBANK-EQ_2024-03-20_10-20-00.png,2024-03-20_10-20-00,1072.65,1073.1,1071.05,1072.25,444016.0,1080.49,1089.76,1071.23,1081.22,1082.55,1081.1,1081.92,1079.24,1081.43,1081.43,1081.43,102000
ICICIBANK-EQ_2024-03-20_10-25-00.png,2024-03-20_10-25-00,1072.25,1073.95,1071.05,1071.9,357432.0,1079.88,1089.71,1070.04,1082.03,1082.2,1081.05,1081.74,1081.43,1079.24,1079.24,1079.24,102500
ICICIBANK-EQ_2024-03-20_10-30-00.png,2024-03-20_10-30-00,1071.7,1074.2,1071.0,1072.75,228388.0,1079.25,1089.26,1069.25,1081.85,1083.4,1081.25,1082.41,1079.24,1081.43,1081.43,1081.43,103000
ICICIBANK-EQ_2024-03-20_10-35-00.png,2024-03-20_10-35-00,1072.8,1075.9,1072.8,1075.5,182983.0,1078.78,1088.54,1069.02,1082.5,1083.55,1082.1,1082.91,1081.43,1083.62,1083.62,1083.62,103500
ICICIBANK-EQ_2024-03-20_10-40-00.png,2024-03-20_10-40-00,1075.8,1076.45,1068.05,1070.4,548106.0,1078.12,1088.27,1067.97,1083.0,1085.85,1082.0,1083.31,1083.62,1085.81,1085.81,1085.81,104000
ICICIBANK-EQ_2024-03-20_10-45-00.png,2024-03-20_10-45-00,1070.3,1072.7,1069.95,1071.85,138366.0,1077.58,1087.87,1067.29,1082.7,1084.95,1082.35,1083.58,1085.81,1088.0,1088.0,1088.0,104500
ICICIBANK-EQ_2024-03-20_10-50-00.png,2024-03-20_10-50-00,1071.85,1075.0,1071.7,1074.35,618521.0,1077.22,1087.44,1067.01,1083.5,1085.25,1081.7,1083.35,1088.0,1085.81,1085.81,1085.81,105000
ICICIBANK-EQ_2024-03-20_10-55-00.png,2024-03-20_10-55-00,1074.4,1078.6,1071.7,1076.45,445328.0,1076.94,1086.9,1066.98,1083.22,1083.4,1081.6,1082.5,1085.81,1083.62,1083.62,1083.62,105500
ICICIBANK-EQ_2024-03-20_11-00-00.png,2024-03-20_11-00-00,1076.85,1078.95,1075.75,1076.5,166004.0,1076.52,1085.74,1067.3,1082.5,1084.25,1082.5,1083.6,1083.62,1081.43,1081.43,1081.43,110000
ICICIBANK-EQ_2024-03-20_11-05-00.png,2024-03-20_11-05-00,1076.5,1077.15,1075.2,1077.0,57677.0,1076.16,1084.64,1067.68,1083.53,1085.25,1083.0,1083.88,1081.43,1083.62,1083.62,1083.62,110500
ICICIBANK-EQ_2024-03-20_11-10-00.png,2024-03-20_11-10-00,1077.0,1077.3,1074.85,1075.7,111750.0,1075.77,1083.51,1068.03,1083.62,1084.5,1083.0,1083.79,1083.62,1085.81,1085.81,1085.81,111000
ICICIBANK-EQ_2024-03-20_11-15-00.png,2024-03-20_11-15-00,1075.65,1077.8,1075.3,1077.5,103342.0,1075.5,1082.55,1068.45,1083.82,1084.1,1082.5,1083.55,1085.81,1088.0,1088.0,1088.0,111500
ICICIBANK-EQ_2024-03-20_11-20-00.png,2024-03-20_11-20-00,1077.55,1077.55,1074.5,1075.8,55575.0,1075.16,1081.34,1068.97,1083.8,1083.85,1081.55,1083.01,1088.0,1085.81,1085.81,1085.81,112000
ICICIBANK-EQ_2024-03-20_11-25-00.png,2024-03-20_11-25-00,1075.9,1077.85,1075.8,1077.6,64480.0,1074.94,1080.41,1069.47,1083.32,1084.65,1082.6,1083.44,1085.81,1088.0,1088.0,1088.0,112500
ICICIBANK-EQ_2024-03-20_11-30-00.png,2024-03-20_11-30-00,1077.1,1077.6,1076.0,1076.05,93239.0,1074.72,1079.58,1069.86,1083.25,1084.05,1082.55,1083.28,1088.0,1090.19,1090.19,1090.19,113000
ICICIBANK-EQ_2024-03-20_11-35-00.png,2024-03-20_11-35-00,1076.0,1077.0,1075.25,1075.35,58383.0,1074.56,1079.08,1070.04,1083.25,1086.95,1082.7,1084.5,1090.19,1088.0,1088.0,1088.0,113500
ICICIBANK-EQ_2024-03-20_11-40-00.png,2024-03-20_11-40-00,1075.35,1079.8,1075.1,1079.8,85840.0,1074.73,1079.76,1069.69,1084.18,1085.65,1084.0,1084.93,1088.0,1090.19,1090.19,1090.19,114000
ICICIBANK-EQ_2024-03-20_11-45-00.png,2024-03-20_11-45-00,1079.9,1081.25,1079.0,1080.3,173093.0,1075.04,1080.64,1069.45,1085.03,1089.8,1084.9,1086.95,1090.19,1092.37,1092.37,1092.37,114500
ICICIBANK-EQ_2024-03-20_11-50-00.png,2024-03-20_11-50-00,1080.4,1082.25,1080.0,1082.05,97874.0,1075.59,1081.69,1069.48,1086.55,1088.75,1086.55,1088.0,1092.37,1090.19,1090.19,1090.19,115000
ICICIBANK-EQ_2024-03-20_11-55-00.png,2024-03-20_11-55-00,1082.1,1082.55,1081.1,1081.95,152916.0,1076.05,1082.62,1069.49,1088.0,1088.3,1086.15,1087.35,1090.19,1092.37,1092.37,1092.37,115500
ICICIBANK-EQ_2024-03-20_12-00-00.png,2024-03-20_12-00-00,1081.6,1082.2,1081.05,1082.1,57573.0,1076.54,1083.38,1069.71,1087.47,1089.0,1086.45,1087.7,1092.37,1090.19,1090.19,1090.19,120000
ICICIBANK-EQ_2024-03-20_12-05-00.png,2024-03-20_12-05-00,1082.05,1083.4,1081.25,1082.95,91641.0,1077.1,1084.14,1070.06,1087.68,1089.25,1087.3,1088.5,1090.19,1092.37,1092.37,1092.37,120500
ICICIBANK-EQ_2024-03-20_12-10-00.png,2024-03-20_12-10-00,1083.25,1083.55,1082.1,1082.75,61267.0,1077.6,1084.76,1070.44,1088.72,1089.8,1087.8,1088.5,1092.37,1090.19,1090.19,1090.19,121000
ICICIBANK-EQ_2024-03-20_12-15-00.png,2024-03-20_12-15-00,1082.75,1085.85,1082.0,1082.65,532442.0,1077.96,1085.38,1070.53,1088.2,1088.2,1086.6,1087.34,1090.19,1092.37,1092.37,1092.37,121500
ICICIBANK-EQ_2024-03-20_12-20-00.png,2024-03-20_12-20-00,1082.35,1084.95,1082.35,1084.65,138910.0,1078.67,1085.77,1071.57,1087.4,1087.4,1084.65,1085.84,1092.37,1090.19,1090.19,1090.19,122000
ICICIBANK-EQ_2024-03-20_12-25-00.png,2024-03-20_12-25-00,1084.65,1085.25,1081.7,1081.8,195328.0,1079.17,1085.62,1072.71,1085.88,1085.88,1084.15,1084.9,1090.19,1088.0,1088.0,1088.0,122500
ICICIBANK-EQ_2024-03-20_12-30-00.png,2024-03-20_12-30-00,1081.85,1083.4,1081.6,1083.15,67832.0,1079.6,1085.87,1073.34,1084.82,1086.7,1084.65,1085.48,1088.0,1090.19,1090.19,1090.19,123000
ICICIBANK-EQ_2024-03-20_12-35-00.png,2024-03-20_12-35-00,1083.4,1084.25,1083.1,1083.65,85178.0,1079.96,1086.3,1073.63,1085.28,1086.4,1083.95,1085.14,1090.19,1092.37,1092.37,1092.37,123500
ICICIBANK-EQ_2024-03-20_12-40-00.png,2024-03-20_12-40-00,1083.6,1085.25,1083.0,1083.65,124437.0,1080.32,1086.64,1074.01,1085.1,1086.55,1083.65,1085.22,1092.37,1090.19,1090.19,1090.19,124000
ICICIBANK-EQ_2024-03-20_12-45-00.png,2024-03-20_12-45-00,1083.8,1084.5,1083.0,1083.85,78036.0,1080.66,1086.97,1074.36,1085.35,1086.15,1081.7,1084.0,1090.19,1092.37,1092.37,1092.37,124500
ICICIBANK-EQ_2024-03-20_12-50-00.png,2024-03-20_12-50-00,1083.65,1084.1,1082.5,1083.95,84643.0,1081.08,1087.08,1075.07,1084.07,1084.07,1081.55,1082.62,1092.37,1090.19,1090.19,1090.19,125000
ICICIBANK-EQ_2024-03-20_12-55-00.png,2024-03-20_12-55-00,1083.75,1083.85,1081.55,1082.9,98589.0,1081.35,1087.16,1075.54,1082.57,1083.55,1081.55,1082.53,1090.19,1088.0,1088.0,1088.0,125500
ICICIBANK-EQ_2024-03-20_13-00-00.png,2024-03-20_13-00-00,1082.65,1084.65,1082.6,1083.85,137434.0,1081.75,1087.03,1076.47,1082.5,1083.4,1080.7,1082.12,1088.0,1090.19,1090.19,1090.19,130000
ICICIBANK-EQ_2024-03-20_13-05-00.png,2024-03-20_13-05-00,1083.35,1084.05,1082.55,1083.15,128593.0,1082.03,1086.97,1077.09,1082.2,1083.9,1081.2,1082.38,1090.19,1088.0,1088.0,1088.0,130500
ICICIBANK-EQ_2024-03-20_13-10-00.png,2024-03-20_13-10-00,1083.15,1086.95,1082.7,1085.2,335153.0,1082.49,1086.74,1078.23,1082.2,1083.3,1079.85,1081.69,1088.0,1085.81,1085.81,1085.81,131000
ICICIBANK-EQ_2024-03-20_13-15-00.png,2024-03-20_13-15-00,1084.95,1085.65,1084.0,1085.1,168941.0,1082.97,1085.77,1080.17,1081.8,1082.65,1080.9,1081.84,1085.81,1083.62,1083.62,1083.62,131500
ICICIBANK-EQ_2024-03-20_13-20-00.png,2024-03-20_13-20-00,1085.05,1089.8,1084.9,1088.05,307971.0,1083.38,1086.61,1080.16,1081.9,1083.5,1081.2,1082.49,1083.62,1081.43,1081.43,1081.43,132000
ICICIBANK-EQ_2024-03-20_13-25-00.png,2024-03-20_13-25-00,1087.8,1088.75,1087.25,1088.2,191224.0,1083.78,1087.34,1080.22,1082.62,1086.35,1082.15,1084.28,1081.43,1083.62,1083.62,1083.62,132500
ICICIBANK-EQ_2024-03-20_13-30-00.png,2024-03-20_13-30-00,1088.25,1088.3,1086.15,1086.7,149769.0,1084.01,1087.7,1080.33,1084.3,1085.55,1082.2,1084.22,1083.62,1085.81,1085.81,1085.81,133000
ICICIBANK-EQ_2024-03-20_13-35-00.png,2024-03-20_13-35-00,1086.9,1089.0,1086.45,1088.45,184239.0,1084.34,1088.38,1080.29,1084.58,1085.85,1082.05,1084.36,1085.81,1088.0,1088.0,1088.0,133500
ICICIBANK-EQ_2024-03-20_13-40-00.png,2024-03-20_13-40-00,1088.95,1089.25,1087.3,1088.5,161574.0,1084.66,1088.96,1080.35,1084.78,1086.45,1083.1,1085.09,1088.0,1085.81,1085.81,1085.81,134000
ICICIBANK-EQ_2024-03-20_13-45-00.png,2024-03-20_13-45-00,1088.4,1089.8,1087.8,1088.0,206404.0,1084.91,1089.38,1080.44,1085.4,1087.8,1083.55,1085.46,1085.81,1088.0,1088.0,1088.0,134500
ICICIBANK-EQ_2024-03-20_13-50-00.png,2024-03-20_13-50-00,1087.95,1087.95,1086.6,1086.85,127143.0,1085.12,1089.55,1080.68,1085.25,1087.0,1083.4,1085.69,1088.0,1085.81,1085.81,1085.81,135000
ICICIBANK-EQ_2024-03-20_13-55-00.png,2024-03-20_13-55-00,1086.75,1086.95,1084.65,1085.0,124113.0,1085.23,1089.51,1080.95,1086.18,1100.0,1086.18,1094.4,1085.81,1088.0,1088.0,1088.0,135500
ICICIBANK-EQ_2024-03-20_14-00-00.png,2024-03-20_14-00-00,1084.75,1085.8,1084.15,1084.9,130405.0,1085.25,1089.52,1080.97,1093.85,1097.95,1091.3,1094.39,1088.0,1085.81,1085.81,1085.81,140000
ICICIBANK-EQ_2024-03-20_14-05-00.png,2024-03-20_14-05-00,1084.9,1086.7,1084.65,1085.65,139933.0,1085.44,1089.39,1081.48,1094.15,1095.0,1091.65,1093.05,1085.81,1083.62,1083.62,1083.62,140500
ICICIBANK-EQ_2024-03-20_14-10-00.png,2024-03-20_14-10-00,1085.8,1086.4,1083.95,1084.4,119410.0,1085.5,1089.34,1081.66,1092.78,1093.0,1090.4,1091.68,1083.62,1085.81,1085.81,1085.81,141000
ICICIBANK-EQ_2024-03-20_14-15-00.png,2024-03-20_14-15-00,1084.6,1086.55,1083.65,1086.1,78890.0,1085.62,1089.37,1081.87,1091.65,1094.05,1091.0,1092.12,1085.81,1083.62,1083.62,1083.62,141500
ICICIBANK-EQ_2024-03-20_14-20-00.png,2024-03-20_14-20-00,1086.1,1086.15,1081.7,1082.05,148081.0,1085.54,1089.53,1081.56,1091.72,1092.45,1090.45,1091.68,1083.62,1085.81,1085.81,1085.81,142000
ICICIBANK-EQ_2024-03-20_14-25-00.png,2024-03-20_14-25-00,1082.05,1083.8,1081.55,1083.1,167585.0,1085.5,1089.57,1081.44,1091.9,1092.1,1090.4,1091.38,1085.81,1083.62,1083.62,1083.62,142500
ICICIBANK-EQ_2024-03-20_14-30-00.png,2024-03-20_14-30-00,1083.2,1083.55,1081.55,1081.8,401450.0,1085.4,1089.74,1081.05,1091.5,1092.7,1091.0,1091.96,1083.62,1081.43,1081.43,1081.43,143000
ICICIBANK-EQ_2024-03-20_14-35-00.png,2024-03-20_14-35-00,1082.35,1083.4,1080.7,1082.05,730303.0,1085.36,1089.82,1080.89,1092.08,1092.9,1091.1,1092.24,1081.43,1079.24,1079.24,1079.24,143500
ICICIBANK-EQ_2024-03-20_14-40-00.png,2024-03-20_14-40-00,1082.05,1083.9,1081.2,1082.35,403235.0,1085.28,1089.9,1080.66,1092.47,1092.85,1091.65,1092.31,1079.24,1081.43,1081.43,1081.43,144000
ICICIBANK-EQ_2024-03-20_14-45-00.png,2024-03-20_14-45-00,1082.1,1083.3,1079.85,1081.5,647996.0,1085.2,1090.03,1080.37,1092.38,1094.35,1091.65,1092.84,1081.43,1079.24,1079.24,1079.24,144500
ICICIBANK-EQ_2024-03-20_14-50-00.png,2024-03-20_14-50-00,1081.75,1082.65,1080.9,1082.05,304478.0,1085.04,1090.07,1080.01,1092.68,1094.5,1092.65,1093.71,1079.24,1077.05,1077.05,1077.05,145000
ICICIBANK-EQ_2024-03-20_14-55-00.png,2024-03-20_14-55-00,1082.15,1083.5,1081.2,1083.1,299773.0,1084.94,1090.04,1079.84,1093.85,1094.5,1092.45,1093.41,1077.05,1079.24,1079.24,1079.24,145500
ICICIBANK-EQ_2024-03-20_15-00-00.png,2024-03-20_15-00-00,1083.2,1086.35,1082.15,1085.4,885811.0,1084.81,1089.71,1079.91,1093.35,1093.9,1089.6,1091.79,1079.24,1081.43,1081.43,1081.43,150000
ICICIBANK-EQ_2024-03-20_15-05-00.png,2024-03-20_15-05-00,1085.2,1085.55,1082.2,1083.95,774845.0,1084.59,1089.24,1079.95,1091.82,1091.82,1088.0,1089.62,1081.43,1083.62,1083.62,1083.62,150500
ICICIBANK-EQ_2024-03-20_15-10-00.png,2024-03-20_15-10-00,1083.9,1085.85,1082.05,1085.65,572774.0,1084.54,1089.11,1079.98,1089.62,1090.5,1086.95,1088.62,1083.62,1085.81,1085.81,1085.81,151000
ICICIBANK-EQ_2024-03-20_15-15-00.png,2024-03-20_15-15-00,1085.65,1086.45,1083.1,1085.15,738671.0,1084.38,1088.57,1080.19,1088.53,1090.0,1088.53,1089.22,1085.81,1083.62,1083.62,1083.62,151500
ICICIBANK-EQ_2024-03-20_15-20-00.png,2024-03-20_15-20-00,1085.2,1087.8,1083.55,1085.3,613577.0,1084.22,1087.97,1080.47,1089.03,1089.55,1086.4,1087.99,1083.62,1081.43,1081.43,1081.43,152000
ICICIBANK-EQ_2024-03-20_15-25-00.png,2024-03-20_15-25-00,1085.75,1087.0,1083.4,1086.6,375715.0,1084.15,1087.64,1080.65,1088.0,1088.5,1085.55,1087.15,1081.43,1083.62,1083.62,1083.62,152500
ICICIBANK-EQ_2024-03-21_09-15-00.png,2024-03-21_09-15-00,1092.0,1100.0,1089.9,1095.7,272167.0,1084.59,1090.75,1078.43,1087.28,1088.05,1086.5,1087.41,1083.62,1085.81,1085.81,1085.81,91500
ICICIBANK-EQ_2024-03-21_09-20-00.png,2024-03-21_09-20-00,1095.7,1097.95,1091.3,1092.6,380256.0,1084.97,1092.1,1077.84,1087.55,1087.55,1086.1,1086.96,1085.81,1083.62,1083.62,1083.62,92000
ICICIBANK-EQ_2024-03-21_09-25-00.png,2024-03-21_09-25-00,1092.65,1095.0,1091.65,1092.9,124658.0,1085.37,1093.33,1077.41,1087.15,1088.5,1086.7,1087.6,1083.62,1085.81,1085.81,1085.81,92500
ICICIBANK-EQ_2024-03-21_09-30-00.png,2024-03-21_09-30-00,1092.65,1093.0,1090.4,1090.65,327619.0,1085.62,1093.93,1077.31,1087.6,1089.65,1087.6,1088.66,1085.81,1088.0,1088.0,1088.0,93000
ICICIBANK-EQ_2024-03-21_09-35-00.png,2024-03-21_09-35-00,1091.0,1094.05,1091.0,1092.45,163082.0,1086.02,1094.84,1077.2,1088.5,1089.1,1087.5,1088.3,1088.0,1090.19,1090.19,1090.19,93500
ICICIBANK-EQ_2024-03-21_09-40-00.png,2024-03-21_09-40-00,1092.45,1092.45,1090.45,1091.35,86740.0,1086.28,1095.42,1077.15,1088.3,1088.4,1087.0,1087.8,1090.19,1088.0,1088.0,1088.0,94000
ICICIBANK-EQ_2024-03-21_09-45-00.png,2024-03-21_09-45-00,1091.35,1092.1,1090.4,1091.65,112480.0,1086.76,1095.97,1077.56,1087.9,1089.1,1087.7,1088.25,1088.0,1090.19,1090.19,1090.19,94500
ICICIBANK-EQ_2024-03-21_09-50-00.png,2024-03-21_09-50-00,1091.7,1092.7,1091.0,1092.45,272741.0,1087.23,1096.61,1077.86,1088.1,1089.5,1087.8,1088.66,1090.19,1088.0,1088.0,1088.0,95000
ICICIBANK-EQ_2024-03-21_09-55-00.png,2024-03-21_09-55-00,1092.4,1092.9,1091.1,1092.55,87038.0,1087.77,1097.06,1078.48,1088.68,1091.35,1088.68,1089.99,1088.0,1085.81,1085.81,1085.81,95500
ICICIBANK-EQ_2024-03-21_10-00-00.png,2024-03-21_10-00-00,1092.75,1092.85,1091.65,1092.0,181363.0,1088.27,1097.34,1079.2,1089.92,1090.9,1089.65,1090.26,1085.81,1083.62,1083.62,1083.62,100000
ICICIBANK-EQ_2024-03-21_10-05-00.png,2024-03-21_10-05-00,1092.0,1094.35,1091.65,1093.35,618919.0,1088.82,1097.71,1079.93,1090.25,1090.25,1088.75,1089.18,1083.62,1085.81,1085.81,1085.81,100500
ICICIBANK-EQ_2024-03-21_10-10-00.png,2024-03-21_10-10-00,1093.45,1094.5,1092.65,1094.25,471503.0,1089.46,1097.95,1080.96,1088.92,1090.0,1088.55,1089.31,1085.81,1083.62,1083.62,1083.62,101000
ICICIBANK-EQ_2024-03-21_10-15-00.png,2024-03-21_10-15-00,1094.25,1094.5,1092.45,1092.45,298675.0,1089.97,1097.81,1082.14,1089.35,1090.0,1087.85,1088.92,1083.62,1085.81,1085.81,1085.81,101500
ICICIBANK-EQ_2024-03-21_10-20-00.png,2024-03-21_10-20-00,1092.45,1093.9,1089.6,1091.2,302136.0,1090.38,1097.53,1083.23,1088.92,1089.8,1087.7,1088.69,1085.81,1088.0,1088.0,1088.0,102000
ICICIBANK-EQ_2024-03-21_10-25-00.png,2024-03-21_10-25-00,1091.05,1091.25,1088.0,1088.2,195616.0,1090.52,1097.36,1083.68,1088.62,1089.5,1087.3,1088.6,1088.0,1085.81,1085.81,1085.81,102500
ICICIBANK-EQ_2024-03-21_10-30-00.png,2024-03-21_10-30-00,1088.15,1090.5,1086.95,1088.9,174639.0,1090.77,1096.93,1084.6,1088.8,1089.1,1086.3,1087.56,1085.81,1088.0,1088.0,1088.0,103000
ICICIBANK-EQ_2024-03-21_10-35-00.png,2024-03-21_10-35-00,1088.85,1090.0,1088.85,1089.2,96972.0,1090.94,1096.68,1085.21,1087.42,1087.42,1084.8,1085.95,1088.0,1085.81,1085.81,1085.81,103500
ICICIBANK-EQ_2024-03-21_10-40-00.png,2024-03-21_10-40-00,1089.0,1089.55,1086.4,1087.0,139307.0,1091.04,1096.43,1085.65,1086.0,1088.0,1085.1,1086.72,1085.81,1083.62,1083.62,1083.62,104000
ICICIBANK-EQ_2024-03-21_10-45-00.png,2024-03-21_10-45-00,1086.7,1088.5,1085.55,1087.85,149368.0,1091.16,1096.09,1086.24,1086.9,1087.8,1085.7,1086.88,1083.62,1081.43,1081.43,1081.43,104500
ICICIBANK-EQ_2024-03-21_10-50-00.png,2024-03-21_10-50-00,1087.85,1088.05,1086.5,1087.25,48295.0,1091.2,1096.0,1086.4,1087.0,1087.5,1085.75,1086.59,1081.43,1083.62,1083.62,1083.62,105000
ICICIBANK-EQ_2024-03-21_10-55-00.png,2024-03-21_10-55-00,1087.25,1087.45,1086.1,1087.05,66804.0,1090.76,1095.41,1086.12,1086.55,1087.6,1086.55,1087.04,1083.62,1085.81,1085.81,1085.81,105500
ICICIBANK-EQ_2024-03-21_11-00-00.png,2024-03-21_11-00-00,1087.05,1088.5,1086.7,1088.15,75793.0,1090.54,1095.25,1085.84,1087.0,1089.45,1087.0,1088.19,1085.81,1083.62,1083.62,1083.62,110000
ICICIBANK-EQ_2024-03-21_11-05-00.png,2024-03-21_11-05-00,1088.5,1089.65,1088.0,1088.5,60436.0,1090.32,1094.97,1085.67,1088.15,1089.55,1088.15,1089.21,1083.62,1081.43,1081.43,1081.43,110500
ICICIBANK-EQ_2024-03-21_11-10-00.png,2024-03-21_11-10-00,1088.8,1089.1,1087.5,1087.8,52984.0,1090.18,1094.96,1085.4,1089.38,1090.0,1088.55,1089.15,1081.43,1083.62,1083.62,1083.62,111000
ICICIBANK-EQ_2024-03-21_11-15-00.png,2024-03-21_11-15-00,1087.75,1088.4,1087.0,1088.05,111673.0,1089.96,1094.71,1085.21,1089.03,1089.8,1088.05,1088.96,1083.62,1085.81,1085.81,1085.81,111500
ICICIBANK-EQ_2024-03-21_11-20-00.png,2024-03-21_11-20-00,1088.0,1089.1,1087.7,1088.2,82948.0,1089.8,1094.56,1085.04,1089.0,1090.3,1089.0,1089.58,1085.81,1083.62,1083.62,1083.62,112000
ICICIBANK-EQ_2024-03-21_11-25-00.png,2024-03-21_11-25-00,1088.2,1089.5,1087.8,1089.15,55698.0,1089.68,1094.37,1084.99,1089.42,1090.5,1089.42,1089.88,1083.62,1085.81,1085.81,1085.81,112500
ICICIBANK-EQ_2024-03-21_11-30-00.png,2024-03-21_11-30-00,1089.0,1091.35,1088.75,1090.85,82045.0,1089.6,1094.14,1085.06,1089.75,1092.2,1089.75,1090.88,1085.81,1088.0,1088.0,1088.0,113000
ICICIBANK-EQ_2024-03-21_11-35-00.png,2024-03-21_11-35-00,1090.55,1090.9,1089.65,1089.95,62085.0,1089.47,1093.8,1085.14,1090.65,1092.05,1090.0,1090.92,1088.0,1085.81,1085.81,1085.81,113500
ICICIBANK-EQ_2024-03-21_11-40-00.png,2024-03-21_11-40-00,1089.1,1090.1,1088.75,1088.75,56276.0,1089.3,1093.48,1085.13,1090.82,1090.9,1088.9,1089.96,1085.81,1088.0,1088.0,1088.0,114000
ICICIBANK-EQ_2024-03-21_11-45-00.png,2024-03-21_11-45-00,1088.85,1090.0,1088.55,1089.85,43728.0,1089.13,1092.86,1085.4,1090.03,1090.4,1088.15,1089.29,1088.0,1090.19,1090.19,1090.19,114500
ICICIBANK-EQ_2024-03-21_11-50-00.png,2024-03-21_11-50-00,1089.5,1090.0,1087.85,1088.35,107896.0,1088.83,1091.69,1085.98,1089.3,1089.35,1087.3,1088.49,1090.19,1088.0,1088.0,1088.0,115000
ICICIBANK-EQ_2024-03-21_11-55-00.png,2024-03-21_11-55-00,1088.2,1089.8,1087.7,1089.05,102652.0,1088.67,1090.96,1086.37,1088.65,1089.05,1088.0,1088.6,1088.0,1085.81,1085.81,1085.81,115500
ICICIBANK-EQ_2024-03-21_12-00-00.png,2024-03-21_12-00-00,1089.05,1089.5,1087.3,1088.55,163587.0,1088.53,1090.49,1086.57,1088.68,1088.95,1087.65,1088.22,1085.81,1088.0,1088.0,1088.0,120000
ICICIBANK-EQ_2024-03-21_12-05-00.png,2024-03-21_12-05-00,1088.55,1089.1,1086.3,1086.3,107761.0,1088.44,1090.63,1086.24,1088.15,1088.95,1086.05,1087.51,1088.0,1090.19,1090.19,1090.19,120500
ICICIBANK-EQ_2024-03-21_12-10-00.png,2024-03-21_12-10-00,1086.1,1087.0,1084.8,1085.9,144939.0,1088.29,1090.75,1085.83,1087.53,1087.53,1085.05,1086.54,1090.19,1092.37,1092.37,1092.37,121000
ICICIBANK-EQ_2024-03-21_12-15-00.png,2024-03-21_12-15-00,1086.15,1088.0,1085.1,1087.65,116031.0,1088.21,1090.64,1085.78,1086.82,1087.2,1085.85,1086.36,1092.37,1094.56,1094.56,1094.56,121500
ICICIBANK-EQ_2024-03-21_12-20-00.png,2024-03-21_12-20-00,1087.65,1087.8,1085.7,1086.35,81950.0,1088.18,1090.7,1085.66,1086.2,1087.5,1085.8,1086.61,1094.56,1092.37,1092.37,1092.37,122000
ICICIBANK-EQ_2024-03-21_12-25-00.png,2024-03-21_12-25-00,1086.1,1087.5,1085.75,1087.0,53115.0,1088.13,1090.7,1085.57,1086.57,1087.7,1086.05,1087.0,1092.37,1094.56,1094.56,1094.56,122500
ICICIBANK-EQ_2024-03-21_12-30-00.png,2024-03-21_12-30-00,1087.0,1087.6,1086.55,1087.0,43213.0,1088.12,1090.71,1085.53,1087.12,1087.55,1083.45,1085.76,1094.56,1096.75,1096.75,1096.75,123000
ICICIBANK-EQ_2024-03-21_12-35-00.png,2024-03-21_12-35-00,1087.0,1089.45,1087.0,1089.3,81992.0,1088.24,1090.82,1085.65,1086.03,1086.85,1084.9,1085.54,1096.75,1098.94,1098.94,1098.94,123500
ICICIBANK-EQ_2024-03-21_12-40-00.png,2024-03-21_12-40-00,1089.2,1089.55,1088.55,1089.55,93303.0,1088.3,1090.96,1085.65,1085.2,1087.25,1085.2,1086.24,1098.94,1101.13,1101.13,1101.13,124000
ICICIBANK-EQ_2024-03-21_12-45-00.png,2024-03-21_12-45-00,1089.05,1090.0,1088.55,1089.0,156751.0,1088.33,1091.0,1085.66,1086.15,1087.65,1085.45,1086.28,1101.13,1103.32,1103.32,1103.32,124500
ICICIBANK-EQ_2024-03-21_12-50-00.png,2024-03-21_12-50-00,1088.7,1089.8,1088.05,1089.3,80189.0,1088.4,1091.1,1085.71,1086.0,1086.9,1080.5,1083.41,1103.32,1101.13,1101.13,1101.13,125000
ICICIBANK-EQ_2024-03-21_12-55-00.png,2024-03-21_12-55-00,1089.3,1090.3,1089.15,1089.55,99460.0,1088.48,1091.21,1085.75,1083.12,1084.2,1080.75,1082.01,1101.13,1103.32,1103.32,1103.32,125500
ICICIBANK-EQ_2024-03-21_13-00-00.png,2024-03-21_13-00-00,1089.5,1090.5,1089.5,1090.0,97715.0,1088.57,1091.38,1085.76,1081.55,1082.5,1081.0,1081.88,1103.32,1101.13,1101.13,1101.13,130000
ICICIBANK-EQ_2024-03-21_13-05-00.png,2024-03-21_13-05-00,1090.0,1092.2,1090.0,1091.3,87399.0,1088.68,1091.74,1085.62,1082.0,1082.45,1080.5,1081.53,1101.13,1098.94,1098.94,1098.94,130500
ICICIBANK-EQ_2024-03-21_13-10-00.png,2024-03-21_13-10-00,1091.3,1092.05,1090.0,1090.35,121102.0,1088.65,1091.65,1085.66,1081.57,1081.57,1079.15,1080.5,1098.94,1101.13,1101.13,1101.13,131000
ICICIBANK-EQ_2024-03-21_13-15-00.png,2024-03-21_13-15-00,1090.1,1090.9,1088.9,1089.95,83932.0,1088.65,1091.65,1085.66,1080.7,1081.9,1079.65,1081.05,1101.13,1098.94,1098.94,1098.94,131500
ICICIBANK-EQ_2024-03-21_13-20-00.png,2024-03-21_13-20-00,1089.9,1090.4,1088.15,1088.7,66132.0,1088.65,1091.64,1085.66,1081.32,1083.3,1080.95,1082.1,1098.94,1101.13,1101.13,1101.13,132000
ICICIBANK-EQ_2024-03-21_13-25-00.png,2024-03-21_13-25-00,1088.7,1089.35,1087.3,1088.6,71018.0,1088.59,1091.53,1085.65,1082.07,1082.65,1079.65,1081.39,1101.13,1098.94,1098.94,1098.94,132500
ICICIBANK-EQ_2024-03-21_13-30-00.png,2024-03-21_13-30-00,1088.55,1089.05,1088.0,1088.8,109734.0,1088.61,1091.55,1085.67,1081.62,1081.9,1080.25,1081.11,1098.94,1096.75,1096.75,1096.75,133000
ICICIBANK-EQ_2024-03-21_13-35-00.png,2024-03-21_13-35-00,1088.45,1088.95,1087.65,1087.85,92984.0,1088.55,1091.5,1085.6,1081.15,1084.0,1081.15,1082.2,1096.75,1094.56,1094.56,1094.56,133500
ICICIBANK-EQ_2024-03-21_13-40-00.png,2024-03-21_13-40-00,1087.9,1088.95,1086.05,1087.15,74293.0,1088.48,1091.49,1085.47,1081.82,1083.25,1081.5,1082.45,1094.56,1096.75,1096.75,1096.75,134000
ICICIBANK-EQ_2024-03-21_13-45-00.png,2024-03-21_13-45-00,1087.45,1087.45,1085.05,1086.2,83850.0,1088.47,1091.51,1085.44,1082.53,1082.95,1081.35,1082.3,1096.75,1094.56,1094.56,1094.56,134500
ICICIBANK-EQ_2024-03-21_13-50-00.png,2024-03-21_13-50-00,1086.15,1087.2,1085.85,1086.25,62743.0,1088.49,1091.46,1085.52,1082.45,1082.45,1081.05,1081.85,1094.56,1092.37,1092.37,1092.37,135000
ICICIBANK-EQ_2024-03-21_13-55-00.png,2024-03-21_13-55-00,1086.35,1087.5,1085.8,1086.8,81693.0,1088.45,1091.5,1085.4,1081.95,1086.7,1080.4,1082.4,1092.37,1090.19,1090.19,1090.19,135500
ICICIBANK-EQ_2024-03-21_14-00-00.png,2024-03-21_14-00-00,1087.0,1087.7,1086.05,1087.25,83773.0,1088.5,1091.43,1085.56,1081.25,1082.95,1081.05,1081.74,1090.19,1088.0,1088.0,1088.0,140000
ICICIBANK-EQ_2024-03-21_14-05-00.png,2024-03-21_14-05-00,1087.25,1087.55,1083.45,1084.8,7443667.0,1088.38,1091.7,1085.07,1081.47,1081.85,1078.75,1080.4,1088.0,1090.19,1090.19,1090.19,140500
ICICIBANK-EQ_2024-03-21_14-10-00.png,2024-03-21_14-10-00,1084.9,1086.85,1084.9,1085.5,244416.0,1088.31,1091.82,1084.8,1080.5,1082.15,1079.15,1080.59,1090.19,1092.37,1092.37,1092.37,141000
ICICIBANK-EQ_2024-03-21_14-15-00.png,2024-03-21_14-15-00,1085.9,1087.25,1085.4,1086.4,131630.0,1088.16,1091.74,1084.59,1080.53,1088.5,1080.53,1084.65,1092.37,1090.19,1090.19,1090.19,141500
ICICIBANK-EQ_2024-03-21_14-20-00.png,2024-03-21_14-20-00,1086.4,1087.65,1085.45,1085.6,103236.0,1087.97,1091.66,1084.28,1084.72,1089.9,1084.72,1087.82,1090.19,1092.37,1092.37,1092.37,142000
ICICIBANK-EQ_2024-03-21_14-25-00.png,2024-03-21_14-25-00,1085.6,1086.9,1080.5,1080.65,216352.0,1087.55,1092.44,1082.66,1087.57,1089.2,1084.4,1087.4,1092.37,1094.56,1094.56,1094.56,142500
ICICIBANK-EQ_2024-03-21_14-30-00.png,2024-03-21_14-30-00,1080.75,1084.2,1080.75,1082.35,179509.0,1087.2,1092.54,1081.87,1088.0,1092.0,1087.65,1089.5,1094.56,1092.37,1092.37,1092.37,143000
ICICIBANK-EQ_2024-03-21_14-35-00.png,2024-03-21_14-35-00,1082.25,1082.5,1081.0,1081.75,97405.0,1086.81,1092.55,1081.07,1089.18,1090.45,1089.05,1090.0,1092.37,1094.56,1094.56,1094.56,143500
ICICIBANK-EQ_2024-03-21_14-40-00.png,2024-03-21_14-40-00,1082.1,1082.45,1080.5,1081.05,186757.0,1086.36,1092.44,1080.29,1090.25,1092.05,1089.25,1090.61,1094.56,1096.75,1096.75,1096.75,144000
ICICIBANK-EQ_2024-03-21_14-45-00.png,2024-03-21_14-45-00,1081.05,1081.45,1079.15,1080.35,170635.0,1085.82,1091.99,1079.64,1090.57,1091.55,1088.5,1090.35,1096.75,1094.56,1094.56,1094.56,144500
ICICIBANK-EQ_2024-03-21_14-50-00.png,2024-03-21_14-50-00,1080.85,1081.9,1079.65,1081.8,250868.0,1085.39,1091.43,1079.35,1090.68,1092.25,1089.45,1090.55,1094.56,1096.75,1096.75,1096.75,145000
ICICIBANK-EQ_2024-03-21_14-55-00.png,2024-03-21_14-55-00,1081.8,1083.3,1080.95,1082.35,370672.0,1085.01,1090.79,1079.23,1090.25,1093.0,1090.25,1091.42,1096.75,1098.94,1098.94,1098.94,145500
ICICIBANK-EQ_2024-03-21_15-00-00.png,2024-03-21_15-00-00,1082.65,1082.65,1079.65,1080.6,679010.0,1084.6,1090.43,1078.78,1091.18,1092.0,1088.85,1090.99,1098.94,1101.13,1101.13,1101.13,150000
ICICIBANK-EQ_2024-03-21_15-05-00.png,2024-03-21_15-05-00,1080.6,1081.9,1080.25,1081.7,459901.0,1084.26,1089.91,1078.61,1091.55,1092.25,1089.7,1091.19,1101.13,1098.94,1098.94,1098.94,150500
ICICIBANK-EQ_2024-03-21_15-10-00.png,2024-03-21_15-10-00,1081.25,1084.0,1081.15,1082.4,657861.0,1083.94,1089.22,1078.66,1091.4,1092.65,1091.25,1091.81,1098.94,1096.75,1096.75,1096.75,151000
ICICIBANK-EQ_2024-03-21_15-15-00.png,2024-03-21_15-15-00,1082.45,1083.25,1081.5,1082.6,378912.0,1083.68,1088.65,1078.71,1091.68,1092.05,1090.05,1091.5,1096.75,1098.94,1098.94,1098.94,151500
ICICIBANK-EQ_2024-03-21_15-20-00.png,2024-03-21_15-20-00,1082.5,1082.95,1081.35,1082.4,246771.0,1083.44,1088.16,1078.72,1091.95,1092.85,1089.4,1091.06,1098.94,1101.13,1101.13,1101.13,152000
ICICIBANK-EQ_2024-03-21_15-25-00.png,2024-03-21_15-25-00,1082.4,1082.45,1081.05,1081.5,252817.0,1083.2,1087.81,1078.6,1091.0,1091.35,1089.2,1090.41,1101.13,1098.94,1098.94,1098.94,152500
ICICIBANK-EQ_2024-03-22_09-15-00.png,2024-03-22_09-15-00,1081.15,1086.7,1080.4,1081.35,391653.0,1082.96,1087.4,1078.52,1090.55,1092.75,1090.55,1091.5,1098.94,1096.75,1096.75,1096.75,91500
ICICIBANK-EQ_2024-03-22_09-20-00.png,2024-03-22_09-20-00,1081.1,1082.95,1081.05,1081.85,127842.0,1082.71,1086.79,1078.63,1091.35,1092.85,1089.4,1091.04,1096.75,1098.94,1098.94,1098.94,92000
ICICIBANK-EQ_2024-03-22_09-25-00.png,2024-03-22_09-25-00,1081.75,1081.85,1078.75,1079.25,121732.0,1082.31,1086.07,1078.55,1090.95,1091.6,1089.55,1090.69,1098.94,1096.75,1096.75,1096.75,92500
ICICIBANK-EQ_2024-03-22_09-30-00.png,2024-03-22_09-30-00,1079.15,1082.15,1079.15,1081.9,173985.0,1082.17,1085.75,1078.59,1090.8,1091.4,1089.8,1090.72,1096.75,1098.94,1098.94,1098.94,93000
ICICIBANK-EQ_2024-03-22_09-35-00.png,2024-03-22_09-35-00,1081.7,1088.5,1080.65,1087.75,484100.0,1082.28,1086.4,1078.16,1090.85,1091.4,1089.5,1090.25,1098.94,1096.75,1096.75,1096.75,93500
ICICIBANK-EQ_2024-03-22_09-40-00.png,2024-03-22_09-40-00,1087.35,1089.9,1086.25,1087.8,222703.0,1082.35,1086.8,1077.9,1090.05,1090.95,1089.45,1090.16,1096.75,1094.56,1094.56,1094.56,94000
ICICIBANK-EQ_2024-03-22_09-45-00.png,2024-03-22_09-45-00,1087.9,1089.2,1084.4,1088.1,142535.0,1082.47,1087.42,1077.53,1090.12,1091.0,1090.12,1090.76,1094.56,1096.75,1096.75,1096.75,94500
ICICIBANK-EQ_2024-03-22_09-50-00.png,2024-03-22_09-50-00,1088.1,1092.0,1087.65,1090.25,273798.0,1082.96,1088.91,1077.0,1090.75,1091.0,1090.45,1090.8,1096.75,1094.56,1094.56,1094.56,95000
ICICIBANK-EQ_2024-03-22_09-55-00.png,2024-03-22_09-55-00,1090.25,1090.45,1089.05,1090.25,133223.0,1083.35,1090.13,1076.57,1090.88,1090.9,1090.1,1090.54,1094.56,1096.75,1096.75,1096.75,95500
ICICIBANK-EQ_2024-03-22_10-00-00.png,2024-03-22_10-00-00,1090.05,1092.05,1089.25,1091.1,376231.0,1083.82,1091.38,1076.26,1090.58,1090.85,1090.3,1090.61,1096.75,1098.94,1098.94,1098.94,100000
ICICIBANK-EQ_2024-03-22_10-05-00.png,2024-03-22_10-05-00,1091.1,1091.55,1088.5,1090.25,100997.0,1084.28,1092.24,1076.32,1090.65,1090.85,1090.0,1090.45,1098.94,1096.75,1096.75,1096.75,100500
ICICIBANK-EQ_2024-03-22_10-10-00.png,2024-03-22_10-10-00,1089.8,1092.25,1089.45,1090.7,1440136.0,1084.79,1093.02,1076.57,1090.47,1090.75,1089.65,1090.22,1096.75,1098.94,1098.94,1098.94,101000
ICICIBANK-EQ_2024-03-22_10-15-00.png,2024-03-22_10-15-00,1090.35,1093.0,1090.35,1092.0,305261.0,1085.3,1094.0,1076.61,1090.25,1090.85,1090.0,1090.47,1098.94,1096.75,1096.75,1096.75,101500
ICICIBANK-EQ_2024-03-22_10-20-00.png,2024-03-22_10-20-00,1092.0,1092.0,1088.85,1091.1,2285597.0,1085.74,1094.69,1076.79,1090.53,1091.05,1090.25,1090.74,1096.75,1098.94,1098.94,1098.94,102000
ICICIBANK-EQ_2024-03-22_10-25-00.png,2024-03-22_10-25-00,1091.3,1092.25,1089.7,1091.5,182793.0,1086.29,1095.24,1077.33,1090.82,1091.55,1090.05,1090.76,1098.94,1101.13,1101.13,1101.13,102500
ICICIBANK-EQ_2024-03-22_10-30-00.png,2024-03-22_10-30-00,1091.45,1092.65,1091.25,1091.9,113296.0,1086.8,1095.82,1077.78,1090.72,1090.72,1089.55,1090.18,1101.13,1098.94,1098.94,1098.94,103000
ICICIBANK-EQ_2024-03-22_10-35-00.png,2024-03-22_10-35-00,1091.85,1092.05,1090.05,1092.05,50688.0,1087.28,1096.34,1078.22,1090.28,1090.9,1088.75,1089.75,1098.94,1101.13,1101.13,1101.13,103500
ICICIBANK-EQ_2024-03-22_10-40-00.png,2024-03-22_10-40-00,1091.85,1092.85,1089.4,1090.15,65860.0,1087.66,1096.52,1078.79,1089.68,1090.05,1088.05,1088.93,1101.13,1098.94,1098.94,1098.94,104000
ICICIBANK-EQ_2024-03-22_10-45-00.png,2024-03-22_10-45-00,1090.45,1091.35,1089.2,1090.65,85953.0,1088.07,1096.67,1079.47,1088.8,1089.3,1088.25,1088.74,1098.94,1096.75,1096.75,1096.75,104500
ICICIBANK-EQ_2024-03-22_10-50-00.png,2024-03-22_10-50-00,1090.7,1092.75,1090.55,1092.0,84606.0,1088.6,1096.78,1080.41,1088.7,1090.0,1088.4,1088.94,1096.75,1094.56,1094.56,1094.56,105000
ICICIBANK-EQ_2024-03-22_10-55-00.png,2024-03-22_10-55-00,1091.75,1092.85,1089.4,1090.15,50172.0,1089.04,1096.49,1081.58,1088.68,1089.3,1087.7,1088.65,1094.56,1092.37,1092.37,1092.37,105500
ICICIBANK-EQ_2024-03-22_11-00-00.png,2024-03-22_11-00-00,1090.0,1091.6,1089.55,1091.6,150218.0,1089.52,1096.24,1082.81,1088.8,1089.25,1088.1,1088.66,1092.37,1090.19,1090.19,1090.19,110000
ICICIBANK-EQ_2024-03-22_11-05-00.png,2024-03-22_11-05-00,1091.1,1091.4,1089.8,1090.6,69468.0,1090.09,1094.76,1085.42,1088.65,1089.25,1088.15,1088.58,1090.19,1088.0,1088.0,1088.0,110500
ICICIBANK-EQ_2024-03-22_11-10-00.png,2024-03-22_11-10-00,1090.6,1091.4,1089.5,1089.5,150515.0,1090.47,1093.14,1087.8,1088.45,1089.25,1088.45,1088.85,1088.0,1090.19,1090.19,1090.19,111000
ICICIBANK-EQ_2024-03-22_11-15-00.png,2024-03-22_11-15-00,1089.45,1090.95,1089.45,1090.8,59136.0,1090.62,1092.97,1088.28,1088.82,1089.4,1088.2,1088.92,1090.19,1088.0,1088.0,1088.0,111500
ICICIBANK-EQ_2024-03-22_11-20-00.png,2024-03-22_11-20-00,1090.65,1091.0,1090.55,1090.85,77082.0,1090.78,1092.71,1088.84,1089.05,1089.25,1088.6,1088.89,1088.0,1085.81,1085.81,1085.81,112000
ICICIBANK-EQ_2024-03-22_11-25-00.png,2024-03-22_11-25-00,1090.85,1091.0,1090.45,1090.9,81597.0,1090.92,1092.38,1089.45,1088.85,1091.5,1088.7,1089.96,1085.81,1083.62,1083.62,1083.62,112500
ICICIBANK-EQ_2024-03-22_11-30-00.png,2024-03-22_11-30-00,1090.75,1090.9,1090.1,1090.4,102838.0,1090.92,1092.38,1089.47,1089.82,1091.15,1089.82,1090.75,1083.62,1081.43,1081.43,1081.43,113000
ICICIBANK-EQ_2024-03-22_11-35-00.png,2024-03-22_11-35-00,1090.45,1090.85,1090.3,1090.85,90616.0,1090.95,1092.37,1089.53,1090.88,1091.7,1090.5,1091.1,1081.43,1083.62,1083.62,1083.62,113500
ICICIBANK-EQ_2024-03-22_11-40-00.png,2024-03-22_11-40-00,1090.55,1090.85,1090.0,1090.4,90658.0,1090.92,1092.36,1089.48,1091.1,1091.55,1090.1,1090.86,1083.62,1085.81,1085.81,1085.81,114000
ICICIBANK-EQ_2024-03-22_11-45-00.png,2024-03-22_11-45-00,1090.4,1090.75,1089.65,1090.1,73655.0,1090.91,1092.37,1089.45,1090.9,1091.2,1090.15,1090.7,1085.81,1083.62,1083.62,1083.62,114500
ICICIBANK-EQ_2024-03-22_11-50-00.png,2024-03-22_11-50-00,1090.35,1090.85,1090.0,1090.7,37992.0,1090.91,1092.37,1089.45,1090.72,1091.0,1089.75,1090.59,1083.62,1085.81,1085.81,1085.81,115000
ICICIBANK-EQ_2024-03-22_11-55-00.png,2024-03-22_11-55-00,1090.6,1091.05,1090.25,1091.05,229363.0,1090.86,1092.23,1089.5,1090.8,1091.25,1090.05,1090.59,1085.81,1083.62,1083.62,1083.62,115500
ICICIBANK-EQ_2024-03-22_12-00-00.png,2024-03-22_12-00-00,1091.05,1091.55,1090.05,1090.4,234706.0,1090.83,1092.2,1089.45,1090.53,1091.0,1089.8,1090.29,1083.62,1085.81,1085.81,1085.81,120000
ICICIBANK-EQ_2024-03-22_12-05-00.png,2024-03-22_12-05-00,1090.4,1090.6,1089.55,1090.15,91480.0,1090.76,1092.13,1089.39,1090.18,1090.3,1089.15,1089.75,1085.81,1083.62,1083.62,1083.62,120500
ICICIBANK-EQ_2024-03-22_12-10-00.png,2024-03-22_12-10-00,1090.15,1090.9,1088.75,1089.2,86266.0,1090.62,1092.05,1089.2,1089.78,1090.05,1088.4,1089.44,1083.62,1085.81,1085.81,1085.81,121000
ICICIBANK-EQ_2024-03-22_12-15-00.png,2024-03-22_12-15-00,1089.2,1090.05,1088.05,1088.4,121658.0,1090.44,1092.03,1088.86,1089.65,1090.1,1088.85,1089.39,1085.81,1088.0,1088.0,1088.0,121500
ICICIBANK-EQ_2024-03-22_12-20-00.png,2024-03-22_12-20-00,1088.5,1089.3,1088.25,1088.9,138464.0,1090.38,1092.11,1088.65,1089.3,1090.9,1089.25,1089.9,1088.0,1085.81,1085.81,1085.81,122000
ICICIBANK-EQ_2024-03-22_12-25-00.png,2024-03-22_12-25-00,1088.9,1090.0,1088.4,1088.45,188502.0,1090.27,1092.19,1088.35,1089.72,1090.9,1089.25,1089.95,1085.81,1083.62,1083.62,1083.62,122500
ICICIBANK-EQ_2024-03-22_12-30-00.png,2024-03-22_12-30-00,1088.7,1089.3,1087.7,1088.9,68273.0,1090.12,1091.95,1088.28,1089.82,1090.85,1089.15,1090.02,1083.62,1081.43,1081.43,1081.43,123000
ICICIBANK-EQ_2024-03-22_12-35-00.png,2024-03-22_12-35-00,1088.9,1089.25,1088.1,1088.4,357161.0,1090.03,1092.01,1088.04,1090.05,1090.95,1089.05,1090.08,1081.43,1083.62,1083.62,1083.62,123500
ICICIBANK-EQ_2024-03-22_12-40-00.png,2024-03-22_12-40-00,1088.3,1089.25,1088.15,1088.6,63060.0,1089.88,1091.82,1087.94,1090.15,1092.6,1090.05,1091.07,1083.62,1081.43,1081.43,1081.43,124000
ICICIBANK-EQ_2024-03-22_12-45-00.png,2024-03-22_12-45-00,1088.85,1089.25,1088.5,1088.8,51129.0,1089.79,1091.75,1087.82,1090.82,1092.35,1090.75,1091.53,1081.43,1083.62,1083.62,1083.62,124500
ICICIBANK-EQ_2024-03-22_12-50-00.png,2024-03-22_12-50-00,1088.8,1089.4,1088.2,1089.3,68191.0,1089.78,1091.75,1087.8,1091.5,1092.35,1090.8,1091.54,1083.62,1081.43,1081.43,1081.43,125000
ICICIBANK-EQ_2024-03-22_12-55-00.png,2024-03-22_12-55-00,1088.8,1089.25,1088.6,1088.9,64341.0,1089.68,1091.63,1087.73,1091.5,1091.7,1089.7,1090.86,1081.43,1083.62,1083.62,1083.62,125500
ICICIBANK-EQ_2024-03-22_13-00-00.png,2024-03-22_13-00-00,1088.7,1091.5,1088.7,1090.95,110587.0,1089.69,1091.65,1087.73,1091.03,1091.05,1090.1,1090.45,1083.62,1081.43,1081.43,1081.43,130000
ICICIBANK-EQ_2024-03-22_13-05-00.png,2024-03-22_13-05-00,1090.75,1091.15,1090.1,1091.0,53531.0,1089.69,1091.67,1087.72,1090.32,1090.95,1089.65,1090.3,1081.43,1079.24,1079.24,1079.24,130500
ICICIBANK-EQ_2024-03-22_13-10-00.png,2024-03-22_13-10-00,1091.0,1091.7,1090.5,1091.2,54143.0,1089.73,1091.8,1087.67,1090.3,1093.45,1090.3,1091.42,1079.24,1077.05,1077.05,1077.05,131000
ICICIBANK-EQ_2024-03-22_13-15-00.png,2024-03-22_13-15-00,1091.05,1091.55,1090.1,1090.75,75378.0,1089.73,1091.78,1087.67,1090.92,1091.35,1089.65,1090.82,1077.05,1074.86,1074.86,1074.86,131500
ICICIBANK-EQ_2024-03-22_13-20-00.png,2024-03-22_13-20-00,1090.7,1091.2,1090.15,1090.75,68529.0,1089.75,1091.83,1087.66,1091.15,1091.45,1089.7,1090.61,1074.86,1072.67,1072.67,1072.67,132000
ICICIBANK-EQ_2024-03-22_13-25-00.png,2024-03-22_13-25-00,1090.6,1091.0,1089.75,1091.0,73542.0,1089.79,1091.94,1087.64,1090.65,1091.75,1089.0,1090.53,1072.67,1074.86,1074.86,1074.86,132500
ICICIBANK-EQ_2024-03-22_13-30-00.png,2024-03-22_13-30-00,1090.55,1091.25,1090.05,1090.5,70417.0,1089.78,1091.92,1087.64,1090.68,1091.55,1089.7,1090.65,1074.86,1077.05,1077.05,1077.05,133000
ICICIBANK-EQ_2024-03-22_13-35-00.png,2024-03-22_13-35-00,1090.35,1091.0,1089.8,1090.0,158573.0,1089.73,1091.78,1087.67,1090.68,1091.0,1087.5,1089.68,1077.05,1074.86,1074.86,1074.86,133500
ICICIBANK-EQ_2024-03-22_13-40-00.png,2024-03-22_13-40-00,1090.0,1090.3,1089.15,1089.55,83875.0,1089.68,1091.72,1087.65,1090.1,1091.35,1089.45,1090.34,1074.86,1077.05,1077.05,1077.05,134000
ICICIBANK-EQ_2024-03-22_13-45-00.png,2024-03-22_13-45-00,1089.55,1090.05,1088.4,1089.75,96916.0,1089.67,1091.69,1087.64,1090.28,1091.0,1088.6,1090.27,1077.05,1079.24,1079.24,1079.24,134500
ICICIBANK-EQ_2024-03-22_13-50-00.png,2024-03-22_13-50-00,1089.4,1090.1,1088.85,1089.2,125089.0,1089.67,1091.69,1087.64,1090.75,1091.35,1089.05,1090.24,1079.24,1081.43,1081.43,1081.43,135000
ICICIBANK-EQ_2024-03-22_13-55-00.png,2024-03-22_13-55-00,1089.7,1090.9,1089.25,1089.75,165964.0,1089.73,1091.66,1087.8,1090.28,1090.28,1081.0,1083.46,1081.43,1079.24,1079.24,1079.24,135500
ICICIBANK-EQ_2024-03-22_14-00-00.png,2024-03-22_14-00-00,1089.65,1090.9,1089.25,1090.0,136425.0,1089.79,1091.68,1087.89,1082.58,1086.3,1082.58,1085.03,1079.24,1077.05,1077.05,1077.05,140000
ICICIBANK-EQ_2024-03-22_14-05-00.png,2024-03-22_14-05-00,1090.05,1090.85,1089.15,1090.05,136797.0,1089.87,1091.66,1088.08,1084.88,1087.5,1084.88,1085.82,1077.05,1079.24,1079.24,1079.24,140500
ICICIBANK-EQ_2024-03-22_14-10-00.png,2024-03-22_14-10-00,1090.1,1090.95,1089.05,1090.2,119941.0,1089.93,1091.67,1088.2,1085.4,1087.3,1084.4,1085.62,1079.24,1081.43,1081.43,1081.43,141000
ICICIBANK-EQ_2024-03-22_14-15-00.png,2024-03-22_14-15-00,1090.05,1092.6,1090.05,1091.6,295716.0,1090.09,1091.82,1088.36,1085.4,1089.15,1085.35,1087.26,1081.43,1079.24,1079.24,1079.24,141500
ICICIBANK-EQ_2024-03-22_14-20-00.png,2024-03-22_14-20-00,1091.6,1092.35,1090.75,1091.4,342924.0,1090.23,1091.91,1088.56,1087.28,1089.0,1085.25,1087.42,1079.24,1077.05,1077.05,1077.05,142000
ICICIBANK-EQ_2024-03-22_14-25-00.png,2024-03-22_14-25-00,1091.4,1092.35,1090.8,1091.6,247478.0,1090.37,1092.01,1088.74,1087.72,1087.72,1085.1,1086.36,1077.05,1079.24,1079.24,1079.24,142500
ICICIBANK-EQ_2024-03-22_14-30-00.png,2024-03-22_14-30-00,1091.4,1091.7,1089.7,1090.65,197363.0,1090.44,1092.0,1088.88,1086.58,1087.9,1085.25,1086.82,1079.24,1081.43,1081.43,1081.43,143000
ICICIBANK-EQ_2024-03-22_14-35-00.png,2024-03-22_14-35-00,1090.45,1091.05,1090.1,1090.2,169613.0,1090.5,1091.89,1089.12,1087.08,1088.0,1086.5,1087.41,1081.43,1079.24,1079.24,1079.24,143500
ICICIBANK-EQ_2024-03-22_14-40-00.png,2024-03-22_14-40-00,1090.2,1090.95,1089.65,1090.4,257741.0,1090.48,1091.85,1089.1,1087.58,1088.3,1085.75,1087.05,1079.24,1081.43,1081.43,1081.43,144000
ICICIBANK-EQ_2024-03-22_14-45-00.png,2024-03-22_14-45-00,1090.75,1093.45,1090.4,1091.1,246138.0,1090.48,1091.87,1089.1,1087.08,1087.45,1085.35,1086.47,1081.43,1079.24,1079.24,1079.24,144500
ICICIBANK-EQ_2024-03-22_14-50-00.png,2024-03-22_14-50-00,1091.3,1091.35,1089.65,1091.0,136484.0,1090.47,1091.84,1089.11,1086.55,1086.6,1085.0,1086.0,1079.24,1081.43,1081.43,1081.43,145000
ICICIBANK-EQ_2024-03-22_14-55-00.png,2024-03-22_14-55-00,1090.95,1091.45,1089.7,1090.35,115334.0,1090.45,1091.81,1089.09,1086.2,1086.8,1085.15,1085.99,1081.43,1079.24,1079.24,1079.24,145500
ICICIBANK-EQ_2024-03-22_15-00-00.png,2024-03-22_15-00-00,1090.3,1091.75,1089.0,1091.05,835125.0,1090.47,1091.85,1089.09,1086.0,1086.0,1084.05,1084.96,1079.24,1081.43,1081.43,1081.43,150000
ICICIBANK-EQ_2024-03-22_15-05-00.png,2024-03-22_15-05-00,1091.05,1091.55,1089.7,1090.3,519915.0,1090.43,1091.79,1089.08,1084.92,1085.5,1083.6,1084.66,1081.43,1083.62,1083.62,1083.62,150500
ICICIBANK-EQ_2024-03-22_15-10-00.png,2024-03-22_15-10-00,1090.0,1091.0,1087.5,1090.2,804749.0,1090.42,1091.78,1089.06,1084.78,1086.8,1084.0,1085.1,1083.62,1081.43,1081.43,1081.43,151000
ICICIBANK-EQ_2024-03-22_15-15-00.png,2024-03-22_15-15-00,1089.8,1091.35,1089.45,1090.75,469719.0,1090.46,1091.81,1089.1,1084.8,1085.0,1084.0,1084.42,1081.43,1079.24,1079.24,1079.24,151500
ICICIBANK-EQ_2024-03-22_15-20-00.png,2024-03-22_15-20-00,1090.7,1091.0,1088.6,1090.8,567975.0,1090.52,1091.81,1089.23,1084.35,1084.4,1083.15,1083.85,1079.24,1077.05,1077.05,1077.05,152000
ICICIBANK-EQ_2024-03-22_15-25-00.png,2024-03-22_15-25-00,1091.1,1091.35,1089.05,1089.45,430011.0,1090.5,1091.84,1089.17,1083.92,1085.0,1083.65,1084.36,1077.05,1079.24,1079.24,1079.24,152500
ICICIBANK-EQ_2024-03-26_09-15-00.png,2024-03-26_09-15-00,1081.0,1087.7,1081.0,1084.15,612954.0,1090.25,1093.36,1087.14,1084.4,1085.05,1083.75,1084.55,1079.24,1077.05,1077.05,1077.05,91500
ICICIBANK-EQ_2024-03-26_09-20-00.png,2024-03-26_09-20-00,1084.15,1086.3,1084.05,1085.6,179900.0,1090.04,1093.78,1086.3,1084.7,1085.2,1083.5,1084.43,1077.05,1079.24,1079.24,1079.24,92000
ICICIBANK-EQ_2024-03-26_09-25-00.png,2024-03-26_09-25-00,1085.8,1087.5,1085.0,1085.0,104540.0,1089.79,1094.16,1085.43,1084.5,1085.05,1083.8,1084.51,1079.24,1081.43,1081.43,1081.43,92500
ICICIBANK-EQ_2024-03-26_09-30-00.png,2024-03-26_09-30-00,1085.25,1087.3,1084.4,1085.55,184352.0,1089.57,1094.32,1084.81,1084.6,1085.35,1083.7,1084.78,1081.43,1083.62,1083.62,1083.62,93000
ICICIBANK-EQ_2024-03-26_09-35-00.png,2024-03-26_09-35-00,1085.55,1089.15,1085.35,1089.0,142912.0,1089.51,1094.26,1084.75,1085.03,1085.5,1083.7,1084.58,1083.62,1081.43,1081.43,1081.43,93500
ICICIBANK-EQ_2024-03-26_09-40-00.png,2024-03-26_09-40-00,1088.75,1089.0,1085.25,1086.7,150612.0,1089.26,1094.07,1084.46,1084.55,1084.55,1083.0,1083.68,1081.43,1079.24,1079.24,1079.24,94000
ICICIBANK-EQ_2024-03-26_09-45-00.png,2024-03-26_09-45-00,1086.9,1087.2,1085.1,1086.25,131001.0,1089.0,1093.88,1084.13,1083.82,1084.3,1083.25,1083.71,1079.24,1077.05,1077.05,1077.05,94500
ICICIBANK-EQ_2024-03-26_09-50-00.png,2024-03-26_09-50-00,1086.25,1087.9,1085.25,1087.9,94729.0,1088.82,1093.56,1084.08,1083.65,1084.75,1083.65,1084.21,1077.05,1074.86,1074.86,1074.86,95000
ICICIBANK-EQ_2024-03-26_09-55-00.png,2024-03-26_09-55-00,1088.0,1088.0,1086.5,1087.15,183671.0,1088.64,1093.36,1083.93,1084.18,1084.75,1083.5,1084.32,1074.86,1072.67,1072.67,1072.67,95500
ICICIBANK-EQ_2024-03-26_10-00-00.png,2024-03-26_10-00-00,1087.15,1088.3,1085.75,1087.0,152301.0,1088.49,1093.19,1083.78,1084.53,1085.85,1083.75,1084.6,1072.67,1070.48,1070.48,1070.48,100000
ICICIBANK-EQ_2024-03-26_10-05-00.png,2024-03-26_10-05-00,1087.1,1087.45,1085.35,1086.0,204101.0,1088.26,1093.01,1083.52,1084.4,1085.25,1083.5,1084.44,1070.48,1068.29,1068.29,1068.29,100500
ICICIBANK-EQ_2024-03-26_10-10-00.png,2024-03-26_10-10-00,1085.9,1086.6,1085.0,1086.5,291811.0,1088.04,1092.64,1083.43,1084.5,1085.35,1084.3,1084.88,1068.29,1070.48,1070.48,1070.48,101000
ICICIBANK-EQ_2024-03-26_10-15-00.png,2024-03-26_10-15-00,1086.4,1086.8,1085.15,1085.6,60266.0,1087.77,1092.27,1083.26,1084.92,1085.2,1083.95,1084.55,1070.48,1072.67,1072.67,1072.67,101500
ICICIBANK-EQ_2024-03-26_10-20-00.png,2024-03-26_10-20-00,1085.3,1085.95,1084.05,1084.55,60675.0,1087.47,1092.03,1082.92,1084.53,1085.05,1083.9,1084.22,1072.67,1074.86,1074.86,1074.86,102000
ICICIBANK-EQ_2024-03-26_10-25-00.png,2024-03-26_10-25-00,1084.55,1085.5,1083.6,1085.0,63815.0,1087.17,1091.52,1082.82,1083.97,1084.75,1083.85,1084.28,1074.86,1077.05,1077.05,1077.05,102500
ICICIBANK-EQ_2024-03-26_10-30-00.png,2024-03-26_10-30-00,1084.95,1086.8,1084.0,1084.65,169675.0,1086.89,1091.12,1082.66,1084.25,1084.4,1083.25,1083.84,1077.05,1079.24,1079.24,1079.24,103000
ICICIBANK-EQ_2024-03-26_10-35-00.png,2024-03-26_10-35-00,1084.65,1085.0,1084.0,1084.05,48734.0,1086.58,1090.69,1082.48,1083.85,1083.9,1082.05,1083.04,1079.24,1077.05,1077.05,1077.05,103500
ICICIBANK-EQ_2024-03-26_10-40-00.png,2024-03-26_10-40-00,1084.05,1084.4,1083.15,1083.8,32828.0,1086.24,1090.02,1082.45,1083.1,1083.1,1082.1,1082.66,1077.05,1074.86,1074.86,1074.86,104000
ICICIBANK-EQ_2024-03-26_10-45-00.png,2024-03-26_10-45-00,1083.8,1085.0,1083.65,1085.0,45497.0,1085.95,1089.09,1082.8,1082.8,1083.7,1082.3,1083.03,1074.86,1072.67,1072.67,1072.67,104500
ICICIBANK-EQ_2024-03-26_10-50-00.png,2024-03-26_10-50-00,1085.0,1085.05,1083.75,1084.4,99431.0,1085.69,1088.44,1082.94,1083.05,1084.45,1082.5,1083.51,1072.67,1074.86,1074.86,1074.86,105000
ICICIBANK-EQ_2024-03-26_10-55-00.png,2024-03-26_10-55-00,1084.4,1085.2,1083.5,1084.6,150653.0,1085.71,1088.42,1083.01,1083.55,1084.5,1082.7,1083.58,1074.86,1072.67,1072.67,1072.67,105500
ICICIBANK-EQ_2024-03-26_11-00-00.png,2024-03-26_11-00-00,1084.55,1085.05,1083.8,1084.65,135469.0,1085.67,1088.41,1082.92,1083.55,1084.4,1083.1,1083.65,1072.67,1070.48,1070.48,1070.48,110000
ICICIBANK-EQ_2024-03-26_11-05-00.png,2024-03-26_11-05-00,1085.0,1085.35,1083.7,1085.05,80507.0,1085.67,1088.41,1082.93,1083.55,1083.9,1083.45,1083.64,1070.48,1068.29,1068.29,1068.29,110500
ICICIBANK-EQ_2024-03-26_11-10-00.png,2024-03-26_11-10-00,1085.05,1085.5,1083.7,1084.05,29967.0,1085.6,1088.43,1082.76,1083.6,1085.15,1082.9,1084.15,1068.29,1066.1,1066.1,1066.1,111000
ICICIBANK-EQ_2024-03-26_11-15-00.png,2024-03-26_11-15-00,1084.05,1084.05,1083.0,1083.6,45721.0,1085.32,1087.8,1082.85,1084.28,1085.65,1084.28,1085.2,1066.1,1063.91,1063.91,1063.91,111500
ICICIBANK-EQ_2024-03-26_11-20-00.png,2024-03-26_11-20-00,1083.55,1084.3,1083.25,1083.75,37512.0,1085.18,1087.66,1082.69,1085.3,1085.75,1083.7,1084.72,1063.91,1066.1,1066.1,1066.1,112000
ICICIBANK-EQ_2024-03-26_11-25-00.png,2024-03-26_11-25-00,1084.0,1084.75,1083.75,1084.35,28088.0,1085.08,1087.54,1082.63,1084.72,1084.9,1083.05,1083.98,1066.1,1068.29,1068.29,1068.29,112500
ICICIBANK-EQ_2024-03-26_11-30-00.png,2024-03-26_11-30-00,1084.35,1084.75,1083.5,1084.7,49010.0,1084.92,1086.99,1082.85,1083.97,1084.2,1082.1,1083.32,1068.29,1070.48,1070.48,1070.48,113000
ICICIBANK-EQ_2024-03-26_11-35-00.png,2024-03-26_11-35-00,1084.75,1085.85,1083.75,1084.05,105055.0,1084.77,1086.58,1082.95,1083.5,1084.25,1082.85,1083.35,1070.48,1068.29,1068.29,1068.29,113500
ICICIBANK-EQ_2024-03-26_11-40-00.png,2024-03-26_11-40-00,1083.9,1085.25,1083.5,1085.1,94532.0,1084.67,1086.17,1083.18,1083.15,1083.5,1082.55,1082.91,1068.29,1070.48,1070.48,1070.48,114000
ICICIBANK-EQ_2024-03-26_11-45-00.png,2024-03-26_11-45-00,1085.0,1085.35,1084.3,1084.85,101171.0,1084.62,1085.98,1083.25,1082.8,1083.2,1082.0,1082.49,1070.48,1072.67,1072.67,1072.67,114500
ICICIBANK-EQ_2024-03-26_11-50-00.png,2024-03-26_11-50-00,1085.0,1085.2,1083.95,1084.05,110098.0,1084.49,1085.55,1083.44,1082.38,1083.0,1081.0,1081.88,1072.67,1070.48,1070.48,1070.48,115000
ICICIBANK-EQ_2024-03-26_11-55-00.png,2024-03-26_11-55-00,1083.9,1085.05,1083.9,1084.05,166817.0,1084.42,1085.35,1083.48,1081.75,1082.4,1080.2,1081.46,1070.48,1068.29,1068.29,1068.29,115500
ICICIBANK-EQ_2024-03-26_12-00-00.png,2024-03-26_12-00-00,1084.25,1084.75,1083.85,1084.25,50776.0,1084.4,1085.33,1083.47,1081.62,1082.75,1081.05,1081.76,1068.29,1070.48,1070.48,1070.48,120000
ICICIBANK-EQ_2024-03-26_12-05-00.png,2024-03-26_12-05-00,1084.2,1084.4,1083.25,1083.5,46223.0,1084.32,1085.3,1083.35,1081.62,1081.7,1080.7,1081.21,1070.48,1068.29,1068.29,1068.29,120500
ICICIBANK-EQ_2024-03-26_12-10-00.png,2024-03-26_12-10-00,1083.65,1083.9,1082.05,1082.55,60653.0,1084.22,1085.46,1082.98,1081.22,1081.55,1080.1,1080.86,1068.29,1070.48,1070.48,1070.48,121000
ICICIBANK-EQ_2024-03-26_12-15-00.png,2024-03-26_12-15-00,1082.7,1082.95,1082.1,1082.9,51804.0,1084.16,1085.54,1082.79,1080.9,1080.9,1080.0,1080.45,1070.48,1072.67,1072.67,1072.67,121500
ICICIBANK-EQ_2024-03-26_12-20-00.png,2024-03-26_12-20-00,1082.8,1083.7,1082.3,1083.3,47458.0,1084.14,1085.56,1082.72,1080.47,1082.15,1080.0,1080.91,1072.67,1070.48,1070.48,1070.48,122000
ICICIBANK-EQ_2024-03-26_12-25-00.png,2024-03-26_12-25-00,1083.1,1084.45,1082.5,1084.0,126423.0,1084.09,1085.45,1082.73,1080.75,1081.9,1080.75,1081.5,1070.48,1072.67,1072.67,1072.67,122500
ICICIBANK-EQ_2024-03-26_12-30-00.png,2024-03-26_12-30-00,1083.65,1084.5,1082.7,1083.45,52592.0,1084.04,1085.42,1082.66,1081.55,1082.8,1080.3,1081.64,1072.67,1074.86,1074.86,1074.86,123000
ICICIBANK-EQ_2024-03-26_12-35-00.png,2024-03-26_12-35-00,1083.45,1084.4,1083.1,1083.65,58887.0,1083.99,1085.36,1082.63,1081.72,1081.75,1079.75,1080.8,1074.86,1072.67,1072.67,1072.67,123500
ICICIBANK-EQ_2024-03-26_12-40-00.png,2024-03-26_12-40-00,1083.6,1083.9,1083.45,1083.6,57227.0,1083.94,1085.28,1082.6,1080.85,1081.05,1079.1,1080.31,1072.67,1074.86,1074.86,1074.86,124000
ICICIBANK-EQ_2024-03-26_12-45-00.png,2024-03-26_12-45-00,1083.6,1085.15,1082.9,1084.95,94534.0,1083.94,1085.26,1082.61,1080.55,1081.55,1080.5,1081.03,1074.86,1077.05,1077.05,1077.05,124500
ICICIBANK-EQ_2024-03-26_12-50-00.png,2024-03-26_12-50-00,1085.1,1085.65,1084.55,1085.5,115475.0,1084.01,1085.5,1082.51,1081.03,1081.6,1080.45,1081.06,1077.05,1074.86,1074.86,1074.86,125000
ICICIBANK-EQ_2024-03-26_12-55-00.png,2024-03-26_12-55-00,1085.55,1085.75,1083.7,1083.9,165743.0,1084.02,1085.51,1082.54,1081.1,1081.45,1079.3,1080.64,1074.86,1077.05,1077.05,1077.05,125500
ICICIBANK-EQ_2024-03-26_13-00-00.png,2024-03-26_13-00-00,1084.15,1084.9,1083.05,1083.8,50664.0,1084.03,1085.51,1082.54,1080.9,1081.05,1077.35,1079.25,1077.05,1074.86,1074.86,1074.86,130000
ICICIBANK-EQ_2024-03-26_13-05-00.png,2024-03-26_13-05-00,1083.55,1084.2,1082.1,1083.45,57647.0,1083.98,1085.48,1082.48,1079.3,1079.3,1077.0,1077.88,1074.86,1077.05,1077.05,1077.05,130500
ICICIBANK-EQ_2024-03-26_13-10-00.png,2024-03-26_13-10-00,1083.45,1084.25,1082.85,1082.85,56924.0,1083.89,1085.42,1082.35,1078.05,1080.2,1077.95,1079.19,1077.05,1074.86,1074.86,1074.86,131000
ICICIBANK-EQ_2024-03-26_13-15-00.png,2024-03-26_13-15-00,1082.85,1083.5,1082.55,1082.75,45904.0,1083.82,1085.44,1082.21,1079.3,1080.0,1078.6,1079.18,1074.86,1077.05,1077.05,1077.05,131500
ICICIBANK-EQ_2024-03-26_13-20-00.png,2024-03-26_13-20-00,1082.75,1083.2,1082.0,1082.0,63333.0,1083.67,1085.36,1081.98,1079.05,1081.05,1078.75,1079.78,1077.05,1079.24,1079.24,1079.24,132000
ICICIBANK-EQ_2024-03-26_13-25-00.png,2024-03-26_13-25-00,1082.05,1083.0,1081.0,1081.45,86382.0,1083.5,1085.36,1081.63,1079.65,1082.45,1079.65,1081.15,1079.24,1077.05,1077.05,1077.05,132500
ICICIBANK-EQ_2024-03-26_13-30-00.png,2024-03-26_13-30-00,1081.45,1082.4,1080.2,1081.8,62657.0,1083.38,1085.38,1081.39,1081.12,1085.7,1081.12,1083.72,1077.05,1074.86,1074.86,1074.86,133000
ICICIBANK-EQ_2024-03-26_13-35-00.png,2024-03-26_13-35-00,1081.8,1082.75,1081.05,1081.45,74638.0,1083.25,1085.4,1081.11,1083.75,1085.6,1083.0,1084.61,1074.86,1072.67,1072.67,1072.67,133500
ICICIBANK-EQ_2024-03-26_13-40-00.png,2024-03-26_13-40-00,1081.3,1081.7,1080.7,1081.15,61058.0,1083.1,1085.38,1080.82,1084.92,1085.0,1083.3,1084.14,1072.67,1074.86,1074.86,1074.86,134000
ICICIBANK-EQ_2024-03-26_13-45-00.png,2024-03-26_13-45-00,1081.1,1081.55,1080.1,1080.7,88146.0,1082.96,1085.47,1080.45,1084.12,1085.3,1083.5,1084.39,1074.86,1077.05,1077.05,1077.05,134500
ICICIBANK-EQ_2024-03-26_13-50-00.png,2024-03-26_13-50-00,1080.7,1080.85,1080.0,1080.25,82956.0,1082.84,1085.63,1080.06,1084.38,1086.05,1081.4,1084.03,1077.05,1074.86,1074.86,1074.86,135000
ICICIBANK-EQ_2024-03-26_13-55-00.png,2024-03-26_13-55-00,1080.25,1082.15,1080.0,1081.25,71429.0,1082.76,1085.64,1079.89,1084.32,1087.75,1083.2,1084.74,1074.86,1077.05,1077.05,1077.05,135500
ICICIBANK-EQ_2024-03-26_14-00-00.png,2024-03-26_14-00-00,1081.3,1081.9,1081.0,1081.8,57498.0,1082.69,1085.58,1079.79,1084.0,1085.05,1083.4,1084.25,1077.05,1079.24,1079.24,1079.24,140000
ICICIBANK-EQ_2024-03-26_14-05-00.png,2024-03-26_14-05-00,1081.75,1082.8,1080.3,1081.7,118582.0,1082.57,1085.43,1079.71,1084.28,1085.95,1084.05,1084.91,1079.24,1077.05,1077.05,1077.05,140500
ICICIBANK-EQ_2024-03-26_14-10-00.png,2024-03-26_14-10-00,1081.7,1081.75,1079.75,1080.0,115638.0,1082.4,1085.45,1079.35,1084.82,1087.15,1084.82,1086.18,1077.05,1079.24,1079.24,1079.24,141000
ICICIBANK-EQ_2024-03-26_14-15-00.png,2024-03-26_14-15-00,1080.4,1081.05,1079.1,1080.7,130822.0,1082.25,1085.33,1079.18,1086.28,1088.9,1086.28,1087.34,1079.24,1077.05,1077.05,1077.05,141500
ICICIBANK-EQ_2024-03-26_14-20-00.png,2024-03-26_14-20-00,1080.75,1081.55,1080.5,1081.3,124983.0,1082.14,1085.17,1079.1,1087.08,1088.2,1086.35,1087.41,1077.05,1079.24,1079.24,1079.24,142000
ICICIBANK-EQ_2024-03-26_14-25-00.png,2024-03-26_14-25-00,1081.05,1081.6,1080.45,1081.15,142622.0,1081.95,1084.71,1079.19,1087.55,1088.9,1087.55,1088.35,1079.24,1081.43,1081.43,1081.43,142500
ICICIBANK-EQ_2024-03-26_14-30-00.png,2024-03-26_14-30-00,1081.15,1081.45,1079.3,1080.65,322246.0,1081.71,1083.95,1079.46,1088.35,1089.85,1088.15,1088.85,1081.43,1079.24,1079.24,1079.24,143000
ICICIBANK-EQ_2024-03-26_14-35-00.png,2024-03-26_14-35-00,1080.65,1081.05,1077.35,1077.95,549269.0,1081.41,1083.98,1078.83,1088.7,1089.4,1087.8,1088.64,1079.24,1081.43,1081.43,1081.43,143500
ICICIBANK-EQ_2024-03-26_14-40-00.png,2024-03-26_14-40-00,1077.85,1078.4,1077.0,1078.25,264340.0,1081.13,1083.82,1078.44,1088.68,1091.25,1088.68,1089.95,1081.43,1079.24,1079.24,1079.24,144000
ICICIBANK-EQ_2024-03-26_14-45-00.png,2024-03-26_14-45-00,1079.05,1080.2,1077.95,1079.55,383019.0,1080.94,1083.47,1078.4,1089.9,1092.0,1089.9,1091.28,1079.24,1077.05,1077.05,1077.05,144500
ICICIBANK-EQ_2024-03-26_14-50-00.png,2024-03-26_14-50-00,1079.5,1080.0,1078.6,1078.6,266622.0,1080.72,1083.3,1078.15,1091.4,1091.95,1090.5,1091.49,1077.05,1074.86,1074.86,1074.86,145000
ICICIBANK-EQ_2024-03-26_14-55-00.png,2024-03-26_14-55-00,1078.75,1081.05,1078.75,1080.55,307345.0,1080.61,1083.0,1078.22,1091.75,1091.75,1090.0,1090.8,1074.86,1072.67,1072.67,1072.67,145500
ICICIBANK-EQ_2024-03-26_15-00-00.png,2024-03-26_15-00-00,1080.6,1082.45,1079.9,1081.65,856319.0,1080.6,1082.95,1078.24,1090.78,1090.78,1089.1,1089.79,1072.67,1070.48,1070.48,1070.48,150000
ICICIBANK-EQ_2024-03-26_15-05-00.png,2024-03-26_15-05-00,1081.8,1085.7,1081.7,1085.7,1051229.0,1080.81,1084.08,1077.54,1089.8,1089.8,1087.8,1088.72,1070.48,1068.29,1068.29,1068.29,150500
ICICIBANK-EQ_2024-03-26_15-10-00.png,2024-03-26_15-10-00,1085.1,1085.6,1083.0,1084.75,799603.0,1080.96,1084.65,1077.26,1088.75,1088.75,1087.0,1088.19,1068.29,1070.48,1070.48,1070.48,151000
ICICIBANK-EQ_2024-03-26_15-15-00.png,2024-03-26_15-15-00,1084.75,1085.0,1083.3,1083.5,598636.0,1081.06,1084.92,1077.19,1088.5,1090.15,1088.3,1089.16,1070.48,1072.67,1072.67,1072.67,151500
ICICIBANK-EQ_2024-03-26_15-20-00.png,2024-03-26_15-20-00,1083.5,1085.3,1083.5,1085.25,629987.0,1081.26,1085.56,1076.97,1089.1,1092.1,1089.1,1090.51,1072.67,1070.48,1070.48,1070.48,152000
ICICIBANK-EQ_2024-03-26_15-25-00.png,2024-03-26_15-25-00,1085.25,1086.05,1081.4,1083.4,512073.0,1081.4,1085.79,1077.01,1090.1,1090.5,1087.6,1088.97,1070.48,1072.67,1072.67,1072.67,152500
ICICIBANK-EQ_2024-03-27_09-15-00.png,2024-03-27_09-15-00,1083.7,1087.75,1083.2,1084.3,356232.0,1081.6,1086.14,1077.06,1088.9,1088.9,1085.55,1087.07,1072.67,1070.48,1070.48,1070.48,91500
ICICIBANK-EQ_2024-03-27_09-20-00.png,2024-03-27_09-20-00,1084.15,1085.05,1083.4,1084.4,151632.0,1081.76,1086.46,1077.06,1087.35,1087.35,1085.15,1086.14,1070.48,1072.67,1072.67,1072.67,92000
ICICIBANK-EQ_2024-03-27_09-25-00.png,2024-03-27_09-25-00,1084.25,1085.95,1084.05,1085.4,198225.0,1081.94,1086.91,1076.96,1086.18,1086.55,1085.3,1085.95,1072.67,1070.48,1070.48,1070.48,92500
ICICIBANK-EQ_2024-03-27_09-30-00.png,2024-03-27_09-30-00,1085.4,1087.15,1085.0,1087.15,153194.0,1082.21,1087.7,1076.72,1085.97,1086.5,1085.0,1085.76,1070.48,1072.67,1072.67,1072.67,93000
ICICIBANK-EQ_2024-03-27_09-35-00.png,2024-03-27_09-35-00,1087.15,1088.9,1086.3,1087.0,227124.0,1082.56,1088.34,1076.78,1085.78,1085.78,1083.0,1084.93,1072.67,1074.86,1074.86,1074.86,93500
ICICIBANK-EQ_2024-03-27_09-40-00.png,2024-03-27_09-40-00,1087.05,1088.2,1086.35,1088.05,332625.0,1082.93,1089.13,1076.72,1085.5,1086.45,1084.85,1085.62,1074.86,1072.67,1072.67,1072.67,94000
ICICIBANK-EQ_2024-03-27_09-45-00.png,2024-03-27_09-45-00,1088.0,1088.9,1087.8,1088.7,231472.0,1083.3,1089.96,1076.64,1085.6,1086.0,1084.1,1085.04,1072.67,1070.48,1070.48,1070.48,94500
ICICIBANK-EQ_2024-03-27_09-50-00.png,2024-03-27_09-50-00,1088.5,1089.85,1088.15,1088.9,337706.0,1083.68,1090.71,1076.66,1085.03,1085.03,1083.55,1084.14,1070.48,1072.67,1072.67,1072.67,95000
ICICIBANK-EQ_2024-03-27_09-55-00.png,2024-03-27_09-55-00,1088.6,1089.4,1087.8,1088.75,346164.0,1084.09,1091.31,1076.87,1084.0,1084.55,1083.55,1084.07,1072.67,1070.48,1070.48,1070.48,95500
ICICIBANK-EQ_2024-03-27_10-00-00.png,2024-03-27_10-00-00,1089.0,1091.25,1088.75,1090.8,418131.0,1084.73,1091.94,1077.52,1084.1,1085.85,1083.75,1084.86,1070.48,1072.67,1072.67,1072.67,100000
ICICIBANK-EQ_2024-03-27_10-05-00.png,2024-03-27_10-05-00,1090.8,1092.0,1090.3,1092.0,150783.0,1085.42,1092.65,1078.19,1084.93,1085.95,1084.93,1085.64,1072.67,1074.86,1074.86,1074.86,100500
ICICIBANK-EQ_2024-03-27_10-10-00.png,2024-03-27_10-10-00,1091.95,1091.95,1090.5,1091.55,106663.0,1086.02,1093.19,1078.85,1085.8,1086.25,1085.2,1085.91,1074.86,1072.67,1072.67,1072.67,101000
ICICIBANK-EQ_2024-03-27_10-15-00.png,2024-03-27_10-15-00,1091.55,1091.65,1090.0,1090.0,100282.0,1086.59,1093.05,1080.13,1086.1,1086.65,1085.75,1086.15,1072.67,1074.86,1074.86,1074.86,101500
ICICIBANK-EQ_2024-03-27_10-20-00.png,2024-03-27_10-20-00,1090.0,1090.45,1089.1,1089.6,79718.0,1087.04,1092.97,1081.12,1086.1,1086.3,1085.05,1085.85,1074.86,1072.67,1072.67,1072.67,102000
ICICIBANK-EQ_2024-03-27_10-25-00.png,2024-03-27_10-25-00,1089.6,1089.6,1087.8,1087.9,115179.0,1087.36,1092.72,1081.99,1086.03,1086.05,1085.2,1085.66,1072.67,1074.86,1074.86,1074.86,102500
ICICIBANK-EQ_2024-03-27_10-30-00.png,2024-03-27_10-30-00,1088.5,1088.75,1087.0,1088.5,221587.0,1087.5,1092.82,1082.17,1085.7,1086.15,1085.55,1085.84,1074.86,1077.05,1077.05,1077.05,103000
ICICIBANK-EQ_2024-03-27_10-35-00.png,2024-03-27_10-35-00,1088.4,1090.15,1088.3,1089.8,400556.0,1087.75,1093.0,1082.49,1085.82,1087.15,1085.55,1086.31,1077.05,1079.24,1079.24,1079.24,103500
ICICIBANK-EQ_2024-03-27_10-40-00.png,2024-03-27_10-40-00,1089.75,1092.1,1089.75,1090.45,683597.0,1088.1,1093.08,1083.11,1086.28,1087.6,1086.28,1087.0,1079.24,1077.05,1077.05,1077.05,104000
ICICIBANK-EQ_2024-03-27_10-45-00.png,2024-03-27_10-45-00,1090.0,1090.5,1087.6,1087.8,645797.0,1088.22,1093.03,1083.42,1086.97,1088.05,1086.95,1087.47,1077.05,1074.86,1074.86,1074.86,104500
ICICIBANK-EQ_2024-03-27_10-50-00.png,2024-03-27_10-50-00,1087.85,1088.05,1085.55,1086.85,747331.0,1088.4,1092.69,1084.1,1087.45,1088.25,1087.45,1087.82,1074.86,1077.05,1077.05,1077.05,105000
ICICIBANK-EQ_2024-03-27_10-55-00.png,2024-03-27_10-55-00,1086.65,1087.05,1085.15,1085.7,179812.0,1088.46,1092.52,1084.41,1087.75,1088.2,1087.1,1087.64,1077.05,1079.24,1079.24,1079.24,105500
ICICIBANK-EQ_2024-03-27_11-00-00.png,2024-03-27_11-00-00,1085.7,1086.55,1085.3,1086.25,285670.0,1088.56,1092.29,1084.82,1087.62,1088.1,1087.45,1087.81,1079.24,1081.43,1081.43,1081.43,110000
ICICIBANK-EQ_2024-03-27_11-05-00.png,2024-03-27_11-05-00,1085.75,1086.5,1085.0,1085.8,328157.0,1088.58,1092.25,1084.91,1087.85,1088.65,1087.6,1088.05,1081.43,1079.24,1079.24,1079.24,110500
ICICIBANK-EQ_2024-03-27_11-10-00.png,2024-03-27_11-10-00,1085.6,1085.7,1083.0,1085.4,275938.0,1088.49,1092.38,1084.6,1087.97,1088.85,1087.6,1088.16,1079.24,1077.05,1077.05,1077.05,111000
ICICIBANK-EQ_2024-03-27_11-15-00.png,2024-03-27_11-15-00,1085.3,1086.45,1084.85,1085.9,103950.0,1088.44,1092.44,1084.43,1088.1,1088.35,1087.6,1087.97,1077.05,1079.24,1079.24,1079.24,111500
ICICIBANK-EQ_2024-03-27_11-20-00.png,2024-03-27_11-20-00,1085.85,1086.0,1084.1,1084.2,80297.0,1088.24,1092.68,1083.81,1087.97,1089.0,1087.75,1088.47,1079.24,1077.05,1077.05,1077.05,112000
ICICIBANK-EQ_2024-03-27_11-25-00.png,2024-03-27_11-25-00,1084.2,1085.0,1083.55,1083.8,108259.0,1088.0,1092.85,1083.15,1088.58,1089.4,1088.0,1088.62,1077.05,1079.24,1079.24,1079.24,112500
ICICIBANK-EQ_2024-03-27_11-30-00.png,2024-03-27_11-30-00,1084.1,1084.55,1083.55,1084.1,84270.0,1087.76,1092.89,1082.63,1088.55,1088.75,1087.55,1088.24,1079.24,1081.43,1081.43,1081.43,113000
ICICIBANK-EQ_2024-03-27_11-35-00.png,2024-03-27_11-35-00,1084.15,1085.85,1083.75,1085.7,173684.0,1087.6,1092.79,1082.42,1088.32,1088.32,1087.55,1087.99,1081.43,1083.62,1083.62,1083.62,113500
ICICIBANK-EQ_2024-03-27_11-40-00.png,2024-03-27_11-40-00,1085.75,1085.95,1085.0,1085.85,72233.0,1087.36,1092.37,1082.35,1088.08,1088.4,1087.55,1088.04,1083.62,1081.43,1081.43,1081.43,114000
ICICIBANK-EQ_2024-03-27_11-45-00.png,2024-03-27_11-45-00,1085.95,1086.25,1085.2,1086.25,66777.0,1087.07,1091.6,1082.54,1088.1,1088.25,1086.7,1087.42,1081.43,1083.62,1083.62,1083.62,114500
ICICIBANK-EQ_2024-03-27_11-50-00.png,2024-03-27_11-50-00,1086.25,1086.65,1085.75,1085.95,97835.0,1086.79,1090.82,1082.76,1087.38,1087.38,1085.5,1086.35,1083.62,1085.81,1085.81,1085.81,115000
ICICIBANK-EQ_2024-03-27_11-55-00.png,2024-03-27_11-55-00,1086.3,1086.3,1085.05,1085.75,86946.0,1086.58,1090.33,1082.83,1086.45,1086.95,1085.5,1086.29,1085.81,1083.62,1083.62,1083.62,115500
ICICIBANK-EQ_2024-03-27_12-00-00.png,2024-03-27_12-00-00,1085.75,1086.05,1085.2,1085.65,94752.0,1086.38,1089.87,1082.89,1086.35,1087.45,1086.35,1087.08,1083.62,1085.81,1085.81,1085.81,120000
ICICIBANK-EQ_2024-03-27_12-05-00.png,2024-03-27_12-05-00,1085.7,1086.15,1085.55,1085.95,84841.0,1086.28,1089.7,1082.87,1087.18,1088.25,1087.05,1087.7,1085.81,1083.62,1083.62,1083.62,120500
ICICIBANK-EQ_2024-03-27_12-10-00.png,2024-03-27_12-10-00,1086.0,1087.15,1085.55,1086.55,105983.0,1086.18,1089.44,1082.93,1087.75,1089.25,1087.75,1088.57,1083.62,1081.43,1081.43,1081.43,121000
ICICIBANK-EQ_2024-03-27_12-15-00.png,2024-03-27_12-15-00,1086.75,1087.6,1086.45,1087.2,76356.0,1086.05,1088.89,1083.22,1088.6,1089.1,1088.0,1088.75,1081.43,1079.24,1079.24,1079.24,121500
ICICIBANK-EQ_2024-03-27_12-20-00.png,2024-03-27_12-20-00,1087.25,1088.05,1086.95,1087.65,134995.0,1085.92,1088.01,1083.82,1088.95,1089.15,1088.1,1088.62,1079.24,1077.05,1077.05,1077.05,122000
ICICIBANK-EQ_2024-03-27_12-25-00.png,2024-03-27_12-25-00,1087.8,1088.25,1087.55,1087.7,71579.0,1085.91,1087.99,1083.83,1088.62,1088.85,1087.9,1088.34,1077.05,1079.24,1079.24,1079.24,122500
ICICIBANK-EQ_2024-03-27_12-30-00.png,2024-03-27_12-30-00,1087.7,1088.2,1087.1,1087.55,79554.0,1085.95,1088.11,1083.78,1088.3,1088.35,1087.5,1087.84,1079.24,1081.43,1081.43,1081.43,123000
ICICIBANK-EQ_2024-03-27_12-35-00.png,2024-03-27_12-35-00,1087.95,1088.1,1087.45,1087.75,64222.0,1086.05,1088.36,1083.74,1087.75,1088.0,1086.75,1087.34,1081.43,1083.62,1083.62,1083.62,123500
ICICIBANK-EQ_2024-03-27_12-40-00.png,2024-03-27_12-40-00,1087.95,1088.65,1087.6,1088.0,72649.0,1086.14,1088.6,1083.67,1087.3,1087.65,1086.15,1086.94,1083.62,1085.81,1085.81,1085.81,124000
ICICIBANK-EQ_2024-03-27_12-45-00.png,2024-03-27_12-45-00,1088.2,1088.85,1087.6,1088.0,90178.0,1086.25,1088.84,1083.65,1086.97,1086.97,1083.0,1085.16,1085.81,1083.62,1083.62,1083.62,124500
ICICIBANK-EQ_2024-03-27_12-50-00.png,2024-03-27_12-50-00,1087.75,1088.35,1087.6,1088.2,54989.0,1086.38,1089.09,1083.68,1085.35,1085.35,1080.65,1082.16,1083.62,1081.43,1081.43,1081.43,125000
ICICIBANK-EQ_2024-03-27_12-55-00.png,2024-03-27_12-55-00,1088.25,1089.0,1087.75,1088.9,50646.0,1086.54,1089.45,1083.62,1082.3,1082.3,1079.6,1080.59,1081.43,1083.62,1083.62,1083.62,125500
ICICIBANK-EQ_2024-03-27_13-00-00.png,2024-03-27_13-00-00,1088.75,1089.4,1088.0,1088.35,127733.0,1086.74,1089.55,1083.94,1080.78,1081.9,1079.65,1080.92,1083.62,1085.81,1085.81,1085.81,130000
ICICIBANK-EQ_2024-03-27_13-05-00.png,2024-03-27_13-05-00,1088.45,1088.75,1087.55,1088.2,199794.0,1086.96,1089.47,1084.45,1081.07,1085.0,1081.07,1083.2,1085.81,1088.0,1088.0,1088.0,130500
ICICIBANK-EQ_2024-03-27_13-10-00.png,2024-03-27_13-10-00,1087.9,1088.25,1087.55,1088.25,94751.0,1087.17,1089.35,1084.99,1083.15,1085.5,1083.15,1084.7,1088.0,1085.81,1085.81,1085.81,131000
ICICIBANK-EQ_2024-03-27_13-15-00.png,2024-03-27_13-15-00,1088.3,1088.4,1087.55,1087.9,78117.0,1087.28,1089.36,1085.2,1084.6,1085.55,1083.45,1084.26,1085.81,1083.62,1083.62,1083.62,131500
ICICIBANK-EQ_2024-03-27_13-20-00.png,2024-03-27_13-20-00,1088.0,1088.25,1086.7,1086.75,208509.0,1087.32,1089.31,1085.34,1084.03,1086.4,1083.3,1084.79,1083.62,1085.81,1085.81,1085.81,132000
ICICIBANK-EQ_2024-03-27_13-25-00.png,2024-03-27_13-25-00,1087.0,1087.0,1085.5,1085.9,174899.0,1087.31,1089.34,1085.27,1084.72,1085.7,1082.25,1084.18,1085.81,1083.62,1083.62,1083.62,132500
ICICIBANK-EQ_2024-03-27_13-30-00.png,2024-03-27_13-30-00,1085.8,1086.95,1085.5,1086.9,106849.0,1087.36,1089.3,1085.41,1084.38,1084.38,1080.1,1081.57,1083.62,1085.81,1085.81,1085.81,133000
ICICIBANK-EQ_2024-03-27_13-35-00.png,2024-03-27_13-35-00,1086.9,1087.45,1086.5,1087.45,93758.0,1087.44,1089.23,1085.65,1081.6,1083.25,1080.0,1081.71,1085.81,1088.0,1088.0,1088.0,133500
ICICIBANK-EQ_2024-03-27_13-40-00.png,2024-03-27_13-40-00,1087.3,1088.25,1087.05,1088.2,89683.0,1087.57,1089.18,1085.96,1081.8,1087.35,1081.8,1084.9,1088.0,1090.19,1090.19,1090.19,134000
ICICIBANK-EQ_2024-03-27_13-45-00.png,2024-03-27_13-45-00,1088.2,1089.25,1087.85,1089.0,220351.0,1087.72,1089.26,1086.18,1085.15,1087.95,1085.0,1086.4,1090.19,1088.0,1088.0,1088.0,134500
ICICIBANK-EQ_2024-03-27_13-50-00.png,2024-03-27_13-50-00,1089.1,1089.1,1088.0,1088.8,120332.0,1087.83,1089.34,1086.32,1086.32,1088.15,1085.0,1086.03,1088.0,1085.81,1085.81,1085.81,135000
ICICIBANK-EQ_2024-03-27_13-55-00.png,2024-03-27_13-55-00,1089.0,1089.15,1088.1,1088.25,112124.0,1087.88,1089.37,1086.4,1085.47,1091.9,1085.0,1088.38,1085.81,1088.0,1088.0,1088.0,135500
ICICIBANK-EQ_2024-03-27_14-00-00.png,2024-03-27_14-00-00,1088.7,1088.85,1087.9,1087.9,97840.0,1087.9,1089.38,1086.41,1088.3,1095.75,1088.3,1093.38,1088.0,1085.81,1085.81,1085.81,140000
ICICIBANK-EQ_2024-03-27_14-05-00.png,2024-03-27_14-05-00,1087.9,1088.35,1087.5,1087.6,190824.0,1087.89,1089.38,1086.4,1093.18,1097.7,1093.18,1096.06,1085.81,1088.0,1088.0,1088.0,140500
ICICIBANK-EQ_2024-03-27_14-10-00.png,2024-03-27_14-10-00,1087.8,1088.0,1086.75,1086.8,271711.0,1087.86,1089.42,1086.29,1095.95,1100.0,1095.95,1098.45,1088.0,1090.19,1090.19,1090.19,141000
ICICIBANK-EQ_2024-03-27_14-15-00.png,2024-03-27_14-15-00,1087.0,1087.65,1086.15,1086.95,136534.0,1087.82,1089.43,1086.2,1098.47,1100.8,1098.1,1099.72,1090.19,1092.37,1092.37,1092.37,141500
ICICIBANK-EQ_2024-03-27_14-20-00.png,2024-03-27_14-20-00,1086.85,1086.95,1083.0,1083.85,512126.0,1087.61,1090.0,1085.22,1100.0,1100.7,1098.45,1099.88,1092.37,1090.19,1090.19,1090.19,142000
ICICIBANK-EQ_2024-03-27_14-25-00.png,2024-03-27_14-25-00,1083.4,1083.4,1080.65,1081.2,640819.0,1087.27,1090.99,1083.55,1100.18,1101.2,1099.2,1100.25,1090.19,1092.37,1092.37,1092.37,142500
ICICIBANK-EQ_2024-03-27_14-30-00.png,2024-03-27_14-30-00,1081.2,1081.2,1079.6,1080.35,546841.0,1086.88,1091.68,1082.07,1100.3,1101.6,1099.75,1100.58,1092.37,1094.56,1094.56,1094.56,143000
ICICIBANK-EQ_2024-03-27_14-35-00.png,2024-03-27_14-35-00,1080.35,1081.9,1079.65,1081.8,446614.0,1086.52,1091.73,1081.31,1100.47,1100.5,1099.25,1100.12,1094.56,1096.75,1096.75,1096.75,143500
ICICIBANK-EQ_2024-03-27_14-40-00.png,2024-03-27_14-40-00,1081.75,1085.0,1081.5,1084.55,231038.0,1086.33,1091.53,1081.13,1100.38,1100.5,1099.8,1100.16,1096.75,1098.94,1098.94,1098.94,144000
ICICIBANK-EQ_2024-03-27_14-45-00.png,2024-03-27_14-45-00,1084.95,1085.5,1084.1,1084.25,442177.0,1086.13,1091.34,1080.93,1100.18,1100.25,1099.75,1100.04,1098.94,1101.13,1101.13,1101.13,144500
ICICIBANK-EQ_2024-03-27_14-50-00.png,2024-03-27_14-50-00,1084.4,1085.55,1083.45,1083.65,538545.0,1085.9,1091.12,1080.69,1100.08,1100.25,1099.65,1100.04,1101.13,1103.32,1103.32,1103.32,145000
ICICIBANK-EQ_2024-03-27_14-55-00.png,2024-03-27_14-55-00,1084.0,1086.4,1083.3,1085.45,768559.0,1085.78,1090.91,1080.65,1100.12,1102.95,1100.12,1100.94,1103.32,1105.51,1105.51,1105.51,145500
ICICIBANK-EQ_2024-03-27_15-00-00.png,2024-03-27_15-00-00,1085.7,1085.7,1082.25,1083.05,2325559.0,1085.6,1090.85,1080.34,1100.3,1101.5,1100.2,1100.69,1105.51,1103.32,1103.32,1103.32,150000
ICICIBANK-EQ_2024-03-27_15-05-00.png,2024-03-27_15-05-00,1082.7,1083.0,1080.1,1080.5,2351842.0,1085.32,1091.05,1079.6,1100.53,1101.5,1100.0,1100.91,1103.32,1105.51,1105.51,1105.51,150500
ICICIBANK-EQ_2024-03-27_15-10-00.png,2024-03-27_15-10-00,1080.65,1083.25,1080.0,1082.95,1975837.0,1085.13,1090.89,1079.36,1101.08,1101.5,1100.65,1101.1,1105.51,1107.7,1107.7,1107.7,151000
ICICIBANK-EQ_2024-03-27_15-15-00.png,2024-03-27_15-15-00,1082.95,1087.35,1081.95,1087.35,1929049.0,1085.12,1090.88,1079.37,1101.12,1101.12,1099.9,1100.59,1107.7,1105.51,1105.51,1105.51,151500
ICICIBANK-EQ_2024-03-27_15-20-00.png,2024-03-27_15-20-00,1086.75,1087.95,1085.0,1085.9,1889885.0,1085.01,1090.59,1079.42,1100.72,1103.5,1100.72,1101.97,1105.51,1107.7,1107.7,1107.7,152000
ICICIBANK-EQ_2024-03-27_15-25-00.png,2024-03-27_15-25-00,1085.95,1088.15,1085.0,1085.0,1037493.0,1084.81,1090.07,1079.55,1101.82,1103.0,1101.35,1102.34,1107.7,1109.89,1109.89,1109.89,152500
ICICIBANK-EQ_2024-03-28_09-15-00.png,2024-03-28_09-15-00,1085.0,1091.9,1085.0,1091.6,655008.0,1084.95,1090.77,1079.12,1102.5,1102.9,1100.8,1101.81,1109.89,1107.7,1107.7,1107.7,91500
ICICIBANK-EQ_2024-03-28_09-20-00.png,2024-03-28_09-20-00,1091.6,1095.75,1091.4,1094.75,444962.0,1085.27,1092.44,1078.1,1101.78,1102.0,1100.65,1101.22,1107.7,1109.89,1109.89,1109.89,92000
ICICIBANK-EQ_2024-03-28_09-25-00.png,2024-03-28_09-25-00,1094.7,1097.7,1094.65,1097.2,303012.0,1085.74,1094.63,1076.85,1101.12,1103.0,1101.12,1102.1,1109.89,1112.08,1112.08,1112.08,92500
ICICIBANK-EQ_2024-03-28_09-30-00.png,2024-03-28_09-30-00,1097.45,1100.0,1096.85,1099.5,230609.0,1086.33,1097.13,1075.53,1102.1,1104.0,1102.1,1103.34,1112.08,1109.89,1109.89,1109.89,93000
ICICIBANK-EQ_2024-03-28_09-35-00.png,2024-03-28_09-35-00,1099.8,1100.8,1098.1,1100.2,264947.0,1087.0,1099.46,1074.54,1103.43,1105.05,1103.4,1104.36,1109.89,1112.08,1112.08,1112.08,93500
ICICIBANK-EQ_2024-03-28_09-40-00.png,2024-03-28_09-40-00,1100.2,1100.7,1098.45,1100.15,312159.0,1087.66,1101.44,1073.89,1104.5,1105.05,1102.0,1103.51,1112.08,1114.27,1114.27,1114.27,94000
ICICIBANK-EQ_2024-03-28_09-45-00.png,2024-03-28_09-45-00,1100.15,1101.2,1099.2,1100.45,692801.0,1088.49,1103.27,1073.72,1103.5,1103.5,1101.8,1102.26,1114.27,1112.08,1112.08,1112.08,94500
ICICIBANK-EQ_2024-03-28_09-50-00.png,2024-03-28_09-50-00,1100.5,1101.6,1099.75,1100.45,402715.0,1089.46,1104.73,1074.18,1102.0,1103.3,1101.95,1102.55,1112.08,1109.89,1109.89,1109.89,95000
ICICIBANK-EQ_2024-03-28_09-55-00.png,2024-03-28_09-55-00,1100.45,1100.5,1099.25,1100.3,232491.0,1090.45,1105.83,1075.08,1102.47,1103.0,1100.05,1101.76,1109.89,1107.7,1107.7,1107.7,95500
ICICIBANK-EQ_2024-03-28_10-00-00.png,2024-03-28_10-00-00,1100.2,1100.5,1099.8,1100.15,239632.0,1091.37,1106.76,1075.98,1102.0,1102.0,1099.5,1100.4,1107.7,1109.89,1109.89,1109.89,100000
ICICIBANK-EQ_2024-03-28_10-05-00.png,2024-03-28_10-05-00,1100.25,1100.25,1099.75,1099.9,322313.0,1092.14,1107.63,1076.65,1100.45,1100.9,1099.5,1100.01,1109.89,1107.7,1107.7,1107.7,100500
ICICIBANK-EQ_2024-03-28_10-10-00.png,2024-03-28_10-10-00,1100.0,1100.25,1099.65,1100.25,277675.0,1092.94,1108.36,1077.51,1099.82,1100.4,1099.45,1099.78,1107.7,1109.89,1109.89,1109.89,101000
ICICIBANK-EQ_2024-03-28_10-15-00.png,2024-03-28_10-15-00,1100.25,1102.95,1100.2,1100.35,387671.0,1093.77,1108.89,1078.66,1099.62,1100.0,1099.0,1099.49,1109.89,1107.7,1107.7,1107.7,101500
ICICIBANK-EQ_2024-03-28_10-20-00.png,2024-03-28_10-20-00,1100.35,1101.5,1100.2,1100.7,358796.0,1094.54,1109.42,1079.65,1099.47,1099.95,1097.7,1098.92,1107.7,1109.89,1109.89,1109.89,102000
ICICIBANK-EQ_2024-03-28_10-25-00.png,2024-03-28_10-25-00,1100.7,1101.5,1100.0,1101.45,179983.0,1095.46,1109.61,1081.3,1099.03,1099.75,1098.45,1099.26,1109.89,1107.7,1107.7,1107.7,102500
ICICIBANK-EQ_2024-03-28_10-30-00.png,2024-03-28_10-30-00,1101.35,1101.5,1100.65,1100.9,195564.0,1096.47,1108.93,1084.02,1099.42,1100.0,1098.65,1099.29,1107.7,1109.89,1109.89,1109.89,103000
ICICIBANK-EQ_2024-03-28_10-35-00.png,2024-03-28_10-35-00,1100.85,1101.0,1099.9,1100.6,616779.0,1097.36,1108.17,1086.55,1099.25,1099.25,1098.3,1098.76,1109.89,1112.08,1112.08,1112.08,103500
ICICIBANK-EQ_2024-03-28_10-40-00.png,2024-03-28_10-40-00,1101.05,1103.5,1100.75,1102.6,269673.0,1098.12,1108.07,1088.17,1098.75,1099.2,1097.85,1098.51,1112.08,1109.89,1109.89,1109.89,104000
ICICIBANK-EQ_2024-03-28_10-45-00.png,2024-03-28_10-45-00,1102.6,1103.0,1101.35,1102.4,180888.0,1098.95,1107.23,1090.66,1098.5,1099.7,1098.35,1098.96,1109.89,1112.08,1112.08,1112.08,104500
ICICIBANK-EQ_2024-03-28_10-50-00.png,2024-03-28_10-50-00,1102.45,1102.9,1100.8,1101.1,661740.0,1099.75,1104.84,1094.66,1098.9,1099.85,1098.15,1098.89,1112.08,1114.27,1114.27,1114.27,105000
ICICIBANK-EQ_2024-03-28_10-55-00.png,2024-03-28_10-55-00,1101.0,1102.0,1100.65,1101.25,168082.0,1100.23,1103.62,1096.85,1098.78,1099.0,1098.05,1098.42,1114.27,1112.08,1112.08,1112.08,105500
ICICIBANK-EQ_2024-03-28_11-00-00.png,2024-03-28_11-00-00,1101.2,1103.0,1101.2,1103.0,400176.0,1100.64,1103.1,1098.19,1098.32,1101.95,1098.2,1099.57,1112.08,1109.89,1109.89,1109.89,110000
ICICIBANK-EQ_2024-03-28_11-05-00.png,2024-03-28_11-05-00,1102.9,1104.0,1102.5,1103.95,101821.0,1100.98,1103.29,1098.67,1099.08,1101.5,1099.08,1100.35,1109.89,1112.08,1112.08,1112.08,110500
ICICIBANK-EQ_2024-03-28_11-10-00.png,2024-03-28_11-10-00,1103.95,1105.05,1103.4,1105.05,179730.0,1101.26,1104.1,1098.42,1100.03,1102.0,1099.65,1100.69,1112.08,1109.89,1109.89,1109.89,111000
ICICIBANK-EQ_2024-03-28_11-15-00.png,2024-03-28_11-15-00,1105.0,1105.05,1102.0,1102.0,106918.0,1101.35,1104.16,1098.54,1100.55,1101.45,1100.0,1100.89,1109.89,1112.08,1112.08,1112.08,111500
ICICIBANK-EQ_2024-03-28_11-20-00.png,2024-03-28_11-20-00,1102.0,1103.25,1101.8,1102.0,244369.0,1101.44,1104.21,1098.68,1101.05,1101.5,1099.8,1100.56,1112.08,1114.27,1114.27,1114.27,112000
ICICIBANK-EQ_2024-03-28_11-25-00.png,2024-03-28_11-25-00,1101.95,1103.3,1101.95,1103.0,263636.0,1101.57,1104.37,1098.77,1100.47,1102.4,1099.85,1100.76,1114.27,1116.46,1116.46,1116.46,112500
ICICIBANK-EQ_2024-03-28_11-30-00.png,2024-03-28_11-30-00,1103.0,1103.0,1100.05,1101.0,235993.0,1101.6,1104.37,1098.83,1100.4,1102.3,1100.1,1101.09,1116.46,1114.27,1114.27,1114.27,113000
ICICIBANK-EQ_2024-03-28_11-35-00.png,2024-03-28_11-35-00,1100.9,1101.2,1099.5,1100.0,221318.0,1101.58,1104.38,1098.78,1100.97,1101.25,1100.05,1100.81,1114.27,1112.08,1112.08,1112.08,113500
ICICIBANK-EQ_2024-03-28_11-40-00.png,2024-03-28_11-40-00,1100.0,1100.9,1099.5,1099.65,113027.0,1101.56,1104.42,1098.69,1100.97,1101.1,1100.55,1100.8,1112.08,1109.89,1109.89,1109.89,114000
ICICIBANK-EQ_2024-03-28_11-45-00.png,2024-03-28_11-45-00,1099.5,1100.4,1099.45,1099.75,128645.0,1101.55,1104.43,1098.67,1100.78,1100.9,1100.05,1100.55,1109.89,1107.7,1107.7,1107.7,114500
ICICIBANK-EQ_2024-03-28_11-50-00.png,2024-03-28_11-50-00,1099.95,1100.0,1099.0,1099.0,51667.0,1101.49,1104.54,1098.44,1100.62,1101.8,1100.0,1100.59,1107.7,1105.51,1105.51,1105.51,115000
ICICIBANK-EQ_2024-03-28_11-55-00.png,2024-03-28_11-55-00,1099.0,1099.95,1097.7,1099.05,93224.0,1101.42,1104.63,1098.22,1100.28,1101.15,1100.0,1100.55,1105.51,1107.7,1107.7,1107.7,115500
ICICIBANK-EQ_2024-03-28_12-00-00.png,2024-03-28_12-00-00,1099.1,1099.75,1098.45,1099.75,86898.0,1101.38,1104.65,1098.1,1100.53,1101.45,1100.05,1100.62,1107.7,1109.89,1109.89,1109.89,120000
ICICIBANK-EQ_2024-03-28_12-05-00.png,2024-03-28_12-05-00,1099.65,1100.0,1098.65,1098.85,125207.0,1101.25,1104.71,1097.78,1100.5,1101.1,1100.0,1100.47,1109.89,1107.7,1107.7,1107.7,120500
ICICIBANK-EQ_2024-03-28_12-10-00.png,2024-03-28_12-10-00,1098.85,1099.25,1098.3,1098.65,86687.0,1101.13,1104.79,1097.48,1100.4,1100.75,1099.5,1100.22,1107.7,1109.89,1109.89,1109.89,121000
ICICIBANK-EQ_2024-03-28_12-15-00.png,2024-03-28_12-15-00,1098.65,1099.2,1097.85,1098.35,237767.0,1101.02,1104.88,1097.16,1100.32,1101.45,1099.7,1100.55,1109.89,1112.08,1112.08,1112.08,121500
ICICIBANK-EQ_2024-03-28_12-20-00.png,2024-03-28_12-20-00,1098.45,1099.7,1098.35,1099.35,72262.0,1100.86,1104.71,1097.01,1100.53,1100.8,1099.55,1100.24,1112.08,1109.89,1109.89,1109.89,122000
ICICIBANK-EQ_2024-03-28_12-25-00.png,2024-03-28_12-25-00,1099.4,1099.85,1098.15,1098.15,68331.0,1100.64,1104.6,1096.69,1100.3,1100.95,1099.3,1100.06,1109.89,1112.08,1112.08,1112.08,122500
ICICIBANK-EQ_2024-03-28_12-30-00.png,2024-03-28_12-30-00,1098.4,1099.0,1098.05,1098.25,56261.0,1100.5,1104.59,1096.41,1100.0,1100.0,1099.15,1099.74,1112.08,1109.89,1109.89,1109.89,123000
ICICIBANK-EQ_2024-03-28_12-35-00.png,2024-03-28_12-35-00,1098.25,1101.95,1098.2,1099.9,295407.0,1100.44,1104.52,1096.35,1099.9,1100.5,1098.7,1099.62,1109.89,1107.7,1107.7,1107.7,123500
ICICIBANK-EQ_2024-03-28_12-40-00.png,2024-03-28_12-40-00,1100.0,1101.5,1099.85,1100.05,260188.0,1100.29,1104.19,1096.38,1099.65,1100.8,1099.5,1100.16,1107.7,1109.89,1109.89,1109.89,124000
ICICIBANK-EQ_2024-03-28_12-45-00.png,2024-03-28_12-45-00,1100.05,1102.0,1099.65,1101.05,127960.0,1100.14,1103.67,1096.61,1100.18,1100.8,1099.5,1100.2,1109.89,1107.7,1107.7,1107.7,124500
ICICIBANK-EQ_2024-03-28_12-50-00.png,2024-03-28_12-50-00,1101.05,1101.45,1100.0,1101.05,120621.0,1099.94,1102.66,1097.23,1100.25,1100.65,1099.4,1099.97,1107.7,1109.89,1109.89,1109.89,125000
ICICIBANK-EQ_2024-03-28_12-55-00.png,2024-03-28_12-55-00,1101.1,1101.5,1099.8,1099.85,118966.0,1099.83,1102.37,1097.3,1099.92,1100.2,1099.7,1099.94,1109.89,1107.7,1107.7,1107.7,125500
ICICIBANK-EQ_2024-03-28_13-00-00.png,2024-03-28_13-00-00,1099.95,1102.4,1099.85,1100.85,186058.0,1099.78,1102.16,1097.4,1099.92,1100.2,1099.0,1099.76,1107.7,1109.89,1109.89,1109.89,130000
ICICIBANK-EQ_2024-03-28_13-05-00.png,2024-03-28_13-05-00,1100.8,1102.3,1100.1,1101.15,205905.0,1099.68,1101.64,1097.73,1099.92,1100.3,1099.05,1099.59,1109.89,1107.7,1107.7,1107.7,130500
ICICIBANK-EQ_2024-03-28_13-10-00.png,2024-03-28_13-10-00,1101.1,1101.25,1100.05,1100.85,81772.0,1099.68,1101.62,1097.74,1099.5,1099.6,1098.0,1098.84,1107.7,1109.89,1109.89,1109.89,131000
ICICIBANK-EQ_2024-03-28_13-15-00.png,2024-03-28_13-15-00,1100.9,1101.1,1100.55,1100.65,63924.0,1099.71,1101.69,1097.73,1098.88,1098.88,1097.0,1098.06,1109.89,1107.7,1107.7,1107.7,131500
ICICIBANK-EQ_2024-03-28_13-20-00.png,2024-03-28_13-20-00,1100.7,1100.9,1100.05,1100.55,52977.0,1099.75,1101.77,1097.74,1098.22,1098.25,1096.0,1097.2,1107.7,1105.51,1105.51,1105.51,132000
ICICIBANK-EQ_2024-03-28_13-25-00.png,2024-03-28_13-25-00,1100.55,1101.8,1100.0,1100.0,78116.0,1099.77,1101.79,1097.75,1097.28,1097.28,1092.85,1094.81,1105.51,1107.7,1107.7,1107.7,132500
ICICIBANK-EQ_2024-03-28_13-30-00.png,2024-03-28_13-30-00,1100.1,1101.15,1100.0,1100.95,103518.0,1099.86,1101.92,1097.81,1094.78,1096.85,1090.6,1093.03,1107.7,1109.89,1109.89,1109.89,133000
ICICIBANK-EQ_2024-03-28_13-35-00.png,2024-03-28_13-35-00,1100.95,1101.45,1100.05,1100.05,95568.0,1099.92,1101.93,1097.9,1092.32,1093.4,1087.4,1090.26,1109.89,1107.7,1107.7,1107.7,133500
ICICIBANK-EQ_2024-03-28_13-40-00.png,2024-03-28_13-40-00,1100.2,1101.1,1100.0,1100.6,68676.0,1099.96,1102.0,1097.92,1090.12,1092.55,1088.95,1090.68,1107.7,1109.89,1109.89,1109.89,134000
ICICIBANK-EQ_2024-03-28_13-45-00.png,2024-03-28_13-45-00,1100.6,1100.75,1099.5,1100.05,101232.0,1100.02,1101.99,1098.05,1090.6,1096.5,1090.6,1093.7,1109.89,1107.7,1107.7,1107.7,134500
ICICIBANK-EQ_2024-03-28_13-50-00.png,2024-03-28_13-50-00,1100.5,1101.45,1099.7,1100.55,109357.0,1100.11,1101.99,1098.24,1093.65,1096.9,1093.3,1094.85,1107.7,1105.51,1105.51,1105.51,135000
ICICIBANK-EQ_2024-03-28_13-55-00.png,2024-03-28_13-55-00,1100.55,1100.8,1099.55,1100.05,148685.0,1100.2,1101.88,1098.52,1094.6,1102.35,1094.6,1098.84,1105.51,1103.32,1103.32,1103.32,135500
ICICIBANK-EQ_2024-03-28_14-00-00.png,2024-03-28_14-00-00,1100.0,1100.95,1099.3,1100.0,355148.0,1100.23,1101.87,1098.59,1098.75,1102.0,1098.75,1100.95,1103.32,1105.51,1105.51,1105.51,140000
ICICIBANK-EQ_2024-03-28_14-05-00.png,2024-03-28_14-05-00,1099.9,1100.0,1099.15,1099.9,385245.0,1100.32,1101.64,1098.99,1100.82,1101.95,1100.1,1100.78,1105.51,1103.32,1103.32,1103.32,140500
ICICIBANK-EQ_2024-03-28_14-10-00.png,2024-03-28_14-10-00,1099.5,1100.5,1098.7,1099.8,264061.0,1100.4,1101.34,1099.45,1100.53,1101.45,1098.05,1099.78,1103.32,1105.51,1105.51,1105.51,141000
ICICIBANK-EQ_2024-03-28_14-15-00.png,2024-03-28_14-15-00,1099.7,1100.8,1099.5,1100.65,286982.0,1100.43,1101.35,1099.51,1099.8,1100.6,1098.2,1099.35,1105.51,1103.32,1103.32,1103.32,141500
ICICIBANK-EQ_2024-03-28_14-20-00.png,2024-03-28_14-20-00,1100.7,1100.8,1099.5,1099.8,204698.0,1100.42,1101.37,1099.47,1099.3,1100.2,1096.0,1098.32,1103.32,1101.13,1101.13,1101.13,142000
ICICIBANK-EQ_2024-03-28_14-25-00.png,2024-03-28_14-25-00,1099.85,1100.65,1099.4,1100.0,226294.0,1100.37,1101.29,1099.45,1098.55,1098.7,1095.6,1096.86,1101.13,1103.32,1103.32,1103.32,142500
ICICIBANK-EQ_2024-03-28_14-30-00.png,2024-03-28_14-30-00,1100.0,1100.2,1099.7,1099.85,240995.0,1100.31,1101.19,1099.42,1096.58,1098.0,1095.2,1096.46,1103.32,1101.13,1101.13,1101.13,143000
ICICIBANK-EQ_2024-03-28_14-35-00.png,2024-03-28_14-35-00,1099.85,1100.2,1099.0,1100.0,318404.0,1100.32,1101.19,1099.44,1096.32,1098.45,1096.32,1097.48,1101.13,1103.32,1103.32,1103.32,143500
ICICIBANK-EQ_2024-03-28_14-40-00.png,2024-03-28_14-40-00,1099.9,1100.3,1099.05,1099.1,382715.0,1100.23,1101.22,1099.24,1097.55,1098.65,1095.7,1097.11,1103.32,1101.13,1101.13,1101.13,144000
ICICIBANK-EQ_2024-03-28_14-45-00.png,2024-03-28_14-45-00,1099.3,1099.6,1098.0,1098.45,354303.0,1100.09,1101.27,1098.91,1097.05,1097.05,1095.0,1095.79,1101.13,1098.94,1098.94,1098.94,144500
ICICIBANK-EQ_2024-03-28_14-50-00.png,2024-03-28_14-50-00,1098.3,1098.8,1097.0,1098.15,431773.0,1099.96,1101.37,1098.55,1095.9,1096.75,1095.75,1096.24,1098.94,1101.13,1101.13,1101.13,145000
ICICIBANK-EQ_2024-03-28_14-55-00.png,2024-03-28_14-55-00,1098.05,1098.25,1096.0,1096.5,463782.0,1099.75,1101.8,1097.7,1096.22,1097.0,1095.95,1096.53,1101.13,1098.94,1098.94,1098.94,145500
ICICIBANK-EQ_2024-03-28_15-00-00.png,2024-03-28_15-00-00,1096.1,1096.85,1092.85,1093.45,1119191.0,1099.4,1102.85,1095.94,1096.57,1097.55,1095.15,1096.38,1098.94,1096.75,1096.75,1096.75,150000
ICICIBANK-EQ_2024-03-28_15-05-00.png,2024-03-28_15-05-00,1093.5,1096.85,1090.6,1091.15,1684225.0,1098.95,1103.98,1093.92,1096.4,1097.45,1095.6,1096.49,1096.75,1098.94,1098.94,1098.94,150500
ICICIBANK-EQ_2024-03-28_15-10-00.png,2024-03-28_15-10-00,1091.0,1093.4,1087.4,1089.25,802137.0,1098.37,1104.91,1091.82,1096.45,1097.05,1095.55,1096.49,1098.94,1096.75,1096.75,1096.75,151000
ICICIBANK-EQ_2024-03-28_15-15-00.png,2024-03-28_15-15-00,1089.8,1092.55,1088.95,1091.4,741410.0,1097.94,1105.12,1090.75,1096.68,1097.7,1096.2,1096.84,1096.75,1098.94,1098.94,1098.94,151500
ICICIBANK-EQ_2024-03-28_15-20-00.png,2024-03-28_15-20-00,1091.45,1096.5,1091.0,1095.85,768793.0,1097.7,1104.83,1090.56,1096.72,1097.9,1095.8,1097.06,1098.94,1101.13,1101.13,1101.13,152000
ICICIBANK-EQ_2024-03-28_15-25-00.png,2024-03-28_15-25-00,1095.9,1096.9,1093.3,1093.3,547258.0,1097.36,1104.66,1090.06,1097.28,1098.05,1095.85,1096.99,1101.13,1103.32,1103.32,1103.32,152500
ICICIBANK-EQ_2024-04-01_09-15-00.png,2024-04-01_09-15-00,1096.05,1102.35,1095.5,1101.45,331166.0,1097.41,1104.8,1090.01,1097.03,1098.6,1096.3,1097.36,1103.32,1101.13,1101.13,1101.13,91500
ICICIBANK-EQ_2024-04-01_09-20-00.png,2024-04-01_09-20-00,1101.25,1102.0,1100.15,1100.4,1023515.0,1097.42,1104.84,1090.0,1097.28,1098.45,1097.28,1098.08,1101.13,1103.32,1103.32,1103.32,92000
ICICIBANK-EQ_2024-04-01_09-25-00.png,2024-04-01_09-25-00,1100.45,1101.95,1100.1,1100.6,62121.0,1097.45,1104.92,1089.98,1098.03,1098.45,1097.75,1098.01,1103.32,1105.51,1105.51,1105.51,92500
ICICIBANK-EQ_2024-04-01_09-30-00.png,2024-04-01_09-30-00,1100.6,1101.45,1098.05,1099.0,154987.0,1097.41,1104.83,1089.99,1097.92,1098.55,1097.55,1098.01,1105.51,1103.32,1103.32,1103.32,93000
ICICIBANK-EQ_2024-04-01_09-35-00.png,2024-04-01_09-35-00,1098.9,1100.6,1098.2,1099.7,51588.0,1097.4,1104.82,1089.99,1097.97,1099.5,1097.1,1098.45,1103.32,1105.51,1105.51,1105.51,93500
ICICIBANK-EQ_2024-04-01_09-40-00.png,2024-04-01_09-40-00,1099.7,1100.2,1096.0,1097.4,98035.0,1097.24,1104.49,1089.99,1098.6,1100.75,1098.6,1099.82,1105.51,1103.32,1103.32,1103.32,94000
ICICIBANK-EQ_2024-04-01_09-45-00.png,2024-04-01_09-45-00,1097.4,1098.7,1095.6,1095.75,82682.0,1097.04,1104.22,1089.86,1099.7,1100.55,1099.2,1099.95,1103.32,1101.13,1101.13,1101.13,94500
ICICIBANK-EQ_2024-04-01_09-50-00.png,2024-04-01_09-50-00,1095.75,1098.0,1095.2,1096.9,61062.0,1096.88,1103.92,1089.84,1100.03,1100.55,1099.1,1099.88,1101.13,1098.94,1098.94,1098.94,95000
ICICIBANK-EQ_2024-04-01_09-55-00.png,2024-04-01_09-55-00,1096.9,1098.45,1096.35,1098.2,70849.0,1096.8,1103.73,1089.87,1099.92,1100.25,1098.0,1099.12,1098.94,1096.75,1096.75,1096.75,95500
ICICIBANK-EQ_2024-04-01_10-00-00.png,2024-04-01_10-00-00,1098.25,1098.65,1095.7,1095.85,65754.0,1096.59,1103.37,1089.82,1099.12,1099.12,1098.0,1098.35,1096.75,1098.94,1098.94,1098.94,100000
ICICIBANK-EQ_2024-04-01_10-05-00.png,2024-04-01_10-05-00,1095.75,1096.35,1095.0,1096.05,71257.0,1096.44,1103.12,1089.76,1098.38,1098.65,1098.0,1098.31,1098.94,1101.13,1101.13,1101.13,100500
ICICIBANK-EQ_2024-04-01_10-10-00.png,2024-04-01_10-10-00,1096.05,1096.75,1095.75,1096.4,59249.0,1096.34,1102.95,1089.73,1098.3,1098.75,1098.0,1098.31,1101.13,1098.94,1098.94,1098.94,101000
ICICIBANK-EQ_2024-04-01_10-15-00.png,2024-04-01_10-15-00,1096.3,1097.0,1095.95,1096.85,87594.0,1096.27,1102.83,1089.71,1098.25,1098.95,1098.0,1098.35,1098.94,1096.75,1096.75,1096.75,101500
ICICIBANK-EQ_2024-04-01_10-20-00.png,2024-04-01_10-20-00,1096.75,1097.55,1095.15,1096.05,65576.0,1096.25,1102.81,1089.69,1098.22,1098.6,1096.0,1097.65,1096.75,1094.56,1094.56,1094.56,102000
ICICIBANK-EQ_2024-04-01_10-25-00.png,2024-04-01_10-25-00,1096.05,1097.45,1095.6,1096.85,48681.0,1096.42,1102.85,1089.99,1098.0,1098.9,1097.15,1097.81,1094.56,1092.37,1092.37,1092.37,102500
ICICIBANK-EQ_2024-04-01_10-30-00.png,2024-04-01_10-30-00,1096.9,1097.05,1095.55,1096.45,41058.0,1096.68,1102.62,1090.75,1097.6,1099.4,1097.5,1098.18,1092.37,1090.19,1090.19,1090.19,103000
ICICIBANK-EQ_2024-04-01_10-35-00.png,2024-04-01_10-35-00,1096.4,1097.7,1096.2,1097.05,71986.0,1097.08,1101.86,1092.29,1097.9,1098.7,1097.9,1098.28,1090.19,1088.0,1088.0,1088.0,103500
ICICIBANK-EQ_2024-04-01_10-40-00.png,2024-04-01_10-40-00,1097.05,1097.9,1095.8,1097.5,171602.0,1097.38,1101.35,1093.41,1098.15,1098.65,1098.0,1098.32,1088.0,1085.81,1085.81,1085.81,104000
ICICIBANK-EQ_2024-04-01_10-45-00.png,2024-04-01_10-45-00,1097.5,1098.05,1095.85,1096.55,142972.0,1097.42,1101.34,1093.49,1098.32,1099.2,1098.0,1098.44,1085.81,1088.0,1088.0,1088.0,104500
ICICIBANK-EQ_2024-04-01_10-50-00.png,2024-04-01_10-50-00,1096.55,1098.6,1096.3,1098.0,80087.0,1097.65,1101.07,1094.23,1098.28,1099.0,1098.0,1098.28,1088.0,1085.81,1085.81,1085.81,105000
ICICIBANK-EQ_2024-04-01_10-55-00.png,2024-04-01_10-55-00,1098.0,1098.45,1097.8,1098.05,69273.0,1097.48,1100.41,1094.55,1098.05,1098.8,1098.0,1098.32,1085.81,1088.0,1088.0,1088.0,105500
ICICIBANK-EQ_2024-04-01_11-00-00.png,2024-04-01_11-00-00,1098.0,1098.45,1097.75,1097.85,71467.0,1097.35,1099.95,1094.75,1098.25,1098.5,1097.95,1098.15,1088.0,1085.81,1085.81,1085.81,110000
ICICIBANK-EQ_2024-04-01_11-05-00.png,2024-04-01_11-05-00,1097.85,1098.55,1097.55,1098.1,74453.0,1097.23,1099.37,1095.09,1098.07,1098.45,1098.0,1098.2,1085.81,1083.62,1083.62,1083.62,110500
ICICIBANK-EQ_2024-04-01_11-10-00.png,2024-04-01_11-10-00,1098.1,1099.5,1097.1,1099.1,174913.0,1097.23,1099.39,1095.07,1098.18,1098.4,1097.05,1097.73,1083.62,1081.43,1081.43,1081.43,111000
ICICIBANK-EQ_2024-04-01_11-15-00.png,2024-04-01_11-15-00,1099.5,1100.75,1099.15,1099.9,106796.0,1097.24,1099.45,1095.04,1097.72,1097.72,1094.45,1096.03,1081.43,1079.24,1079.24,1079.24,111500
ICICIBANK-EQ_2024-04-01_11-20-00.png,2024-04-01_11-20-00,1100.0,1100.55,1099.2,1100.05,126023.0,1097.38,1099.92,1094.83,1096.03,1097.55,1094.5,1095.79,1079.24,1077.05,1077.05,1077.05,112000
ICICIBANK-EQ_2024-04-01_11-25-00.png,2024-04-01_11-25-00,1100.05,1100.55,1099.1,1099.8,125473.0,1097.58,1100.22,1094.94,1095.55,1097.5,1095.55,1096.51,1077.05,1079.24,1079.24,1079.24,112500
ICICIBANK-EQ_2024-04-01_11-30-00.png,2024-04-01_11-30-00,1099.8,1100.25,1098.0,1098.45,99220.0,1097.66,1100.3,1095.01,1096.28,1096.28,1094.8,1095.69,1079.24,1077.05,1077.05,1077.05,113000
ICICIBANK-EQ_2024-04-01_11-35-00.png,2024-04-01_11-35-00,1098.45,1098.65,1098.0,1098.3,47552.0,1097.66,1100.31,1095.01,1095.85,1096.55,1095.05,1095.66,1077.05,1074.86,1074.86,1074.86,113500
ICICIBANK-EQ_2024-04-01_11-40-00.png,2024-04-01_11-40-00,1098.25,1098.65,1098.0,1098.35,40277.0,1097.78,1100.31,1095.26,1095.53,1098.4,1095.53,1096.9,1074.86,1072.67,1072.67,1072.67,114000
ICICIBANK-EQ_2024-04-01_11-45-00.png,2024-04-01_11-45-00,1098.35,1098.75,1098.0,1098.15,96462.0,1097.89,1100.28,1095.5,1096.78,1098.55,1096.78,1098.05,1072.67,1070.48,1070.48,1070.48,114500
ICICIBANK-EQ_2024-04-01_11-50-00.png,2024-04-01_11-50-00,1098.35,1098.95,1098.0,1098.1,111128.0,1097.97,1100.26,1095.69,1098.12,1098.75,1097.45,1098.05,1070.48,1068.29,1068.29,1068.29,115000
ICICIBANK-EQ_2024-04-01_11-55-00.png,2024-04-01_11-55-00,1098.1,1098.6,1096.0,1097.9,200101.0,1098.03,1100.25,1095.8,1098.0,1099.65,1097.65,1098.4,1068.29,1070.48,1070.48,1070.48,115500
ICICIBANK-EQ_2024-04-01_12-00-00.png,2024-04-01_12-00-00,1097.5,1098.9,1097.15,1097.7,174809.0,1098.11,1100.14,1096.08,1098.15,1099.0,1097.45,1098.4,1070.48,1068.29,1068.29,1068.29,120000
ICICIBANK-EQ_2024-04-01_12-05-00.png,2024-04-01_12-05-00,1097.55,1099.4,1097.5,1098.25,112802.0,1098.18,1100.12,1096.24,1098.58,1099.85,1097.55,1098.88,1068.29,1070.48,1070.48,1070.48,120500
ICICIBANK-EQ_2024-04-01_12-10-00.png,2024-04-01_12-10-00,1098.15,1098.7,1098.1,1098.15,139915.0,1098.27,1100.03,1096.5,1099.05,1099.95,1098.0,1098.86,1070.48,1068.29,1068.29,1068.29,121000
ICICIBANK-EQ_2024-04-01_12-15-00.png,2024-04-01_12-15-00,1098.15,1098.65,1098.0,1098.5,60804.0,1098.34,1100.01,1096.67,1098.75,1098.75,1097.05,1097.89,1068.29,1070.48,1070.48,1070.48,121500
ICICIBANK-EQ_2024-04-01_12-20-00.png,2024-04-01_12-20-00,1098.5,1099.2,1098.0,1098.05,116306.0,1098.36,1100.0,1096.73,1098.0,1098.15,1096.5,1097.29,1070.48,1068.29,1068.29,1068.29,122000
ICICIBANK-EQ_2024-04-01_12-25-00.png,2024-04-01_12-25-00,1098.0,1099.0,1098.0,1098.1,79812.0,1098.44,1099.84,1097.05,1097.25,1097.4,1096.2,1096.86,1068.29,1070.48,1070.48,1070.48,122500
ICICIBANK-EQ_2024-04-01_12-30-00.png,2024-04-01_12-30-00,1098.45,1098.8,1098.0,1098.05,61214.0,1098.44,1099.84,1097.05,1096.93,1098.55,1096.93,1097.97,1070.48,1072.67,1072.67,1072.67,123000
ICICIBANK-EQ_2024-04-01_12-35-00.png,2024-04-01_12-35-00,1098.05,1098.5,1097.95,1098.1,89255.0,1098.45,1099.84,1097.06,1098.08,1098.8,1097.0,1098.19,1072.67,1070.48,1070.48,1070.48,123500
ICICIBANK-EQ_2024-04-01_12-40-00.png,2024-04-01_12-40-00,1098.1,1098.45,1098.0,1098.25,54890.0,1098.47,1099.83,1097.1,1098.47,1098.75,1097.2,1098.05,1070.48,1072.67,1072.67,1072.67,124000
ICICIBANK-EQ_2024-04-01_12-45-00.png,2024-04-01_12-45-00,1098.2,1098.4,1097.05,1097.25,87834.0,1098.42,1099.89,1096.96,1098.12,1098.12,1096.3,1097.19,1072.67,1070.48,1070.48,1070.48,124500
ICICIBANK-EQ_2024-04-01_12-50-00.png,2024-04-01_12-50-00,1097.25,1097.6,1094.45,1094.8,205852.0,1098.21,1100.36,1096.06,1097.22,1097.9,1096.5,1097.12,1070.48,1068.29,1068.29,1068.29,125000
ICICIBANK-EQ_2024-04-01_12-55-00.png,2024-04-01_12-55-00,1094.75,1097.55,1094.5,1096.35,197852.0,1098.03,1100.18,1095.88,1097.05,1097.65,1095.9,1096.85,1068.29,1066.1,1066.1,1066.1,125500
ICICIBANK-EQ_2024-04-01_13-00-00.png,2024-04-01_13-00-00,1096.45,1097.5,1096.0,1096.1,161999.0,1097.84,1099.93,1095.74,1096.92,1098.15,1096.1,1097.11,1066.1,1063.91,1063.91,1063.91,130000
ICICIBANK-EQ_2024-04-01_13-05-00.png,2024-04-01_13-05-00,1096.1,1096.25,1094.8,1095.6,146220.0,1097.62,1099.73,1095.52,1097.1,1099.2,1097.1,1098.05,1063.91,1066.1,1066.1,1066.1,130500
ICICIBANK-EQ_2024-04-01_13-10-00.png,2024-04-01_13-10-00,1095.4,1096.55,1095.05,1095.65,78251.0,1097.49,1099.73,1095.24,1097.72,1099.15,1097.5,1098.29,1066.1,1068.29,1068.29,1068.29,131000
ICICIBANK-EQ_2024-04-01_13-15-00.png,2024-04-01_13-15-00,1095.65,1098.4,1095.65,1097.9,76280.0,1097.46,1099.68,1095.25,1098.25,1098.7,1097.2,1097.9,1068.29,1066.1,1066.1,1066.1,131500
ICICIBANK-EQ_2024-04-01_13-20-00.png,2024-04-01_13-20-00,1097.9,1098.55,1097.4,1098.35,60187.0,1097.46,1099.68,1095.25,1097.85,1098.0,1096.3,1097.42,1066.1,1068.29,1068.29,1068.29,132000
ICICIBANK-EQ_2024-04-01_13-25-00.png,2024-04-01_13-25-00,1098.35,1098.75,1097.45,1097.65,39496.0,1097.44,1099.64,1095.24,1097.7,1099.0,1097.4,1098.14,1068.29,1070.48,1070.48,1070.48,132500
ICICIBANK-EQ_2024-04-01_13-30-00.png,2024-04-01_13-30-00,1097.85,1099.65,1097.65,1098.45,78425.0,1097.46,1099.68,1095.23,1098.08,1099.85,1097.4,1098.64,1070.48,1072.67,1072.67,1072.67,133000
ICICIBANK-EQ_2024-04-01_13-35-00.png,2024-04-01_13-35-00,1098.45,1099.0,1097.45,1098.7,55851.0,1097.5,1099.78,1095.21,1098.65,1101.5,1098.65,1100.11,1072.67,1074.86,1074.86,1074.86,133500
ICICIBANK-EQ_2024-04-01_13-40-00.png,2024-04-01_13-40-00,1098.7,1099.85,1097.55,1099.4,115488.0,1097.58,1100.02,1095.14,1100.05,1102.95,1100.05,1101.86,1074.86,1077.05,1077.05,1077.05,134000
ICICIBANK-EQ_2024-04-01_13-45-00.png,2024-04-01_13-45-00,1099.4,1099.95,1098.0,1098.1,56095.0,1097.58,1100.01,1095.14,1102.22,1102.9,1099.25,1101.0,1077.05,1074.86,1074.86,1074.86,134500
ICICIBANK-EQ_2024-04-01_13-50-00.png,2024-04-01_13-50-00,1098.1,1098.5,1097.05,1097.9,53962.0,1097.56,1099.98,1095.14,1100.92,1101.0,1097.0,1099.06,1074.86,1072.67,1072.67,1072.67,135000
ICICIBANK-EQ_2024-04-01_13-55-00.png,2024-04-01_13-55-00,1097.9,1098.15,1096.5,1096.6,85302.0,1097.47,1099.88,1095.05,1099.12,1099.12,1088.45,1091.82,1072.67,1070.48,1070.48,1070.48,135500
ICICIBANK-EQ_2024-04-01_14-00-00.png,2024-04-01_14-00-00,1096.65,1097.4,1096.2,1097.2,55334.0,1097.42,1099.83,1095.02,1092.2,1092.2,1086.55,1088.34,1070.48,1068.29,1068.29,1068.29,140000
ICICIBANK-EQ_2024-04-01_14-05-00.png,2024-04-01_14-05-00,1097.75,1098.55,1097.2,1098.4,89700.0,1097.44,1099.86,1095.02,1088.25,1089.9,1086.55,1087.66,1068.29,1066.1,1066.1,1066.1,140500
ICICIBANK-EQ_2024-04-01_14-10-00.png,2024-04-01_14-10-00,1098.4,1098.8,1097.0,1098.55,84617.0,1097.47,1099.93,1095.0,1087.1,1091.25,1087.1,1088.52,1066.1,1068.29,1068.29,1068.29,141000
ICICIBANK-EQ_2024-04-01_14-15-00.png,2024-04-01_14-15-00,1098.55,1098.75,1097.2,1097.7,85477.0,1097.44,1099.89,1095.0,1087.78,1088.05,1084.6,1086.62,1068.29,1066.1,1066.1,1066.1,141500
ICICIBANK-EQ_2024-04-01_14-20-00.png,2024-04-01_14-20-00,1097.7,1098.0,1096.3,1096.75,150304.0,1097.37,1099.8,1094.94,1086.93,1086.93,1083.1,1084.78,1066.1,1063.91,1063.91,1063.91,142000
ICICIBANK-EQ_2024-04-01_14-25-00.png,2024-04-01_14-25-00,1096.75,1097.9,1096.5,1097.35,105441.0,1097.38,1099.81,1094.94,1084.95,1084.95,1080.1,1082.45,1063.91,1066.1,1066.1,1066.1,142500
ICICIBANK-EQ_2024-04-01_14-30-00.png,2024-04-01_14-30-00,1097.35,1097.65,1095.9,1096.5,286389.0,1097.46,1099.62,1095.3,1082.45,1082.8,1080.15,1081.54,1066.1,1063.91,1063.91,1063.91,143000
ICICIBANK-EQ_2024-04-01_14-35-00.png,2024-04-01_14-35-00,1096.55,1098.15,1096.1,1097.65,214635.0,1097.53,1099.62,1095.43,1081.6,1083.55,1081.1,1082.1,1063.91,1066.1,1066.1,1066.1,143500
ICICIBANK-EQ_2024-04-01_14-40-00.png,2024-04-01_14-40-00,1097.65,1099.2,1097.55,1097.8,115668.0,1097.61,1099.6,1095.62,1081.88,1082.7,1081.15,1081.94,1066.1,1063.91,1063.91,1063.91,144000
ICICIBANK-EQ_2024-04-01_14-45-00.png,2024-04-01_14-45-00,1097.85,1099.15,1097.5,1098.65,288226.0,1097.76,1099.56,1095.97,1081.95,1082.6,1081.3,1082.01,1063.91,1066.1,1066.1,1066.1,144500
ICICIBANK-EQ_2024-04-01_14-50-00.png,2024-04-01_14-50-00,1098.35,1098.7,1097.2,1097.35,89438.0,1097.85,1099.36,1096.34,1082.07,1082.5,1081.1,1081.75,1066.1,1068.29,1068.29,1068.29,145000
ICICIBANK-EQ_2024-04-01_14-55-00.png,2024-04-01_14-55-00,1097.4,1098.0,1096.3,1098.0,109912.0,1097.85,1099.37,1096.34,1081.7,1082.5,1081.25,1081.84,1068.29,1070.48,1070.48,1070.48,145500
ICICIBANK-EQ_2024-04-01_15-00-00.png,2024-04-01_15-00-00,1097.75,1099.0,1097.4,1098.4,357275.0,1097.86,1099.37,1096.34,1081.8,1084.05,1081.8,1082.94,1070.48,1068.29,1068.29,1068.29,150000
ICICIBANK-EQ_2024-04-01_15-05-00.png,2024-04-01_15-05-00,1098.2,1099.85,1097.4,1099.1,401743.0,1097.93,1099.54,1096.32,1082.82,1085.3,1082.82,1084.25,1068.29,1066.1,1066.1,1066.1,150500
ICICIBANK-EQ_2024-04-01_15-10-00.png,2024-04-01_15-10-00,1099.1,1101.5,1098.85,1101.0,490445.0,1098.05,1100.17,1095.94,1084.42,1086.2,1084.42,1085.47,1066.1,1068.29,1068.29,1068.29,151000
ICICIBANK-EQ_2024-04-01_15-15-00.png,2024-04-01_15-15-00,1101.5,1102.95,1100.05,1102.95,450574.0,1098.27,1101.3,1095.23,1085.5,1086.0,1084.55,1085.29,1068.29,1066.1,1066.1,1066.1,151500
ICICIBANK-EQ_2024-04-01_15-20-00.png,2024-04-01_15-20-00,1102.5,1102.9,1099.25,1099.35,402179.0,1098.26,1101.3,1095.23,1085.3,1085.5,1083.5,1084.76,1066.1,1063.91,1063.91,1063.91,152000
ICICIBANK-EQ_2024-04-01_15-25-00.png,2024-04-01_15-25-00,1099.55,1101.0,1097.0,1098.7,438002.0,1098.3,1101.33,1095.26,1085.03,1086.5,1084.3,1085.25,1063.91,1061.73,1061.73,1061.73,152500
ICICIBANK-EQ_2024-04-02_09-15-00.png,2024-04-02_09-15-00,1094.45,1094.45,1088.45,1089.95,378957.0,1097.9,1102.71,1093.08,1085.1,1085.9,1084.35,1085.05,1061.73,1059.54,1059.54,1059.54,91500
ICICIBANK-EQ_2024-04-02_09-20-00.png,2024-04-02_09-20-00,1089.9,1090.3,1086.55,1086.6,215079.0,1097.4,1104.37,1090.42,1084.97,1086.4,1083.6,1084.95,1059.54,1057.35,1057.35,1057.35,92000
ICICIBANK-EQ_2024-04-02_09-25-00.png,2024-04-02_09-25-00,1086.6,1089.9,1086.55,1087.6,149427.0,1096.92,1105.16,1088.68,1084.9,1086.4,1083.55,1085.2,1057.35,1055.16,1055.16,1055.16,92500
ICICIBANK-EQ_2024-04-02_09-30-00.png,2024-04-02_09-30-00,1087.6,1091.25,1087.3,1087.95,579698.0,1096.4,1105.52,1087.27,1085.42,1088.95,1084.6,1086.16,1055.16,1057.35,1057.35,1057.35,93000
ICICIBANK-EQ_2024-04-02_09-35-00.png,2024-04-02_09-35-00,1087.9,1088.05,1084.6,1085.95,230508.0,1095.76,1105.94,1085.59,1085.55,1085.55,1084.0,1084.85,1057.35,1059.54,1059.54,1059.54,93500
ICICIBANK-EQ_2024-04-02_09-40-00.png,2024-04-02_09-40-00,1086.0,1086.1,1083.1,1083.9,196052.0,1095.08,1106.49,1083.66,1085.0,1085.4,1084.35,1084.82,1059.54,1057.35,1057.35,1057.35,94000
ICICIBANK-EQ_2024-04-02_09-45-00.png,2024-04-02_09-45-00,1083.9,1084.8,1080.1,1081.0,322156.0,1094.29,1107.28,1081.29,1084.78,1085.4,1084.15,1084.75,1057.35,1055.16,1055.16,1055.16,94500
ICICIBANK-EQ_2024-04-02_09-50-00.png,2024-04-02_09-50-00,1081.0,1082.8,1080.15,1082.2,107833.0,1093.53,1107.5,1079.56,1084.72,1085.1,1084.15,1084.7,1055.16,1052.97,1052.97,1052.97,95000
ICICIBANK-EQ_2024-04-02_09-55-00.png,2024-04-02_09-55-00,1082.2,1083.55,1081.1,1081.55,199769.0,1092.78,1107.66,1077.91,1084.78,1085.4,1084.5,1084.93,1052.97,1050.78,1050.78,1050.78,95500
ICICIBANK-EQ_2024-04-02_10-00-00.png,2024-04-02_10-00-00,1081.55,1082.7,1081.15,1082.35,89332.0,1092.02,1107.4,1076.63,1084.9,1085.05,1084.35,1084.64,1050.78,1052.97,1052.97,1052.97,100000
ICICIBANK-EQ_2024-04-02_10-05-00.png,2024-04-02_10-05-00,1082.35,1082.6,1081.3,1081.8,82781.0,1091.22,1107.0,1075.44,1084.57,1085.0,1083.5,1084.09,1052.97,1055.16,1055.16,1055.16,100500
ICICIBANK-EQ_2024-04-02_10-10-00.png,2024-04-02_10-10-00,1081.8,1082.5,1081.1,1081.6,167554.0,1090.36,1106.29,1074.44,1083.92,1083.95,1082.65,1083.22,1055.16,1057.35,1057.35,1057.35,101000
ICICIBANK-EQ_2024-04-02_10-15-00.png,2024-04-02_10-15-00,1081.55,1082.5,1081.25,1082.05,168348.0,1089.6,1105.59,1073.61,1083.15,1083.65,1082.5,1083.03,1057.35,1059.54,1059.54,1059.54,101500
ICICIBANK-EQ_2024-04-02_10-20-00.png,2024-04-02_10-20-00,1082.1,1084.05,1082.05,1083.55,245684.0,1088.88,1104.57,1073.19,1082.97,1083.3,1082.6,1082.95,1059.54,1057.35,1057.35,1057.35,102000
ICICIBANK-EQ_2024-04-02_10-25-00.png,2024-04-02_10-25-00,1083.6,1085.3,1082.85,1085.25,264356.0,1088.22,1103.32,1073.12,1082.95,1083.5,1082.8,1083.09,1057.35,1055.16,1055.16,1055.16,102500
ICICIBANK-EQ_2024-04-02_10-30-00.png,2024-04-02_10-30-00,1085.25,1086.2,1084.7,1085.75,287064.0,1087.55,1101.78,1073.32,1083.03,1083.03,1081.7,1082.44,1055.16,1057.35,1057.35,1057.35,103000
ICICIBANK-EQ_2024-04-02_10-35-00.png,2024-04-02_10-35-00,1085.65,1086.0,1084.55,1084.95,115174.0,1086.75,1099.52,1073.98,1082.53,1082.8,1081.95,1082.31,1057.35,1055.16,1055.16,1055.16,103500
ICICIBANK-EQ_2024-04-02_10-40-00.png,2024-04-02_10-40-00,1084.7,1085.5,1083.5,1085.35,166014.0,1085.87,1096.12,1075.62,1082.25,1083.1,1081.4,1082.5,1055.16,1057.35,1057.35,1057.35,104000
ICICIBANK-EQ_2024-04-02_10-45-00.png,2024-04-02_10-45-00,1085.25,1086.5,1084.3,1084.95,542295.0,1085.15,1093.2,1077.1,1082.75,1083.0,1081.85,1082.44,1057.35,1055.16,1055.16,1055.16,104500
ICICIBANK-EQ_2024-04-02_10-50-00.png,2024-04-02_10-50-00,1084.9,1085.9,1084.35,1085.05,149476.0,1084.47,1089.39,1079.55,1082.45,1082.5,1080.95,1081.89,1055.16,1057.35,1057.35,1057.35,105000
ICICIBANK-EQ_2024-04-02_10-55-00.png,2024-04-02_10-55-00,1085.1,1086.4,1083.6,1084.7,247012.0,1084.21,1088.4,1080.01,1082.05,1083.0,1082.0,1082.54,1057.35,1059.54,1059.54,1059.54,105500
ICICIBANK-EQ_2024-04-02_11-00-00.png,2024-04-02_11-00-00,1084.75,1086.4,1083.55,1086.1,257927.0,1084.18,1088.32,1080.04,1082.58,1083.45,1082.58,1083.15,1059.54,1057.35,1057.35,1057.35,110000
ICICIBANK-EQ_2024-04-02_11-05-00.png,2024-04-02_11-05-00,1086.1,1088.95,1084.6,1085.0,214329.0,1084.05,1087.89,1080.21,1083.15,1085.0,1083.15,1084.11,1057.35,1055.16,1055.16,1055.16,110500
ICICIBANK-EQ_2024-04-02_11-10-00.png,2024-04-02_11-10-00,1084.8,1085.4,1084.0,1085.2,163883.0,1083.91,1087.34,1080.48,1084.03,1084.6,1084.03,1084.38,1055.16,1052.97,1052.97,1052.97,111000
ICICIBANK-EQ_2024-04-02_11-15-00.png,2024-04-02_11-15-00,1085.15,1085.4,1084.35,1084.4,117240.0,1083.83,1087.14,1080.53,1084.35,1084.35,1083.65,1083.96,1052.97,1055.16,1055.16,1055.16,111500
ICICIBANK-EQ_2024-04-02_11-20-00.png,2024-04-02_11-20-00,1084.55,1085.4,1084.15,1084.9,87836.0,1083.88,1087.22,1080.55,1083.97,1083.97,1083.35,1083.54,1055.16,1057.35,1057.35,1057.35,112000
ICICIBANK-EQ_2024-04-02_11-25-00.png,2024-04-02_11-25-00,1084.85,1085.1,1084.15,1084.7,78783.0,1084.07,1087.14,1081.0,1083.53,1083.6,1083.35,1083.46,1057.35,1055.16,1055.16,1055.16,112500
ICICIBANK-EQ_2024-04-02_11-30-00.png,2024-04-02_11-30-00,1084.95,1085.4,1084.5,1084.85,82346.0,1084.2,1087.15,1081.25,1083.45,1083.55,1081.35,1082.65,1055.16,1052.97,1052.97,1052.97,113000
ICICIBANK-EQ_2024-04-02_11-35-00.png,2024-04-02_11-35-00,1084.8,1085.05,1084.35,1084.35,70430.0,1084.34,1087.02,1081.67,1082.85,1082.85,1082.1,1082.27,1052.97,1055.16,1055.16,1055.16,113500
ICICIBANK-EQ_2024-04-02_11-40-00.png,2024-04-02_11-40-00,1084.35,1085.0,1083.5,1083.5,66513.0,1084.4,1086.94,1081.86,1082.25,1082.4,1082.25,1082.32,1055.16,1057.35,1057.35,1057.35,114000
ICICIBANK-EQ_2024-04-02_11-45-00.png,2024-04-02_11-45-00,1083.5,1083.95,1082.65,1082.8,94360.0,1084.45,1086.81,1082.09,1082.32,1082.32,1082.25,1082.28,1057.35,1055.16,1055.16,1055.16,114500
ICICIBANK-EQ_2024-04-02_11-50-00.png,2024-04-02_11-50-00,1082.8,1083.65,1082.5,1083.15,106986.0,1084.53,1086.57,1082.48,1082.28,1082.3,1082.2,1082.24,1055.16,1052.97,1052.97,1052.97,115000
ICICIBANK-EQ_2024-04-02_11-55-00.png,2024-04-02_11-55-00,1083.0,1083.3,1082.6,1082.9,46361.0,1084.57,1086.42,1082.72,1082.22,1083.2,1080.8,1082.26,1052.97,1055.16,1055.16,1055.16,115500
ICICIBANK-EQ_2024-04-02_12-00-00.png,2024-04-02_12-00-00,1083.05,1083.5,1082.8,1083.0,57014.0,1084.54,1086.47,1082.61,1082.53,1084.05,1081.65,1082.79,1055.16,1057.35,1057.35,1057.35,120000
ICICIBANK-EQ_2024-04-02_12-05-00.png,2024-04-02_12-05-00,1083.0,1083.0,1081.7,1082.05,122973.0,1084.38,1086.58,1082.19,1082.72,1082.72,1082.15,1082.32,1057.35,1055.16,1055.16,1055.16,120500
ICICIBANK-EQ_2024-04-02_12-10-00.png,2024-04-02_12-10-00,1082.0,1082.8,1081.95,1082.5,61088.0,1084.22,1086.47,1081.97,1082.25,1082.4,1081.9,1082.16,1055.16,1052.97,1052.97,1052.97,121000
ICICIBANK-EQ_2024-04-02_12-15-00.png,2024-04-02_12-15-00,1082.5,1083.1,1081.4,1083.0,81250.0,1084.12,1086.41,1081.84,1082.18,1082.18,1081.6,1081.89,1052.97,1050.78,1050.78,1050.78,121500
ICICIBANK-EQ_2024-04-02_12-20-00.png,2024-04-02_12-20-00,1082.8,1083.0,1081.85,1082.1,126407.0,1083.96,1086.34,1081.58,1081.97,1082.25,1080.45,1081.31,1050.78,1048.59,1048.59,1048.59,122000
ICICIBANK-EQ_2024-04-02_12-25-00.png,2024-04-02_12-25-00,1082.1,1082.5,1080.95,1082.0,298293.0,1083.81,1086.3,1081.33,1081.28,1081.6,1080.0,1080.86,1048.59,1050.78,1050.78,1050.78,122500
ICICIBANK-EQ_2024-04-02_12-30-00.png,2024-04-02_12-30-00,1082.25,1083.0,1082.0,1082.9,103518.0,1083.7,1086.15,1081.26,1080.93,1081.7,1080.93,1081.25,1050.78,1052.97,1052.97,1052.97,123000
ICICIBANK-EQ_2024-04-02_12-35-00.png,2024-04-02_12-35-00,1082.9,1083.45,1082.85,1083.4,98289.0,1083.64,1086.04,1081.24,1081.15,1081.35,1080.55,1080.86,1052.97,1055.16,1055.16,1055.16,123500
ICICIBANK-EQ_2024-04-02_12-40-00.png,2024-04-02_12-40-00,1083.45,1085.0,1083.4,1084.6,179259.0,1083.56,1085.73,1081.4,1080.78,1081.65,1080.25,1080.74,1055.16,1052.97,1052.97,1052.97,124000
ICICIBANK-EQ_2024-04-02_12-45-00.png,2024-04-02_12-45-00,1084.45,1084.6,1084.2,1084.25,83133.0,1083.53,1085.61,1081.45,1080.53,1081.8,1080.4,1080.94,1052.97,1055.16,1055.16,1055.16,124500
ICICIBANK-EQ_2024-04-02_12-50-00.png,2024-04-02_12-50-00,1084.2,1084.25,1083.65,1083.75,59475.0,1083.46,1085.39,1081.52,1080.78,1082.4,1080.05,1081.42,1055.16,1052.97,1052.97,1052.97,125000
ICICIBANK-EQ_2024-04-02_12-55-00.png,2024-04-02_12-55-00,1083.7,1083.75,1083.35,1083.35,95376.0,1083.4,1085.28,1081.52,1081.62,1082.5,1081.45,1081.99,1052.97,1055.16,1055.16,1055.16,125500
ICICIBANK-EQ_2024-04-02_13-00-00.png,2024-04-02_13-00-00,1083.35,1083.6,1083.35,1083.55,103665.0,1083.34,1085.08,1081.59,1082.0,1082.0,1080.45,1081.31,1055.16,1052.97,1052.97,1052.97,130000
ICICIBANK-EQ_2024-04-02_13-05-00.png,2024-04-02_13-05-00,1083.55,1083.55,1081.35,1082.15,175987.0,1083.21,1084.9,1081.51,1081.47,1082.25,1081.3,1081.72,1052.97,1055.16,1055.16,1055.16,130500
ICICIBANK-EQ_2024-04-02_13-10-00.png,2024-04-02_13-10-00,1082.2,1082.5,1082.1,1082.3,97907.0,1083.08,1084.63,1081.53,1081.68,1082.55,1081.3,1081.82,1055.16,1057.35,1057.35,1057.35,131000
ICICIBANK-EQ_2024-04-02_13-15-00.png,2024-04-02_13-15-00,1082.35,1082.4,1082.25,1082.3,78818.0,1082.98,1084.45,1081.51,1081.72,1081.72,1080.75,1081.35,1057.35,1055.16,1055.16,1055.16,131500
ICICIBANK-EQ_2024-04-02_13-20-00.png,2024-04-02_13-20-00,1082.25,1082.3,1082.25,1082.3,45841.0,1082.92,1084.4,1081.44,1081.5,1081.9,1080.7,1081.31,1055.16,1057.35,1057.35,1057.35,132000
ICICIBANK-EQ_2024-04-02_13-25-00.png,2024-04-02_13-25-00,1082.25,1082.3,1082.2,1082.2,89679.0,1082.89,1084.4,1081.38,1081.32,1081.6,1079.25,1080.8,1057.35,1055.16,1055.16,1055.16,132500
ICICIBANK-EQ_2024-04-02_13-30-00.png,2024-04-02_13-30-00,1082.15,1083.2,1080.8,1082.9,236170.0,1082.88,1084.38,1081.37,1081.18,1081.9,1079.75,1080.96,1055.16,1057.35,1057.35,1057.35,133000
ICICIBANK-EQ_2024-04-02_13-35-00.png,2024-04-02_13-35-00,1082.9,1084.05,1081.65,1082.55,127446.0,1082.86,1084.37,1081.34,1081.1,1082.7,1080.0,1081.09,1057.35,1055.16,1055.16,1055.16,133500
ICICIBANK-EQ_2024-04-02_13-40-00.png,2024-04-02_13-40-00,1082.15,1082.65,1082.15,1082.35,66793.0,1082.82,1084.35,1081.3,1080.82,1081.95,1080.15,1080.93,1055.16,1057.35,1057.35,1057.35,134000
ICICIBANK-EQ_2024-04-02_13-45-00.png,2024-04-02_13-45-00,1082.35,1082.4,1081.9,1082.0,98965.0,1082.82,1084.36,1081.29,1080.8,1083.0,1080.8,1082.15,1057.35,1059.54,1059.54,1059.54,134500
ICICIBANK-EQ_2024-04-02_13-50-00.png,2024-04-02_13-50-00,1082.0,1082.0,1081.6,1081.95,85099.0,1082.8,1084.37,1081.22,1082.08,1083.95,1082.05,1082.96,1059.54,1057.35,1057.35,1057.35,135000
ICICIBANK-EQ_2024-04-02_13-55-00.png,2024-04-02_13-55-00,1081.9,1082.25,1080.45,1080.65,128832.0,1082.68,1084.52,1080.84,1082.93,1082.93,1072.25,1075.46,1057.35,1059.54,1059.54,1059.54,135500
ICICIBANK-EQ_2024-04-02_14-00-00.png,2024-04-02_14-00-00,1080.65,1081.6,1080.0,1081.2,165681.0,1082.63,1084.57,1080.69,1075.55,1078.0,1075.55,1076.52,1059.54,1061.73,1061.73,1061.73,140000
ICICIBANK-EQ_2024-04-02_14-05-00.png,2024-04-02_14-05-00,1081.25,1081.7,1081.0,1081.05,117496.0,1082.58,1084.64,1080.53,1076.08,1077.0,1075.35,1076.14,1061.73,1059.54,1059.54,1059.54,140500
ICICIBANK-EQ_2024-04-02_14-10-00.png,2024-04-02_14-10-00,1081.0,1081.35,1080.55,1080.55,138403.0,1082.47,1084.7,1080.23,1076.1,1076.75,1075.05,1075.82,1059.54,1061.73,1061.73,1061.73,141000
ICICIBANK-EQ_2024-04-02_14-15-00.png,2024-04-02_14-15-00,1080.5,1081.65,1080.25,1080.55,174140.0,1082.32,1084.67,1079.98,1075.75,1075.75,1073.2,1074.54,1061.73,1063.91,1063.91,1063.91,141500
ICICIBANK-EQ_2024-04-02_14-20-00.png,2024-04-02_14-20-00,1080.5,1081.8,1080.4,1081.05,156668.0,1082.15,1084.3,1080.0,1074.62,1075.9,1073.5,1074.64,1063.91,1066.1,1066.1,1066.1,142000
ICICIBANK-EQ_2024-04-02_14-25-00.png,2024-04-02_14-25-00,1081.0,1082.4,1080.05,1082.25,195828.0,1082.05,1083.96,1080.14,1074.57,1075.65,1073.55,1074.79,1066.1,1063.91,1063.91,1063.91,142500
ICICIBANK-EQ_2024-04-02_14-30-00.png,2024-04-02_14-30-00,1082.35,1082.5,1081.45,1081.65,143722.0,1081.94,1083.68,1080.2,1074.97,1075.9,1074.2,1075.08,1063.91,1061.73,1061.73,1061.73,143000
ICICIBANK-EQ_2024-04-02_14-35-00.png,2024-04-02_14-35-00,1081.65,1081.85,1080.45,1081.3,104652.0,1081.84,1083.47,1080.21,1075.1,1077.25,1075.0,1076.21,1061.73,1059.54,1059.54,1059.54,143500
ICICIBANK-EQ_2024-04-02_14-40-00.png,2024-04-02_14-40-00,1081.35,1082.25,1081.3,1082.0,84358.0,1081.76,1083.18,1080.34,1076.3,1077.9,1076.25,1077.03,1059.54,1061.73,1061.73,1061.73,144000
ICICIBANK-EQ_2024-04-02_14-45-00.png,2024-04-02_14-45-00,1082.05,1082.55,1081.3,1081.4,156942.0,1081.72,1083.14,1080.31,1076.97,1077.5,1076.05,1076.93,1061.73,1063.91,1063.91,1063.91,144500
ICICIBANK-EQ_2024-04-02_14-50-00.png,2024-04-02_14-50-00,1081.55,1081.65,1080.75,1081.45,116212.0,1081.68,1083.08,1080.29,1077.08,1081.9,1076.55,1079.05,1063.91,1066.1,1066.1,1066.1,145000
ICICIBANK-EQ_2024-04-02_14-55-00.png,2024-04-02_14-55-00,1081.4,1081.9,1080.7,1081.25,200462.0,1081.63,1083.01,1080.25,1078.88,1080.9,1078.88,1080.5,1066.1,1063.91,1063.91,1063.91,145500
ICICIBANK-EQ_2024-04-02_15-00-00.png,2024-04-02_15-00-00,1081.4,1081.6,1079.25,1080.95,844411.0,1081.56,1082.93,1080.19,1080.78,1083.0,1080.5,1081.53,1063.91,1066.1,1066.1,1066.1,150000
ICICIBANK-EQ_2024-04-02_15-05-00.png,2024-04-02_15-05-00,1080.95,1081.9,1079.75,1081.25,748707.0,1081.51,1082.86,1080.17,1081.3,1081.75,1080.0,1081.18,1066.1,1068.29,1068.29,1068.29,150500
ICICIBANK-EQ_2024-04-02_15-10-00.png,2024-04-02_15-10-00,1081.3,1082.7,1080.0,1080.35,730206.0,1081.39,1082.66,1080.12,1081.47,1082.35,1080.85,1081.69,1068.29,1066.1,1066.1,1066.1,151000
ICICIBANK-EQ_2024-04-02_15-15-00.png,2024-04-02_15-15-00,1080.15,1081.95,1080.15,1081.45,481866.0,1081.33,1082.48,1080.18,1081.78,1082.0,1080.75,1081.28,1066.1,1068.29,1068.29,1068.29,151500
ICICIBANK-EQ_2024-04-02_15-20-00.png,2024-04-02_15-20-00,1081.5,1083.0,1081.45,1082.65,402042.0,1081.35,1082.56,1080.14,1081.18,1081.65,1080.0,1080.9,1068.29,1066.1,1066.1,1066.1,152000
ICICIBANK-EQ_2024-04-02_15-25-00.png,2024-04-02_15-25-00,1082.7,1083.95,1082.05,1083.15,361554.0,1081.4,1082.84,1079.97,1080.97,1081.3,1080.0,1080.74,1066.1,1068.29,1068.29,1068.29,152500
ICICIBANK-EQ_2024-04-03_09-15-00.png,2024-04-03_09-15-00,1075.0,1078.5,1072.25,1076.1,1102674.0,1081.11,1083.86,1078.36,1080.82,1082.8,1080.1,1081.14,1068.29,1066.1,1066.1,1066.1,91500
ICICIBANK-EQ_2024-04-03_09-20-00.png,2024-04-03_09-20-00,1076.2,1078.0,1075.95,1075.95,286781.0,1080.88,1084.47,1077.29,1080.82,1082.75,1080.8,1081.55,1066.1,1063.91,1063.91,1063.91,92000
ICICIBANK-EQ_2024-04-03_09-25-00.png,2024-04-03_09-25-00,1076.05,1077.0,1075.35,1076.15,158599.0,1080.62,1084.78,1076.47,1081.32,1081.5,1080.25,1080.88,1063.91,1061.73,1061.73,1061.73,92500
ICICIBANK-EQ_2024-04-03_09-30-00.png,2024-04-03_09-30-00,1076.05,1076.75,1075.05,1075.45,111362.0,1080.34,1085.1,1075.59,1080.88,1080.88,1080.2,1080.49,1061.73,1063.91,1063.91,1063.91,93000
ICICIBANK-EQ_2024-04-03_09-35-00.png,2024-04-03_09-35-00,1075.4,1075.7,1073.2,1073.85,107221.0,1080.01,1085.57,1074.45,1080.5,1080.9,1078.75,1079.79,1063.91,1061.73,1061.73,1061.73,93500
ICICIBANK-EQ_2024-04-03_09-40-00.png,2024-04-03_09-40-00,1073.85,1075.9,1073.5,1075.3,112050.0,1079.75,1085.69,1073.81,1079.75,1079.95,1077.8,1079.11,1061.73,1063.91,1063.91,1063.91,94000
ICICIBANK-EQ_2024-04-03_09-45-00.png,2024-04-03_09-45-00,1075.6,1075.65,1073.55,1074.35,56252.0,1079.41,1085.78,1073.04,1079.35,1080.0,1077.95,1079.09,1063.91,1066.1,1066.1,1066.1,94500
ICICIBANK-EQ_2024-04-03_09-50-00.png,2024-04-03_09-50-00,1074.4,1075.9,1074.2,1075.8,60184.0,1079.09,1085.51,1072.67,1079.2,1079.6,1078.0,1078.62,1066.1,1063.91,1063.91,1063.91,95000
ICICIBANK-EQ_2024-04-03_09-55-00.png,2024-04-03_09-55-00,1075.85,1077.25,1075.0,1076.75,95432.0,1078.84,1085.23,1072.46,1078.45,1078.95,1078.05,1078.45,1063.91,1066.1,1066.1,1066.1,95500
ICICIBANK-EQ_2024-04-03_10-00-00.png,2024-04-03_10-00-00,1076.7,1077.9,1076.25,1077.25,80740.0,1078.64,1084.95,1072.33,1078.4,1078.85,1077.8,1078.38,1066.1,1063.91,1063.91,1063.91,100000
ICICIBANK-EQ_2024-04-03_10-05-00.png,2024-04-03_10-05-00,1077.0,1077.5,1076.05,1077.15,102321.0,1078.4,1084.54,1072.26,1078.42,1078.42,1077.1,1077.71,1063.91,1066.1,1066.1,1066.1,100500
ICICIBANK-EQ_2024-04-03_10-10-00.png,2024-04-03_10-10-00,1077.15,1081.9,1076.55,1080.6,187035.0,1078.36,1084.43,1072.29,1077.82,1078.7,1077.15,1077.78,1066.1,1068.29,1068.29,1068.29,101000
ICICIBANK-EQ_2024-04-03_10-15-00.png,2024-04-03_10-15-00,1080.7,1080.9,1079.55,1080.85,79402.0,1078.33,1084.34,1072.32,1077.62,1077.9,1076.35,1077.24,1068.29,1066.1,1066.1,1066.1,101500
ICICIBANK-EQ_2024-04-03_10-20-00.png,2024-04-03_10-20-00,1080.85,1083.0,1080.5,1081.75,100812.0,1078.36,1084.42,1072.29,1077.35,1077.9,1076.8,1077.25,1066.1,1063.91,1063.91,1063.91,102000
ICICIBANK-EQ_2024-04-03_10-25-00.png,2024-04-03_10-25-00,1081.75,1081.75,1080.0,1081.2,61704.0,1078.37,1084.45,1072.28,1077.15,1077.95,1076.5,1077.18,1063.91,1066.1,1066.1,1066.1,102500
ICICIBANK-EQ_2024-04-03_10-30-00.png,2024-04-03_10-30-00,1081.55,1082.35,1080.85,1082.0,61967.0,1078.4,1084.57,1072.24,1077.12,1078.35,1077.0,1077.53,1066.1,1068.29,1068.29,1068.29,103000
ICICIBANK-EQ_2024-04-03_10-35-00.png,2024-04-03_10-35-00,1081.6,1082.0,1080.75,1080.75,55237.0,1078.42,1084.62,1072.23,1077.38,1082.15,1077.25,1079.72,1068.29,1070.48,1070.48,1070.48,103500
ICICIBANK-EQ_2024-04-03_10-40-00.png,2024-04-03_10-40-00,1081.05,1081.65,1080.0,1080.9,49431.0,1078.4,1084.54,1072.25,1079.75,1082.35,1079.75,1081.11,1070.48,1068.29,1068.29,1068.29,104000
ICICIBANK-EQ_2024-04-03_10-45-00.png,2024-04-03_10-45-00,1081.1,1081.3,1080.0,1080.55,116775.0,1078.29,1084.2,1072.39,1081.05,1081.05,1079.05,1079.83,1068.29,1070.48,1070.48,1070.48,104500
ICICIBANK-EQ_2024-04-03_10-50-00.png,2024-04-03_10-50-00,1080.2,1082.8,1080.1,1081.45,432988.0,1078.21,1083.86,1072.55,1079.78,1080.0,1078.85,1079.34,1070.48,1068.29,1068.29,1068.29,105000
ICICIBANK-EQ_2024-04-03_10-55-00.png,2024-04-03_10-55-00,1081.45,1082.75,1080.8,1081.2,133773.0,1078.46,1084.18,1072.75,1079.25,1079.7,1078.6,1079.03,1068.29,1070.48,1070.48,1070.48,105500
ICICIBANK-EQ_2024-04-03_11-00-00.png,2024-04-03_11-00-00,1081.2,1081.5,1080.25,1080.55,38086.0,1078.69,1084.35,1073.03,1078.9,1079.45,1078.1,1078.84,1070.48,1068.29,1068.29,1068.29,110000
ICICIBANK-EQ_2024-04-03_11-05-00.png,2024-04-03_11-05-00,1080.55,1080.75,1080.2,1080.45,24313.0,1078.91,1084.49,1073.33,1078.9,1082.0,1078.85,1080.35,1068.29,1066.1,1066.1,1066.1,110500
ICICIBANK-EQ_2024-04-03_11-10-00.png,2024-04-03_11-10-00,1080.4,1080.9,1078.75,1079.1,109209.0,1079.09,1084.43,1073.75,1080.28,1081.7,1080.15,1080.94,1066.1,1068.29,1068.29,1068.29,111000
ICICIBANK-EQ_2024-04-03_11-15-00.png,2024-04-03_11-15-00,1079.1,1079.95,1077.8,1079.6,371202.0,1079.38,1084.11,1074.64,1080.95,1081.25,1080.1,1080.76,1068.29,1070.48,1070.48,1070.48,111500
ICICIBANK-EQ_2024-04-03_11-20-00.png,2024-04-03_11-20-00,1079.55,1080.0,1077.95,1078.85,183934.0,1079.55,1083.89,1075.22,1080.85,1082.0,1080.2,1081.25,1070.48,1072.67,1072.67,1072.67,112000
ICICIBANK-EQ_2024-04-03_11-25-00.png,2024-04-03_11-25-00,1078.7,1079.6,1078.0,1078.2,107481.0,1079.75,1083.4,1076.09,1081.4,1081.85,1080.35,1081.22,1072.67,1074.86,1074.86,1074.86,112500
ICICIBANK-EQ_2024-04-03_11-30-00.png,2024-04-03_11-30-00,1078.3,1078.95,1078.05,1078.5,33374.0,1079.88,1083.1,1076.67,1081.35,1082.2,1080.65,1081.4,1074.86,1077.05,1077.05,1077.05,113000
ICICIBANK-EQ_2024-04-03_11-35-00.png,2024-04-03_11-35-00,1078.75,1078.85,1077.8,1078.1,142297.0,1079.95,1082.94,1076.96,1081.38,1083.2,1081.38,1082.27,1077.05,1079.24,1079.24,1079.24,113500
ICICIBANK-EQ_2024-04-03_11-40-00.png,2024-04-03_11-40-00,1078.0,1078.1,1077.1,1077.65,101281.0,1079.97,1082.88,1077.06,1082.22,1083.65,1082.22,1082.94,1079.24,1081.43,1081.43,1081.43,114000
ICICIBANK-EQ_2024-04-03_11-45-00.png,2024-04-03_11-45-00,1077.65,1078.7,1077.15,1077.6,36149.0,1079.99,1082.82,1077.16,1082.88,1083.0,1081.75,1082.39,1081.43,1079.24,1079.24,1079.24,114500
ICICIBANK-EQ_2024-04-03_11-50-00.png,2024-04-03_11-50-00,1077.55,1077.9,1076.35,1077.15,61797.0,1079.82,1082.9,1076.74,1082.4,1082.85,1081.9,1082.28,1079.24,1077.05,1077.05,1077.05,115000
ICICIBANK-EQ_2024-04-03_11-55-00.png,2024-04-03_11-55-00,1077.1,1077.9,1076.8,1077.2,44909.0,1079.64,1082.89,1076.39,1082.18,1082.55,1081.3,1081.89,1077.05,1074.86,1074.86,1074.86,115500
ICICIBANK-EQ_2024-04-03_12-00-00.png,2024-04-03_12-00-00,1077.15,1077.95,1076.5,1077.1,57317.0,1079.4,1082.69,1076.12,1081.85,1083.3,1080.9,1082.06,1074.86,1077.05,1077.05,1077.05,120000
ICICIBANK-EQ_2024-04-03_12-05-00.png,2024-04-03_12-05-00,1077.2,1078.35,1077.0,1077.55,32227.0,1079.22,1082.49,1075.96,1082.03,1083.15,1081.35,1082.23,1077.05,1079.24,1079.24,1079.24,120500
ICICIBANK-EQ_2024-04-03_12-10-00.png,2024-04-03_12-10-00,1077.5,1082.15,1077.25,1082.0,137789.0,1079.22,1082.49,1075.96,1082.2,1082.2,1080.5,1081.42,1079.24,1077.05,1077.05,1077.05,121000
ICICIBANK-EQ_2024-04-03_12-15-00.png,2024-04-03_12-15-00,1081.95,1082.35,1080.0,1080.15,86664.0,1079.19,1082.41,1075.97,1081.55,1082.45,1080.6,1081.35,1077.05,1074.86,1074.86,1074.86,121500
ICICIBANK-EQ_2024-04-03_12-20-00.png,2024-04-03_12-20-00,1080.15,1080.7,1079.05,1079.4,154282.0,1079.12,1082.24,1076.0,1081.18,1081.65,1080.35,1081.12,1074.86,1077.05,1077.05,1077.05,122000
ICICIBANK-EQ_2024-04-03_12-25-00.png,2024-04-03_12-25-00,1079.45,1080.0,1078.85,1079.05,71372.0,1079.04,1082.09,1076.0,1081.25,1081.45,1079.0,1080.46,1077.05,1074.86,1074.86,1074.86,122500
ICICIBANK-EQ_2024-04-03_12-30-00.png,2024-04-03_12-30-00,1079.05,1079.7,1078.6,1078.75,56024.0,1078.91,1081.73,1076.08,1080.7,1080.7,1079.55,1080.15,1074.86,1072.67,1072.67,1072.67,123000
ICICIBANK-EQ_2024-04-03_12-35-00.png,2024-04-03_12-35-00,1078.75,1079.45,1078.1,1079.05,187086.0,1078.8,1081.42,1076.18,1080.28,1081.2,1079.35,1080.35,1072.67,1074.86,1074.86,1074.86,123500
ICICIBANK-EQ_2024-04-03_12-40-00.png,2024-04-03_12-40-00,1079.15,1082.0,1078.85,1081.4,128521.0,1078.84,1081.6,1076.08,1080.43,1080.5,1079.35,1080.01,1074.86,1072.67,1072.67,1072.67,124000
ICICIBANK-EQ_2024-04-03_12-45-00.png,2024-04-03_12-45-00,1081.4,1081.7,1080.15,1080.5,65676.0,1078.84,1081.61,1076.08,1080.1,1080.1,1078.3,1079.41,1072.67,1070.48,1070.48,1070.48,124500
ICICIBANK-EQ_2024-04-03_12-50-00.png,2024-04-03_12-50-00,1080.5,1081.25,1080.1,1081.2,56856.0,1078.95,1081.91,1075.99,1079.65,1079.65,1078.0,1078.78,1070.48,1072.67,1072.67,1072.67,125000
ICICIBANK-EQ_2024-04-03_12-55-00.png,2024-04-03_12-55-00,1081.1,1082.0,1080.2,1081.7,119076.0,1079.05,1082.25,1075.86,1078.82,1078.9,1077.45,1078.39,1072.67,1074.86,1074.86,1074.86,125500
ICICIBANK-EQ_2024-04-03_13-00-00.png,2024-04-03_13-00-00,1081.7,1081.85,1080.35,1081.0,197965.0,1079.16,1082.47,1075.85,1078.6,1079.1,1077.55,1078.21,1074.86,1072.67,1072.67,1072.67,130000
ICICIBANK-EQ_2024-04-03_13-05-00.png,2024-04-03_13-05-00,1081.0,1082.2,1080.65,1081.75,99048.0,1079.34,1082.81,1075.87,1078.1,1078.1,1075.95,1077.01,1072.67,1074.86,1074.86,1074.86,130500
ICICIBANK-EQ_2024-04-03_13-10-00.png,2024-04-03_13-10-00,1081.75,1083.2,1081.45,1082.7,63641.0,1079.55,1083.3,1075.8,1077.12,1078.45,1076.2,1077.3,1074.86,1072.67,1072.67,1072.67,131000
ICICIBANK-EQ_2024-04-03_13-15-00.png,2024-04-03_13-15-00,1082.8,1083.65,1082.35,1082.95,169593.0,1079.79,1083.77,1075.82,1077.28,1078.9,1077.0,1077.82,1072.67,1074.86,1074.86,1074.86,131500
ICICIBANK-EQ_2024-04-03_13-20-00.png,2024-04-03_13-20-00,1082.55,1083.0,1081.75,1082.25,123478.0,1080.02,1084.01,1076.03,1077.7,1079.7,1077.25,1078.34,1074.86,1077.05,1077.05,1077.05,132000
ICICIBANK-EQ_2024-04-03_13-25-00.png,2024-04-03_13-25-00,1082.0,1082.85,1081.9,1082.35,54194.0,1080.26,1084.21,1076.31,1078.2,1079.2,1075.5,1077.79,1077.05,1074.86,1074.86,1074.86,132500
ICICIBANK-EQ_2024-04-03_13-30-00.png,2024-04-03_13-30-00,1082.35,1082.55,1081.3,1081.35,51268.0,1080.47,1084.16,1076.78,1078.22,1078.22,1076.05,1076.95,1074.86,1077.05,1077.05,1077.05,133000
ICICIBANK-EQ_2024-04-03_13-35-00.png,2024-04-03_13-35-00,1081.6,1083.3,1080.9,1082.45,107834.0,1080.73,1084.18,1077.29,1076.95,1077.95,1076.45,1077.16,1077.05,1079.24,1079.24,1079.24,133500
ICICIBANK-EQ_2024-04-03_13-40-00.png,2024-04-03_13-40-00,1082.45,1083.15,1081.35,1081.95,110563.0,1080.97,1084.0,1077.95,1077.12,1077.75,1076.65,1077.31,1079.24,1081.43,1081.43,1081.43,134000
ICICIBANK-EQ_2024-04-03_13-45-00.png,2024-04-03_13-45-00,1082.1,1082.1,1080.5,1081.0,65577.0,1081.15,1083.71,1078.58,1077.42,1077.65,1076.75,1077.16,1081.43,1083.62,1083.62,1083.62,134500
ICICIBANK-EQ_2024-04-03_13-50-00.png,2024-04-03_13-50-00,1080.85,1082.45,1080.6,1081.5,134717.0,1081.12,1083.66,1078.58,1077.12,1077.5,1075.3,1076.85,1083.62,1085.81,1085.81,1085.81,135000
ICICIBANK-EQ_2024-04-03_13-55-00.png,2024-04-03_13-55-00,1081.5,1081.65,1080.35,1081.0,289704.0,1081.16,1083.66,1078.67,1077.3,1085.8,1066.5,1079.01,1085.81,1083.62,1083.62,1083.62,135500
ICICIBANK-EQ_2024-04-03_14-00-00.png,2024-04-03_14-00-00,1081.35,1081.45,1079.0,1080.05,620471.0,1081.2,1083.61,1078.78,1081.88,1081.88,1075.0,1077.6,1083.62,1085.81,1085.81,1085.81,140000
ICICIBANK-EQ_2024-04-03_14-05-00.png,2024-04-03_14-05-00,1080.15,1080.5,1079.55,1080.4,204643.0,1081.26,1083.5,1079.03,1077.53,1078.15,1074.95,1076.0,1085.81,1088.0,1088.0,1088.0,140500
ICICIBANK-EQ_2024-04-03_14-10-00.png,2024-04-03_14-10-00,1080.4,1081.2,1079.35,1080.45,351017.0,1081.35,1083.29,1079.41,1075.45,1076.2,1073.15,1074.39,1088.0,1085.81,1085.81,1085.81,141000
ICICIBANK-EQ_2024-04-03_14-15-00.png,2024-04-03_14-15-00,1080.5,1080.5,1079.35,1079.7,176724.0,1081.38,1083.18,1079.59,1074.1,1074.55,1072.95,1073.55,1085.81,1088.0,1088.0,1088.0,141500
ICICIBANK-EQ_2024-04-03_14-20-00.png,2024-04-03_14-20-00,1079.85,1080.05,1078.3,1079.45,327699.0,1081.29,1083.28,1079.29,1073.35,1073.9,1072.0,1072.85,1088.0,1085.81,1085.81,1085.81,142000
ICICIBANK-EQ_2024-04-03_14-25-00.png,2024-04-03_14-25-00,1079.15,1079.45,1078.0,1078.5,211695.0,1081.18,1083.51,1078.86,1072.75,1072.75,1071.1,1072.09,1085.81,1088.0,1088.0,1088.0,142500
ICICIBANK-EQ_2024-04-03_14-30-00.png,2024-04-03_14-30-00,1078.65,1078.9,1077.45,1078.55,441034.0,1081.05,1083.66,1078.44,1072.3,1075.5,1069.3,1072.03,1088.0,1090.19,1090.19,1090.19,143000
ICICIBANK-EQ_2024-04-03_14-35-00.png,2024-04-03_14-35-00,1078.55,1079.1,1077.55,1077.65,249885.0,1080.85,1083.85,1077.85,1071.65,1071.65,1069.2,1070.45,1090.19,1092.37,1092.37,1092.37,143500
ICICIBANK-EQ_2024-04-03_14-40-00.png,2024-04-03_14-40-00,1077.75,1077.85,1075.95,1076.5,523881.0,1080.62,1084.2,1077.05,1070.62,1070.62,1068.45,1069.62,1092.37,1094.56,1094.56,1094.56,144000
ICICIBANK-EQ_2024-04-03_14-45-00.png,2024-04-03_14-45-00,1076.65,1078.45,1076.2,1077.9,358887.0,1080.43,1084.16,1076.7,1069.82,1071.7,1068.85,1070.04,1094.56,1096.75,1096.75,1096.75,144500
ICICIBANK-EQ_2024-04-03_14-50-00.png,2024-04-03_14-50-00,1078.0,1078.9,1077.0,1077.4,287525.0,1080.17,1083.97,1076.37,1069.8,1070.25,1066.65,1068.54,1096.75,1098.94,1098.94,1098.94,145000
ICICIBANK-EQ_2024-04-03_14-55-00.png,2024-04-03_14-55-00,1077.4,1079.7,1077.25,1079.0,261226.0,1079.97,1083.57,1076.37,1068.62,1069.3,1067.2,1068.05,1098.94,1096.75,1096.75,1096.75,145500
ICICIBANK-EQ_2024-04-03_15-00-00.png,2024-04-03_15-00-00,1079.0,1079.2,1075.5,1077.45,1106634.0,1079.73,1083.33,1076.13,1067.85,1070.35,1067.85,1069.09,1096.75,1094.56,1094.56,1094.56,150000
ICICIBANK-EQ_2024-04-03_15-05-00.png,2024-04-03_15-05-00,1077.35,1077.85,1076.05,1076.55,871414.0,1079.44,1083.08,1075.8,1068.8,1069.5,1067.55,1068.75,1094.56,1092.37,1092.37,1092.37,150500
ICICIBANK-EQ_2024-04-03_15-10-00.png,2024-04-03_15-10-00,1076.8,1077.95,1076.45,1077.45,553437.0,1079.25,1082.88,1075.61,1068.97,1069.4,1067.8,1068.49,1092.37,1090.19,1090.19,1090.19,151000
ICICIBANK-EQ_2024-04-03_15-15-00.png,2024-04-03_15-15-00,1077.5,1077.75,1076.65,1077.35,397618.0,1078.99,1082.38,1075.6,1068.38,1068.45,1067.0,1067.79,1090.19,1088.0,1088.0,1088.0,151500
ICICIBANK-EQ_2024-04-03_15-20-00.png,2024-04-03_15-20-00,1077.0,1077.65,1076.75,1077.25,419910.0,1078.76,1081.93,1075.58,1067.85,1068.25,1067.05,1067.44,1088.0,1085.81,1085.81,1085.81,152000
ICICIBANK-EQ_2024-04-03_15-25-00.png,2024-04-03_15-25-00,1077.25,1077.5,1075.3,1077.35,412619.0,1078.57,1081.62,1075.53,1067.22,1068.8,1067.05,1067.8,1085.81,1088.0,1088.0,1088.0,152500
ICICIBANK-EQ_2024-04-04_09-15-00.png,2024-04-04_09-15-00,1084.75,1085.8,1066.5,1079.0,1107983.0,1078.45,1081.18,1075.72,1067.68,1068.65,1064.6,1066.59,1088.0,1085.81,1085.81,1085.81,91500
ICICIBANK-EQ_2024-04-04_09-20-00.png,2024-04-04_09-20-00,1079.0,1080.35,1075.0,1076.05,428789.0,1078.2,1080.85,1075.55,1066.55,1067.85,1063.45,1065.99,1085.81,1088.0,1088.0,1088.0,92000
ICICIBANK-EQ_2024-04-04_09-25-00.png,2024-04-04_09-25-00,1075.9,1078.15,1074.95,1075.0,317673.0,1077.95,1080.81,1075.09,1066.32,1068.0,1066.32,1067.38,1088.0,1085.81,1085.81,1085.81,92500
ICICIBANK-EQ_2024-04-04_09-30-00.png,2024-04-04_09-30-00,1075.0,1076.2,1073.15,1073.2,316123.0,1077.59,1080.92,1074.25,1067.45,1068.05,1066.65,1067.61,1085.81,1083.62,1083.62,1083.62,93000
ICICIBANK-EQ_2024-04-04_09-35-00.png,2024-04-04_09-35-00,1073.45,1074.55,1072.95,1073.25,244018.0,1077.23,1080.81,1073.65,1067.88,1072.25,1067.65,1069.94,1083.62,1085.81,1085.81,1085.81,93500
ICICIBANK-EQ_2024-04-04_09-40-00.png,2024-04-04_09-40-00,1073.25,1073.9,1072.0,1072.25,269087.0,1076.86,1080.87,1072.84,1069.92,1072.75,1069.92,1071.76,1085.81,1088.0,1088.0,1088.0,94000
ICICIBANK-EQ_2024-04-04_09-45-00.png,2024-04-04_09-45-00,1072.3,1072.65,1071.1,1072.3,199249.0,1076.5,1080.81,1072.19,1071.85,1071.9,1070.0,1070.97,1088.0,1090.19,1090.19,1090.19,94500
ICICIBANK-EQ_2024-04-04_09-50-00.png,2024-04-04_09-50-00,1072.05,1075.5,1069.3,1071.25,478851.0,1076.14,1080.93,1071.34,1071.0,1071.0,1069.8,1070.24,1090.19,1088.0,1088.0,1088.0,95000
ICICIBANK-EQ_2024-04-04_09-55-00.png,2024-04-04_09-55-00,1071.25,1071.35,1069.2,1070.0,378712.0,1075.71,1081.08,1070.33,1070.12,1070.95,1067.35,1069.44,1088.0,1090.19,1090.19,1090.19,95500
ICICIBANK-EQ_2024-04-04_10-00-00.png,2024-04-04_10-00-00,1070.0,1070.4,1068.45,1069.65,284611.0,1075.31,1081.24,1069.38,1069.72,1069.9,1068.2,1069.04,1090.19,1092.37,1092.37,1092.37,100000
ICICIBANK-EQ_2024-04-04_10-05-00.png,2024-04-04_10-05-00,1069.7,1071.7,1068.85,1069.9,329198.0,1074.98,1081.35,1068.61,1069.03,1070.5,1068.15,1069.4,1092.37,1090.19,1090.19,1090.19,100500
ICICIBANK-EQ_2024-04-04_10-10-00.png,2024-04-04_10-10-00,1069.9,1070.25,1066.65,1067.35,398613.0,1074.45,1081.51,1067.39,1069.47,1072.3,1069.3,1070.76,1090.19,1092.37,1092.37,1092.37,101000
ICICIBANK-EQ_2024-04-04_10-15-00.png,2024-04-04_10-15-00,1067.2,1069.3,1067.2,1068.5,222048.0,1074.01,1081.4,1066.61,1070.72,1072.5,1070.72,1071.88,1092.37,1090.19,1090.19,1090.19,101500
ICICIBANK-EQ_2024-04-04_10-20-00.png,2024-04-04_10-20-00,1068.95,1070.35,1068.4,1068.65,166496.0,1073.49,1080.85,1066.12,1072.0,1072.15,1069.85,1071.34,1090.19,1092.37,1092.37,1092.37,102000
ICICIBANK-EQ_2024-04-04_10-25-00.png,2024-04-04_10-25-00,1069.25,1069.5,1067.55,1068.7,199281.0,1073.05,1080.47,1065.63,1071.68,1071.75,1069.85,1070.88,1092.37,1094.56,1094.56,1094.56,102500
ICICIBANK-EQ_2024-04-04_10-30-00.png,2024-04-04_10-30-00,1068.8,1069.4,1067.8,1067.95,198049.0,1072.62,1080.18,1065.06,1070.95,1072.8,1069.85,1071.44,1094.56,1096.75,1096.75,1096.75,103000
ICICIBANK-EQ_2024-04-04_10-35-00.png,2024-04-04_10-35-00,1068.0,1068.45,1067.0,1067.7,161443.0,1072.13,1079.64,1064.63,1071.55,1073.15,1071.05,1072.43,1096.75,1094.56,1094.56,1094.56,103500
ICICIBANK-EQ_2024-04-04_10-40-00.png,2024-04-04_10-40-00,1067.2,1068.25,1067.05,1067.25,123811.0,1071.63,1079.01,1064.24,1072.75,1074.6,1072.65,1073.55,1094.56,1092.37,1092.37,1092.37,104000
ICICIBANK-EQ_2024-04-04_10-45-00.png,2024-04-04_10-45-00,1067.25,1068.8,1067.05,1068.1,139285.0,1071.17,1078.21,1064.13,1073.47,1075.5,1073.4,1074.36,1092.37,1094.56,1094.56,1094.56,104500
ICICIBANK-EQ_2024-04-04_10-50-00.png,2024-04-04_10-50-00,1068.05,1068.65,1064.6,1065.05,555682.0,1070.55,1077.47,1063.64,1074.28,1075.15,1074.05,1074.7,1094.56,1096.75,1096.75,1096.75,105000
ICICIBANK-EQ_2024-04-04_10-55-00.png,2024-04-04_10-55-00,1065.35,1067.85,1063.45,1067.3,414383.0,1069.97,1075.77,1064.17,1074.8,1075.65,1073.75,1074.54,1096.75,1094.56,1094.56,1094.56,105500
ICICIBANK-EQ_2024-04-04_11-00-00.png,2024-04-04_11-00-00,1067.3,1068.0,1066.6,1067.6,165376.0,1069.55,1074.67,1064.42,1074.38,1074.95,1070.6,1073.51,1094.56,1096.75,1096.75,1096.75,110000
ICICIBANK-EQ_2024-04-04_11-05-00.png,2024-04-04_11-05-00,1067.7,1068.05,1066.65,1068.05,183317.0,1069.2,1073.67,1064.73,1074.25,1078.0,1073.25,1076.0,1096.75,1098.94,1098.94,1098.94,110500
ICICIBANK-EQ_2024-04-04_11-10-00.png,2024-04-04_11-10-00,1068.05,1072.25,1067.65,1071.8,199489.0,1069.13,1073.37,1064.89,1076.38,1078.05,1076.25,1077.38,1098.94,1101.13,1101.13,1101.13,111000
ICICIBANK-EQ_2024-04-04_11-15-00.png,2024-04-04_11-15-00,1071.8,1072.75,1070.6,1071.9,138211.0,1069.06,1073.07,1065.06,1077.6,1077.6,1074.9,1076.3,1101.13,1103.32,1103.32,1103.32,111500
ICICIBANK-EQ_2024-04-04_11-20-00.png,2024-04-04_11-20-00,1071.9,1071.9,1070.0,1070.1,76550.0,1068.96,1072.71,1065.2,1076.45,1076.45,1073.1,1074.55,1103.32,1105.51,1105.51,1105.51,112000
ICICIBANK-EQ_2024-04-04_11-25-00.png,2024-04-04_11-25-00,1070.1,1070.9,1069.8,1070.15,56719.0,1068.85,1072.31,1065.39,1074.4,1075.55,1073.3,1074.25,1105.51,1103.32,1103.32,1103.32,112500
ICICIBANK-EQ_2024-04-04_11-30-00.png,2024-04-04_11-30-00,1070.15,1070.95,1067.35,1069.3,156654.0,1068.75,1072.03,1065.47,1074.08,1075.75,1073.75,1074.71,1103.32,1101.13,1101.13,1101.13,113000
ICICIBANK-EQ_2024-04-04_11-35-00.png,2024-04-04_11-35-00,1069.15,1069.9,1068.2,1068.9,110903.0,1068.7,1071.92,1065.47,1074.68,1075.7,1074.1,1074.96,1101.13,1098.94,1098.94,1098.94,113500
ICICIBANK-EQ_2024-04-04_11-40-00.png,2024-04-04_11-40-00,1068.9,1070.5,1068.15,1070.05,97963.0,1068.71,1071.97,1065.46,1075.03,1075.7,1074.6,1075.18,1098.94,1096.75,1096.75,1096.75,114000
ICICIBANK-EQ_2024-04-04_11-45-00.png,2024-04-04_11-45-00,1070.05,1072.3,1069.3,1071.4,198724.0,1068.79,1072.23,1065.35,1075.2,1077.55,1074.55,1076.09,1096.75,1094.56,1094.56,1094.56,114500
ICICIBANK-EQ_2024-04-04_11-50-00.png,2024-04-04_11-50-00,1071.8,1072.5,1071.0,1072.2,127751.0,1069.03,1072.72,1065.35,1076.12,1078.3,1075.5,1077.26,1094.56,1092.37,1092.37,1092.37,115000
ICICIBANK-EQ_2024-04-04_11-55-00.png,2024-04-04_11-55-00,1072.15,1072.15,1069.85,1071.2,114169.0,1069.17,1072.96,1065.37,1077.62,1081.0,1077.45,1078.85,1092.37,1090.19,1090.19,1090.19,115500
ICICIBANK-EQ_2024-04-04_12-00-00.png,2024-04-04_12-00-00,1071.2,1071.75,1069.85,1070.7,98499.0,1069.27,1073.12,1065.42,1078.47,1079.5,1076.3,1077.82,1090.19,1092.37,1092.37,1092.37,120000
ICICIBANK-EQ_2024-04-04_12-05-00.png,2024-04-04_12-05-00,1070.7,1072.8,1069.85,1072.4,129075.0,1069.46,1073.54,1065.37,1077.75,1077.75,1075.0,1075.91,1092.37,1094.56,1094.56,1094.56,120500
ICICIBANK-EQ_2024-04-04_12-10-00.png,2024-04-04_12-10-00,1072.4,1073.15,1071.05,1073.1,203298.0,1069.71,1074.04,1065.39,1075.9,1075.9,1074.0,1075.24,1094.56,1096.75,1096.75,1096.75,121000
ICICIBANK-EQ_2024-04-04_12-15-00.png,2024-04-04_12-15-00,1073.1,1074.6,1072.65,1073.85,199188.0,1070.02,1074.61,1065.43,1075.55,1075.75,1072.2,1074.65,1096.75,1094.56,1094.56,1094.56,121500
ICICIBANK-EQ_2024-04-04_12-20-00.png,2024-04-04_12-20-00,1073.8,1075.5,1073.4,1074.75,181163.0,1070.4,1075.25,1065.54,1075.32,1076.8,1074.5,1075.76,1094.56,1096.75,1096.75,1096.75,122000
ICICIBANK-EQ_2024-04-04_12-25-00.png,2024-04-04_12-25-00,1074.75,1075.15,1074.05,1074.85,113078.0,1070.73,1075.85,1065.62,1075.88,1077.4,1075.45,1076.47,1096.75,1094.56,1094.56,1094.56,122500
ICICIBANK-EQ_2024-04-04_12-30-00.png,2024-04-04_12-30-00,1074.85,1075.65,1073.75,1073.9,206549.0,1071.18,1075.72,1066.63,1076.53,1077.5,1074.05,1075.8,1094.56,1096.75,1096.75,1096.75,123000
ICICIBANK-EQ_2024-04-04_12-35-00.png,2024-04-04_12-35-00,1073.9,1074.95,1070.6,1074.6,580773.0,1071.54,1075.94,1067.14,1075.82,1075.82,1073.35,1074.49,1096.75,1098.94,1098.94,1098.94,123500
ICICIBANK-EQ_2024-04-04_12-40-00.png,2024-04-04_12-40-00,1074.75,1078.0,1073.25,1078.0,402254.0,1072.06,1076.94,1067.18,1074.72,1075.95,1074.45,1075.09,1098.94,1101.13,1101.13,1101.13,124000
ICICIBANK-EQ_2024-04-04_12-45-00.png,2024-04-04_12-45-00,1078.0,1078.05,1076.25,1077.2,308720.0,1072.52,1077.52,1067.51,1074.97,1078.65,1074.97,1076.74,1101.13,1098.94,1098.94,1098.94,124500
ICICIBANK-EQ_2024-04-04_12-50-00.png,2024-04-04_12-50-00,1077.2,1077.4,1074.9,1075.7,337700.0,1072.71,1077.9,1067.52,1076.65,1078.1,1076.3,1077.45,1098.94,1101.13,1101.13,1101.13,125000
ICICIBANK-EQ_2024-04-04_12-55-00.png,2024-04-04_12-55-00,1075.25,1076.3,1073.1,1073.55,399583.0,1072.8,1077.98,1067.61,1077.7,1078.25,1076.55,1077.41,1101.13,1103.32,1103.32,1103.32,125500
ICICIBANK-EQ_2024-04-04_13-00-00.png,2024-04-04_13-00-00,1073.9,1075.55,1073.3,1074.25,266160.0,1073.0,1078.07,1067.94,1077.42,1078.55,1075.15,1077.09,1103.32,1105.51,1105.51,1105.51,130000
ICICIBANK-EQ_2024-04-04_13-05-00.png,2024-04-04_13-05-00,1074.0,1075.75,1073.75,1075.35,277304.0,1073.26,1078.24,1068.28,1077.32,1080.9,1076.5,1078.89,1105.51,1103.32,1103.32,1103.32,130500
ICICIBANK-EQ_2024-04-04_13-10-00.png,2024-04-04_13-10-00,1074.95,1075.7,1074.1,1075.1,189812.0,1073.55,1078.23,1068.88,1079.08,1081.4,1076.55,1079.26,1103.32,1105.51,1105.51,1105.51,131000
ICICIBANK-EQ_2024-04-04_13-15-00.png,2024-04-04_13-15-00,1075.1,1075.7,1074.6,1075.3,137532.0,1073.87,1078.06,1069.69,1079.55,1079.55,1076.2,1077.5,1105.51,1107.7,1107.7,1107.7,131500
ICICIBANK-EQ_2024-04-04_13-20-00.png,2024-04-04_13-20-00,1075.3,1077.55,1074.55,1076.95,263903.0,1074.22,1078.21,1070.23,1077.45,1078.3,1076.45,1077.3,1107.7,1109.89,1109.89,1109.89,132000
ICICIBANK-EQ_2024-04-04_13-25-00.png,2024-04-04_13-25-00,1076.95,1078.3,1075.5,1078.3,446010.0,1074.56,1078.72,1070.41,1077.22,1078.05,1075.7,1077.12,1109.89,1107.7,1107.7,1107.7,132500
ICICIBANK-EQ_2024-04-04_13-30-00.png,2024-04-04_13-30-00,1078.0,1081.0,1077.45,1078.95,442824.0,1074.9,1079.33,1070.47,1077.38,1079.95,1077.2,1078.39,1107.7,1109.89,1109.89,1109.89,133000
ICICIBANK-EQ_2024-04-04_13-35-00.png,2024-04-04_13-35-00,1078.9,1079.5,1076.3,1076.6,266294.0,1075.17,1079.3,1071.04,1078.2,1079.75,1078.05,1079.06,1109.89,1112.08,1112.08,1112.08,133500
ICICIBANK-EQ_2024-04-04_13-40-00.png,2024-04-04_13-40-00,1076.3,1076.85,1075.0,1075.5,198296.0,1075.41,1078.97,1071.85,1079.22,1081.9,1079.05,1080.39,1112.08,1109.89,1109.89,1109.89,134000
ICICIBANK-EQ_2024-04-04_13-45-00.png,2024-04-04_13-45-00,1075.6,1075.85,1074.0,1075.5,138900.0,1075.56,1078.83,1072.3,1080.3,1081.95,1080.1,1081.03,1109.89,1107.7,1107.7,1107.7,134500
ICICIBANK-EQ_2024-04-04_13-50-00.png,2024-04-04_13-50-00,1075.5,1075.75,1072.2,1075.15,137602.0,1075.67,1078.73,1072.61,1081.03,1081.5,1080.15,1080.79,1107.7,1109.89,1109.89,1109.89,135000
ICICIBANK-EQ_2024-04-04_13-55-00.png,2024-04-04_13-55-00,1075.4,1076.8,1074.5,1076.35,99460.0,1075.79,1078.74,1072.84,1080.75,1080.75,1067.45,1071.42,1109.89,1107.7,1107.7,1107.7,135500
ICICIBANK-EQ_2024-04-04_14-00-00.png,2024-04-04_14-00-00,1076.45,1077.4,1075.45,1076.6,136208.0,1075.88,1078.81,1072.96,1071.65,1073.4,1071.0,1072.34,1107.7,1109.89,1109.89,1109.89,140000
ICICIBANK-EQ_2024-04-04_14-05-00.png,2024-04-04_14-05-00,1077.0,1077.5,1074.05,1074.65,129922.0,1075.88,1078.82,1072.93,1072.47,1074.0,1069.8,1071.81,1109.89,1107.7,1107.7,1107.7,140500
ICICIBANK-EQ_2024-04-04_14-10-00.png,2024-04-04_14-10-00,1074.65,1075.15,1073.35,1074.8,262429.0,1075.92,1078.76,1073.08,1071.72,1073.0,1069.5,1071.08,1107.7,1109.89,1109.89,1109.89,141000
ICICIBANK-EQ_2024-04-04_14-15-00.png,2024-04-04_14-15-00,1074.8,1075.95,1074.45,1075.15,186883.0,1075.95,1078.75,1073.15,1070.9,1074.6,1069.7,1072.01,1109.89,1107.7,1107.7,1107.7,141500
ICICIBANK-EQ_2024-04-04_14-20-00.png,2024-04-04_14-20-00,1075.2,1078.65,1075.0,1078.1,358316.0,1075.95,1078.77,1073.14,1071.88,1075.45,1071.88,1073.7,1107.7,1105.51,1105.51,1105.51,142000
ICICIBANK-EQ_2024-04-04_14-25-00.png,2024-04-04_14-25-00,1078.0,1078.1,1076.3,1077.4,255104.0,1075.96,1078.8,1073.13,1073.38,1073.38,1069.0,1071.16,1105.51,1103.32,1103.32,1103.32,142500
ICICIBANK-EQ_2024-04-04_14-30-00.png,2024-04-04_14-30-00,1077.35,1078.25,1076.55,1077.5,206942.0,1076.05,1078.97,1073.14,1071.32,1071.55,1069.6,1070.49,1103.32,1105.51,1105.51,1105.51,143000
ICICIBANK-EQ_2024-04-04_14-35-00.png,2024-04-04_14-35-00,1077.4,1078.55,1075.15,1077.25,415173.0,1076.24,1078.94,1073.53,1070.4,1071.75,1070.05,1070.84,1105.51,1107.7,1107.7,1107.7,143500
ICICIBANK-EQ_2024-04-04_14-40-00.png,2024-04-04_14-40-00,1077.25,1080.9,1076.5,1080.9,562979.0,1076.57,1079.83,1073.31,1070.78,1071.95,1069.2,1070.95,1107.7,1105.51,1105.51,1105.51,144000
ICICIBANK-EQ_2024-04-04_14-45-00.png,2024-04-04_14-45-00,1081.05,1081.4,1076.55,1078.05,280625.0,1076.7,1079.97,1073.44,1071.32,1072.5,1069.0,1070.97,1105.51,1107.7,1107.7,1107.7,144500
ICICIBANK-EQ_2024-04-04_14-50-00.png,2024-04-04_14-50-00,1078.0,1078.9,1076.2,1076.9,288215.0,1076.8,1079.97,1073.62,1071.2,1071.8,1070.0,1070.61,1107.7,1109.89,1109.89,1109.89,145000
ICICIBANK-EQ_2024-04-04_14-55-00.png,2024-04-04_14-55-00,1076.9,1078.3,1076.45,1077.55,224555.0,1076.91,1080.02,1073.79,1070.32,1070.45,1069.1,1069.73,1109.89,1107.7,1107.7,1107.7,145500
ICICIBANK-EQ_2024-04-04_15-00-00.png,2024-04-04_15-00-00,1077.55,1078.05,1075.7,1077.2,1186548.0,1076.92,1080.04,1073.8,1069.68,1070.7,1069.0,1069.9,1107.7,1105.51,1105.51,1105.51,150000
ICICIBANK-EQ_2024-04-04_15-05-00.png,2024-04-04_15-05-00,1077.45,1079.95,1077.2,1078.95,520381.0,1076.95,1080.14,1073.76,1069.95,1071.05,1069.95,1070.54,1105.51,1103.32,1103.32,1103.32,150500
ICICIBANK-EQ_2024-04-04_15-10-00.png,2024-04-04_15-10-00,1078.9,1079.75,1078.05,1079.55,402413.0,1076.98,1080.26,1073.7,1070.55,1071.2,1069.25,1070.29,1103.32,1105.51,1105.51,1105.51,151000
ICICIBANK-EQ_2024-04-04_15-15-00.png,2024-04-04_15-15-00,1079.55,1081.9,1079.05,1081.05,403865.0,1077.2,1080.95,1073.46,1070.35,1070.9,1069.1,1070.16,1105.51,1107.7,1107.7,1107.7,151500
ICICIBANK-EQ_2024-04-04_15-20-00.png,2024-04-04_15-20-00,1081.1,1081.95,1080.1,1080.95,350100.0,1077.48,1081.48,1073.47,1070.32,1071.2,1069.5,1070.38,1107.7,1109.89,1109.89,1109.89,152000
ICICIBANK-EQ_2024-04-04_15-25-00.png,2024-04-04_15-25-00,1080.95,1081.5,1080.15,1080.55,342073.0,1077.73,1081.84,1073.62,1070.4,1070.85,1069.95,1070.41,1109.89,1107.7,1107.7,1107.7,152500
ICICIBANK-EQ_2024-04-05_09-15-00.png,2024-04-05_09-15-00,1070.0,1074.95,1067.45,1073.3,1082087.0,1077.64,1082.07,1073.21,1070.42,1072.0,1070.42,1071.19,1107.7,1105.51,1105.51,1105.51,91500
ICICIBANK-EQ_2024-04-05_09-20-00.png,2024-04-05_09-20-00,1073.1,1073.4,1071.0,1071.85,599669.0,1077.41,1082.52,1072.3,1071.1,1071.55,1071.0,1071.35,1105.51,1107.7,1107.7,1107.7,92000
ICICIBANK-EQ_2024-04-05_09-25-00.png,2024-04-05_09-25-00,1071.7,1074.0,1069.8,1071.75,481488.0,1077.17,1082.87,1071.47,1071.43,1071.55,1069.65,1070.75,1107.7,1109.89,1109.89,1109.89,92500
ICICIBANK-EQ_2024-04-05_09-30-00.png,2024-04-05_09-30-00,1071.8,1073.0,1069.5,1070.0,255801.0,1076.94,1083.4,1070.48,1070.9,1071.9,1070.1,1070.98,1109.89,1112.08,1112.08,1112.08,93000
ICICIBANK-EQ_2024-04-05_09-35-00.png,2024-04-05_09-35-00,1070.0,1074.6,1069.7,1073.75,408328.0,1076.88,1083.43,1070.34,1070.95,1073.9,1070.95,1072.25,1112.08,1109.89,1109.89,1109.89,93500
ICICIBANK-EQ_2024-04-05_09-40-00.png,2024-04-05_09-40-00,1073.9,1075.45,1072.6,1072.85,89522.0,1076.77,1083.53,1070.01,1071.93,1073.15,1071.65,1072.53,1109.89,1112.08,1112.08,1112.08,94000
ICICIBANK-EQ_2024-04-05_09-45-00.png,2024-04-05_09-45-00,1072.85,1073.0,1069.0,1069.8,723525.0,1076.36,1083.76,1068.95,1072.65,1073.0,1069.5,1071.41,1112.08,1109.89,1109.89,1109.89,94500
ICICIBANK-EQ_2024-04-05_09-50-00.png,2024-04-05_09-50-00,1069.8,1071.55,1069.6,1071.0,156639.0,1076.03,1083.79,1068.28,1071.58,1071.58,1069.65,1070.59,1109.89,1107.7,1107.7,1107.7,95000
ICICIBANK-EQ_2024-04-05_09-55-00.png,2024-04-05_09-55-00,1070.85,1071.75,1070.05,1070.7,165930.0,1075.7,1083.77,1067.62,1070.65,1072.35,1070.65,1071.46,1107.7,1109.89,1109.89,1109.89,95500
ICICIBANK-EQ_2024-04-05_10-00-00.png,2024-04-05_10-00-00,1070.7,1071.95,1069.2,1071.95,131761.0,1075.43,1083.64,1067.22,1071.38,1072.5,1071.3,1071.95,1109.89,1107.7,1107.7,1107.7,100000
ICICIBANK-EQ_2024-04-05_10-05-00.png,2024-04-05_10-05-00,1071.9,1072.5,1069.0,1070.5,179515.0,1074.91,1082.97,1066.85,1072.0,1072.2,1071.3,1071.8,1107.7,1109.89,1109.89,1109.89,100500
ICICIBANK-EQ_2024-04-05_10-10-00.png,2024-04-05_10-10-00,1070.5,1071.8,1070.0,1070.15,235448.0,1074.52,1082.7,1066.33,1071.85,1072.3,1071.3,1071.78,1109.89,1107.7,1107.7,1107.7,101000
ICICIBANK-EQ_2024-04-05_10-15-00.png,2024-04-05_10-15-00,1070.15,1070.45,1069.1,1069.2,81257.0,1074.13,1082.57,1065.69,1071.75,1073.1,1071.75,1072.51,1107.7,1109.89,1109.89,1109.89,101500
ICICIBANK-EQ_2024-04-05_10-20-00.png,2024-04-05_10-20-00,1069.55,1070.7,1069.0,1070.35,676814.0,1073.77,1082.21,1065.33,1072.6,1074.4,1072.6,1073.39,1109.89,1112.08,1112.08,1112.08,102000
ICICIBANK-EQ_2024-04-05_10-25-00.png,2024-04-05_10-25-00,1070.35,1071.05,1070.0,1070.75,54254.0,1073.45,1081.83,1065.07,1073.1,1073.7,1073.0,1073.39,1112.08,1109.89,1109.89,1109.89,102500
ICICIBANK-EQ_2024-04-05_10-30-00.png,2024-04-05_10-30-00,1070.8,1071.2,1069.25,1069.9,88230.0,1072.99,1081.09,1064.9,1073.43,1074.25,1072.65,1073.44,1109.89,1112.08,1112.08,1112.08,103000
ICICIBANK-EQ_2024-04-05_10-35-00.png,2024-04-05_10-35-00,1069.95,1070.9,1069.1,1070.7,994174.0,1072.55,1080.09,1065.01,1073.43,1075.3,1073.43,1074.24,1112.08,1114.27,1114.27,1114.27,103500
ICICIBANK-EQ_2024-04-05_10-40-00.png,2024-04-05_10-40-00,1070.7,1071.2,1069.5,1070.1,29042.0,1072.0,1078.46,1065.55,1074.0,1074.65,1073.65,1074.09,1114.27,1112.08,1112.08,1112.08,104000
ICICIBANK-EQ_2024-04-05_10-45-00.png,2024-04-05_10-45-00,1070.0,1070.85,1069.95,1070.85,17624.0,1071.5,1076.4,1066.6,1074.03,1074.5,1072.7,1073.65,1112.08,1114.27,1114.27,1114.27,104500
ICICIBANK-EQ_2024-04-05_10-50-00.png,2024-04-05_10-50-00,1070.8,1072.0,1070.55,1071.4,52819.0,1071.04,1073.47,1068.62,1073.7,1074.1,1072.35,1073.18,1114.27,1112.08,1112.08,1112.08,105000
ICICIBANK-EQ_2024-04-05_10-55-00.png,2024-04-05_10-55-00,1071.45,1071.55,1071.0,1071.4,76838.0,1070.95,1073.14,1068.76,1073.12,1073.12,1071.55,1072.24,1112.08,1109.89,1109.89,1109.89,105500
ICICIBANK-EQ_2024-04-05_11-00-00.png,2024-04-05_11-00-00,1071.45,1071.55,1069.65,1070.35,60259.0,1070.87,1073.04,1068.71,1072.32,1072.85,1071.5,1072.14,1109.89,1112.08,1112.08,1112.08,110000
ICICIBANK-EQ_2024-04-05_11-05-00.png,2024-04-05_11-05-00,1070.2,1071.9,1070.1,1071.7,545790.0,1070.87,1073.03,1068.71,1072.1,1073.95,1071.45,1072.34,1112.08,1109.89,1109.89,1109.89,110500
ICICIBANK-EQ_2024-04-05_11-10-00.png,2024-04-05_11-10-00,1071.45,1073.9,1071.25,1072.4,186599.0,1070.99,1073.21,1068.77,1071.97,1072.5,1071.75,1072.14,1109.89,1112.08,1112.08,1112.08,111000
ICICIBANK-EQ_2024-04-05_11-15-00.png,2024-04-05_11-15-00,1072.4,1073.15,1071.65,1072.9,262487.0,1070.95,1072.97,1068.92,1072.15,1072.95,1071.5,1072.06,1112.08,1114.27,1114.27,1114.27,111500
ICICIBANK-EQ_2024-04-05_11-20-00.png,2024-04-05_11-20-00,1072.9,1073.0,1069.5,1070.25,295233.0,1070.82,1072.65,1068.98,1071.9,1072.5,1071.9,1072.15,1114.27,1116.46,1116.46,1116.46,112000
ICICIBANK-EQ_2024-04-05_11-25-00.png,2024-04-05_11-25-00,1070.25,1071.4,1069.65,1071.05,1150016.0,1070.88,1072.65,1069.11,1072.05,1072.5,1072.0,1072.22,1116.46,1114.27,1114.27,1114.27,112500
ICICIBANK-EQ_2024-04-05_11-30-00.png,2024-04-05_11-30-00,1070.85,1072.35,1070.75,1071.9,28272.0,1070.92,1072.75,1069.1,1072.2,1073.95,1072.2,1073.19,1114.27,1116.46,1116.46,1116.46,113000
ICICIBANK-EQ_2024-04-05_11-35-00.png,2024-04-05_11-35-00,1071.9,1072.5,1071.3,1072.1,20889.0,1071.0,1072.89,1069.1,1073.2,1074.5,1072.95,1073.66,1116.46,1118.65,1118.65,1118.65,113500
ICICIBANK-EQ_2024-04-05_11-40-00.png,2024-04-05_11-40-00,1072.1,1072.2,1071.3,1071.6,20153.0,1070.98,1072.85,1069.11,1073.6,1075.5,1072.35,1074.0,1118.65,1120.84,1120.84,1120.84,114000
ICICIBANK-EQ_2024-04-05_11-45-00.png,2024-04-05_11-45-00,1071.35,1072.3,1071.3,1072.15,24456.0,1071.06,1072.98,1069.14,1074.08,1076.9,1074.08,1075.28,1120.84,1118.65,1118.65,1118.65,114500
ICICIBANK-EQ_2024-04-05_11-50-00.png,2024-04-05_11-50-00,1072.15,1073.1,1071.75,1073.05,50579.0,1071.21,1073.27,1069.14,1074.88,1075.9,1074.3,1074.98,1118.65,1120.84,1120.84,1120.84,115000
ICICIBANK-EQ_2024-04-05_11-55-00.png,2024-04-05_11-55-00,1073.05,1074.4,1072.95,1073.15,368251.0,1071.4,1073.42,1069.39,1074.85,1075.2,1074.35,1074.76,1120.84,1123.02,1123.02,1123.02,115500
ICICIBANK-EQ_2024-04-05_12-00-00.png,2024-04-05_12-00-00,1073.45,1073.7,1073.0,1073.4,26885.0,1071.55,1073.69,1069.42,1074.75,1075.2,1074.1,1074.64,1123.02,1125.21,1125.21,1125.21,120000
ICICIBANK-EQ_2024-04-05_12-05-00.png,2024-04-05_12-05-00,1073.15,1074.25,1072.65,1073.7,55797.0,1071.7,1074.01,1069.4,1074.62,1076.0,1074.0,1074.84,1125.21,1123.02,1123.02,1123.02,120500
ICICIBANK-EQ_2024-04-05_12-10-00.png,2024-04-05_12-10-00,1073.7,1075.3,1073.65,1074.3,272102.0,1071.92,1074.34,1069.51,1074.68,1075.9,1074.5,1075.15,1123.02,1120.84,1120.84,1120.84,121000
ICICIBANK-EQ_2024-04-05_12-15-00.png,2024-04-05_12-15-00,1074.3,1074.65,1073.65,1073.75,40879.0,1072.08,1074.55,1069.6,1075.1,1075.15,1074.1,1074.68,1120.84,1118.65,1118.65,1118.65,121500
ICICIBANK-EQ_2024-04-05_12-20-00.png,2024-04-05_12-20-00,1073.6,1074.5,1072.7,1073.8,44642.0,1072.26,1074.67,1069.85,1074.72,1075.25,1074.5,1074.75,1118.65,1120.84,1120.84,1120.84,122000
ICICIBANK-EQ_2024-04-05_12-25-00.png,2024-04-05_12-25-00,1073.9,1074.1,1072.35,1072.35,37768.0,1072.34,1074.65,1070.02,1074.62,1077.0,1074.5,1075.41,1120.84,1123.02,1123.02,1123.02,122500
ICICIBANK-EQ_2024-04-05_12-30-00.png,2024-04-05_12-30-00,1072.35,1072.75,1071.55,1072.3,32839.0,1072.38,1074.65,1070.11,1075.08,1076.5,1074.55,1075.41,1123.02,1125.21,1125.21,1125.21,123000
ICICIBANK-EQ_2024-04-05_12-35-00.png,2024-04-05_12-35-00,1072.3,1072.85,1071.5,1071.9,45888.0,1072.41,1074.64,1070.17,1075.3,1075.3,1073.65,1074.39,1125.21,1123.02,1123.02,1123.02,123500
ICICIBANK-EQ_2024-04-05_12-40-00.png,2024-04-05_12-40-00,1071.5,1073.95,1071.45,1072.45,278819.0,1072.51,1074.53,1070.49,1074.45,1075.2,1073.6,1074.39,1123.02,1120.84,1120.84,1120.84,124000
ICICIBANK-EQ_2024-04-05_12-45-00.png,2024-04-05_12-45-00,1072.45,1072.5,1071.75,1071.85,31776.0,1072.52,1074.52,1070.51,1074.38,1075.45,1074.0,1074.78,1120.84,1118.65,1118.65,1118.65,124500
ICICIBANK-EQ_2024-04-05_12-50-00.png,2024-04-05_12-50-00,1071.75,1072.95,1071.5,1072.05,37223.0,1072.5,1074.52,1070.48,1074.82,1079.8,1074.15,1077.09,1118.65,1116.46,1116.46,1116.46,125000
ICICIBANK-EQ_2024-04-05_12-55-00.png,2024-04-05_12-55-00,1072.05,1072.5,1072.0,1072.05,18036.0,1072.46,1074.47,1070.44,1077.2,1082.8,1077.2,1080.82,1116.46,1114.27,1114.27,1114.27,125500
ICICIBANK-EQ_2024-04-05_13-00-00.png,2024-04-05_13-00-00,1072.05,1072.5,1072.0,1072.35,34401.0,1072.56,1074.29,1070.83,1080.53,1081.7,1078.0,1079.75,1114.27,1112.08,1112.08,1112.08,130000
ICICIBANK-EQ_2024-04-05_13-05-00.png,2024-04-05_13-05-00,1072.45,1073.95,1072.4,1073.95,251060.0,1072.71,1074.39,1071.03,1079.65,1079.65,1076.75,1077.85,1112.08,1109.89,1109.89,1109.89,130500
ICICIBANK-EQ_2024-04-05_13-10-00.png,2024-04-05_13-10-00,1073.95,1074.5,1072.95,1073.25,86199.0,1072.78,1074.43,1071.12,1077.85,1078.5,1077.2,1077.74,1109.89,1112.08,1112.08,1112.08,131000
ICICIBANK-EQ_2024-04-05_13-15-00.png,2024-04-05_13-15-00,1073.25,1075.5,1072.35,1074.9,115587.0,1072.92,1074.79,1071.04,1077.62,1077.85,1076.55,1077.15,1112.08,1109.89,1109.89,1109.89,131500
ICICIBANK-EQ_2024-04-05_13-20-00.png,2024-04-05_13-20-00,1074.75,1076.9,1074.45,1075.0,163993.0,1073.08,1075.07,1071.1,1077.1,1080.15,1076.2,1078.28,1109.89,1107.7,1107.7,1107.7,132000
ICICIBANK-EQ_2024-04-05_13-25-00.png,2024-04-05_13-25-00,1074.9,1075.9,1074.3,1074.8,35923.0,1073.22,1075.29,1071.14,1078.38,1082.5,1078.38,1081.04,1107.7,1105.51,1105.51,1105.51,132500
ICICIBANK-EQ_2024-04-05_13-30-00.png,2024-04-05_13-30-00,1074.6,1075.2,1074.35,1074.9,22899.0,1073.31,1075.51,1071.11,1080.78,1083.7,1080.78,1082.45,1105.51,1107.7,1107.7,1107.7,133000
ICICIBANK-EQ_2024-04-05_13-35-00.png,2024-04-05_13-35-00,1074.9,1075.2,1074.1,1074.35,42984.0,1073.37,1075.62,1071.12,1082.45,1085.95,1081.9,1083.88,1107.7,1105.51,1105.51,1105.51,133500
ICICIBANK-EQ_2024-04-05_13-40-00.png,2024-04-05_13-40-00,1074.15,1076.0,1074.0,1075.2,65350.0,1073.46,1075.85,1071.07,1083.82,1085.0,1082.9,1084.06,1105.51,1107.7,1107.7,1107.7,134000
ICICIBANK-EQ_2024-04-05_13-45-00.png,2024-04-05_13-45-00,1075.15,1075.9,1074.5,1075.05,24037.0,1073.53,1076.02,1071.03,1084.18,1085.5,1082.95,1084.45,1107.7,1109.89,1109.89,1109.89,134500
ICICIBANK-EQ_2024-04-05_13-50-00.png,2024-04-05_13-50-00,1074.75,1075.15,1074.1,1074.7,40773.0,1073.55,1076.08,1071.02,1084.68,1086.0,1084.0,1084.8,1109.89,1107.7,1107.7,1107.7,135000
ICICIBANK-EQ_2024-04-05_13-55-00.png,2024-04-05_13-55-00,1074.7,1075.25,1074.5,1074.55,42615.0,1073.59,1076.15,1071.02,1084.6,1084.6,1076.3,1079.98,1107.7,1109.89,1109.89,1109.89,135500
ICICIBANK-EQ_2024-04-05_14-00-00.png,2024-04-05_14-00-00,1074.5,1077.0,1074.5,1075.65,254103.0,1073.68,1076.41,1070.95,1079.82,1086.3,1079.82,1083.42,1109.89,1112.08,1112.08,1112.08,140000
ICICIBANK-EQ_2024-04-05_14-05-00.png,2024-04-05_14-05-00,1075.85,1076.5,1074.55,1074.75,193242.0,1073.8,1076.49,1071.11,1083.4,1085.65,1083.4,1084.82,1112.08,1114.27,1114.27,1114.27,140500
ICICIBANK-EQ_2024-04-05_14-10-00.png,2024-04-05_14-10-00,1074.75,1075.0,1073.65,1074.15,71194.0,1073.89,1076.49,1071.29,1084.97,1087.95,1083.75,1085.75,1114.27,1116.46,1116.46,1116.46,141000
ICICIBANK-EQ_2024-04-05_14-15-00.png,2024-04-05_14-15-00,1073.7,1075.2,1073.6,1075.05,85901.0,1074.05,1076.52,1071.58,1085.65,1087.95,1085.65,1087.25,1116.46,1114.27,1114.27,1114.27,141500
ICICIBANK-EQ_2024-04-05_14-20-00.png,2024-04-05_14-20-00,1074.8,1075.45,1074.0,1074.85,99894.0,1074.17,1076.54,1071.8,1087.22,1088.45,1086.5,1087.38,1114.27,1112.08,1112.08,1112.08,142000
ICICIBANK-EQ_2024-04-05_14-25-00.png,2024-04-05_14-25-00,1074.8,1079.8,1074.15,1079.6,451829.0,1074.56,1077.73,1071.38,1087.28,1087.7,1086.0,1086.66,1112.08,1114.27,1114.27,1114.27,142500
ICICIBANK-EQ_2024-04-05_14-30-00.png,2024-04-05_14-30-00,1079.6,1082.8,1079.45,1081.45,274480.0,1075.03,1079.25,1070.81,1086.47,1086.7,1084.55,1085.51,1114.27,1112.08,1112.08,1112.08,143000
ICICIBANK-EQ_2024-04-05_14-35-00.png,2024-04-05_14-35-00,1081.05,1081.7,1078.0,1078.25,101677.0,1075.34,1079.55,1071.13,1085.4,1085.4,1082.55,1083.94,1112.08,1109.89,1109.89,1109.89,143500
ICICIBANK-EQ_2024-04-05_14-40-00.png,2024-04-05_14-40-00,1078.0,1078.95,1076.75,1077.7,164829.0,1075.6,1079.7,1071.51,1084.1,1085.4,1083.3,1084.1,1109.89,1107.7,1107.7,1107.7,144000
ICICIBANK-EQ_2024-04-05_14-45-00.png,2024-04-05_14-45-00,1077.7,1078.5,1077.2,1077.55,140705.0,1075.79,1079.89,1071.68,1083.85,1084.35,1083.25,1083.89,1107.7,1105.51,1105.51,1105.51,144500
ICICIBANK-EQ_2024-04-05_14-50-00.png,2024-04-05_14-50-00,1077.45,1077.85,1076.55,1076.75,111059.0,1075.96,1079.9,1072.02,1083.97,1086.0,1083.75,1084.76,1105.51,1107.7,1107.7,1107.7,145000
ICICIBANK-EQ_2024-04-05_14-55-00.png,2024-04-05_14-55-00,1076.6,1080.15,1076.2,1080.15,303139.0,1076.22,1080.55,1071.9,1084.65,1086.0,1084.4,1085.15,1107.7,1109.89,1109.89,1109.89,145500
ICICIBANK-EQ_2024-04-05_15-00-00.png,2024-04-05_15-00-00,1080.25,1082.5,1080.1,1081.3,279486.0,1076.54,1081.37,1071.7,1085.1,1085.1,1083.5,1084.19,1109.89,1107.7,1107.7,1107.7,150000
ICICIBANK-EQ_2024-04-05_15-05-00.png,2024-04-05_15-05-00,1081.3,1083.7,1081.2,1083.6,305294.0,1076.98,1082.67,1071.28,1084.22,1085.45,1083.5,1084.25,1107.7,1109.89,1109.89,1109.89,150500
ICICIBANK-EQ_2024-04-05_15-10-00.png,2024-04-05_15-10-00,1083.55,1085.95,1081.9,1084.1,373638.0,1077.44,1083.87,1071.01,1084.03,1084.6,1083.7,1084.26,1109.89,1107.7,1107.7,1107.7,151000
ICICIBANK-EQ_2024-04-05_15-15-00.png,2024-04-05_15-15-00,1084.05,1085.0,1082.9,1084.3,274329.0,1077.94,1084.88,1070.99,1084.38,1085.65,1084.38,1084.95,1107.7,1109.89,1109.89,1109.89,151500
ICICIBANK-EQ_2024-04-05_15-20-00.png,2024-04-05_15-20-00,1084.15,1085.5,1082.95,1085.2,196347.0,1078.44,1085.96,1070.91,1084.8,1085.1,1084.1,1084.62,1109.89,1107.7,1107.7,1107.7,152000
ICICIBANK-EQ_2024-04-05_15-25-00.png,2024-04-05_15-25-00,1085.2,1086.0,1084.0,1084.0,152958.0,1078.88,1086.62,1071.14,1084.65,1084.65,1082.6,1083.56,1107.7,1109.89,1109.89,1109.89,152500
ICICIBANK-EQ_2024-04-08_09-15-00.png,2024-04-08_09-15-00,1078.35,1083.95,1076.3,1081.3,389941.0,1079.21,1086.76,1071.66,1083.62,1083.8,1083.0,1083.28,1109.89,1107.7,1107.7,1107.7,91500
ICICIBANK-EQ_2024-04-08_09-20-00.png,2024-04-08_09-20-00,1081.3,1086.3,1080.6,1085.5,215307.0,1079.76,1087.47,1072.05,1083.15,1084.55,1083.15,1083.86,1107.7,1109.89,1109.89,1109.89,92000
ICICIBANK-EQ_2024-04-08_09-25-00.png,2024-04-08_09-25-00,1085.5,1085.65,1083.7,1084.45,93353.0,1080.2,1087.93,1072.47,1083.8,1085.5,1083.8,1084.68,1109.89,1107.7,1107.7,1107.7,92500
ICICIBANK-EQ_2024-04-08_09-30-00.png,2024-04-08_09-30-00,1084.45,1087.95,1083.75,1086.85,126131.0,1080.8,1088.63,1072.98,1084.58,1085.05,1084.25,1084.64,1107.7,1109.89,1109.89,1109.89,93000
ICICIBANK-EQ_2024-04-08_09-35-00.png,2024-04-08_09-35-00,1086.85,1087.95,1086.6,1087.6,106565.0,1081.48,1089.21,1073.75,1084.62,1084.62,1083.85,1084.26,1109.89,1112.08,1112.08,1112.08,93500
ICICIBANK-EQ_2024-04-08_09-40-00.png,2024-04-08_09-40-00,1087.6,1088.45,1086.5,1086.95,104812.0,1082.07,1089.55,1074.6,1084.38,1084.9,1084.0,1084.51,1112.08,1114.27,1114.27,1114.27,94000
ICICIBANK-EQ_2024-04-08_09-45-00.png,2024-04-08_09-45-00,1086.95,1087.7,1086.0,1086.0,89768.0,1082.63,1089.48,1075.78,1084.58,1085.7,1084.55,1085.08,1114.27,1112.08,1112.08,1112.08,94500
ICICIBANK-EQ_2024-04-08_09-50-00.png,2024-04-08_09-50-00,1086.15,1086.7,1084.55,1084.65,68438.0,1082.88,1089.63,1076.14,1085.03,1085.65,1084.45,1085.1,1112.08,1114.27,1114.27,1114.27,95000
ICICIBANK-EQ_2024-04-08_09-55-00.png,2024-04-08_09-55-00,1084.65,1085.0,1082.55,1083.55,107965.0,1082.99,1089.71,1076.27,1085.15,1085.25,1084.75,1084.94,1114.27,1112.08,1112.08,1112.08,95500
ICICIBANK-EQ_2024-04-08_10-00-00.png,2024-04-08_10-00-00,1083.6,1085.4,1083.3,1084.1,53869.0,1083.28,1089.63,1076.93,1084.88,1086.25,1084.8,1085.35,1112.08,1109.89,1109.89,1109.89,100000
ICICIBANK-EQ_2024-04-08_10-05-00.png,2024-04-08_10-05-00,1084.1,1084.35,1083.25,1083.85,44680.0,1083.59,1089.37,1077.81,1085.18,1085.6,1085.0,1085.34,1109.89,1107.7,1107.7,1107.7,100500
ICICIBANK-EQ_2024-04-08_10-10-00.png,2024-04-08_10-10-00,1083.85,1086.0,1083.75,1085.45,103443.0,1083.98,1089.06,1078.9,1085.38,1085.5,1085.1,1085.36,1107.7,1105.51,1105.51,1105.51,101000
ICICIBANK-EQ_2024-04-08_10-15-00.png,2024-04-08_10-15-00,1085.6,1086.0,1084.4,1084.6,73777.0,1084.38,1088.15,1080.6,1085.43,1087.65,1085.3,1086.3,1105.51,1103.32,1103.32,1103.32,101500
ICICIBANK-EQ_2024-04-08_10-20-00.png,2024-04-08_10-20-00,1084.8,1084.8,1083.5,1083.65,59276.0,1084.55,1087.79,1081.31,1086.12,1086.9,1085.7,1086.44,1103.32,1105.51,1105.51,1105.51,102000
ICICIBANK-EQ_2024-04-08_10-25-00.png,2024-04-08_10-25-00,1083.6,1085.45,1083.5,1084.45,161042.0,1084.71,1087.56,1081.85,1086.57,1086.57,1085.5,1085.95,1105.51,1107.7,1107.7,1107.7,102500
ICICIBANK-EQ_2024-04-08_10-30-00.png,2024-04-08_10-30-00,1084.2,1084.6,1083.7,1084.55,45007.0,1084.76,1087.56,1081.95,1085.92,1086.2,1085.2,1085.6,1107.7,1109.89,1109.89,1109.89,103000
ICICIBANK-EQ_2024-04-08_10-35-00.png,2024-04-08_10-35-00,1084.55,1085.65,1084.55,1085.05,35070.0,1084.8,1087.59,1082.01,1085.5,1086.0,1085.25,1085.71,1109.89,1107.7,1107.7,1107.7,103500
ICICIBANK-EQ_2024-04-08_10-40-00.png,2024-04-08_10-40-00,1085.05,1085.1,1084.1,1084.25,54700.0,1084.8,1087.59,1082.01,1085.8,1087.7,1085.8,1086.8,1107.7,1105.51,1105.51,1105.51,104000
ICICIBANK-EQ_2024-04-08_10-45-00.png,2024-04-08_10-45-00,1084.25,1084.4,1082.6,1083.0,65046.0,1084.69,1087.59,1081.79,1086.82,1087.7,1086.82,1087.38,1105.51,1107.7,1107.7,1107.7,104500
ICICIBANK-EQ_2024-04-08_10-50-00.png,2024-04-08_10-50-00,1083.0,1083.8,1083.0,1083.3,72459.0,1084.66,1087.61,1081.7,1087.43,1087.43,1085.45,1086.54,1107.7,1109.89,1109.89,1109.89,105000
ICICIBANK-EQ_2024-04-08_10-55-00.png,2024-04-08_10-55-00,1083.35,1084.55,1083.3,1084.25,52977.0,1084.8,1087.31,1082.3,1086.75,1087.7,1086.0,1086.94,1109.89,1107.7,1107.7,1107.7,105500
ICICIBANK-EQ_2024-04-08_11-00-00.png,2024-04-08_11-00-00,1084.25,1085.5,1084.05,1084.9,53530.0,1084.77,1087.26,1082.29,1087.03,1089.9,1087.03,1088.69,1107.7,1109.89,1109.89,1109.89,110000
ICICIBANK-EQ_2024-04-08_11-05-00.png,2024-04-08_11-05-00,1084.9,1085.05,1084.25,1084.35,29516.0,1084.77,1087.26,1082.28,1088.75,1089.95,1088.6,1089.44,1109.89,1112.08,1112.08,1112.08,110500
ICICIBANK-EQ_2024-04-08_11-10-00.png,2024-04-08_11-10-00,1084.35,1084.45,1083.85,1084.4,36287.0,1084.64,1086.93,1082.36,1089.6,1089.6,1088.65,1089.15,1112.08,1114.27,1114.27,1114.27,111000
ICICIBANK-EQ_2024-04-08_11-15-00.png,2024-04-08_11-15-00,1084.4,1084.9,1084.0,1084.75,56441.0,1084.5,1086.32,1082.68,1089.22,1090.85,1089.0,1089.94,1114.27,1116.46,1116.46,1116.46,111500
ICICIBANK-EQ_2024-04-08_11-20-00.png,2024-04-08_11-20-00,1084.75,1085.7,1084.55,1085.3,69882.0,1084.42,1085.89,1082.95,1089.95,1090.85,1089.6,1090.19,1116.46,1118.65,1118.65,1118.65,112000
ICICIBANK-EQ_2024-04-08_11-25-00.png,2024-04-08_11-25-00,1085.3,1085.65,1084.45,1085.0,78292.0,1084.37,1085.67,1083.07,1090.15,1091.75,1089.35,1090.4,1118.65,1116.46,1116.46,1116.46,112500
ICICIBANK-EQ_2024-04-08_11-30-00.png,2024-04-08_11-30-00,1084.75,1085.25,1084.75,1085.0,39229.0,1084.39,1085.72,1083.06,1090.25,1090.85,1089.5,1090.09,1116.46,1114.27,1114.27,1114.27,113000
ICICIBANK-EQ_2024-04-08_11-35-00.png,2024-04-08_11-35-00,1085.05,1086.25,1084.8,1085.3,64786.0,1084.47,1085.8,1083.15,1090.0,1090.0,1088.35,1089.06,1114.27,1112.08,1112.08,1112.08,113500
ICICIBANK-EQ_2024-04-08_11-40-00.png,2024-04-08_11-40-00,1085.3,1085.6,1085.0,1085.45,29295.0,1084.54,1085.93,1083.16,1089.12,1089.9,1087.9,1089.06,1112.08,1114.27,1114.27,1114.27,114000
ICICIBANK-EQ_2024-04-08_11-45-00.png,2024-04-08_11-45-00,1085.45,1085.5,1085.1,1085.4,29471.0,1084.62,1086.01,1083.23,1089.22,1090.0,1089.1,1089.49,1114.27,1116.46,1116.46,1116.46,114500
ICICIBANK-EQ_2024-04-08_11-50-00.png,2024-04-08_11-50-00,1085.4,1087.65,1085.3,1086.85,128600.0,1084.69,1086.37,1083.01,1089.43,1089.7,1086.3,1087.97,1116.46,1118.65,1118.65,1118.65,115000
ICICIBANK-EQ_2024-04-08_11-55-00.png,2024-04-08_11-55-00,1086.85,1086.9,1085.7,1086.3,52040.0,1084.78,1086.6,1082.95,1087.95,1088.45,1086.7,1087.41,1118.65,1116.46,1116.46,1116.46,115500
ICICIBANK-EQ_2024-04-08_12-00-00.png,2024-04-08_12-00-00,1086.3,1086.45,1085.5,1085.55,29176.0,1084.87,1086.65,1083.09,1087.25,1088.4,1087.0,1087.68,1116.46,1114.27,1114.27,1114.27,120000
ICICIBANK-EQ_2024-04-08_12-05-00.png,2024-04-08_12-05-00,1085.4,1086.2,1085.2,1085.6,27390.0,1084.93,1086.72,1083.13,1087.65,1087.7,1086.35,1087.05,1114.27,1112.08,1112.08,1112.08,120500
ICICIBANK-EQ_2024-04-08_12-10-00.png,2024-04-08_12-10-00,1085.6,1086.0,1085.25,1086.0,30260.0,1085.0,1086.85,1083.15,1087.07,1087.07,1085.25,1086.2,1112.08,1109.89,1109.89,1109.89,121000
ICICIBANK-EQ_2024-04-08_12-15-00.png,2024-04-08_12-15-00,1085.95,1087.7,1085.85,1087.7,59695.0,1085.13,1087.34,1082.93,1086.43,1086.43,1085.25,1085.9,1109.89,1112.08,1112.08,1112.08,121500
ICICIBANK-EQ_2024-04-08_12-20-00.png,2024-04-08_12-20-00,1087.7,1087.7,1086.95,1087.15,31787.0,1085.28,1087.62,1082.94,1086.08,1086.2,1085.0,1085.71,1112.08,1114.27,1114.27,1114.27,122000
ICICIBANK-EQ_2024-04-08_12-25-00.png,2024-04-08_12-25-00,1087.15,1087.2,1085.45,1086.35,127462.0,1085.44,1087.57,1083.32,1085.82,1085.82,1085.2,1085.44,1114.27,1116.46,1116.46,1116.46,122500
ICICIBANK-EQ_2024-04-08_12-30-00.png,2024-04-08_12-30-00,1086.35,1087.7,1086.0,1087.7,83479.0,1085.66,1087.76,1083.57,1085.42,1087.45,1085.25,1085.88,1116.46,1118.65,1118.65,1118.65,123000
ICICIBANK-EQ_2024-04-08_12-35-00.png,2024-04-08_12-35-00,1087.7,1089.9,1087.35,1089.8,122160.0,1085.94,1088.64,1083.25,1085.4,1087.35,1085.4,1086.36,1118.65,1120.84,1120.84,1120.84,123500
ICICIBANK-EQ_2024-04-08_12-40-00.png,2024-04-08_12-40-00,1089.75,1089.95,1088.6,1089.45,62064.0,1086.17,1089.24,1083.1,1086.35,1087.9,1086.35,1087.24,1120.84,1123.02,1123.02,1123.02,124000
ICICIBANK-EQ_2024-04-08_12-45-00.png,2024-04-08_12-45-00,1089.45,1089.5,1088.65,1089.0,35697.0,1086.4,1089.59,1083.21,1087.1,1087.55,1086.9,1087.12,1123.02,1125.21,1125.21,1125.21,124500
ICICIBANK-EQ_2024-04-08_12-50-00.png,2024-04-08_12-50-00,1089.1,1090.85,1089.0,1090.8,126694.0,1086.72,1090.32,1083.12,1087.03,1088.05,1086.1,1086.84,1125.21,1123.02,1123.02,1123.02,125000
ICICIBANK-EQ_2024-04-08_12-55-00.png,2024-04-08_12-55-00,1090.55,1090.85,1089.6,1089.75,58039.0,1086.97,1090.69,1083.26,1086.6,1088.05,1086.05,1087.05,1123.02,1120.84,1120.84,1120.84,125500
ICICIBANK-EQ_2024-04-08_13-00-00.png,2024-04-08_13-00-00,1089.75,1091.75,1089.35,1090.75,153073.0,1087.24,1091.23,1083.26,1087.05,1088.2,1087.05,1087.95,1120.84,1118.65,1118.65,1118.65,130000
ICICIBANK-EQ_2024-04-08_13-05-00.png,2024-04-08_13-05-00,1090.45,1090.85,1089.5,1089.55,55594.0,1087.47,1091.44,1083.5,1087.97,1089.05,1087.9,1088.2,1118.65,1116.46,1116.46,1116.46,130500
ICICIBANK-EQ_2024-04-08_13-10-00.png,2024-04-08_13-10-00,1089.5,1089.65,1088.35,1088.75,63604.0,1087.66,1091.49,1083.83,1087.93,1088.2,1087.1,1087.71,1116.46,1118.65,1118.65,1118.65,131000
ICICIBANK-EQ_2024-04-08_13-15-00.png,2024-04-08_13-15-00,1088.85,1089.9,1087.9,1089.6,105153.0,1087.88,1091.63,1084.12,1087.78,1088.7,1086.8,1087.74,1118.65,1120.84,1120.84,1120.84,131500
ICICIBANK-EQ_2024-04-08_13-20-00.png,2024-04-08_13-20-00,1089.65,1090.0,1089.1,1089.2,103644.0,1088.06,1091.68,1084.45,1087.72,1088.35,1086.95,1087.68,1120.84,1123.02,1123.02,1123.02,132000
ICICIBANK-EQ_2024-04-08_13-25-00.png,2024-04-08_13-25-00,1089.2,1089.7,1086.3,1086.7,108195.0,1088.13,1091.58,1084.67,1087.7,1087.8,1086.0,1087.0,1123.02,1125.21,1125.21,1125.21,132500
ICICIBANK-EQ_2024-04-08_13-30-00.png,2024-04-08_13-30-00,1086.75,1088.45,1086.7,1087.75,96499.0,1088.17,1091.58,1084.76,1087.1,1087.7,1085.85,1086.8,1125.21,1127.4,1127.4,1127.4,133000
ICICIBANK-EQ_2024-04-08_13-35-00.png,2024-04-08_13-35-00,1087.75,1088.4,1087.0,1087.55,82809.0,1088.24,1091.54,1084.93,1086.82,1088.75,1086.4,1087.6,1127.4,1125.21,1125.21,1125.21,133500
ICICIBANK-EQ_2024-04-08_13-40-00.png,2024-04-08_13-40-00,1087.6,1087.7,1086.35,1086.55,42250.0,1088.29,1091.45,1085.12,1087.62,1088.45,1086.95,1087.86,1125.21,1127.4,1127.4,1127.4,134000
ICICIBANK-EQ_2024-04-08_13-45-00.png,2024-04-08_13-45-00,1086.65,1086.7,1085.25,1086.2,51775.0,1088.32,1091.38,1085.25,1088.03,1088.35,1087.1,1087.7,1127.4,1129.59,1129.59,1129.59,134500
ICICIBANK-EQ_2024-04-08_13-50-00.png,2024-04-08_13-50-00,1086.2,1086.2,1085.25,1085.95,55402.0,1088.31,1091.39,1085.24,1087.68,1088.0,1084.0,1086.64,1129.59,1127.4,1127.4,1127.4,135000
ICICIBANK-EQ_2024-04-08_13-55-00.png,2024-04-08_13-55-00,1086.0,1086.2,1085.0,1085.65,67586.0,1088.21,1091.5,1084.92,1087.28,1094.0,1087.28,1091.89,1127.4,1129.59,1129.59,1129.59,135500
ICICIBANK-EQ_2024-04-08_14-00-00.png,2024-04-08_14-00-00,1085.6,1085.7,1085.2,1085.25,48239.0,1088.12,1091.64,1084.59,1092.62,1094.2,1092.5,1093.38,1129.59,1127.4,1127.4,1127.4,140000
ICICIBANK-EQ_2024-04-08_14-05-00.png,2024-04-08_14-05-00,1085.25,1087.45,1085.25,1085.55,149998.0,1088.08,1091.7,1084.45,1093.4,1094.9,1092.7,1093.95,1127.4,1129.59,1129.59,1129.59,140500
ICICIBANK-EQ_2024-04-08_14-10-00.png,2024-04-08_14-10-00,1085.55,1087.35,1085.4,1087.15,85192.0,1088.05,1091.69,1084.4,1094.1,1095.4,1093.1,1094.12,1129.59,1127.4,1127.4,1127.4,141000
ICICIBANK-EQ_2024-04-08_14-15-00.png,2024-04-08_14-15-00,1087.15,1087.9,1086.85,1087.05,81173.0,1087.91,1091.48,1084.34,1094.0,1094.8,1093.05,1093.81,1127.4,1129.59,1129.59,1129.59,141500
ICICIBANK-EQ_2024-04-08_14-20-00.png,2024-04-08_14-20-00,1087.05,1087.55,1086.9,1087.0,64807.0,1087.79,1091.3,1084.27,1093.7,1094.6,1093.7,1094.19,1129.59,1127.4,1127.4,1127.4,142000
ICICIBANK-EQ_2024-04-08_14-25-00.png,2024-04-08_14-25-00,1087.0,1088.05,1086.1,1086.2,131127.0,1087.65,1091.18,1084.11,1094.18,1095.85,1093.8,1094.85,1127.4,1129.59,1129.59,1129.59,142500
ICICIBANK-EQ_2024-04-08_14-30-00.png,2024-04-08_14-30-00,1086.2,1088.05,1086.05,1087.9,156926.0,1087.5,1090.72,1084.29,1094.88,1096.9,1094.88,1096.25,1129.59,1127.4,1127.4,1127.4,143000
ICICIBANK-EQ_2024-04-08_14-35-00.png,2024-04-08_14-35-00,1088.0,1088.2,1087.65,1087.95,76967.0,1087.41,1090.46,1084.37,1096.28,1096.95,1095.4,1096.16,1127.4,1129.59,1129.59,1129.59,143500
ICICIBANK-EQ_2024-04-08_14-40-00.png,2024-04-08_14-40-00,1087.95,1089.05,1087.9,1087.9,100168.0,1087.27,1089.9,1084.64,1096.15,1097.7,1095.3,1096.49,1129.59,1131.78,1131.78,1131.78,144000
ICICIBANK-EQ_2024-04-08_14-45-00.png,2024-04-08_14-45-00,1087.95,1088.2,1087.1,1087.6,105117.0,1087.17,1089.58,1084.77,1096.47,1098.45,1096.47,1097.78,1131.78,1129.59,1129.59,1129.59,144500
ICICIBANK-EQ_2024-04-08_14-50-00.png,2024-04-08_14-50-00,1087.6,1088.7,1086.8,1087.85,170406.0,1087.13,1089.44,1084.81,1097.75,1098.25,1097.3,1097.89,1129.59,1127.4,1127.4,1127.4,145000
ICICIBANK-EQ_2024-04-08_14-55-00.png,2024-04-08_14-55-00,1087.85,1088.35,1086.95,1087.55,122865.0,1087.03,1089.04,1085.01,1098.0,1098.15,1097.25,1097.66,1127.4,1129.59,1129.59,1129.59,145500
ICICIBANK-EQ_2024-04-08_15-00-00.png,2024-04-08_15-00-00,1087.55,1087.8,1086.0,1086.65,357329.0,1086.9,1088.64,1085.16,1097.62,1098.15,1097.2,1097.64,1129.59,1131.78,1131.78,1131.78,150000
ICICIBANK-EQ_2024-04-08_15-05-00.png,2024-04-08_15-05-00,1086.65,1087.7,1085.85,1087.0,514514.0,1086.91,1088.65,1085.18,1097.6,1100.0,1097.6,1098.92,1131.78,1129.59,1129.59,1129.59,150500
ICICIBANK-EQ_2024-04-08_15-10-00.png,2024-04-08_15-10-00,1087.0,1088.75,1086.4,1088.25,457216.0,1086.94,1088.74,1085.14,1098.95,1102.0,1098.95,1100.71,1129.59,1127.4,1127.4,1127.4,151000
ICICIBANK-EQ_2024-04-08_15-15-00.png,2024-04-08_15-15-00,1088.35,1088.45,1086.95,1087.7,234776.0,1086.94,1088.76,1085.13,1100.6,1102.3,1099.35,1101.18,1127.4,1129.59,1129.59,1129.59,151500
ICICIBANK-EQ_2024-04-08_15-20-00.png,2024-04-08_15-20-00,1087.85,1088.35,1087.1,1087.5,208843.0,1086.99,1088.81,1085.17,1101.53,1102.6,1100.7,1101.7,1129.59,1131.78,1131.78,1131.78,152000
ICICIBANK-EQ_2024-04-08_15-25-00.png,2024-04-08_15-25-00,1087.55,1088.0,1084.0,1087.0,225713.0,1087.03,1088.81,1085.25,1101.75,1102.6,1101.05,1101.76,1131.78,1133.97,1133.97,1133.97,152500
ICICIBANK-EQ_2024-04-09_09-15-00.png,2024-04-09_09-15-00,1091.95,1094.0,1088.3,1093.3,347231.0,1087.4,1090.66,1084.14,1101.7,1102.5,1101.35,1101.66,1133.97,1131.78,1131.78,1131.78,91500
ICICIBANK-EQ_2024-04-09_09-20-00.png,2024-04-09_09-20-00,1093.3,1094.2,1092.5,1093.5,188217.0,1087.79,1091.94,1083.65,1101.4,1102.15,1100.45,1101.35,1131.78,1129.59,1129.59,1129.59,92000
ICICIBANK-EQ_2024-04-09_09-25-00.png,2024-04-09_09-25-00,1093.5,1094.9,1092.7,1094.7,127873.0,1088.26,1093.26,1083.27,1101.4,1102.5,1101.3,1101.66,1129.59,1131.78,1131.78,1131.78,92500
ICICIBANK-EQ_2024-04-09_09-30-00.png,2024-04-09_09-30-00,1094.6,1095.4,1093.1,1093.4,137697.0,1088.66,1093.97,1083.34,1101.42,1101.5,1100.8,1101.2,1131.78,1133.97,1133.97,1133.97,93000
ICICIBANK-EQ_2024-04-09_09-35-00.png,2024-04-09_09-35-00,1093.15,1094.8,1093.05,1094.25,115108.0,1089.01,1094.83,1083.2,1101.25,1101.9,1100.1,1101.05,1133.97,1131.78,1131.78,1131.78,93500
ICICIBANK-EQ_2024-04-09_09-40-00.png,2024-04-09_09-40-00,1094.25,1094.6,1093.8,1094.1,119737.0,1089.36,1095.53,1083.2,1101.1,1102.1,1100.8,1101.55,1131.78,1133.97,1133.97,1133.97,94000
ICICIBANK-EQ_2024-04-09_09-45-00.png,2024-04-09_09-45-00,1094.1,1095.85,1093.8,1095.65,157604.0,1089.8,1096.45,1083.14,1101.65,1102.5,1101.65,1102.14,1133.97,1136.16,1136.16,1136.16,94500
ICICIBANK-EQ_2024-04-09_09-50-00.png,2024-04-09_09-50-00,1095.65,1096.9,1095.55,1096.9,112314.0,1090.33,1097.47,1083.19,1102.2,1103.8,1102.1,1102.88,1136.16,1133.97,1133.97,1133.97,95000
ICICIBANK-EQ_2024-04-09_09-55-00.png,2024-04-09_09-55-00,1096.65,1096.95,1095.4,1095.65,85013.0,1090.72,1098.14,1083.3,1102.8,1105.7,1102.8,1104.32,1133.97,1136.16,1136.16,1136.16,95500
ICICIBANK-EQ_2024-04-09_10-00-00.png,2024-04-09_10-00-00,1095.7,1097.7,1095.3,1097.25,202020.0,1091.18,1099.03,1083.34,1104.3,1108.4,1104.3,1106.49,1136.16,1138.35,1138.35,1138.35,100000
ICICIBANK-EQ_2024-04-09_10-05-00.png,2024-04-09_10-05-00,1097.25,1098.45,1097.15,1098.25,110545.0,1091.7,1099.99,1083.42,1106.42,1110.75,1106.42,1108.53,1138.35,1136.16,1136.16,1136.16,100500
ICICIBANK-EQ_2024-04-09_10-10-00.png,2024-04-09_10-10-00,1098.25,1098.25,1097.3,1097.75,56747.0,1092.21,1100.68,1083.74,1107.88,1109.0,1107.88,1108.49,1136.16,1138.35,1138.35,1138.35,101000
ICICIBANK-EQ_2024-04-09_10-15-00.png,2024-04-09_10-15-00,1097.8,1098.15,1097.25,1097.45,53970.0,1092.69,1101.21,1084.17,1108.5,1112.5,1108.5,1110.56,1138.35,1140.54,1140.54,1140.54,101500
ICICIBANK-EQ_2024-04-09_10-20-00.png,2024-04-09_10-20-00,1097.45,1098.15,1097.2,1097.75,79182.0,1093.2,1101.64,1084.76,1110.4,1111.7,1110.1,1111.0,1140.54,1142.73,1142.73,1142.73,102000
ICICIBANK-EQ_2024-04-09_10-25-00.png,2024-04-09_10-25-00,1098.15,1100.0,1097.8,1099.75,211833.0,1093.86,1102.19,1085.52,1111.1,1112.0,1110.5,1111.22,1142.73,1144.92,1144.92,1144.92,102500
ICICIBANK-EQ_2024-04-09_10-30-00.png,2024-04-09_10-30-00,1099.65,1102.0,1099.65,1101.55,241238.0,1094.58,1102.94,1086.23,1111.2,1112.7,1111.15,1112.01,1144.92,1142.73,1142.73,1142.73,103000
ICICIBANK-EQ_2024-04-09_10-35-00.png,2024-04-09_10-35-00,1101.7,1102.3,1099.35,1101.35,125361.0,1095.24,1103.55,1086.92,1112.1,1113.3,1110.6,1112.11,1142.73,1144.92,1144.92,1144.92,103500
ICICIBANK-EQ_2024-04-09_10-40-00.png,2024-04-09_10-40-00,1101.45,1102.6,1100.7,1102.05,189125.0,1095.96,1104.01,1087.9,1112.28,1113.15,1111.65,1112.22,1144.92,1142.73,1142.73,1142.73,104000
ICICIBANK-EQ_2024-04-09_10-45-00.png,2024-04-09_10-45-00,1102.0,1102.6,1101.05,1101.4,71828.0,1096.65,1104.0,1089.3,1112.05,1112.9,1112.05,1112.49,1142.73,1144.92,1144.92,1144.92,104500
ICICIBANK-EQ_2024-04-09_10-50-00.png,2024-04-09_10-50-00,1101.35,1102.5,1101.35,1101.45,52066.0,1097.37,1103.46,1091.29,1112.42,1114.75,1112.42,1113.58,1144.92,1147.11,1147.11,1147.11,105000
ICICIBANK-EQ_2024-04-09_10-55-00.png,2024-04-09_10-55-00,1101.45,1102.15,1100.45,1101.35,78378.0,1097.78,1103.79,1091.76,1113.53,1115.25,1112.25,1113.94,1147.11,1149.3,1149.3,1149.3,105500
ICICIBANK-EQ_2024-04-09_11-00-00.png,2024-04-09_11-00-00,1101.35,1102.5,1101.3,1101.5,66482.0,1098.18,1104.06,1092.29,1114.12,1114.55,1113.3,1113.82,1149.3,1151.49,1151.49,1151.49,110000
ICICIBANK-EQ_2024-04-09_11-05-00.png,2024-04-09_11-05-00,1101.5,1101.5,1100.8,1101.0,56973.0,1098.49,1104.26,1092.72,1113.72,1114.75,1113.6,1114.15,1151.49,1153.67,1153.67,1153.67,110500
ICICIBANK-EQ_2024-04-09_11-10-00.png,2024-04-09_11-10-00,1101.0,1101.9,1100.1,1101.2,96816.0,1098.88,1104.24,1093.52,1114.12,1114.95,1113.9,1114.35,1153.67,1151.49,1151.49,1151.49,111000
ICICIBANK-EQ_2024-04-09_11-15-00.png,2024-04-09_11-15-00,1101.2,1102.1,1100.8,1102.1,51263.0,1099.27,1104.35,1094.2,1114.28,1115.0,1113.7,1114.12,1151.49,1153.67,1153.67,1153.67,111500
ICICIBANK-EQ_2024-04-09_11-20-00.png,2024-04-09_11-20-00,1102.1,1102.5,1101.65,1102.3,58907.0,1099.68,1104.3,1095.06,1113.9,1114.3,1113.2,1113.69,1153.67,1155.86,1155.86,1155.86,112000
ICICIBANK-EQ_2024-04-09_11-25-00.png,2024-04-09_11-25-00,1102.2,1103.8,1102.1,1103.4,72409.0,1100.07,1104.57,1095.57,1113.62,1114.35,1113.1,1113.79,1155.86,1158.05,1158.05,1158.05,112500
ICICIBANK-EQ_2024-04-09_11-30-00.png,2024-04-09_11-30-00,1103.5,1105.7,1103.0,1105.1,178636.0,1100.48,1105.25,1095.71,1113.85,1114.7,1113.75,1114.23,1158.05,1160.24,1160.24,1160.24,113000
ICICIBANK-EQ_2024-04-09_11-35-00.png,2024-04-09_11-35-00,1105.1,1108.4,1104.7,1107.75,318295.0,1101.08,1106.32,1095.85,1114.22,1114.45,1112.8,1113.76,1160.24,1158.05,1158.05,1158.05,113500
ICICIBANK-EQ_2024-04-09_11-40-00.png,2024-04-09_11-40-00,1107.75,1110.75,1107.6,1108.0,448200.0,1101.62,1107.38,1095.87,1113.9,1113.9,1111.4,1112.56,1158.05,1160.24,1160.24,1160.24,114000
ICICIBANK-EQ_2024-04-09_11-45-00.png,2024-04-09_11-45-00,1108.0,1109.0,1107.95,1109.0,213646.0,1102.16,1108.56,1095.76,1112.65,1112.75,1111.7,1112.11,1160.24,1158.05,1158.05,1158.05,114500
ICICIBANK-EQ_2024-04-09_11-50-00.png,2024-04-09_11-50-00,1109.0,1112.5,1108.95,1111.8,311912.0,1102.86,1110.24,1095.49,1112.0,1113.0,1111.95,1112.25,1158.05,1160.24,1160.24,1160.24,115000
ICICIBANK-EQ_2024-04-09_11-55-00.png,2024-04-09_11-55-00,1111.5,1111.7,1110.1,1110.7,183225.0,1103.53,1111.23,1095.82,1112.03,1112.15,1110.3,1111.42,1160.24,1162.43,1162.43,1162.43,115500
ICICIBANK-EQ_2024-04-09_12-00-00.png,2024-04-09_12-00-00,1110.6,1112.0,1110.5,1111.8,77079.0,1104.23,1112.27,1096.19,1111.62,1111.8,1110.9,1111.25,1162.43,1160.24,1160.24,1160.24,120000
ICICIBANK-EQ_2024-04-09_12-05-00.png,2024-04-09_12-05-00,1111.55,1112.7,1111.15,1112.65,107201.0,1104.87,1113.45,1096.29,1111.15,1112.0,1110.85,1111.26,1160.24,1162.43,1162.43,1162.43,120500
ICICIBANK-EQ_2024-04-09_12-10-00.png,2024-04-09_12-10-00,1112.7,1113.3,1110.6,1111.85,215705.0,1105.39,1114.35,1096.42,1111.1,1111.2,1106.7,1109.26,1162.43,1160.24,1160.24,1160.24,121000
ICICIBANK-EQ_2024-04-09_12-15-00.png,2024-04-09_12-15-00,1111.85,1113.15,1111.65,1112.25,87994.0,1105.93,1115.19,1096.68,1109.58,1109.58,1107.0,1107.97,1160.24,1158.05,1158.05,1158.05,121500
ICICIBANK-EQ_2024-04-09_12-20-00.png,2024-04-09_12-20-00,1112.25,1112.9,1112.2,1112.6,94886.0,1106.46,1115.98,1096.94,1107.72,1107.72,1106.9,1107.23,1158.05,1160.24,1160.24,1160.24,122000
ICICIBANK-EQ_2024-04-09_12-25-00.png,2024-04-09_12-25-00,1112.6,1114.75,1112.5,1114.45,166684.0,1107.11,1116.96,1097.27,1107.22,1109.25,1106.9,1107.84,1160.24,1158.05,1158.05,1158.05,122500
ICICIBANK-EQ_2024-04-09_12-30-00.png,2024-04-09_12-30-00,1114.7,1115.25,1112.25,1113.55,220668.0,1107.72,1117.58,1097.85,1107.6,1108.8,1106.95,1107.79,1158.05,1160.24,1160.24,1160.24,123000
ICICIBANK-EQ_2024-04-09_12-35-00.png,2024-04-09_12-35-00,1113.55,1114.55,1113.3,1113.9,130035.0,1108.34,1118.1,1098.59,1107.7,1108.0,1106.3,1107.06,1160.24,1162.43,1162.43,1162.43,123500
ICICIBANK-EQ_2024-04-09_12-40-00.png,2024-04-09_12-40-00,1113.9,1114.75,1113.6,1114.35,155460.0,1108.99,1118.54,1099.44,1106.97,1108.65,1106.4,1107.59,1162.43,1160.24,1160.24,1160.24,124000
ICICIBANK-EQ_2024-04-09_12-45-00.png,2024-04-09_12-45-00,1114.25,1114.95,1113.9,1114.3,116993.0,1109.65,1118.7,1100.61,1107.65,1110.0,1107.65,1109.05,1160.24,1162.43,1162.43,1162.43,124500
ICICIBANK-EQ_2024-04-09_12-50-00.png,2024-04-09_12-50-00,1114.05,1115.0,1113.7,1113.75,93808.0,1110.28,1118.57,1101.99,1108.9,1109.75,1108.9,1109.25,1162.43,1160.24,1160.24,1160.24,125000
ICICIBANK-EQ_2024-04-09_12-55-00.png,2024-04-09_12-55-00,1113.7,1114.3,1113.2,1113.55,80195.0,1110.85,1118.3,1103.41,1109.18,1109.6,1108.6,1109.08,1160.24,1158.05,1158.05,1158.05,125500
ICICIBANK-EQ_2024-04-09_13-00-00.png,2024-04-09_13-00-00,1113.55,1114.35,1113.1,1114.15,69464.0,1111.45,1117.84,1105.05,1109.05,1109.95,1109.0,1109.38,1158.05,1155.86,1155.86,1155.86,130000
ICICIBANK-EQ_2024-04-09_13-05-00.png,2024-04-09_13-05-00,1114.15,1114.7,1113.75,1114.3,80210.0,1111.99,1117.25,1106.73,1109.28,1109.8,1108.05,1108.99,1155.86,1158.05,1158.05,1158.05,130500
ICICIBANK-EQ_2024-04-09_13-10-00.png,2024-04-09_13-10-00,1114.45,1114.45,1112.8,1113.35,140884.0,1112.4,1116.57,1108.24,1109.05,1109.85,1108.8,1109.25,1158.05,1155.86,1155.86,1155.86,131000
ICICIBANK-EQ_2024-04-09_13-15-00.png,2024-04-09_13-15-00,1113.35,1113.55,1111.4,1111.95,262542.0,1112.61,1116.17,1109.05,1109.18,1109.65,1107.75,1108.69,1155.86,1158.05,1158.05,1158.05,131500
ICICIBANK-EQ_2024-04-09_13-20-00.png,2024-04-09_13-20-00,1112.0,1112.75,1111.7,1112.0,113574.0,1112.81,1115.66,1109.97,1108.68,1108.68,1107.55,1107.95,1158.05,1160.24,1160.24,1160.24,132000
ICICIBANK-EQ_2024-04-09_13-25-00.png,2024-04-09_13-25-00,1112.0,1113.0,1111.95,1112.05,86213.0,1112.96,1115.21,1110.72,1107.9,1108.1,1106.3,1107.4,1160.24,1158.05,1158.05,1158.05,132500
ICICIBANK-EQ_2024-04-09_13-30-00.png,2024-04-09_13-30-00,1112.0,1112.15,1110.3,1111.25,140266.0,1112.94,1115.26,1110.62,1107.6,1107.6,1106.1,1106.7,1158.05,1160.24,1160.24,1160.24,133000
ICICIBANK-EQ_2024-04-09_13-35-00.png,2024-04-09_13-35-00,1111.3,1111.8,1110.9,1111.0,115883.0,1112.95,1115.22,1110.69,1106.72,1107.3,1106.0,1106.7,1160.24,1162.43,1162.43,1162.43,133500
ICICIBANK-EQ_2024-04-09_13-40-00.png,2024-04-09_13-40-00,1111.0,1112.0,1110.85,1111.2,77958.0,1112.92,1115.27,1110.58,1106.75,1107.5,1106.25,1107.0,1162.43,1160.24,1160.24,1160.24,134000
ICICIBANK-EQ_2024-04-09_13-45-00.png,2024-04-09_13-45-00,1111.2,1111.2,1106.7,1107.95,259953.0,1112.69,1115.92,1109.46,1107.12,1108.2,1107.0,1107.47,1160.24,1158.05,1158.05,1158.05,134500
ICICIBANK-EQ_2024-04-09_13-50-00.png,2024-04-09_13-50-00,1107.95,1109.45,1107.0,1107.5,134452.0,1112.47,1116.44,1108.5,1107.35,1108.9,1106.5,1107.62,1158.05,1160.24,1160.24,1160.24,135000
ICICIBANK-EQ_2024-04-09_13-55-00.png,2024-04-09_13-55-00,1107.5,1107.55,1106.9,1106.95,220991.0,1112.21,1116.88,1107.53,1107.55,1111.8,1107.4,1109.49,1160.24,1162.43,1162.43,1162.43,135500
ICICIBANK-EQ_2024-04-09_14-00-00.png,2024-04-09_14-00-00,1106.95,1109.25,1106.9,1108.25,129285.0,1111.99,1116.98,1106.99,1109.38,1110.15,1107.15,1108.72,1162.43,1164.62,1164.62,1164.62,140000
ICICIBANK-EQ_2024-04-09_14-05-00.png,2024-04-09_14-05-00,1108.25,1108.8,1106.95,1107.15,225583.0,1111.62,1116.92,1106.33,1108.8,1113.0,1108.8,1111.24,1164.62,1162.43,1162.43,1162.43,140500
ICICIBANK-EQ_2024-04-09_14-10-00.png,2024-04-09_14-10-00,1107.15,1108.0,1106.3,1106.8,179500.0,1111.28,1116.91,1105.66,1111.28,1114.8,1111.28,1113.38,1162.43,1160.24,1160.24,1160.24,141000
ICICIBANK-EQ_2024-04-09_14-15-00.png,2024-04-09_14-15-00,1106.85,1108.65,1106.4,1108.45,265116.0,1111.01,1116.63,1105.39,1113.22,1115.35,1112.15,1113.66,1160.24,1162.43,1162.43,1162.43,141500
ICICIBANK-EQ_2024-04-09_14-20-00.png,2024-04-09_14-20-00,1108.45,1110.0,1108.4,1109.35,147458.0,1110.76,1116.2,1105.32,1113.58,1114.4,1112.65,1113.6,1162.43,1164.62,1164.62,1164.62,142000
ICICIBANK-EQ_2024-04-09_14-25-00.png,2024-04-09_14-25-00,1109.4,1109.75,1108.9,1108.95,118148.0,1110.49,1115.72,1105.27,1113.68,1115.0,1113.45,1114.12,1164.62,1166.81,1166.81,1166.81,142500
ICICIBANK-EQ_2024-04-09_14-30-00.png,2024-04-09_14-30-00,1108.95,1109.6,1108.6,1109.15,130421.0,1110.26,1115.29,1105.24,1114.03,1115.85,1113.0,1114.22,1166.81,1164.62,1164.62,1164.62,143000
ICICIBANK-EQ_2024-04-09_14-35-00.png,2024-04-09_14-35-00,1109.15,1109.95,1109.0,1109.4,136162.0,1110.06,1114.85,1105.27,1114.03,1114.35,1112.35,1113.31,1164.62,1166.81,1166.81,1166.81,143500
ICICIBANK-EQ_2024-04-09_14-40-00.png,2024-04-09_14-40-00,1109.4,1109.8,1108.05,1108.7,181862.0,1109.78,1114.2,1105.37,1113.28,1113.28,1109.6,1111.21,1166.81,1164.62,1164.62,1164.62,144000
ICICIBANK-EQ_2024-04-09_14-45-00.png,2024-04-09_14-45-00,1108.85,1109.85,1108.8,1109.5,189075.0,1109.54,1113.42,1105.67,1111.25,1111.25,1109.25,1110.03,1164.62,1162.43,1162.43,1162.43,144500
ICICIBANK-EQ_2024-04-09_14-50-00.png,2024-04-09_14-50-00,1109.5,1109.65,1107.75,1107.85,265351.0,1109.27,1112.77,1105.77,1110.1,1112.45,1109.55,1111.11,1162.43,1160.24,1160.24,1160.24,145000
ICICIBANK-EQ_2024-04-09_14-55-00.png,2024-04-09_14-55-00,1107.8,1108.45,1107.55,1108.0,125231.0,1109.07,1112.37,1105.77,1111.22,1113.0,1111.1,1112.0,1160.24,1162.43,1162.43,1162.43,145500
ICICIBANK-EQ_2024-04-09_15-00-00.png,2024-04-09_15-00-00,1108.1,1108.1,1106.3,1107.1,656258.0,1108.83,1111.94,1105.72,1111.95,1112.1,1111.05,1111.75,1162.43,1160.24,1160.24,1160.24,150000
ICICIBANK-EQ_2024-04-09_15-05-00.png,2024-04-09_15-05-00,1107.1,1107.25,1106.1,1106.35,311061.0,1108.54,1111.44,1105.64,1111.92,1113.45,1111.2,1112.1,1160.24,1162.43,1162.43,1162.43,150500
ICICIBANK-EQ_2024-04-09_15-10-00.png,2024-04-09_15-10-00,1106.5,1107.3,1106.0,1107.0,309607.0,1108.33,1111.01,1105.65,1111.88,1114.0,1111.55,1112.73,1162.43,1164.62,1164.62,1164.62,151000
ICICIBANK-EQ_2024-04-09_15-15-00.png,2024-04-09_15-15-00,1107.0,1107.5,1106.25,1107.25,253517.0,1108.14,1110.55,1105.74,1112.68,1114.4,1112.68,1113.69,1164.62,1162.43,1162.43,1162.43,151500
ICICIBANK-EQ_2024-04-09_15-20-00.png,2024-04-09_15-20-00,1107.3,1108.2,1107.0,1107.4,286352.0,1107.95,1109.9,1106.01,1113.55,1115.95,1113.1,1114.31,1162.43,1164.62,1164.62,1164.62,152000
ICICIBANK-EQ_2024-04-09_15-25-00.png,2024-04-09_15-25-00,1107.4,1108.9,1106.5,1107.7,159145.0,1107.94,1109.89,1105.99,1114.1,1115.95,1114.1,1115.06,1164.62,1162.43,1162.43,1162.43,152500
ICICIBANK-EQ_2024-04-10_09-15-00.png,2024-04-10_09-15-00,1110.95,1111.8,1107.4,1107.8,341452.0,1107.96,1109.89,1106.02,1115.0,1116.55,1115.0,1115.6,1162.43,1164.62,1164.62,1164.62,91500
ICICIBANK-EQ_2024-04-10_09-20-00.png,2024-04-10_09-20-00,1107.5,1110.15,1107.15,1110.1,145661.0,1108.11,1110.21,1106.01,1115.35,1116.15,1114.8,1115.54,1164.62,1166.81,1166.81,1166.81,92000
ICICIBANK-EQ_2024-04-10_09-25-00.png,2024-04-10_09-25-00,1109.85,1113.0,1109.4,1112.7,146363.0,1108.33,1111.27,1105.4,1115.6,1115.7,1114.65,1115.38,1166.81,1164.62,1164.62,1164.62,92500
ICICIBANK-EQ_2024-04-10_09-30-00.png,2024-04-10_09-30-00,1112.7,1114.8,1112.25,1113.75,183586.0,1108.66,1112.41,1104.92,1115.58,1116.0,1115.0,1115.57,1164.62,1166.81,1166.81,1166.81,93000
ICICIBANK-EQ_2024-04-10_09-35-00.png,2024-04-10_09-35-00,1113.65,1115.35,1112.15,1113.5,165246.0,1109.0,1113.21,1104.79,1115.65,1116.5,1115.0,1115.58,1166.81,1164.62,1164.62,1164.62,93500
ICICIBANK-EQ_2024-04-10_09-40-00.png,2024-04-10_09-40-00,1113.5,1114.4,1112.65,1113.85,71437.0,1109.27,1114.0,1104.54,1115.4,1115.4,1112.5,1113.78,1164.62,1162.43,1162.43,1162.43,94000
ICICIBANK-EQ_2024-04-10_09-45-00.png,2024-04-10_09-45-00,1113.9,1115.0,1113.45,1114.15,82769.0,1109.51,1114.72,1104.3,1113.75,1113.75,1112.0,1112.49,1162.43,1164.62,1164.62,1164.62,94500
ICICIBANK-EQ_2024-04-10_09-50-00.png,2024-04-10_09-50-00,1114.15,1115.85,1113.0,1113.9,104909.0,1109.76,1115.31,1104.2,1112.47,1112.6,1111.1,1111.9,1164.62,1166.81,1166.81,1166.81,95000
ICICIBANK-EQ_2024-04-10_09-55-00.png,2024-04-10_09-55-00,1113.9,1114.35,1112.35,1112.65,83227.0,1109.93,1115.62,1104.24,1111.95,1112.5,1111.45,1111.91,1166.81,1169.0,1169.0,1169.0,95500
ICICIBANK-EQ_2024-04-10_10-00-00.png,2024-04-10_10-00-00,1112.65,1112.75,1109.6,1109.85,98387.0,1109.96,1115.64,1104.27,1111.85,1112.15,1110.4,1111.29,1169.0,1166.81,1166.81,1166.81,100000
ICICIBANK-EQ_2024-04-10_10-05-00.png,2024-04-10_10-05-00,1109.85,1110.65,1109.25,1110.35,57005.0,1110.04,1115.7,1104.38,1111.3,1111.3,1110.0,1110.66,1166.81,1169.0,1169.0,1169.0,100500
ICICIBANK-EQ_2024-04-10_10-10-00.png,2024-04-10_10-10-00,1110.35,1112.45,1109.55,1112.1,75978.0,1110.17,1115.89,1104.44,1110.72,1111.0,1110.05,1110.49,1169.0,1166.81,1166.81,1166.81,101000
ICICIBANK-EQ_2024-04-10_10-15-00.png,2024-04-10_10-15-00,1112.15,1113.0,1111.1,1111.75,40522.0,1110.36,1116.02,1104.7,1110.45,1110.7,1109.65,1110.19,1166.81,1169.0,1169.0,1169.0,101500
ICICIBANK-EQ_2024-04-10_10-20-00.png,2024-04-10_10-20-00,1111.85,1112.1,1111.05,1112.0,44671.0,1110.56,1116.15,1104.97,1110.2,1110.95,1109.5,1110.04,1169.0,1166.81,1166.81,1166.81,102000
ICICIBANK-EQ_2024-04-10_10-25-00.png,2024-04-10_10-25-00,1111.85,1113.45,1111.2,1111.9,80522.0,1110.8,1116.17,1105.43,1109.85,1109.85,1109.0,1109.47,1166.81,1164.62,1164.62,1164.62,102500
ICICIBANK-EQ_2024-04-10_10-30-00.png,2024-04-10_10-30-00,1111.55,1114.0,1111.55,1113.8,68295.0,1111.18,1116.27,1106.08,1109.55,1110.2,1109.05,1109.54,1164.62,1162.43,1162.43,1162.43,103000
ICICIBANK-EQ_2024-04-10_10-35-00.png,2024-04-10_10-35-00,1113.6,1114.4,1113.25,1113.5,76974.0,1111.5,1116.3,1106.7,1109.45,1110.35,1109.1,1109.85,1162.43,1160.24,1160.24,1160.24,103500
ICICIBANK-EQ_2024-04-10_10-40-00.png,2024-04-10_10-40-00,1113.5,1115.95,1113.1,1114.7,127234.0,1111.87,1116.43,1107.31,1109.97,1110.15,1109.0,1109.6,1160.24,1158.05,1158.05,1158.05,104000
ICICIBANK-EQ_2024-04-10_10-45-00.png,2024-04-10_10-45-00,1114.7,1115.95,1114.3,1115.3,71600.0,1112.27,1116.55,1107.98,1109.62,1109.62,1108.55,1109.09,1158.05,1155.86,1155.86,1155.86,104500
ICICIBANK-EQ_2024-04-10_10-50-00.png,2024-04-10_10-50-00,1115.15,1116.55,1115.15,1115.55,80189.0,1112.66,1116.61,1108.71,1109.1,1109.1,1108.0,1108.51,1155.86,1153.67,1153.67,1153.67,105000
ICICIBANK-EQ_2024-04-10_10-55-00.png,2024-04-10_10-55-00,1115.55,1116.15,1114.8,1115.65,75164.0,1113.05,1116.5,1109.61,1108.58,1109.0,1108.0,1108.47,1153.67,1155.86,1155.86,1155.86,105500
ICICIBANK-EQ_2024-04-10_11-00-00.png,2024-04-10_11-00-00,1115.45,1115.7,1114.65,1115.7,89095.0,1113.33,1116.68,1109.99,1108.45,1108.7,1106.65,1107.79,1155.86,1158.05,1158.05,1158.05,110000
ICICIBANK-EQ_2024-04-10_11-05-00.png,2024-04-10_11-05-00,1115.7,1116.0,1115.0,1115.6,92177.0,1113.48,1116.95,1110.0,1107.9,1108.15,1106.7,1107.31,1158.05,1155.86,1155.86,1155.86,110500
ICICIBANK-EQ_2024-04-10_11-10-00.png,2024-04-10_11-10-00,1115.75,1116.5,1115.0,1115.05,83791.0,1113.54,1117.09,1110.0,1107.2,1107.7,1106.45,1107.05,1155.86,1153.67,1153.67,1153.67,111000
ICICIBANK-EQ_2024-04-10_11-15-00.png,2024-04-10_11-15-00,1115.0,1115.1,1112.5,1112.5,123205.0,1113.49,1117.07,1109.92,1107.03,1107.03,1105.15,1106.15,1153.67,1155.86,1155.86,1155.86,111500
ICICIBANK-EQ_2024-04-10_11-20-00.png,2024-04-10_11-20-00,1112.75,1113.0,1112.0,1112.2,94615.0,1113.41,1117.03,1109.79,1106.35,1107.75,1105.65,1106.71,1155.86,1158.05,1158.05,1158.05,112000
ICICIBANK-EQ_2024-04-10_11-25-00.png,2024-04-10_11-25-00,1112.25,1112.6,1111.1,1111.65,94944.0,1113.29,1116.97,1109.6,1106.72,1110.0,1106.72,1108.46,1158.05,1160.24,1160.24,1160.24,112500
ICICIBANK-EQ_2024-04-10_11-30-00.png,2024-04-10_11-30-00,1112.0,1112.5,1111.45,1111.7,85778.0,1113.18,1116.91,1109.44,1108.47,1110.5,1108.47,1109.76,1160.24,1162.43,1162.43,1162.43,113000
ICICIBANK-EQ_2024-04-10_11-35-00.png,2024-04-10_11-35-00,1111.7,1112.15,1110.4,1110.9,170801.0,1113.09,1116.95,1109.22,1109.72,1110.5,1109.35,1110.01,1162.43,1164.62,1164.62,1164.62,113500
ICICIBANK-EQ_2024-04-10_11-40-00.png,2024-04-10_11-40-00,1111.05,1111.2,1110.0,1110.4,85848.0,1113.12,1116.89,1109.34,1110.1,1112.55,1110.05,1111.06,1164.62,1166.81,1166.81,1166.81,114000
ICICIBANK-EQ_2024-04-10_11-45-00.png,2024-04-10_11-45-00,1110.4,1111.0,1110.05,1110.5,87315.0,1113.12,1116.88,1109.37,1110.82,1112.0,1110.82,1111.59,1166.81,1164.62,1164.62,1164.62,114500
ICICIBANK-EQ_2024-04-10_11-50-00.png,2024-04-10_11-50-00,1110.5,1110.7,1109.65,1109.9,126029.0,1113.01,1117.01,1109.01,1111.6,1112.4,1111.4,1111.74,1164.62,1162.43,1162.43,1162.43,115000
ICICIBANK-EQ_2024-04-10_11-55-00.png,2024-04-10_11-55-00,1109.9,1110.95,1109.5,1109.8,91663.0,1112.92,1117.13,1108.7,1111.58,1112.3,1111.05,1111.58,1162.43,1160.24,1160.24,1160.24,115500
ICICIBANK-EQ_2024-04-10_12-00-00.png,2024-04-10_12-00-00,1109.8,1109.8,1109.0,1109.3,82352.0,1112.78,1117.29,1108.27,1111.47,1111.95,1110.45,1111.25,1160.24,1158.05,1158.05,1158.05,120000
ICICIBANK-EQ_2024-04-10_12-05-00.png,2024-04-10_12-05-00,1109.25,1110.2,1109.05,1109.65,92213.0,1112.67,1117.37,1107.96,1111.3,1111.7,1110.45,1111.14,1158.05,1160.24,1160.24,1160.24,120500
ICICIBANK-EQ_2024-04-10_12-10-00.png,2024-04-10_12-10-00,1109.65,1110.35,1109.1,1110.3,86390.0,1112.49,1117.28,1107.7,1111.2,1112.15,1109.85,1110.82,1160.24,1162.43,1162.43,1162.43,121000
ICICIBANK-EQ_2024-04-10_12-15-00.png,2024-04-10_12-15-00,1109.95,1110.15,1109.0,1109.3,89938.0,1112.28,1117.25,1107.31,1110.65,1110.9,1109.25,1110.19,1162.43,1164.62,1164.62,1164.62,121500
ICICIBANK-EQ_2024-04-10_12-20-00.png,2024-04-10_12-20-00,1109.3,1109.6,1108.55,1108.9,82960.0,1111.99,1117.04,1106.94,1110.3,1112.9,1110.1,1111.45,1164.62,1166.81,1166.81,1166.81,122000
ICICIBANK-EQ_2024-04-10_12-25-00.png,2024-04-10_12-25-00,1108.9,1108.9,1108.0,1108.25,110479.0,1111.64,1116.7,1106.58,1111.4,1112.5,1110.6,1111.51,1166.81,1164.62,1164.62,1164.62,122500
ICICIBANK-EQ_2024-04-10_12-30-00.png,2024-04-10_12-30-00,1108.2,1109.0,1108.0,1108.7,135943.0,1111.3,1116.17,1106.43,1111.47,1111.47,1109.4,1110.28,1164.62,1166.81,1166.81,1166.81,123000
ICICIBANK-EQ_2024-04-10_12-35-00.png,2024-04-10_12-35-00,1108.7,1108.7,1106.65,1107.1,123235.0,1110.87,1115.63,1106.11,1110.18,1110.18,1108.3,1109.22,1166.81,1164.62,1164.62,1164.62,123500
ICICIBANK-EQ_2024-04-10_12-40-00.png,2024-04-10_12-40-00,1107.1,1108.15,1106.7,1107.3,158664.0,1110.45,1114.89,1106.01,1109.3,1111.0,1108.65,1109.88,1164.62,1166.81,1166.81,1166.81,124000
ICICIBANK-EQ_2024-04-10_12-45-00.png,2024-04-10_12-45-00,1107.3,1107.7,1106.45,1106.75,85026.0,1110.01,1114.03,1105.98,1109.93,1111.05,1108.15,1109.66,1166.81,1164.62,1164.62,1164.62,124500
ICICIBANK-EQ_2024-04-10_12-50-00.png,2024-04-10_12-50-00,1106.75,1106.75,1105.15,1105.95,134287.0,1109.55,1113.22,1105.89,1109.72,1109.72,1107.6,1108.21,1164.62,1166.81,1166.81,1166.81,125000
ICICIBANK-EQ_2024-04-10_12-55-00.png,2024-04-10_12-55-00,1105.95,1107.75,1105.65,1107.5,74685.0,1109.3,1112.8,1105.81,1108.12,1110.35,1106.25,1108.46,1166.81,1164.62,1164.62,1164.62,125500
ICICIBANK-EQ_2024-04-10_13-00-00.png,2024-04-10_13-00-00,1107.5,1110.0,1106.9,1109.45,59393.0,1109.16,1112.39,1105.94,1108.62,1110.1,1106.7,1108.41,1164.62,1162.43,1162.43,1162.43,130000
ICICIBANK-EQ_2024-04-10_13-05-00.png,2024-04-10_13-05-00,1109.45,1110.5,1109.1,1110.0,56701.0,1109.08,1112.12,1106.05,1108.42,1109.45,1107.0,1108.15,1162.43,1160.24,1160.24,1160.24,130500
ICICIBANK-EQ_2024-04-10_13-10-00.png,2024-04-10_13-10-00,1109.85,1110.5,1109.35,1110.35,50642.0,1109.01,1111.86,1106.17,1108.07,1108.75,1107.0,1108.01,1160.24,1158.05,1158.05,1158.05,131000
ICICIBANK-EQ_2024-04-10_13-15-00.png,2024-04-10_13-15-00,1110.1,1112.55,1110.05,1111.55,203370.0,1109.05,1111.99,1106.1,1108.15,1108.8,1107.15,1107.86,1158.05,1155.86,1155.86,1155.86,131500
ICICIBANK-EQ_2024-04-10_13-20-00.png,2024-04-10_13-20-00,1111.55,1112.0,1111.15,1111.65,45758.0,1109.11,1112.22,1106.0,1107.75,1108.6,1107.05,1107.84,1155.86,1153.67,1153.67,1153.67,132000
ICICIBANK-EQ_2024-04-10_13-25-00.png,2024-04-10_13-25-00,1111.65,1112.4,1111.4,1111.5,46081.0,1109.16,1112.4,1105.92,1107.85,1110.05,1106.6,1108.41,1153.67,1151.49,1151.49,1151.49,132500
ICICIBANK-EQ_2024-04-10_13-30-00.png,2024-04-10_13-30-00,1111.5,1112.3,1111.05,1111.45,41198.0,1109.24,1112.62,1105.85,1108.5,1110.85,1108.5,1110.12,1151.49,1149.3,1149.3,1149.3,133000
ICICIBANK-EQ_2024-04-10_13-35-00.png,2024-04-10_13-35-00,1111.45,1111.95,1110.45,1111.15,53696.0,1109.3,1112.79,1105.82,1110.28,1111.0,1109.2,1110.35,1149.3,1151.49,1151.49,1151.49,133500
ICICIBANK-EQ_2024-04-10_13-40-00.png,2024-04-10_13-40-00,1111.15,1111.7,1110.45,1111.25,52311.0,1109.4,1112.99,1105.81,1110.6,1110.75,1108.65,1109.88,1151.49,1149.3,1149.3,1149.3,134000
ICICIBANK-EQ_2024-04-10_13-45-00.png,2024-04-10_13-45-00,1111.25,1112.15,1109.85,1110.05,74254.0,1109.42,1113.02,1105.82,1110.05,1110.05,1108.3,1109.35,1149.3,1147.11,1147.11,1147.11,134500
ICICIBANK-EQ_2024-04-10_13-50-00.png,2024-04-10_13-50-00,1110.05,1110.9,1109.25,1110.55,84517.0,1109.44,1113.05,1105.82,1109.55,1110.0,1108.05,1109.14,1147.11,1149.3,1149.3,1149.3,135000
ICICIBANK-EQ_2024-04-10_13-55-00.png,2024-04-10_13-55-00,1110.5,1112.9,1110.1,1112.3,83398.0,1109.58,1113.42,1105.75,1109.25,1111.85,1103.35,1107.12,1149.3,1147.11,1147.11,1147.11,135500
ICICIBANK-EQ_2024-04-10_14-00-00.png,2024-04-10_14-00-00,1112.3,1112.5,1110.6,1110.65,76052.0,1109.67,1113.52,1105.82,1106.65,1110.75,1106.65,1109.55,1147.11,1149.3,1149.3,1149.3,140000
ICICIBANK-EQ_2024-04-10_14-05-00.png,2024-04-10_14-05-00,1110.65,1111.35,1109.4,1109.7,80980.0,1109.75,1113.53,1105.96,1109.45,1109.85,1108.3,1109.14,1149.3,1151.49,1151.49,1151.49,140500
ICICIBANK-EQ_2024-04-10_14-10-00.png,2024-04-10_14-10-00,1109.7,1110.0,1108.3,1108.9,106920.0,1109.75,1113.53,1105.98,1109.2,1109.55,1108.0,1108.71,1151.49,1153.67,1153.67,1153.67,141000
ICICIBANK-EQ_2024-04-10_14-15-00.png,2024-04-10_14-15-00,1108.9,1111.0,1108.65,1110.95,124094.0,1109.95,1113.54,1106.35,1108.65,1109.5,1106.45,1108.29,1153.67,1151.49,1151.49,1151.49,141500
ICICIBANK-EQ_2024-04-10_14-20-00.png,2024-04-10_14-20-00,1110.95,1111.05,1108.15,1108.5,70466.0,1110.01,1113.46,1106.56,1108.6,1110.2,1108.0,1109.2,1151.49,1149.3,1149.3,1149.3,142000
ICICIBANK-EQ_2024-04-10_14-25-00.png,2024-04-10_14-25-00,1108.5,1109.0,1107.6,1107.75,72911.0,1110.06,1113.33,1106.78,1109.3,1109.9,1104.55,1107.11,1149.3,1147.11,1147.11,1147.11,142500
ICICIBANK-EQ_2024-04-10_14-30-00.png,2024-04-10_14-30-00,1107.75,1110.35,1106.25,1109.5,178394.0,1110.24,1112.9,1107.57,1107.0,1107.0,1102.55,1104.51,1147.11,1144.92,1144.92,1144.92,143000
ICICIBANK-EQ_2024-04-10_14-35-00.png,2024-04-10_14-35-00,1109.5,1110.1,1106.7,1107.35,130975.0,1110.23,1112.92,1107.53,1104.53,1105.75,1102.55,1104.25,1144.92,1142.73,1142.73,1142.73,143500
ICICIBANK-EQ_2024-04-10_14-40-00.png,2024-04-10_14-40-00,1107.35,1109.45,1107.0,1108.8,84733.0,1110.2,1112.95,1107.44,1104.35,1105.15,1103.0,1104.0,1142.73,1140.54,1140.54,1140.54,144000
ICICIBANK-EQ_2024-04-10_14-45-00.png,2024-04-10_14-45-00,1108.75,1108.75,1107.0,1107.55,94469.0,1110.07,1113.07,1107.08,1103.92,1105.6,1102.2,1103.7,1140.54,1142.73,1142.73,1142.73,144500
ICICIBANK-EQ_2024-04-10_14-50-00.png,2024-04-10_14-50-00,1107.45,1108.8,1107.15,1108.05,169653.0,1109.96,1113.08,1106.83,1103.5,1105.0,1102.85,1103.62,1142.73,1144.92,1144.92,1144.92,145000
ICICIBANK-EQ_2024-04-10_14-55-00.png,2024-04-10_14-55-00,1108.05,1108.6,1107.05,1107.65,228274.0,1109.76,1112.95,1106.57,1103.32,1104.1,1102.4,1103.15,1144.92,1147.11,1147.11,1147.11,145500
ICICIBANK-EQ_2024-04-10_15-00-00.png,2024-04-10_15-00-00,1107.35,1110.05,1106.6,1109.65,839078.0,1109.66,1112.73,1106.6,1103.05,1104.0,1101.1,1102.52,1147.11,1149.3,1149.3,1149.3,150000
ICICIBANK-EQ_2024-04-10_15-05-00.png,2024-04-10_15-05-00,1109.8,1110.85,1109.1,1110.75,799809.0,1109.62,1112.61,1106.64,1102.5,1102.8,1101.2,1102.01,1149.3,1151.49,1151.49,1151.49,150500
ICICIBANK-EQ_2024-04-10_15-10-00.png,2024-04-10_15-10-00,1110.65,1111.0,1109.2,1110.55,707437.0,1109.58,1112.48,1106.68,1102.03,1103.0,1101.8,1102.22,1151.49,1149.3,1149.3,1149.3,151000
ICICIBANK-EQ_2024-04-10_15-15-00.png,2024-04-10_15-15-00,1110.75,1110.75,1108.65,1109.35,593763.0,1109.49,1112.29,1106.69,1102.05,1103.0,1101.6,1102.12,1149.3,1147.11,1147.11,1147.11,151500
ICICIBANK-EQ_2024-04-10_15-20-00.png,2024-04-10_15-20-00,1109.35,1110.0,1108.3,1109.75,394681.0,1109.42,1112.1,1106.73,1101.95,1102.45,1101.5,1102.06,1147.11,1149.3,1149.3,1149.3,152000
ICICIBANK-EQ_2024-04-10_15-25-00.png,2024-04-10_15-25-00,1109.7,1110.0,1108.05,1108.8,259868.0,1109.35,1112.03,1106.67,1102.15,1102.95,1101.1,1101.85,1149.3,1151.49,1151.49,1151.49,152500
ICICIBANK-EQ_2024-04-12_09-15-00.png,2024-04-12_09-15-00,1103.5,1111.85,1103.35,1109.8,315372.0,1109.32,1111.94,1106.69,1101.68,1102.25,1101.1,1101.56,1151.49,1153.67,1153.67,1153.67,91500
ICICIBANK-EQ_2024-04-12_09-20-00.png,2024-04-12_09-20-00,1109.7,1110.75,1108.55,1109.2,158925.0,1109.16,1111.38,1106.94,1101.45,1102.4,1101.3,1101.81,1153.67,1151.49,1151.49,1151.49,92000
ICICIBANK-EQ_2024-04-12_09-25-00.png,2024-04-12_09-25-00,1109.2,1109.85,1108.3,1109.2,173116.0,1109.09,1111.2,1106.98,1101.78,1102.0,1101.5,1101.84,1151.49,1149.3,1149.3,1149.3,92500
ICICIBANK-EQ_2024-04-12_09-30-00.png,2024-04-12_09-30-00,1109.3,1109.55,1108.0,1108.0,156639.0,1109.0,1111.14,1106.86,1101.93,1102.55,1101.7,1102.05,1149.3,1151.49,1151.49,1151.49,93000
ICICIBANK-EQ_2024-04-12_09-35-00.png,2024-04-12_09-35-00,1108.0,1109.5,1106.45,1109.2,226317.0,1109.02,1111.16,1106.87,1101.97,1102.0,1101.15,1101.72,1151.49,1153.67,1153.67,1153.67,93500
ICICIBANK-EQ_2024-04-12_09-40-00.png,2024-04-12_09-40-00,1109.3,1110.2,1108.0,1109.3,567070.0,1108.94,1110.88,1106.99,1101.88,1104.5,1101.7,1102.7,1153.67,1151.49,1151.49,1151.49,94000
ICICIBANK-EQ_2024-04-12_09-45-00.png,2024-04-12_09-45-00,1109.2,1109.9,1104.55,1104.8,406955.0,1108.75,1111.44,1106.06,1102.3,1103.5,1102.3,1102.85,1151.49,1149.3,1149.3,1149.3,94500
ICICIBANK-EQ_2024-04-12_09-50-00.png,2024-04-12_09-50-00,1104.85,1106.45,1102.55,1104.2,236894.0,1108.57,1111.92,1105.22,1102.7,1102.85,1102.0,1102.41,1149.3,1147.11,1147.11,1147.11,95000
ICICIBANK-EQ_2024-04-12_09-55-00.png,2024-04-12_09-55-00,1104.2,1105.75,1102.55,1104.5,194791.0,1108.32,1112.1,1104.54,1102.4,1102.4,1101.1,1101.97,1147.11,1144.92,1144.92,1144.92,95500
ICICIBANK-EQ_2024-04-12_10-00-00.png,2024-04-12_10-00-00,1104.6,1105.15,1103.0,1103.25,173454.0,1108.12,1112.51,1103.72,1102.22,1103.0,1102.1,1102.54,1144.92,1147.11,1147.11,1147.11,100000
ICICIBANK-EQ_2024-04-12_10-05-00.png,2024-04-12_10-05-00,1103.75,1105.6,1102.2,1103.25,270927.0,1107.84,1112.73,1102.95,1102.53,1103.25,1102.53,1102.88,1147.11,1144.92,1144.92,1144.92,100500
ICICIBANK-EQ_2024-04-12_10-10-00.png,2024-04-12_10-10-00,1103.3,1105.0,1102.85,1103.35,152674.0,1107.63,1112.91,1102.35,1102.85,1104.0,1102.85,1103.22,1144.92,1147.11,1147.11,1147.11,101000
ICICIBANK-EQ_2024-04-12_10-15-00.png,2024-04-12_10-15-00,1103.35,1104.1,1102.4,1102.75,133322.0,1107.36,1113.07,1101.66,1103.03,1103.65,1102.75,1103.1,1147.11,1144.92,1144.92,1144.92,101500
ICICIBANK-EQ_2024-04-12_10-20-00.png,2024-04-12_10-20-00,1103.2,1104.0,1101.1,1101.8,198886.0,1107.07,1113.3,1100.85,1103.0,1103.65,1102.0,1102.91,1144.92,1147.11,1147.11,1147.11,102000
ICICIBANK-EQ_2024-04-12_10-25-00.png,2024-04-12_10-25-00,1101.8,1102.8,1101.2,1102.25,110353.0,1106.7,1113.16,1100.25,1103.0,1103.85,1103.0,1103.44,1147.11,1149.3,1149.3,1149.3,102500
ICICIBANK-EQ_2024-04-12_10-30-00.png,2024-04-12_10-30-00,1102.2,1103.0,1101.8,1101.9,74073.0,1106.26,1112.76,1099.76,1103.45,1104.0,1103.45,1103.71,1149.3,1147.11,1147.11,1147.11,103000
ICICIBANK-EQ_2024-04-12_10-35-00.png,2024-04-12_10-35-00,1101.9,1103.0,1101.6,1102.0,64391.0,1105.83,1112.27,1099.4,1103.68,1104.0,1103.1,1103.7,1147.11,1149.3,1149.3,1149.3,103500
ICICIBANK-EQ_2024-04-12_10-40-00.png,2024-04-12_10-40-00,1102.0,1102.45,1101.5,1102.3,94151.0,1105.48,1111.88,1099.08,1103.85,1104.0,1097.65,1101.38,1149.3,1147.11,1147.11,1147.11,104000
ICICIBANK-EQ_2024-04-12_10-45-00.png,2024-04-12_10-45-00,1102.1,1102.95,1101.1,1101.25,76247.0,1105.05,1111.39,1098.72,1101.93,1101.93,1099.0,1099.94,1147.11,1149.3,1149.3,1149.3,104500
ICICIBANK-EQ_2024-04-12_10-50-00.png,2024-04-12_10-50-00,1101.25,1102.25,1101.1,1101.65,49871.0,1104.7,1110.95,1098.45,1099.9,1100.25,1098.4,1099.54,1149.3,1147.11,1147.11,1147.11,105000
ICICIBANK-EQ_2024-04-12_10-55-00.png,2024-04-12_10-55-00,1101.65,1102.4,1101.3,1101.9,46900.0,1104.3,1110.18,1098.42,1099.75,1101.5,1099.05,1100.38,1147.11,1144.92,1144.92,1144.92,105500
ICICIBANK-EQ_2024-04-12_11-00-00.png,2024-04-12_11-00-00,1101.95,1102.0,1101.5,1101.9,43637.0,1103.94,1109.43,1098.45,1100.47,1101.3,1097.65,1099.61,1144.92,1142.73,1142.73,1142.73,110000
ICICIBANK-EQ_2024-04-12_11-05-00.png,2024-04-12_11-05-00,1101.95,1102.55,1101.7,1102.0,107513.0,1103.58,1108.53,1098.62,1099.75,1099.75,1096.8,1098.09,1142.73,1144.92,1144.92,1144.92,110500
ICICIBANK-EQ_2024-04-12_11-10-00.png,2024-04-12_11-10-00,1101.95,1102.0,1101.15,1101.8,47703.0,1103.27,1107.82,1098.72,1098.28,1098.5,1097.05,1097.86,1144.92,1147.11,1147.11,1147.11,111000
ICICIBANK-EQ_2024-04-12_11-15-00.png,2024-04-12_11-15-00,1101.85,1104.5,1101.7,1102.75,246147.0,1102.94,1106.54,1099.35,1097.95,1099.3,1096.7,1098.18,1147.11,1144.92,1144.92,1144.92,111500
ICICIBANK-EQ_2024-04-12_11-20-00.png,2024-04-12_11-20-00,1102.8,1103.5,1102.5,1102.6,58443.0,1102.61,1104.6,1100.62,1098.35,1099.3,1097.95,1098.85,1144.92,1147.11,1147.11,1147.11,112000
ICICIBANK-EQ_2024-04-12_11-25-00.png,2024-04-12_11-25-00,1102.6,1102.85,1102.0,1102.2,56366.0,1102.48,1104.19,1100.77,1099.08,1099.95,1096.9,1098.25,1147.11,1144.92,1144.92,1144.92,112500
ICICIBANK-EQ_2024-04-12_11-30-00.png,2024-04-12_11-30-00,1102.2,1102.35,1101.1,1102.25,39478.0,1102.38,1103.89,1100.87,1098.08,1098.2,1095.8,1097.08,1144.92,1142.73,1142.73,1142.73,113000
ICICIBANK-EQ_2024-04-12_11-35-00.png,2024-04-12_11-35-00,1102.2,1103.0,1102.1,1102.85,28027.0,1102.3,1103.46,1101.14,1097.15,1098.75,1097.05,1097.8,1142.73,1140.54,1140.54,1140.54,113500
ICICIBANK-EQ_2024-04-12_11-40-00.png,2024-04-12_11-40-00,1102.7,1103.25,1102.55,1103.0,50171.0,1102.29,1103.41,1101.16,1097.7,1099.0,1097.55,1098.44,1140.54,1138.35,1138.35,1138.35,114000
ICICIBANK-EQ_2024-04-12_11-45-00.png,2024-04-12_11-45-00,1102.85,1104.0,1102.85,1103.2,37612.0,1102.29,1103.4,1101.17,1098.6,1099.9,1098.55,1099.26,1138.35,1136.16,1136.16,1136.16,114500
ICICIBANK-EQ_2024-04-12_11-50-00.png,2024-04-12_11-50-00,1103.2,1103.65,1102.75,1102.8,27611.0,1102.26,1103.28,1101.23,1099.3,1101.35,1099.25,1100.26,1136.16,1133.97,1133.97,1133.97,115000
ICICIBANK-EQ_2024-04-12_11-55-00.png,2024-04-12_11-55-00,1102.75,1103.65,1102.0,1103.25,35734.0,1102.28,1103.38,1101.18,1100.22,1101.55,1100.22,1101.01,1133.97,1136.16,1136.16,1136.16,115500
ICICIBANK-EQ_2024-04-12_12-00-00.png,2024-04-12_12-00-00,1103.3,1103.85,1103.0,1103.6,37213.0,1102.37,1103.59,1101.15,1101.12,1101.45,1099.85,1100.81,1136.16,1138.35,1138.35,1138.35,120000
ICICIBANK-EQ_2024-04-12_12-05-00.png,2024-04-12_12-05-00,1103.55,1104.0,1103.5,1103.8,51819.0,1102.45,1103.83,1101.07,1100.97,1100.97,1100.0,1100.41,1138.35,1136.16,1136.16,1136.16,120500
ICICIBANK-EQ_2024-04-12_12-10-00.png,2024-04-12_12-10-00,1103.8,1104.0,1103.1,1103.9,42148.0,1102.55,1104.04,1101.06,1100.47,1101.4,1099.3,1100.4,1136.16,1138.35,1138.35,1138.35,121000
ICICIBANK-EQ_2024-04-12_12-15-00.png,2024-04-12_12-15-00,1103.9,1104.0,1097.65,1099.95,412888.0,1102.45,1104.33,1100.57,1100.45,1101.95,1100.45,1101.22,1138.35,1136.16,1136.16,1136.16,121500
ICICIBANK-EQ_2024-04-12_12-20-00.png,2024-04-12_12-20-00,1099.9,1100.95,1099.0,1099.9,75249.0,1102.33,1104.53,1100.13,1101.22,1102.75,1100.85,1101.89,1136.16,1138.35,1138.35,1138.35,122000
ICICIBANK-EQ_2024-04-12_12-25-00.png,2024-04-12_12-25-00,1099.85,1100.25,1098.4,1099.65,70692.0,1102.25,1104.71,1099.78,1101.97,1102.45,1100.95,1101.7,1138.35,1136.16,1136.16,1136.16,122500
ICICIBANK-EQ_2024-04-12_12-30-00.png,2024-04-12_12-30-00,1099.65,1101.5,1099.05,1101.3,72952.0,1102.23,1104.72,1099.74,1101.7,1101.7,1100.3,1100.94,1136.16,1138.35,1138.35,1138.35,123000
ICICIBANK-EQ_2024-04-12_12-35-00.png,2024-04-12_12-35-00,1101.25,1101.3,1097.65,1098.25,176108.0,1102.05,1105.11,1098.99,1100.95,1101.25,1099.5,1100.45,1138.35,1140.54,1140.54,1140.54,123500
ICICIBANK-EQ_2024-04-12_12-40-00.png,2024-04-12_12-40-00,1098.35,1099.0,1096.8,1098.2,219502.0,1101.86,1105.37,1098.35,1100.53,1101.55,1099.95,1100.49,1140.54,1138.35,1138.35,1138.35,124000
ICICIBANK-EQ_2024-04-12_12-45-00.png,2024-04-12_12-45-00,1098.2,1098.5,1097.05,1097.7,94152.0,1101.65,1105.62,1097.67,1100.22,1101.0,1099.8,1100.45,1138.35,1136.16,1136.16,1136.16,124500
ICICIBANK-EQ_2024-04-12_12-50-00.png,2024-04-12_12-50-00,1097.7,1099.3,1096.7,1099.0,82159.0,1101.51,1105.65,1097.36,1100.5,1102.1,1100.45,1101.12,1136.16,1138.35,1138.35,1138.35,125000
ICICIBANK-EQ_2024-04-12_12-55-00.png,2024-04-12_12-55-00,1099.0,1099.3,1097.95,1099.15,62021.0,1101.33,1105.56,1097.1,1100.97,1103.4,1100.97,1102.29,1138.35,1140.54,1140.54,1140.54,125500
ICICIBANK-EQ_2024-04-12_13-00-00.png,2024-04-12_13-00-00,1099.0,1099.95,1096.9,1097.15,386719.0,1101.05,1105.63,1096.48,1102.18,1104.0,1101.75,1103.1,1140.54,1142.73,1142.73,1142.73,130000
ICICIBANK-EQ_2024-04-12_13-05-00.png,2024-04-12_13-05-00,1097.05,1098.2,1095.8,1097.25,335346.0,1100.81,1105.65,1095.97,1103.32,1104.0,1101.3,1102.76,1142.73,1140.54,1140.54,1140.54,130500
ICICIBANK-EQ_2024-04-12_13-10-00.png,2024-04-12_13-10-00,1097.2,1098.75,1097.05,1098.2,83009.0,1100.6,1105.53,1095.68,1102.88,1102.88,1100.85,1101.62,1140.54,1142.73,1142.73,1142.73,131000
ICICIBANK-EQ_2024-04-12_13-15-00.png,2024-04-12_13-15-00,1098.2,1099.0,1097.55,1099.0,40650.0,1100.41,1105.27,1095.56,1101.53,1103.9,1101.53,1102.54,1142.73,1140.54,1140.54,1140.54,131500
ICICIBANK-EQ_2024-04-12_13-20-00.png,2024-04-12_13-20-00,1099.0,1099.9,1098.55,1099.6,37729.0,1100.24,1104.95,1095.53,1102.35,1104.0,1102.25,1103.22,1140.54,1138.35,1138.35,1138.35,132000
ICICIBANK-EQ_2024-04-12_13-25-00.png,2024-04-12_13-25-00,1099.6,1101.35,1099.25,1100.85,40617.0,1100.12,1104.64,1095.61,1103.32,1104.05,1101.7,1103.29,1138.35,1140.54,1140.54,1140.54,132500
ICICIBANK-EQ_2024-04-12_13-30-00.png,2024-04-12_13-30-00,1100.95,1101.55,1100.25,1101.3,37266.0,1100.05,1104.42,1095.68,1103.7,1105.6,1103.7,1104.47,1140.54,1138.35,1138.35,1138.35,133000
ICICIBANK-EQ_2024-04-12_13-35-00.png,2024-04-12_13-35-00,1101.3,1101.45,1099.85,1100.65,44918.0,1099.92,1104.04,1095.8,1104.3,1105.15,1103.9,1104.65,1138.35,1140.54,1140.54,1140.54,133500
ICICIBANK-EQ_2024-04-12_13-40-00.png,2024-04-12_13-40-00,1100.65,1100.7,1100.0,1100.3,60839.0,1099.76,1103.5,1096.01,1104.78,1105.65,1104.3,1105.04,1140.54,1138.35,1138.35,1138.35,134000
ICICIBANK-EQ_2024-04-12_13-45-00.png,2024-04-12_13-45-00,1100.4,1101.4,1099.3,1100.5,106034.0,1099.59,1102.84,1096.34,1105.1,1105.55,1104.0,1104.88,1138.35,1140.54,1140.54,1140.54,134500
ICICIBANK-EQ_2024-04-12_13-50-00.png,2024-04-12_13-50-00,1100.75,1101.95,1100.5,1101.7,77761.0,1099.48,1102.23,1096.73,1104.97,1105.35,1101.8,1103.72,1140.54,1138.35,1138.35,1138.35,135000
ICICIBANK-EQ_2024-04-12_13-55-00.png,2024-04-12_13-55-00,1101.7,1102.75,1100.85,1102.25,99857.0,1099.59,1102.61,1096.58,1103.88,1106.15,1095.35,1100.68,1138.35,1140.54,1140.54,1140.54,135500
ICICIBANK-EQ_2024-04-12_14-00-00.png,2024-04-12_14-00-00,1102.25,1102.45,1100.95,1101.15,99589.0,1099.66,1102.75,1096.57,1100.6,1101.85,1095.1,1098.44,1140.54,1142.73,1142.73,1142.73,140000
ICICIBANK-EQ_2024-04-12_14-05-00.png,2024-04-12_14-05-00,1101.25,1101.55,1100.3,1100.65,101088.0,1099.71,1102.83,1096.59,1098.4,1098.4,1095.35,1096.04,1142.73,1144.92,1144.92,1144.92,140500
ICICIBANK-EQ_2024-04-12_14-10-00.png,2024-04-12_14-10-00,1100.55,1101.25,1099.5,1100.5,47797.0,1099.67,1102.72,1096.61,1095.9,1097.0,1095.0,1095.96,1144.92,1147.11,1147.11,1147.11,141000
ICICIBANK-EQ_2024-04-12_14-15-00.png,2024-04-12_14-15-00,1100.35,1101.55,1099.95,1100.1,81311.0,1099.76,1102.74,1096.78,1095.93,1097.4,1093.0,1094.98,1147.11,1149.3,1149.3,1149.3,141500
ICICIBANK-EQ_2024-04-12_14-20-00.png,2024-04-12_14-20-00,1100.25,1101.0,1099.8,1100.75,109674.0,1099.89,1102.81,1096.97,1094.75,1094.75,1090.6,1092.31,1149.3,1151.49,1151.49,1151.49,142000
ICICIBANK-EQ_2024-04-12_14-25-00.png,2024-04-12_14-25-00,1100.7,1102.1,1100.45,1101.25,60415.0,1100.06,1102.86,1097.27,1092.6,1092.6,1089.2,1090.99,1151.49,1153.67,1153.67,1153.67,142500
ICICIBANK-EQ_2024-04-12_14-30-00.png,2024-04-12_14-30-00,1101.45,1103.4,1101.4,1102.9,127438.0,1100.26,1103.27,1097.25,1091.47,1091.9,1090.25,1091.11,1153.67,1151.49,1151.49,1151.49,143000
ICICIBANK-EQ_2024-04-12_14-35-00.png,2024-04-12_14-35-00,1102.9,1104.0,1101.75,1103.75,90167.0,1100.49,1103.83,1097.15,1091.15,1092.25,1090.0,1090.96,1151.49,1149.3,1149.3,1149.3,143500
ICICIBANK-EQ_2024-04-12_14-40-00.png,2024-04-12_14-40-00,1103.9,1104.0,1101.3,1101.85,286348.0,1100.72,1103.72,1097.73,1090.8,1091.45,1088.75,1090.01,1149.3,1147.11,1147.11,1147.11,144000
ICICIBANK-EQ_2024-04-12_14-45-00.png,2024-04-12_14-45-00,1101.55,1102.6,1100.85,1101.5,400454.0,1100.94,1103.46,1098.41,1089.92,1090.0,1088.55,1089.21,1147.11,1144.92,1144.92,1144.92,144500
ICICIBANK-EQ_2024-04-12_14-50-00.png,2024-04-12_14-50-00,1101.9,1103.9,1101.55,1102.8,318396.0,1101.17,1103.47,1098.87,1089.15,1089.15,1086.9,1087.97,1144.92,1142.73,1142.73,1142.73,145000
ICICIBANK-EQ_2024-04-12_14-55-00.png,2024-04-12_14-55-00,1103.3,1104.0,1102.25,1103.35,282953.0,1101.38,1103.64,1099.13,1087.95,1088.9,1086.7,1087.69,1142.73,1144.92,1144.92,1144.92,145500
ICICIBANK-EQ_2024-04-12_15-00-00.png,2024-04-12_15-00-00,1103.35,1104.05,1101.7,1104.05,520438.0,1101.61,1104.0,1099.22,1087.58,1088.45,1085.6,1086.89,1144.92,1147.11,1147.11,1147.11,150000
ICICIBANK-EQ_2024-04-12_15-05-00.png,2024-04-12_15-05-00,1104.05,1105.6,1103.7,1104.55,564539.0,1101.79,1104.49,1099.09,1086.75,1086.75,1085.6,1085.89,1147.11,1149.3,1149.3,1149.3,150500
ICICIBANK-EQ_2024-04-12_15-10-00.png,2024-04-12_15-10-00,1104.55,1105.15,1103.9,1105.0,401462.0,1101.98,1105.02,1098.94,1085.8,1086.45,1085.2,1085.9,1149.3,1151.49,1151.49,1151.49,151000
ICICIBANK-EQ_2024-04-12_15-15-00.png,2024-04-12_15-15-00,1104.95,1105.65,1104.3,1105.25,400283.0,1102.21,1105.51,1098.9,1085.97,1086.55,1085.2,1085.74,1151.49,1153.67,1153.67,1153.67,151500
ICICIBANK-EQ_2024-04-12_15-20-00.png,2024-04-12_15-20-00,1105.25,1105.55,1104.0,1104.7,452330.0,1102.43,1105.78,1099.07,1085.6,1086.55,1085.2,1085.77,1153.67,1155.86,1155.86,1155.86,152000
ICICIBANK-EQ_2024-04-12_15-25-00.png,2024-04-12_15-25-00,1104.75,1105.35,1101.8,1103.0,408159.0,1102.55,1105.79,1099.32,1085.68,1086.95,1085.5,1086.15,1155.86,1153.67,1153.67,1153.67,152500
ICICIBANK-EQ_2024-04-15_09-15-00.png,2024-04-15_09-15-00,1100.2,1106.15,1095.35,1101.0,666506.0,1102.52,1105.81,1099.23,1086.08,1086.35,1085.5,1085.91,1153.67,1155.86,1155.86,1155.86,91500
ICICIBANK-EQ_2024-04-15_09-20-00.png,2024-04-15_09-20-00,1100.95,1101.85,1095.1,1095.85,360356.0,1102.2,1106.64,1097.76,1085.9,1089.4,1085.8,1087.6,1155.86,1153.67,1153.67,1153.67,92000
ICICIBANK-EQ_2024-04-15_09-25-00.png,2024-04-15_09-25-00,1095.85,1097.0,1095.35,1095.95,209034.0,1101.94,1107.18,1096.7,1087.6,1089.4,1087.6,1089.06,1153.67,1151.49,1151.49,1151.49,92500
ICICIBANK-EQ_2024-04-15_09-30-00.png,2024-04-15_09-30-00,1095.65,1097.0,1095.0,1096.2,150893.0,1101.71,1107.53,1095.9,1089.3,1089.4,1088.3,1088.88,1151.49,1149.3,1149.3,1149.3,93000
ICICIBANK-EQ_2024-04-15_09-35-00.png,2024-04-15_09-35-00,1096.2,1097.4,1093.0,1093.3,158885.0,1101.36,1108.27,1094.44,1088.9,1089.4,1088.1,1088.59,1149.3,1147.11,1147.11,1147.11,93500
ICICIBANK-EQ_2024-04-15_09-40-00.png,2024-04-15_09-40-00,1093.4,1093.45,1090.6,1091.8,110561.0,1100.94,1109.07,1092.81,1088.43,1088.65,1087.1,1087.9,1147.11,1144.92,1144.92,1144.92,94000
ICICIBANK-EQ_2024-04-15_09-45-00.png,2024-04-15_09-45-00,1091.65,1091.8,1089.2,1091.3,128765.0,1100.47,1109.67,1091.27,1087.93,1087.93,1086.15,1086.95,1144.92,1142.73,1142.73,1142.73,94500
ICICIBANK-EQ_2024-04-15_09-50-00.png,2024-04-15_09-50-00,1091.3,1091.9,1090.25,1091.0,69474.0,1099.96,1110.07,1089.84,1087.0,1087.2,1086.0,1086.45,1142.73,1144.92,1144.92,1144.92,95000
ICICIBANK-EQ_2024-04-15_09-55-00.png,2024-04-15_09-55-00,1090.85,1092.25,1090.0,1090.75,151814.0,1099.35,1110.15,1088.54,1086.3,1086.35,1085.2,1085.81,1144.92,1142.73,1142.73,1142.73,95500
ICICIBANK-EQ_2024-04-15_10-00-00.png,2024-04-15_10-00-00,1090.75,1091.45,1088.75,1089.1,103187.0,1098.62,1110.13,1087.1,1085.85,1086.4,1085.25,1085.96,1142.73,1140.54,1140.54,1140.54,100000
ICICIBANK-EQ_2024-04-15_10-05-00.png,2024-04-15_10-05-00,1089.2,1090.0,1088.55,1089.1,101781.0,1097.98,1110.13,1085.83,1086.1,1086.35,1085.25,1085.76,1140.54,1142.73,1142.73,1142.73,100500
ICICIBANK-EQ_2024-04-15_10-10-00.png,2024-04-15_10-10-00,1088.65,1089.1,1086.9,1087.25,146944.0,1097.26,1110.19,1084.34,1085.72,1085.72,1084.15,1084.82,1142.73,1140.54,1140.54,1140.54,101000
ICICIBANK-EQ_2024-04-15_10-15-00.png,2024-04-15_10-15-00,1087.25,1088.9,1086.7,1087.9,67579.0,1096.52,1109.82,1083.22,1084.9,1084.95,1083.1,1084.09,1140.54,1138.35,1138.35,1138.35,101500
ICICIBANK-EQ_2024-04-15_10-20-00.png,2024-04-15_10-20-00,1087.9,1088.45,1085.6,1085.6,158106.0,1095.63,1109.37,1081.89,1084.15,1084.15,1083.3,1083.64,1138.35,1140.54,1140.54,1140.54,102000
ICICIBANK-EQ_2024-04-15_10-25-00.png,2024-04-15_10-25-00,1085.6,1086.35,1085.6,1086.0,111693.0,1094.73,1108.51,1080.95,1083.55,1083.85,1082.15,1083.19,1140.54,1142.73,1142.73,1142.73,102500
ICICIBANK-EQ_2024-04-15_10-30-00.png,2024-04-15_10-30-00,1086.05,1086.45,1085.2,1085.9,90012.0,1093.8,1107.3,1080.29,1083.38,1083.7,1083.0,1083.35,1142.73,1140.54,1140.54,1140.54,103000
ICICIBANK-EQ_2024-04-15_10-35-00.png,2024-04-15_10-35-00,1085.85,1086.55,1085.2,1085.35,78747.0,1092.82,1105.74,1079.89,1083.35,1084.9,1083.0,1083.85,1140.54,1142.73,1142.73,1142.73,103500
ICICIBANK-EQ_2024-04-15_10-40-00.png,2024-04-15_10-40-00,1085.35,1086.55,1085.2,1086.0,246066.0,1091.85,1103.7,1080.01,1083.75,1084.35,1083.05,1083.76,1142.73,1140.54,1140.54,1140.54,104000
ICICIBANK-EQ_2024-04-15_10-45-00.png,2024-04-15_10-45-00,1086.25,1086.95,1085.5,1085.9,251133.0,1090.91,1101.37,1080.46,1083.82,1084.45,1083.0,1083.55,1140.54,1142.73,1142.73,1142.73,104500
ICICIBANK-EQ_2024-04-15_10-50-00.png,2024-04-15_10-50-00,1086.0,1086.35,1085.5,1085.8,111540.0,1090.05,1099.05,1081.06,1083.38,1083.45,1083.0,1083.15,1142.73,1140.54,1140.54,1140.54,105000
ICICIBANK-EQ_2024-04-15_10-55-00.png,2024-04-15_10-55-00,1085.8,1089.4,1085.8,1089.4,352628.0,1089.47,1096.84,1082.1,1083.07,1083.15,1082.8,1083.0,1140.54,1138.35,1138.35,1138.35,105500
ICICIBANK-EQ_2024-04-15_11-00-00.png,2024-04-15_11-00-00,1089.4,1089.4,1088.25,1089.2,65959.0,1089.14,1095.87,1082.41,1083.03,1084.15,1082.85,1083.28,1138.35,1140.54,1140.54,1140.54,110000
ICICIBANK-EQ_2024-04-15_11-05-00.png,2024-04-15_11-05-00,1089.15,1089.4,1088.3,1088.65,53462.0,1088.78,1094.69,1082.86,1083.05,1083.65,1083.0,1083.31,1140.54,1138.35,1138.35,1138.35,110500
ICICIBANK-EQ_2024-04-15_11-10-00.png,2024-04-15_11-10-00,1088.65,1089.4,1088.1,1088.2,54447.0,1088.38,1093.15,1083.6,1083.3,1084.0,1083.3,1083.6,1138.35,1140.54,1140.54,1140.54,111000
ICICIBANK-EQ_2024-04-15_11-15-00.png,2024-04-15_11-15-00,1088.2,1088.65,1087.1,1087.65,56551.0,1088.09,1092.28,1083.91,1083.55,1083.75,1082.55,1083.2,1140.54,1142.73,1142.73,1142.73,111500
ICICIBANK-EQ_2024-04-15_11-20-00.png,2024-04-15_11-20-00,1087.45,1087.65,1086.15,1086.55,39981.0,1087.83,1091.68,1083.98,1083.25,1083.3,1082.5,1082.75,1142.73,1140.54,1140.54,1140.54,112000
ICICIBANK-EQ_2024-04-15_11-25-00.png,2024-04-15_11-25-00,1086.5,1087.2,1086.0,1086.1,63485.0,1087.57,1091.12,1084.02,1082.6,1082.65,1081.55,1082.21,1140.54,1142.73,1142.73,1142.73,112500
ICICIBANK-EQ_2024-04-15_11-30-00.png,2024-04-15_11-30-00,1086.1,1086.35,1085.2,1085.6,53013.0,1087.3,1090.57,1084.03,1082.32,1084.05,1082.0,1083.02,1142.73,1144.92,1144.92,1144.92,113000
ICICIBANK-EQ_2024-04-15_11-35-00.png,2024-04-15_11-35-00,1085.8,1086.4,1085.25,1086.4,53952.0,1087.08,1089.93,1084.23,1083.03,1084.05,1082.5,1083.4,1144.92,1142.73,1142.73,1142.73,113500
ICICIBANK-EQ_2024-04-15_11-40-00.png,2024-04-15_11-40-00,1086.15,1086.35,1085.25,1085.3,33084.0,1086.89,1089.68,1084.1,1083.53,1083.55,1082.9,1083.15,1142.73,1144.92,1144.92,1144.92,114000
ICICIBANK-EQ_2024-04-15_11-45-00.png,2024-04-15_11-45-00,1085.3,1085.35,1084.15,1084.5,93388.0,1086.66,1089.45,1083.88,1083.08,1083.95,1082.65,1083.41,1144.92,1142.73,1142.73,1142.73,114500
ICICIBANK-EQ_2024-04-15_11-50-00.png,2024-04-15_11-50-00,1084.5,1084.95,1083.1,1083.8,60041.0,1086.49,1089.54,1083.44,1083.53,1084.35,1083.4,1083.97,1142.73,1140.54,1140.54,1140.54,115000
ICICIBANK-EQ_2024-04-15_11-55-00.png,2024-04-15_11-55-00,1083.8,1084.15,1083.3,1083.3,48499.0,1086.26,1089.54,1082.98,1084.08,1084.35,1083.8,1084.14,1140.54,1138.35,1138.35,1138.35,115500
ICICIBANK-EQ_2024-04-15_12-00-00.png,2024-04-15_12-00-00,1083.3,1083.85,1082.15,1083.45,104024.0,1086.15,1089.66,1082.65,1084.2,1084.35,1084.0,1084.14,1138.35,1140.54,1140.54,1140.54,120000
ICICIBANK-EQ_2024-04-15_12-05-00.png,2024-04-15_12-05-00,1083.45,1083.7,1083.0,1083.25,50387.0,1086.01,1089.75,1082.28,1084.1,1084.75,1083.55,1084.2,1140.54,1138.35,1138.35,1138.35,120500
ICICIBANK-EQ_2024-04-15_12-10-00.png,2024-04-15_12-10-00,1083.25,1084.9,1083.0,1084.25,60364.0,1085.93,1089.75,1082.11,1084.25,1084.75,1084.0,1084.45,1138.35,1140.54,1140.54,1140.54,121000
ICICIBANK-EQ_2024-04-15_12-15-00.png,2024-04-15_12-15-00,1084.25,1084.35,1083.05,1083.4,59387.0,1085.84,1089.82,1081.85,1084.53,1084.7,1083.45,1084.12,1140.54,1138.35,1138.35,1138.35,121500
ICICIBANK-EQ_2024-04-15_12-20-00.png,2024-04-15_12-20-00,1083.4,1084.45,1083.0,1083.35,42335.0,1085.7,1089.83,1081.57,1084.18,1084.18,1083.1,1083.55,1138.35,1136.16,1136.16,1136.16,122000
ICICIBANK-EQ_2024-04-15_12-25-00.png,2024-04-15_12-25-00,1083.1,1083.45,1083.0,1083.05,28139.0,1085.56,1089.86,1081.26,1083.47,1083.95,1082.65,1083.18,1136.16,1138.35,1138.35,1138.35,122500
ICICIBANK-EQ_2024-04-15_12-30-00.png,2024-04-15_12-30-00,1083.05,1083.15,1082.8,1083.0,38562.0,1085.42,1089.86,1080.98,1083.05,1083.3,1082.05,1082.62,1138.35,1136.16,1136.16,1136.16,123000
ICICIBANK-EQ_2024-04-15_12-35-00.png,2024-04-15_12-35-00,1082.9,1084.15,1082.85,1083.2,39943.0,1085.11,1089.24,1080.98,1082.58,1083.1,1082.05,1082.5,1136.16,1138.35,1138.35,1138.35,123500
ICICIBANK-EQ_2024-04-15_12-40-00.png,2024-04-15_12-40-00,1083.2,1083.65,1083.0,1083.4,36806.0,1084.82,1088.53,1081.11,1082.43,1083.55,1082.43,1082.94,1138.35,1140.54,1140.54,1140.54,124000
ICICIBANK-EQ_2024-04-15_12-45-00.png,2024-04-15_12-45-00,1083.35,1084.0,1083.3,1083.75,29377.0,1084.58,1087.84,1081.31,1082.85,1083.15,1082.5,1082.94,1140.54,1142.73,1142.73,1142.73,124500
ICICIBANK-EQ_2024-04-15_12-50-00.png,2024-04-15_12-50-00,1083.75,1083.75,1082.55,1082.75,46704.0,1084.3,1087.18,1081.42,1083.05,1083.55,1080.85,1082.36,1142.73,1140.54,1140.54,1140.54,125000
ICICIBANK-EQ_2024-04-15_12-55-00.png,2024-04-15_12-55-00,1082.6,1083.3,1082.5,1082.6,35955.0,1084.05,1086.56,1081.54,1082.53,1083.5,1081.55,1082.3,1140.54,1142.73,1142.73,1142.73,125500
ICICIBANK-EQ_2024-04-15_13-00-00.png,2024-04-15_13-00-00,1082.55,1082.65,1081.55,1082.1,66590.0,1083.83,1086.19,1081.47,1082.07,1082.5,1081.35,1081.96,1142.73,1140.54,1140.54,1140.54,130000
ICICIBANK-EQ_2024-04-15_13-05-00.png,2024-04-15_13-05-00,1082.1,1084.05,1082.0,1083.95,50007.0,1083.72,1085.82,1081.62,1082.0,1082.7,1080.15,1081.36,1140.54,1142.73,1142.73,1142.73,130500
ICICIBANK-EQ_2024-04-15_13-10-00.png,2024-04-15_13-10-00,1083.95,1084.05,1082.5,1083.1,65387.0,1083.6,1085.52,1081.67,1081.3,1081.95,1079.25,1080.39,1142.73,1140.54,1140.54,1140.54,131000
ICICIBANK-EQ_2024-04-15_13-15-00.png,2024-04-15_13-15-00,1083.0,1083.55,1082.9,1083.15,37813.0,1083.43,1084.84,1082.03,1080.18,1080.3,1078.6,1079.64,1140.54,1142.73,1142.73,1142.73,131500
ICICIBANK-EQ_2024-04-15_13-20-00.png,2024-04-15_13-20-00,1083.15,1083.95,1082.65,1083.9,41750.0,1083.36,1084.49,1082.24,1079.82,1080.0,1079.0,1079.45,1142.73,1140.54,1140.54,1140.54,132000
ICICIBANK-EQ_2024-04-15_13-25-00.png,2024-04-15_13-25-00,1083.9,1084.35,1083.4,1084.25,34842.0,1083.35,1084.43,1082.27,1079.4,1080.0,1076.6,1078.66,1140.54,1142.73,1142.73,1142.73,132500
ICICIBANK-EQ_2024-04-15_13-30-00.png,2024-04-15_13-30-00,1084.3,1084.35,1083.8,1084.1,36841.0,1083.37,1084.47,1082.26,1079.03,1080.0,1078.2,1079.1,1142.73,1144.92,1144.92,1144.92,133000
ICICIBANK-EQ_2024-04-15_13-35-00.png,2024-04-15_13-35-00,1084.1,1084.35,1084.0,1084.1,41906.0,1083.4,1084.56,1082.25,1079.1,1079.8,1078.1,1078.96,1144.92,1147.11,1147.11,1147.11,133500
ICICIBANK-EQ_2024-04-15_13-40-00.png,2024-04-15_13-40-00,1084.0,1084.75,1083.55,1084.5,89240.0,1083.46,1084.71,1082.2,1078.97,1079.2,1076.7,1078.24,1147.11,1144.92,1144.92,1144.92,134000
ICICIBANK-EQ_2024-04-15_13-45-00.png,2024-04-15_13-45-00,1084.55,1084.75,1084.0,1084.5,57192.0,1083.52,1084.85,1082.19,1078.53,1079.0,1077.6,1078.31,1144.92,1142.73,1142.73,1142.73,134500
ICICIBANK-EQ_2024-04-15_13-50-00.png,2024-04-15_13-50-00,1084.55,1084.7,1083.45,1083.8,71689.0,1083.5,1084.8,1082.2,1078.32,1078.4,1077.05,1077.75,1142.73,1140.54,1140.54,1140.54,135000
ICICIBANK-EQ_2024-04-15_13-55-00.png,2024-04-15_13-55-00,1083.8,1084.15,1083.1,1083.15,53920.0,1083.49,1084.79,1082.18,1077.78,1077.78,1068.05,1070.36,1140.54,1138.35,1138.35,1138.35,135500
ICICIBANK-EQ_2024-04-15_14-00-00.png,2024-04-15_14-00-00,1083.15,1083.95,1082.65,1082.95,162282.0,1083.47,1084.79,1082.14,1069.4,1070.6,1068.1,1069.09,1138.35,1140.54,1140.54,1140.54,140000
ICICIBANK-EQ_2024-04-15_14-05-00.png,2024-04-15_14-05-00,1082.9,1083.3,1082.05,1082.25,80786.0,1083.42,1084.85,1082.0,1068.82,1070.55,1068.82,1069.69,1140.54,1142.73,1142.73,1142.73,140500
ICICIBANK-EQ_2024-04-15_14-10-00.png,2024-04-15_14-10-00,1082.2,1083.1,1082.05,1082.65,67015.0,1083.41,1084.86,1081.95,1069.58,1069.8,1067.05,1068.8,1142.73,1144.92,1144.92,1144.92,141000
ICICIBANK-EQ_2024-04-15_14-15-00.png,2024-04-15_14-15-00,1082.65,1083.55,1082.5,1083.05,138978.0,1083.4,1084.86,1081.94,1069.18,1070.2,1068.25,1069.05,1144.92,1147.11,1147.11,1147.11,141500
ICICIBANK-EQ_2024-04-15_14-20-00.png,2024-04-15_14-20-00,1083.05,1083.15,1082.5,1083.05,92113.0,1083.38,1084.85,1081.91,1068.88,1070.95,1067.2,1069.11,1147.11,1149.3,1149.3,1149.3,142000
ICICIBANK-EQ_2024-04-15_14-25-00.png,2024-04-15_14-25-00,1083.0,1083.55,1080.85,1082.05,100651.0,1083.3,1084.87,1081.72,1069.15,1072.0,1069.0,1070.46,1149.3,1147.11,1147.11,1147.11,142500
ICICIBANK-EQ_2024-04-15_14-30-00.png,2024-04-15_14-30-00,1082.05,1083.5,1081.55,1082.1,217581.0,1083.26,1084.91,1081.62,1070.42,1073.8,1070.42,1072.51,1147.11,1149.3,1149.3,1149.3,143000
ICICIBANK-EQ_2024-04-15_14-35-00.png,2024-04-15_14-35-00,1082.1,1082.5,1081.35,1081.9,158099.0,1083.23,1084.96,1081.5,1072.42,1073.7,1071.4,1072.55,1149.3,1151.49,1151.49,1151.49,143500
ICICIBANK-EQ_2024-04-15_14-40-00.png,2024-04-15_14-40-00,1081.8,1082.7,1080.15,1080.8,237564.0,1083.16,1085.15,1081.18,1072.55,1072.55,1070.1,1071.16,1151.49,1153.67,1153.67,1153.67,144000
ICICIBANK-EQ_2024-04-15_14-45-00.png,2024-04-15_14-45-00,1080.8,1081.95,1079.25,1079.55,315652.0,1082.94,1085.47,1080.42,1071.05,1071.45,1069.15,1070.43,1153.67,1151.49,1151.49,1151.49,144500
ICICIBANK-EQ_2024-04-15_14-50-00.png,2024-04-15_14-50-00,1079.65,1080.3,1078.6,1080.0,291113.0,1082.79,1085.64,1079.94,1070.55,1071.2,1070.25,1070.76,1151.49,1149.3,1149.3,1149.3,145000
ICICIBANK-EQ_2024-04-15_14-55-00.png,2024-04-15_14-55-00,1079.6,1080.0,1079.0,1079.2,181477.0,1082.59,1085.85,1079.33,1070.8,1072.2,1070.25,1071.04,1149.3,1151.49,1151.49,1151.49,145500
ICICIBANK-EQ_2024-04-15_15-00-00.png,2024-04-15_15-00-00,1079.2,1080.0,1076.6,1078.85,781153.0,1082.34,1085.94,1078.74,1070.85,1073.25,1070.8,1071.84,1151.49,1153.67,1153.67,1153.67,150000
ICICIBANK-EQ_2024-04-15_15-05-00.png,2024-04-15_15-05-00,1078.75,1080.0,1078.2,1079.45,380008.0,1082.1,1085.8,1078.4,1071.65,1072.5,1070.5,1071.47,1153.67,1155.86,1155.86,1155.86,150500
ICICIBANK-EQ_2024-04-15_15-10-00.png,2024-04-15_15-10-00,1079.5,1079.8,1078.1,1078.45,394200.0,1081.82,1085.73,1077.9,1071.45,1071.45,1069.8,1070.57,1155.86,1153.67,1153.67,1153.67,151000
ICICIBANK-EQ_2024-04-15_15-15-00.png,2024-04-15_15-15-00,1078.5,1079.2,1076.7,1078.55,544661.0,1081.54,1085.56,1077.52,1070.6,1071.2,1069.85,1070.32,1153.67,1151.49,1151.49,1151.49,151500
ICICIBANK-EQ_2024-04-15_15-20-00.png,2024-04-15_15-20-00,1078.65,1079.0,1077.6,1078.0,291085.0,1081.21,1085.28,1077.15,1070.12,1070.12,1068.8,1069.41,1151.49,1149.3,1149.3,1149.3,152000
ICICIBANK-EQ_2024-04-15_15-25-00.png,2024-04-15_15-25-00,1077.95,1078.4,1077.05,1077.6,238533.0,1080.87,1084.93,1076.81,1069.5,1070.25,1068.5,1069.39,1149.3,1151.49,1151.49,1151.49,152500
ICICIBANK-EQ_2024-04-16_09-15-00.png,2024-04-16_09-15-00,1070.55,1074.6,1068.05,1068.25,633542.0,1080.09,1086.85,1073.34,1069.4,1071.25,1069.3,1070.3,1151.49,1153.67,1153.67,1153.67,91500
ICICIBANK-EQ_2024-04-16_09-20-00.png,2024-04-16_09-20-00,1068.15,1070.6,1068.1,1069.5,132739.0,1079.41,1087.49,1071.33,1070.32,1071.5,1070.32,1071.16,1153.67,1151.49,1151.49,1151.49,92000
ICICIBANK-EQ_2024-04-16_09-25-00.png,2024-04-16_09-25-00,1069.5,1070.55,1069.05,1069.65,230825.0,1078.74,1087.74,1069.75,1071.32,1072.55,1070.6,1071.3,1151.49,1153.67,1153.67,1153.67,92500
ICICIBANK-EQ_2024-04-16_09-30-00.png,2024-04-16_09-30-00,1069.6,1069.8,1067.05,1068.75,134967.0,1078.07,1087.94,1068.2,1071.03,1071.5,1069.85,1070.46,1153.67,1151.49,1151.49,1151.49,93000
ICICIBANK-EQ_2024-04-16_09-35-00.png,2024-04-16_09-35-00,1068.75,1070.2,1068.25,1069.0,83596.0,1077.39,1087.8,1066.98,1070.25,1070.25,1068.5,1069.44,1151.49,1153.67,1153.67,1153.67,93500
ICICIBANK-EQ_2024-04-16_09-40-00.png,2024-04-16_09-40-00,1068.7,1070.95,1067.2,1069.6,138390.0,1076.72,1087.32,1066.11,1069.68,1070.5,1069.3,1069.84,1153.67,1151.49,1151.49,1151.49,94000
ICICIBANK-EQ_2024-04-16_09-45-00.png,2024-04-16_09-45-00,1069.25,1072.0,1069.0,1071.6,120903.0,1076.14,1086.54,1065.74,1069.78,1070.1,1069.45,1069.85,1151.49,1153.67,1153.67,1153.67,94500
ICICIBANK-EQ_2024-04-16_09-50-00.png,2024-04-16_09-50-00,1071.55,1073.8,1071.4,1073.3,123960.0,1075.7,1085.79,1065.62,1069.92,1069.92,1067.05,1068.55,1153.67,1155.86,1155.86,1155.86,95000
ICICIBANK-EQ_2024-04-16_09-55-00.png,2024-04-16_09-55-00,1073.15,1073.7,1071.4,1071.95,103658.0,1075.2,1084.94,1065.45,1068.68,1068.68,1066.5,1067.29,1155.86,1153.67,1153.67,1153.67,95500
ICICIBANK-EQ_2024-04-16_10-00-00.png,2024-04-16_10-00-00,1071.95,1072.45,1070.1,1070.15,121588.0,1074.61,1084.07,1065.15,1067.47,1067.6,1066.55,1067.19,1153.67,1155.86,1155.86,1155.86,100000
ICICIBANK-EQ_2024-04-16_10-05-00.png,2024-04-16_10-05-00,1070.15,1071.45,1069.15,1070.95,110726.0,1074.12,1083.24,1065.0,1067.3,1067.3,1065.75,1066.64,1155.86,1158.05,1158.05,1158.05,100500
ICICIBANK-EQ_2024-04-16_10-10-00.png,2024-04-16_10-10-00,1070.95,1071.2,1070.25,1070.65,72244.0,1073.67,1082.54,1064.8,1066.78,1067.25,1065.8,1066.6,1158.05,1155.86,1155.86,1155.86,101000
ICICIBANK-EQ_2024-04-16_10-15-00.png,2024-04-16_10-15-00,1070.6,1072.2,1070.25,1071.1,301478.0,1073.23,1081.64,1064.81,1066.68,1067.3,1066.55,1066.9,1155.86,1153.67,1153.67,1153.67,101500
ICICIBANK-EQ_2024-04-16_10-20-00.png,2024-04-16_10-20-00,1071.25,1073.25,1070.8,1072.05,60925.0,1072.87,1080.81,1064.93,1066.88,1067.2,1065.1,1066.03,1153.67,1151.49,1151.49,1151.49,102000
ICICIBANK-EQ_2024-04-16_10-25-00.png,2024-04-16_10-25-00,1072.05,1072.5,1070.5,1070.85,36966.0,1072.47,1079.93,1065.01,1065.9,1065.9,1062.7,1064.3,1151.49,1149.3,1149.3,1149.3,102500
ICICIBANK-EQ_2024-04-16_10-30-00.png,2024-04-16_10-30-00,1070.85,1071.3,1069.8,1070.35,62989.0,1072.01,1078.76,1065.27,1064.47,1065.0,1062.95,1064.19,1149.3,1147.11,1147.11,1147.11,103000
ICICIBANK-EQ_2024-04-16_10-35-00.png,2024-04-16_10-35-00,1070.3,1071.2,1069.85,1069.95,42039.0,1071.59,1077.67,1065.51,1064.4,1065.95,1064.4,1065.21,1147.11,1144.92,1144.92,1144.92,103500
ICICIBANK-EQ_2024-04-16_10-40-00.png,2024-04-16_10-40-00,1069.7,1069.85,1068.8,1069.3,100042.0,1071.13,1076.32,1065.94,1065.18,1065.7,1064.0,1064.98,1144.92,1147.11,1147.11,1147.11,104000
ICICIBANK-EQ_2024-04-16_10-45-00.png,2024-04-16_10-45-00,1069.35,1070.25,1068.5,1069.45,56956.0,1070.7,1074.8,1066.6,1065.1,1065.3,1064.5,1064.89,1147.11,1144.92,1144.92,1144.92,104500
ICICIBANK-EQ_2024-04-16_10-50-00.png,2024-04-16_10-50-00,1069.4,1071.25,1069.3,1071.25,46591.0,1070.38,1072.91,1067.85,1064.88,1065.55,1064.4,1065.09,1144.92,1147.11,1147.11,1147.11,105000
ICICIBANK-EQ_2024-04-16_10-55-00.png,2024-04-16_10-55-00,1071.25,1071.5,1070.5,1071.4,38253.0,1070.54,1072.9,1068.18,1065.2,1066.45,1065.2,1065.65,1147.11,1149.3,1149.3,1149.3,105500
ICICIBANK-EQ_2024-04-16_11-00-00.png,2024-04-16_11-00-00,1071.35,1072.55,1070.6,1070.7,77610.0,1070.6,1072.91,1068.29,1065.43,1066.45,1064.55,1065.55,1149.3,1147.11,1147.11,1147.11,110000
ICICIBANK-EQ_2024-04-16_11-05-00.png,2024-04-16_11-05-00,1070.65,1071.5,1069.85,1069.85,95453.0,1070.61,1072.9,1068.32,1065.6,1066.8,1065.15,1065.84,1147.11,1144.92,1144.92,1144.92,110500
ICICIBANK-EQ_2024-04-16_11-10-00.png,2024-04-16_11-10-00,1069.9,1069.9,1068.5,1069.45,66611.0,1070.64,1072.84,1068.45,1065.7,1066.45,1065.15,1065.75,1144.92,1147.11,1147.11,1147.11,111000
ICICIBANK-EQ_2024-04-16_11-15-00.png,2024-04-16_11-15-00,1069.45,1070.5,1069.3,1070.1,158651.0,1070.7,1072.77,1068.63,1065.7,1066.9,1065.55,1065.94,1147.11,1144.92,1144.92,1144.92,111500
ICICIBANK-EQ_2024-04-16_11-20-00.png,2024-04-16_11-20-00,1070.1,1070.1,1069.45,1069.75,42022.0,1070.71,1072.76,1068.65,1065.65,1066.6,1065.55,1066.03,1144.92,1147.11,1147.11,1147.11,112000
ICICIBANK-EQ_2024-04-16_11-25-00.png,2024-04-16_11-25-00,1069.75,1069.8,1067.05,1067.6,167220.0,1070.51,1072.94,1068.07,1065.97,1066.4,1065.55,1066.08,1147.11,1144.92,1144.92,1144.92,112500
ICICIBANK-EQ_2024-04-16_11-30-00.png,2024-04-16_11-30-00,1067.55,1067.7,1066.5,1067.4,94859.0,1070.21,1072.65,1067.77,1066.18,1066.35,1065.45,1065.88,1144.92,1147.11,1147.11,1147.11,113000
ICICIBANK-EQ_2024-04-16_11-35-00.png,2024-04-16_11-35-00,1067.4,1067.6,1066.55,1067.2,88249.0,1069.97,1072.62,1067.33,1065.85,1065.85,1064.9,1065.49,1147.11,1144.92,1144.92,1144.92,113500
ICICIBANK-EQ_2024-04-16_11-40-00.png,2024-04-16_11-40-00,1067.2,1067.25,1065.75,1066.35,79286.0,1069.78,1072.88,1066.69,1065.65,1066.5,1064.5,1065.31,1144.92,1147.11,1147.11,1147.11,114000
ICICIBANK-EQ_2024-04-16_11-45-00.png,2024-04-16_11-45-00,1066.35,1067.25,1065.8,1067.0,60880.0,1069.59,1072.87,1066.31,1065.12,1066.0,1064.7,1065.16,1147.11,1144.92,1144.92,1144.92,114500
ICICIBANK-EQ_2024-04-16_11-50-00.png,2024-04-16_11-50-00,1067.05,1067.3,1066.55,1066.7,86621.0,1069.39,1072.87,1065.91,1064.97,1066.25,1064.8,1065.54,1144.92,1147.11,1147.11,1147.11,115000
ICICIBANK-EQ_2024-04-16_11-55-00.png,2024-04-16_11-55-00,1066.7,1067.2,1065.1,1065.1,165702.0,1069.09,1072.96,1065.22,1065.55,1066.4,1065.5,1065.95,1147.11,1144.92,1144.92,1144.92,115500
ICICIBANK-EQ_2024-04-16_12-00-00.png,2024-04-16_12-00-00,1065.15,1065.55,1062.7,1063.8,277280.0,1068.68,1072.96,1064.4,1065.95,1067.25,1065.5,1066.49,1144.92,1147.11,1147.11,1147.11,120000
ICICIBANK-EQ_2024-04-16_12-05-00.png,2024-04-16_12-05-00,1063.8,1065.0,1062.95,1065.0,92229.0,1068.38,1072.84,1063.93,1066.6,1068.2,1066.05,1066.84,1147.11,1149.3,1149.3,1149.3,120500
ICICIBANK-EQ_2024-04-16_12-10-00.png,2024-04-16_12-10-00,1065.0,1065.95,1064.55,1065.35,59781.0,1068.14,1072.68,1063.59,1066.55,1067.15,1065.65,1066.28,1149.3,1147.11,1147.11,1147.11,121000
ICICIBANK-EQ_2024-04-16_12-15-00.png,2024-04-16_12-15-00,1065.4,1065.7,1064.0,1064.8,324715.0,1067.88,1072.57,1063.18,1066.15,1066.5,1065.1,1065.85,1147.11,1149.3,1149.3,1149.3,121500
ICICIBANK-EQ_2024-04-16_12-20-00.png,2024-04-16_12-20-00,1064.75,1065.3,1064.5,1065.0,56329.0,1067.66,1072.48,1062.85,1065.9,1066.65,1065.5,1065.84,1149.3,1151.49,1151.49,1151.49,122000
ICICIBANK-EQ_2024-04-16_12-25-00.png,2024-04-16_12-25-00,1065.0,1065.55,1064.4,1065.4,135372.0,1067.46,1072.3,1062.62,1065.6,1066.6,1065.0,1065.8,1151.49,1149.3,1149.3,1149.3,122500
ICICIBANK-EQ_2024-04-16_12-30-00.png,2024-04-16_12-30-00,1065.4,1066.45,1065.3,1065.45,59572.0,1067.17,1071.74,1062.6,1065.8,1067.1,1065.75,1066.44,1149.3,1147.11,1147.11,1147.11,123000
ICICIBANK-EQ_2024-04-16_12-35-00.png,2024-04-16_12-35-00,1065.45,1066.45,1064.55,1065.75,55480.0,1066.89,1071.04,1062.74,1066.45,1067.0,1065.25,1066.1,1147.11,1149.3,1149.3,1149.3,123500
ICICIBANK-EQ_2024-04-16_12-40-00.png,2024-04-16_12-40-00,1065.75,1066.8,1065.15,1065.65,136815.0,1066.64,1070.4,1062.87,1066.08,1066.08,1065.2,1065.55,1149.3,1151.49,1151.49,1151.49,124000
ICICIBANK-EQ_2024-04-16_12-45-00.png,2024-04-16_12-45-00,1065.65,1066.45,1065.15,1065.75,119016.0,1066.43,1069.9,1062.96,1065.47,1066.6,1064.45,1065.39,1151.49,1149.3,1149.3,1149.3,124500
ICICIBANK-EQ_2024-04-16_12-50-00.png,2024-04-16_12-50-00,1065.75,1066.9,1065.55,1065.55,62349.0,1066.23,1069.41,1063.06,1065.25,1066.0,1064.45,1065.24,1149.3,1151.49,1151.49,1151.49,125000
ICICIBANK-EQ_2024-04-16_12-55-00.png,2024-04-16_12-55-00,1065.55,1066.6,1065.55,1066.4,77572.0,1066.05,1068.66,1063.44,1065.25,1065.55,1064.7,1065.22,1151.49,1149.3,1149.3,1149.3,125500
ICICIBANK-EQ_2024-04-16_13-00-00.png,2024-04-16_13-00-00,1066.35,1066.4,1065.55,1066.0,57796.0,1065.86,1067.81,1063.92,1065.32,1066.15,1064.95,1065.5,1149.3,1147.11,1147.11,1147.11,130000
ICICIBANK-EQ_2024-04-16_13-05-00.png,2024-04-16_13-05-00,1066.0,1066.35,1065.45,1065.7,73937.0,1065.77,1067.53,1064.0,1065.45,1066.25,1065.45,1065.85,1147.11,1144.92,1144.92,1144.92,130500
ICICIBANK-EQ_2024-04-16_13-10-00.png,2024-04-16_13-10-00,1065.7,1065.75,1064.9,1065.6,96192.0,1065.68,1067.27,1064.09,1065.85,1066.9,1065.3,1066.05,1144.92,1142.73,1142.73,1142.73,131000
ICICIBANK-EQ_2024-04-16_13-15-00.png,2024-04-16_13-15-00,1065.45,1066.5,1064.5,1064.8,70828.0,1065.56,1067.02,1064.09,1066.0,1066.8,1065.4,1066.04,1142.73,1140.54,1140.54,1140.54,131500
ICICIBANK-EQ_2024-04-16_13-20-00.png,2024-04-16_13-20-00,1064.8,1066.0,1064.7,1065.15,43374.0,1065.5,1066.92,1064.07,1065.97,1068.15,1065.6,1066.88,1140.54,1138.35,1138.35,1138.35,132000
ICICIBANK-EQ_2024-04-16_13-25-00.png,2024-04-16_13-25-00,1065.2,1066.25,1064.8,1065.9,57539.0,1065.44,1066.7,1064.19,1066.88,1068.1,1064.5,1066.42,1138.35,1136.16,1136.16,1136.16,132500
ICICIBANK-EQ_2024-04-16_13-30-00.png,2024-04-16_13-30-00,1065.9,1066.4,1065.5,1066.0,56020.0,1065.41,1066.55,1064.27,1066.55,1066.55,1064.5,1065.06,1136.16,1133.97,1133.97,1133.97,133000
ICICIBANK-EQ_2024-04-16_13-35-00.png,2024-04-16_13-35-00,1066.1,1067.25,1065.5,1067.1,56883.0,1065.51,1066.87,1064.15,1064.93,1068.5,1064.5,1066.58,1133.97,1136.16,1136.16,1136.16,133500
ICICIBANK-EQ_2024-04-16_13-40-00.png,2024-04-16_13-40-00,1067.0,1068.2,1066.05,1066.1,104498.0,1065.62,1066.74,1064.51,1066.65,1069.05,1066.65,1068.55,1136.16,1133.97,1133.97,1133.97,134000
ICICIBANK-EQ_2024-04-16_13-45-00.png,2024-04-16_13-45-00,1066.2,1067.15,1065.65,1066.1,133889.0,1065.68,1066.77,1064.58,1068.72,1069.15,1067.95,1068.61,1133.97,1131.78,1131.78,1131.78,134500
ICICIBANK-EQ_2024-04-16_13-50-00.png,2024-04-16_13-50-00,1066.1,1066.5,1065.1,1065.7,102003.0,1065.7,1066.78,1064.61,1068.68,1069.45,1067.2,1068.47,1131.78,1129.59,1129.59,1129.59,135000
ICICIBANK-EQ_2024-04-16_13-55-00.png,2024-04-16_13-55-00,1065.7,1066.65,1065.5,1065.5,53116.0,1065.73,1066.74,1064.72,1068.62,1078.05,1068.62,1074.91,1129.59,1131.78,1131.78,1131.78,135500
ICICIBANK-EQ_2024-04-16_14-00-00.png,2024-04-16_14-00-00,1065.5,1066.6,1065.0,1066.1,124135.0,1065.79,1066.74,1064.83,1074.4,1075.45,1072.0,1073.54,1131.78,1133.97,1133.97,1133.97,140000
ICICIBANK-EQ_2024-04-16_14-05-00.png,2024-04-16_14-05-00,1066.1,1067.1,1065.75,1066.8,125427.0,1065.86,1066.89,1064.82,1073.35,1073.35,1070.2,1071.22,1133.97,1131.78,1131.78,1131.78,140500
ICICIBANK-EQ_2024-04-16_14-10-00.png,2024-04-16_14-10-00,1066.75,1067.0,1065.25,1065.4,97389.0,1065.85,1066.9,1064.81,1071.28,1071.28,1067.5,1068.94,1131.78,1129.59,1129.59,1129.59,141000
ICICIBANK-EQ_2024-04-16_14-15-00.png,2024-04-16_14-15-00,1065.35,1066.05,1065.2,1065.6,105819.0,1065.84,1066.89,1064.8,1068.88,1069.2,1067.25,1067.99,1129.59,1131.78,1131.78,1131.78,141500
ICICIBANK-EQ_2024-04-16_14-20-00.png,2024-04-16_14-20-00,1065.6,1066.6,1064.45,1064.9,116283.0,1065.81,1066.94,1064.68,1067.75,1068.9,1065.8,1067.18,1131.78,1129.59,1129.59,1129.59,142000
ICICIBANK-EQ_2024-04-16_14-25-00.png,2024-04-16_14-25-00,1064.95,1066.0,1064.45,1065.55,87644.0,1065.8,1066.93,1064.66,1067.0,1067.6,1064.25,1065.96,1129.59,1127.4,1127.4,1127.4,142500
ICICIBANK-EQ_2024-04-16_14-30-00.png,2024-04-16_14-30-00,1065.55,1065.55,1064.7,1065.1,77343.0,1065.78,1066.95,1064.6,1066.0,1067.85,1065.85,1066.53,1127.4,1129.59,1129.59,1129.59,143000
ICICIBANK-EQ_2024-04-16_14-35-00.png,2024-04-16_14-35-00,1065.0,1066.15,1064.95,1065.9,63935.0,1065.75,1066.89,1064.61,1066.2,1068.1,1066.2,1067.18,1129.59,1131.78,1131.78,1131.78,143500
ICICIBANK-EQ_2024-04-16_14-40-00.png,2024-04-16_14-40-00,1065.9,1066.25,1065.45,1065.8,62332.0,1065.74,1066.87,1064.61,1067.18,1069.15,1067.18,1068.05,1131.78,1129.59,1129.59,1129.59,144000
ICICIBANK-EQ_2024-04-16_14-45-00.png,2024-04-16_14-45-00,1065.8,1066.9,1065.3,1066.2,153446.0,1065.76,1066.91,1064.62,1067.78,1068.8,1066.95,1067.85,1129.59,1131.78,1131.78,1131.78,144500
ICICIBANK-EQ_2024-04-16_14-50-00.png,2024-04-16_14-50-00,1066.2,1066.8,1065.4,1065.75,282956.0,1065.77,1066.92,1064.63,1067.82,1068.55,1066.7,1067.55,1131.78,1129.59,1129.59,1129.59,145000
ICICIBANK-EQ_2024-04-16_14-55-00.png,2024-04-16_14-55-00,1065.85,1068.15,1065.6,1067.9,205306.0,1065.93,1067.33,1064.52,1067.47,1067.47,1065.25,1066.25,1129.59,1127.4,1127.4,1127.4,145500
ICICIBANK-EQ_2024-04-16_15-00-00.png,2024-04-16_15-00-00,1067.9,1068.1,1064.5,1065.2,943466.0,1065.93,1067.33,1064.53,1066.38,1066.38,1063.45,1064.96,1127.4,1129.59,1129.59,1129.59,150000
ICICIBANK-EQ_2024-04-16_15-05-00.png,2024-04-16_15-05-00,1065.2,1065.9,1064.5,1064.65,706918.0,1065.87,1067.38,1064.36,1065.25,1065.25,1063.6,1064.68,1129.59,1131.78,1131.78,1131.78,150500
ICICIBANK-EQ_2024-04-16_15-10-00.png,2024-04-16_15-10-00,1064.85,1068.5,1064.5,1068.45,451320.0,1065.99,1067.89,1064.09,1064.92,1066.25,1063.5,1065.25,1131.78,1129.59,1129.59,1129.59,151000
ICICIBANK-EQ_2024-04-16_15-15-00.png,2024-04-16_15-15-00,1068.5,1069.05,1067.7,1068.95,464457.0,1066.08,1068.36,1063.81,1065.62,1067.2,1065.6,1066.34,1129.59,1131.78,1131.78,1131.78,151500
ICICIBANK-EQ_2024-04-16_15-20-00.png,2024-04-16_15-20-00,1068.9,1069.15,1067.95,1068.45,359673.0,1066.2,1068.71,1063.69,1066.28,1066.7,1065.0,1065.91,1131.78,1129.59,1129.59,1129.59,152000
ICICIBANK-EQ_2024-04-16_15-25-00.png,2024-04-16_15-25-00,1068.5,1069.45,1067.2,1068.75,457271.0,1066.33,1069.09,1063.58,1065.97,1065.97,1064.55,1065.14,1129.59,1131.78,1131.78,1131.78,152500
ICICIBANK-EQ_2024-04-18_09-15-00.png,2024-04-18_09-15-00,1074.0,1078.05,1072.8,1074.8,529087.0,1066.79,1071.45,1062.13,1065.15,1065.85,1063.7,1065.16,1131.78,1133.97,1133.97,1133.97,91500
ICICIBANK-EQ_2024-04-18_09-20-00.png,2024-04-18_09-20-00,1074.6,1075.45,1072.0,1072.1,111894.0,1067.12,1072.3,1061.94,1065.55,1065.95,1064.3,1065.34,1133.97,1131.78,1131.78,1131.78,92000
ICICIBANK-EQ_2024-04-18_09-25-00.png,2024-04-18_09-25-00,1072.1,1072.15,1070.2,1070.45,171432.0,1067.34,1072.7,1061.97,1065.55,1066.95,1065.0,1065.91,1131.78,1129.59,1129.59,1129.59,92500
ICICIBANK-EQ_2024-04-18_09-30-00.png,2024-04-18_09-30-00,1070.25,1070.5,1067.5,1067.5,215474.0,1067.37,1072.73,1062.01,1065.85,1069.6,1065.85,1067.95,1129.59,1127.4,1127.4,1127.4,93000
ICICIBANK-EQ_2024-04-18_09-35-00.png,2024-04-18_09-35-00,1067.5,1069.2,1067.25,1068.0,177563.0,1067.5,1072.78,1062.22,1068.0,1070.65,1068.0,1069.71,1127.4,1129.59,1129.59,1129.59,93500
ICICIBANK-EQ_2024-04-18_09-40-00.png,2024-04-18_09-40-00,1068.05,1068.9,1065.8,1065.95,164029.0,1067.52,1072.78,1062.26,1069.55,1070.6,1068.25,1069.15,1129.59,1131.78,1131.78,1131.78,94000
ICICIBANK-EQ_2024-04-18_09-45-00.png,2024-04-18_09-45-00,1066.0,1067.6,1064.25,1066.0,293135.0,1067.57,1072.74,1062.41,1068.88,1068.88,1067.15,1068.09,1131.78,1129.59,1129.59,1129.59,94500
ICICIBANK-EQ_2024-04-18_09-50-00.png,2024-04-18_09-50-00,1066.0,1067.85,1065.85,1066.4,65165.0,1067.62,1072.72,1062.51,1068.2,1068.25,1067.0,1067.62,1129.59,1127.4,1127.4,1127.4,95000
ICICIBANK-EQ_2024-04-18_09-55-00.png,2024-04-18_09-55-00,1066.4,1068.1,1066.25,1067.95,73713.0,1067.76,1072.73,1062.79,1067.62,1067.9,1066.1,1066.96,1127.4,1125.21,1125.21,1125.21,95500
ICICIBANK-EQ_2024-04-18_10-00-00.png,2024-04-18_10-00-00,1067.95,1069.15,1067.5,1067.6,71892.0,1067.84,1072.74,1062.95,1066.93,1067.85,1066.15,1066.8,1125.21,1127.4,1127.4,1127.4,100000
ICICIBANK-EQ_2024-04-18_10-05-00.png,2024-04-18_10-05-00,1067.6,1068.8,1066.95,1068.05,118210.0,1067.96,1072.75,1063.16,1066.6,1066.75,1065.25,1066.12,1127.4,1125.21,1125.21,1125.21,100500
ICICIBANK-EQ_2024-04-18_10-10-00.png,2024-04-18_10-10-00,1068.05,1068.55,1066.7,1066.9,85273.0,1067.99,1072.75,1063.23,1066.25,1066.65,1065.55,1066.08,1125.21,1127.4,1127.4,1127.4,101000
ICICIBANK-EQ_2024-04-18_10-15-00.png,2024-04-18_10-15-00,1066.85,1067.0,1065.25,1065.9,190228.0,1068.0,1072.74,1063.26,1066.05,1066.15,1065.15,1065.74,1127.4,1125.21,1125.21,1125.21,101500
ICICIBANK-EQ_2024-04-18_10-20-00.png,2024-04-18_10-20-00,1065.9,1065.9,1063.45,1064.6,179347.0,1067.83,1072.81,1062.85,1065.82,1066.2,1065.5,1065.86,1125.21,1127.4,1127.4,1127.4,102000
ICICIBANK-EQ_2024-04-18_10-25-00.png,2024-04-18_10-25-00,1064.6,1065.25,1063.6,1065.25,176366.0,1067.84,1072.81,1062.86,1065.88,1066.65,1065.65,1066.29,1127.4,1125.21,1125.21,1125.21,102500
ICICIBANK-EQ_2024-04-18_10-30-00.png,2024-04-18_10-30-00,1065.25,1066.25,1063.5,1066.0,151426.0,1067.9,1072.73,1063.08,1066.43,1066.65,1065.2,1066.15,1125.21,1123.02,1123.02,1123.02,103000
ICICIBANK-EQ_2024-04-18_10-35-00.png,2024-04-18_10-35-00,1066.0,1067.2,1065.6,1066.55,136880.0,1067.81,1072.66,1062.95,1066.38,1066.55,1065.55,1065.99,1123.02,1120.84,1120.84,1120.84,103500
ICICIBANK-EQ_2024-04-18_10-40-00.png,2024-04-18_10-40-00,1066.55,1066.7,1065.0,1065.4,148469.0,1067.63,1072.57,1062.69,1065.92,1066.35,1065.25,1065.9,1120.84,1123.02,1123.02,1123.02,104000
ICICIBANK-EQ_2024-04-18_10-45-00.png,2024-04-18_10-45-00,1065.05,1065.7,1064.55,1065.25,118768.0,1067.47,1072.5,1062.44,1066.0,1066.85,1065.35,1066.04,1123.02,1120.84,1120.84,1120.84,104500
ICICIBANK-EQ_2024-04-18_10-50-00.png,2024-04-18_10-50-00,1065.25,1065.85,1063.7,1065.85,199815.0,1067.32,1072.37,1062.28,1065.97,1065.97,1065.0,1065.57,1120.84,1123.02,1123.02,1123.02,105000
ICICIBANK-EQ_2024-04-18_10-55-00.png,2024-04-18_10-55-00,1065.95,1065.95,1064.3,1065.15,46554.0,1066.84,1070.54,1063.14,1065.7,1066.55,1065.5,1066.06,1123.02,1120.84,1120.84,1120.84,105500
ICICIBANK-EQ_2024-04-18_11-00-00.png,2024-04-18_11-00-00,1065.1,1066.95,1065.0,1066.6,115065.0,1066.57,1069.32,1063.81,1066.1,1067.4,1066.0,1066.68,1120.84,1118.65,1118.65,1118.65,110000
ICICIBANK-EQ_2024-04-18_11-05-00.png,2024-04-18_11-05-00,1066.6,1069.6,1066.2,1069.4,138796.0,1066.51,1068.98,1064.05,1066.65,1068.5,1066.65,1067.44,1118.65,1116.46,1116.46,1116.46,110500
ICICIBANK-EQ_2024-04-18_11-10-00.png,2024-04-18_11-10-00,1069.6,1070.65,1069.1,1069.5,148159.0,1066.62,1069.39,1063.84,1067.28,1068.05,1066.85,1067.38,1116.46,1118.65,1118.65,1118.65,111000
ICICIBANK-EQ_2024-04-18_11-15-00.png,2024-04-18_11-15-00,1069.5,1070.6,1068.25,1068.25,57297.0,1066.63,1069.43,1063.82,1067.3,1067.4,1066.35,1067.01,1118.65,1116.46,1116.46,1116.46,111500
ICICIBANK-EQ_2024-04-18_11-20-00.png,2024-04-18_11-20-00,1068.3,1068.8,1067.15,1068.1,47751.0,1066.73,1069.6,1063.87,1067.15,1068.0,1067.05,1067.39,1116.46,1118.65,1118.65,1118.65,112000
ICICIBANK-EQ_2024-04-18_11-25-00.png,2024-04-18_11-25-00,1068.05,1068.25,1067.0,1067.2,33806.0,1066.79,1069.64,1063.95,1067.25,1067.95,1067.0,1067.45,1118.65,1120.84,1120.84,1120.84,112500
ICICIBANK-EQ_2024-04-18_11-30-00.png,2024-04-18_11-30-00,1067.15,1067.9,1066.1,1066.7,54908.0,1066.81,1069.65,1063.97,1067.42,1068.7,1067.42,1067.97,1120.84,1123.02,1123.02,1123.02,113000
ICICIBANK-EQ_2024-04-18_11-35-00.png,2024-04-18_11-35-00,1066.75,1067.85,1066.15,1066.45,74168.0,1066.74,1069.53,1063.94,1067.8,1068.8,1067.25,1068.09,1123.02,1120.84,1120.84,1120.84,113500
ICICIBANK-EQ_2024-04-18_11-40-00.png,2024-04-18_11-40-00,1066.6,1066.75,1065.25,1065.9,119769.0,1066.65,1069.44,1063.86,1068.15,1069.8,1068.05,1068.82,1120.84,1118.65,1118.65,1118.65,114000
ICICIBANK-EQ_2024-04-18_11-45-00.png,2024-04-18_11-45-00,1066.15,1066.65,1065.55,1065.95,61201.0,1066.54,1069.27,1063.82,1068.72,1069.95,1067.9,1068.75,1118.65,1120.84,1120.84,1120.84,114500
ICICIBANK-EQ_2024-04-18_11-50-00.png,2024-04-18_11-50-00,1065.95,1066.15,1065.15,1065.7,63821.0,1066.49,1069.23,1063.74,1068.58,1068.58,1055.0,1062.0,1120.84,1118.65,1118.65,1118.65,115000
ICICIBANK-EQ_2024-04-18_11-55-00.png,2024-04-18_11-55-00,1065.6,1066.2,1065.5,1066.15,46590.0,1066.5,1069.23,1063.77,1062.32,1062.32,1050.45,1057.14,1118.65,1120.84,1120.84,1120.84,115500
ICICIBANK-EQ_2024-04-18_12-00-00.png,2024-04-18_12-00-00,1066.2,1066.65,1065.65,1066.65,71268.0,1066.6,1069.18,1064.02,1058.55,1061.55,1054.3,1058.26,1120.84,1123.02,1123.02,1123.02,120000
ICICIBANK-EQ_2024-04-18_12-05-00.png,2024-04-18_12-05-00,1066.65,1066.65,1065.2,1066.1,89930.0,1066.64,1069.16,1064.13,1058.6,1058.6,1054.3,1055.85,1123.02,1120.84,1120.84,1120.84,120500
ICICIBANK-EQ_2024-04-18_12-10-00.png,2024-04-18_12-10-00,1066.0,1066.55,1065.55,1065.85,76324.0,1066.64,1069.16,1064.11,1055.72,1059.3,1054.9,1056.92,1120.84,1118.65,1118.65,1118.65,121000
ICICIBANK-EQ_2024-04-18_12-15-00.png,2024-04-18_12-15-00,1065.75,1066.35,1065.25,1066.25,39700.0,1066.62,1069.15,1064.09,1056.75,1059.3,1056.55,1058.16,1118.65,1116.46,1116.46,1116.46,121500
ICICIBANK-EQ_2024-04-18_12-20-00.png,2024-04-18_12-20-00,1066.35,1066.85,1065.35,1065.6,53832.0,1066.63,1069.14,1064.12,1058.4,1060.0,1057.9,1058.95,1116.46,1118.65,1118.65,1118.65,122000
ICICIBANK-EQ_2024-04-18_12-25-00.png,2024-04-18_12-25-00,1065.55,1065.9,1065.0,1065.85,62946.0,1066.66,1069.12,1064.2,1058.95,1060.15,1058.2,1059.27,1118.65,1120.84,1120.84,1120.84,122500
ICICIBANK-EQ_2024-04-18_12-30-00.png,2024-04-18_12-30-00,1065.9,1066.55,1065.5,1066.3,43292.0,1066.68,1069.11,1064.25,1059.38,1060.0,1057.5,1059.0,1120.84,1118.65,1118.65,1118.65,123000
ICICIBANK-EQ_2024-04-18_12-35-00.png,2024-04-18_12-35-00,1066.3,1067.4,1066.0,1067.0,75010.0,1066.78,1069.1,1064.45,1059.25,1060.05,1058.4,1059.14,1118.65,1120.84,1120.84,1120.84,123500
ICICIBANK-EQ_2024-04-18_12-40-00.png,2024-04-18_12-40-00,1066.9,1068.5,1066.7,1067.65,101046.0,1066.83,1069.18,1064.47,1059.05,1061.2,1058.65,1059.9,1120.84,1118.65,1118.65,1118.65,124000
ICICIBANK-EQ_2024-04-18_12-45-00.png,2024-04-18_12-45-00,1067.65,1068.05,1066.85,1066.95,90133.0,1066.71,1068.73,1064.68,1059.88,1061.4,1059.3,1060.32,1118.65,1120.84,1120.84,1120.84,124500
ICICIBANK-EQ_2024-04-18_12-50-00.png,2024-04-18_12-50-00,1066.9,1067.4,1066.35,1067.4,60799.0,1066.6,1068.18,1065.02,1060.3,1061.0,1059.25,1060.11,1120.84,1123.02,1123.02,1123.02,125000
ICICIBANK-EQ_2024-04-18_12-55-00.png,2024-04-18_12-55-00,1067.4,1068.0,1067.05,1067.1,93397.0,1066.54,1067.95,1065.14,1060.1,1060.25,1058.3,1059.43,1123.02,1120.84,1120.84,1120.84,125500
ICICIBANK-EQ_2024-04-18_13-00-00.png,2024-04-18_13-00-00,1067.1,1067.95,1067.0,1067.75,63460.0,1066.53,1067.85,1065.2,1059.57,1060.4,1057.25,1058.59,1120.84,1123.02,1123.02,1123.02,130000
ICICIBANK-EQ_2024-04-18_13-05-00.png,2024-04-18_13-05-00,1067.75,1068.7,1067.6,1067.85,80090.0,1066.56,1067.98,1065.13,1058.35,1058.7,1051.4,1055.41,1123.02,1120.84,1120.84,1120.84,130500
ICICIBANK-EQ_2024-04-18_13-10-00.png,2024-04-18_13-10-00,1067.85,1068.8,1067.25,1068.45,86267.0,1066.64,1068.3,1064.99,1055.78,1056.4,1053.15,1054.82,1120.84,1118.65,1118.65,1118.65,131000
ICICIBANK-EQ_2024-04-18_13-15-00.png,2024-04-18_13-15-00,1068.45,1069.8,1068.05,1069.0,238944.0,1066.77,1068.73,1064.81,1054.88,1057.2,1054.6,1055.93,1118.65,1116.46,1116.46,1116.46,131500
ICICIBANK-EQ_2024-04-18_13-20-00.png,2024-04-18_13-20-00,1068.95,1069.95,1067.9,1068.2,100535.0,1066.89,1068.9,1064.87,1055.95,1058.65,1055.3,1056.96,1116.46,1118.65,1118.65,1118.65,132000
ICICIBANK-EQ_2024-04-18_13-25-00.png,2024-04-18_13-25-00,1068.2,1068.35,1055.0,1056.45,1042670.0,1066.41,1071.5,1061.33,1056.95,1058.35,1056.1,1057.49,1118.65,1120.84,1120.84,1120.84,132500
ICICIBANK-EQ_2024-04-18_13-30-00.png,2024-04-18_13-30-00,1056.65,1061.0,1050.45,1060.45,669128.0,1066.15,1071.89,1060.41,1057.75,1057.75,1055.0,1056.3,1120.84,1118.65,1118.65,1118.65,133000
ICICIBANK-EQ_2024-04-18_13-35-00.png,2024-04-18_13-35-00,1060.65,1061.55,1054.3,1056.55,511192.0,1065.67,1072.84,1058.5,1056.45,1056.45,1052.3,1054.1,1118.65,1120.84,1120.84,1120.84,133500
ICICIBANK-EQ_2024-04-18_13-40-00.png,2024-04-18_13-40-00,1056.55,1057.65,1054.3,1054.9,397490.0,1065.08,1073.69,1056.47,1054.2,1057.55,1051.65,1054.71,1120.84,1123.02,1123.02,1123.02,134000
ICICIBANK-EQ_2024-04-18_13-45-00.png,2024-04-18_13-45-00,1055.1,1059.3,1054.9,1058.4,302826.0,1064.7,1073.79,1055.6,1054.82,1058.0,1054.82,1057.1,1123.02,1120.84,1120.84,1120.84,134500
ICICIBANK-EQ_2024-04-18_13-50-00.png,2024-04-18_13-50-00,1058.25,1059.3,1056.55,1058.55,213730.0,1064.33,1073.81,1054.86,1057.3,1057.65,1053.2,1055.9,1120.84,1123.02,1123.02,1123.02,135000
ICICIBANK-EQ_2024-04-18_13-55-00.png,2024-04-18_13-55-00,1058.6,1060.0,1057.9,1059.3,252944.0,1063.99,1073.67,1054.3,1056.38,1056.38,1048.1,1052.04,1123.02,1125.21,1125.21,1125.21,135500
ICICIBANK-EQ_2024-04-18_14-00-00.png,2024-04-18_14-00-00,1059.3,1060.15,1058.2,1059.45,177269.0,1063.68,1073.54,1053.82,1053.08,1055.8,1051.25,1053.42,1125.21,1123.02,1123.02,1123.02,140000
ICICIBANK-EQ_2024-04-18_14-05-00.png,2024-04-18_14-05-00,1059.45,1060.0,1057.5,1059.05,255679.0,1063.34,1073.35,1053.32,1053.32,1055.5,1052.45,1054.3,1123.02,1125.21,1125.21,1125.21,140500
ICICIBANK-EQ_2024-04-18_14-10-00.png,2024-04-18_14-10-00,1059.0,1060.05,1058.4,1059.1,241986.0,1062.98,1073.06,1052.89,1054.62,1056.95,1053.0,1054.95,1125.21,1127.4,1127.4,1127.4,141000
ICICIBANK-EQ_2024-04-18_14-15-00.png,2024-04-18_14-15-00,1059.15,1061.2,1058.65,1060.6,117988.0,1062.66,1072.61,1052.71,1054.92,1055.2,1052.4,1053.85,1127.4,1125.21,1125.21,1125.21,141500
ICICIBANK-EQ_2024-04-18_14-20-00.png,2024-04-18_14-20-00,1060.4,1061.4,1059.3,1060.2,127448.0,1062.29,1072.0,1052.57,1053.9,1056.0,1053.4,1054.6,1125.21,1123.02,1123.02,1123.02,142000
ICICIBANK-EQ_2024-04-18_14-25-00.png,2024-04-18_14-25-00,1060.15,1061.0,1059.25,1060.05,135877.0,1061.94,1071.45,1052.43,1054.5,1058.65,1054.5,1056.39,1123.02,1120.84,1120.84,1120.84,142500
ICICIBANK-EQ_2024-04-18_14-30-00.png,2024-04-18_14-30-00,1060.05,1060.25,1058.3,1059.1,143399.0,1061.53,1070.75,1052.3,1056.1,1057.85,1056.0,1056.78,1120.84,1123.02,1123.02,1123.02,143000
ICICIBANK-EQ_2024-04-18_14-35-00.png,2024-04-18_14-35-00,1059.1,1060.4,1057.25,1057.6,176276.0,1061.05,1070.04,1052.06,1056.62,1056.65,1054.8,1055.98,1123.02,1120.84,1120.84,1120.84,143500
ICICIBANK-EQ_2024-04-18_14-40-00.png,2024-04-18_14-40-00,1057.7,1058.7,1051.4,1053.85,223310.0,1060.36,1069.32,1051.39,1056.22,1058.0,1056.2,1056.88,1120.84,1118.65,1118.65,1118.65,144000
ICICIBANK-EQ_2024-04-18_14-45-00.png,2024-04-18_14-45-00,1053.85,1056.4,1053.15,1055.9,162284.0,1059.76,1068.19,1051.32,1056.65,1058.3,1055.75,1057.19,1118.65,1116.46,1116.46,1116.46,144500
ICICIBANK-EQ_2024-04-18_14-50-00.png,2024-04-18_14-50-00,1055.9,1057.2,1054.6,1056.0,167458.0,1059.13,1066.66,1051.61,1057.35,1058.3,1056.3,1057.32,1116.46,1118.65,1118.65,1118.65,145000
ICICIBANK-EQ_2024-04-18_14-55-00.png,2024-04-18_14-55-00,1055.75,1058.65,1055.3,1058.15,380329.0,1058.59,1064.51,1052.67,1057.35,1057.35,1054.25,1056.11,1118.65,1116.46,1116.46,1116.46,145500
ICICIBANK-EQ_2024-04-18_15-00-00.png,2024-04-18_15-00-00,1058.2,1058.35,1056.1,1057.3,906513.0,1058.05,1061.89,1054.21,1056.55,1057.05,1055.5,1056.18,1116.46,1114.27,1114.27,1114.27,150000
ICICIBANK-EQ_2024-04-18_15-05-00.png,2024-04-18_15-05-00,1057.3,1057.3,1055.0,1055.6,1066158.0,1058.01,1061.93,1054.08,1056.08,1056.8,1055.3,1056.06,1114.27,1112.08,1112.08,1112.08,150500
ICICIBANK-EQ_2024-04-18_15-10-00.png,2024-04-18_15-10-00,1055.6,1055.7,1052.3,1052.8,796824.0,1057.62,1062.01,1053.23,1056.08,1058.05,1055.9,1056.69,1112.08,1114.27,1114.27,1114.27,151000
ICICIBANK-EQ_2024-04-18_15-15-00.png,2024-04-18_15-15-00,1052.8,1057.55,1051.65,1056.85,1183086.0,1057.64,1062.01,1053.26,1056.4,1057.5,1056.2,1056.82,1114.27,1112.08,1112.08,1112.08,151500
ICICIBANK-EQ_2024-04-18_15-20-00.png,2024-04-18_15-20-00,1056.95,1058.0,1055.8,1057.65,467390.0,1057.78,1061.96,1053.59,1056.8,1057.2,1055.65,1056.59,1112.08,1114.27,1114.27,1114.27,152000
ICICIBANK-EQ_2024-04-18_15-25-00.png,2024-04-18_15-25-00,1057.45,1057.65,1053.2,1055.3,363622.0,1057.62,1061.93,1053.31,1056.75,1056.75,1055.8,1056.38,1114.27,1116.46,1116.46,1116.46,152500
ICICIBANK-EQ_2024-04-19_09-15-00.png,2024-04-19_09-15-00,1052.95,1053.9,1048.1,1053.2,614522.0,1057.35,1062.07,1052.64,1056.5,1056.65,1056.0,1056.29,1116.46,1114.27,1114.27,1114.27,91500
ICICIBANK-EQ_2024-04-19_09-20-00.png,2024-04-19_09-20-00,1053.2,1055.8,1051.25,1053.45,272497.0,1057.06,1061.99,1052.13,1056.25,1057.45,1055.6,1056.58,1114.27,1116.46,1116.46,1116.46,92000
ICICIBANK-EQ_2024-04-19_09-25-00.png,2024-04-19_09-25-00,1053.75,1055.5,1052.45,1055.5,115757.0,1056.86,1061.7,1052.02,1056.62,1058.2,1056.62,1057.54,1116.46,1114.27,1114.27,1114.27,92500
ICICIBANK-EQ_2024-04-19_09-30-00.png,2024-04-19_09-30-00,1055.5,1056.95,1053.0,1054.35,173281.0,1056.63,1061.48,1051.78,1057.62,1059.6,1057.62,1058.56,1114.27,1116.46,1116.46,1116.46,93000
ICICIBANK-EQ_2024-04-19_09-35-00.png,2024-04-19_09-35-00,1054.15,1055.2,1052.4,1053.65,151660.0,1056.36,1061.23,1051.48,1058.32,1059.85,1058.1,1058.92,1116.46,1114.27,1114.27,1114.27,93500
ICICIBANK-EQ_2024-04-19_09-40-00.png,2024-04-19_09-40-00,1053.65,1056.0,1053.4,1055.35,87556.0,1056.09,1060.55,1051.63,1058.88,1059.5,1058.7,1059.26,1114.27,1116.46,1116.46,1116.46,94000
ICICIBANK-EQ_2024-04-19_09-45-00.png,2024-04-19_09-45-00,1055.35,1058.65,1054.7,1056.85,83474.0,1055.92,1059.97,1051.88,1059.42,1059.9,1058.95,1059.4,1116.46,1118.65,1118.65,1118.65,94500
ICICIBANK-EQ_2024-04-19_09-50-00.png,2024-04-19_09-50-00,1056.85,1057.85,1056.0,1056.4,72667.0,1055.74,1059.3,1052.18,1059.38,1060.5,1059.0,1059.53,1118.65,1116.46,1116.46,1116.46,95000
ICICIBANK-EQ_2024-04-19_09-55-00.png,2024-04-19_09-55-00,1056.15,1056.65,1054.8,1056.3,64040.0,1055.6,1058.81,1052.39,1059.3,1059.5,1058.2,1058.93,1116.46,1118.65,1118.65,1118.65,95500
ICICIBANK-EQ_2024-04-19_10-00-00.png,2024-04-19_10-00-00,1056.25,1058.0,1056.2,1057.05,107480.0,1055.57,1058.72,1052.43,1059.0,1059.0,1058.0,1058.59,1118.65,1116.46,1116.46,1116.46,100000
ICICIBANK-EQ_2024-04-19_10-05-00.png,2024-04-19_10-05-00,1056.75,1058.3,1055.75,1057.95,78180.0,1055.78,1058.99,1052.57,1058.68,1061.55,1058.68,1059.7,1116.46,1118.65,1118.65,1118.65,100500
ICICIBANK-EQ_2024-04-19_10-10-00.png,2024-04-19_10-10-00,1057.95,1058.3,1056.3,1056.75,43174.0,1055.82,1059.06,1052.59,1059.28,1059.85,1057.8,1058.88,1118.65,1116.46,1116.46,1116.46,101000
ICICIBANK-EQ_2024-04-19_10-15-00.png,2024-04-19_10-15-00,1057.0,1057.1,1054.25,1056.1,61155.0,1055.83,1059.06,1052.59,1058.92,1058.92,1055.35,1057.18,1116.46,1114.27,1114.27,1114.27,101500
ICICIBANK-EQ_2024-04-19_10-20-00.png,2024-04-19_10-20-00,1056.15,1057.05,1055.5,1056.0,37751.0,1055.72,1058.77,1052.67,1057.53,1057.85,1056.0,1057.01,1114.27,1116.46,1116.46,1116.46,102000
ICICIBANK-EQ_2024-04-19_10-25-00.png,2024-04-19_10-25-00,1056.0,1056.8,1055.3,1056.15,45512.0,1055.66,1058.63,1052.7,1057.1,1057.95,1056.1,1057.1,1116.46,1114.27,1114.27,1114.27,102500
ICICIBANK-EQ_2024-04-19_10-30-00.png,2024-04-19_10-30-00,1056.15,1058.05,1055.9,1056.65,120478.0,1055.71,1058.71,1052.72,1057.18,1058.05,1056.3,1057.15,1114.27,1116.46,1116.46,1116.46,103000
ICICIBANK-EQ_2024-04-19_10-35-00.png,2024-04-19_10-35-00,1056.65,1057.5,1056.2,1056.95,40807.0,1055.92,1058.63,1053.21,1057.12,1058.55,1056.55,1057.71,1116.46,1118.65,1118.65,1118.65,103500
ICICIBANK-EQ_2024-04-19_10-40-00.png,2024-04-19_10-40-00,1056.95,1057.2,1055.65,1056.55,46779.0,1055.91,1058.6,1053.22,1057.88,1059.55,1057.55,1058.66,1118.65,1116.46,1116.46,1116.46,104000
ICICIBANK-EQ_2024-04-19_10-45-00.png,2024-04-19_10-45-00,1056.55,1056.7,1055.8,1056.45,56794.0,1055.85,1058.43,1053.27,1058.78,1061.8,1058.55,1060.18,1116.46,1118.65,1118.65,1118.65,104500
ICICIBANK-EQ_2024-04-19_10-50-00.png,2024-04-19_10-50-00,1056.3,1056.65,1056.0,1056.2,42497.0,1055.89,1058.46,1053.32,1060.18,1062.3,1060.18,1061.4,1118.65,1116.46,1116.46,1116.46,105000
ICICIBANK-EQ_2024-04-19_10-55-00.png,2024-04-19_10-55-00,1056.15,1057.45,1055.6,1057.1,125931.0,1056.09,1058.37,1053.8,1061.35,1061.8,1059.55,1060.84,1116.46,1118.65,1118.65,1118.65,105500
ICICIBANK-EQ_2024-04-19_11-00-00.png,2024-04-19_11-00-00,1057.1,1058.2,1056.7,1058.15,84437.0,1056.32,1058.43,1054.22,1061.0,1063.2,1060.4,1061.9,1118.65,1116.46,1116.46,1116.46,110000
ICICIBANK-EQ_2024-04-19_11-05-00.png,2024-04-19_11-05-00,1058.15,1059.6,1058.0,1058.5,118463.0,1056.47,1058.75,1054.2,1062.0,1064.0,1062.0,1063.16,1116.46,1118.65,1118.65,1118.65,110500
ICICIBANK-EQ_2024-04-19_11-10-00.png,2024-04-19_11-10-00,1058.4,1059.85,1058.1,1059.35,42798.0,1056.72,1059.11,1054.33,1063.25,1064.8,1062.35,1063.59,1118.65,1116.46,1116.46,1116.46,111000
ICICIBANK-EQ_2024-04-19_11-15-00.png,2024-04-19_11-15-00,1059.35,1059.5,1058.7,1059.5,47783.0,1057.01,1059.25,1054.78,1063.6,1067.6,1063.6,1065.5,1116.46,1114.27,1114.27,1114.27,111500
ICICIBANK-EQ_2024-04-19_11-20-00.png,2024-04-19_11-20-00,1059.1,1059.9,1058.95,1059.65,63400.0,1057.23,1059.61,1054.85,1064.97,1066.1,1063.1,1064.47,1114.27,1116.46,1116.46,1116.46,112000
ICICIBANK-EQ_2024-04-19_11-25-00.png,2024-04-19_11-25-00,1059.5,1060.5,1059.0,1059.1,100137.0,1057.34,1059.86,1054.83,1064.35,1064.35,1061.5,1062.91,1116.46,1118.65,1118.65,1118.65,112500
ICICIBANK-EQ_2024-04-19_11-30-00.png,2024-04-19_11-30-00,1059.35,1059.5,1058.2,1058.65,55544.0,1057.46,1059.99,1054.92,1062.92,1063.0,1061.0,1062.28,1118.65,1116.46,1116.46,1116.46,113000
ICICIBANK-EQ_2024-04-19_11-35-00.png,2024-04-19_11-35-00,1058.6,1059.0,1058.0,1058.75,102688.0,1057.58,1060.12,1055.04,1062.55,1063.0,1061.4,1062.25,1116.46,1114.27,1114.27,1114.27,113500
ICICIBANK-EQ_2024-04-19_11-40-00.png,2024-04-19_11-40-00,1058.7,1061.55,1058.7,1059.85,83755.0,1057.72,1060.44,1055.0,1062.3,1062.3,1060.3,1061.46,1114.27,1112.08,1112.08,1112.08,114000
ICICIBANK-EQ_2024-04-19_11-45-00.png,2024-04-19_11-45-00,1059.55,1059.85,1057.8,1058.3,80532.0,1057.74,1060.47,1055.0,1061.62,1062.15,1059.05,1060.89,1112.08,1114.27,1114.27,1114.27,114500
ICICIBANK-EQ_2024-04-19_11-50-00.png,2024-04-19_11-50-00,1058.3,1058.3,1055.35,1056.75,83806.0,1057.74,1060.47,1055.0,1061.18,1061.65,1059.3,1060.53,1114.27,1116.46,1116.46,1116.46,115000
ICICIBANK-EQ_2024-04-19_11-55-00.png,2024-04-19_11-55-00,1056.75,1057.85,1056.0,1057.45,49998.0,1057.8,1060.43,1055.18,1060.57,1060.8,1058.6,1059.49,1116.46,1114.27,1114.27,1114.27,115500
ICICIBANK-EQ_2024-04-19_12-00-00.png,2024-04-19_12-00-00,1057.55,1057.95,1056.1,1056.8,46823.0,1057.84,1060.38,1055.31,1059.28,1061.3,1058.1,1059.91,1114.27,1116.46,1116.46,1116.46,120000
ICICIBANK-EQ_2024-04-19_12-05-00.png,2024-04-19_12-05-00,1056.8,1058.05,1056.3,1057.45,86680.0,1057.91,1060.32,1055.49,1060.12,1061.55,1058.65,1060.29,1116.46,1118.65,1118.65,1118.65,120500
ICICIBANK-EQ_2024-04-19_12-10-00.png,2024-04-19_12-10-00,1057.45,1058.55,1056.55,1058.3,48683.0,1057.99,1060.34,1055.64,1060.47,1063.3,1059.85,1061.55,1118.65,1116.46,1116.46,1116.46,121000
ICICIBANK-EQ_2024-04-19_12-15-00.png,2024-04-19_12-15-00,1058.55,1059.55,1057.55,1059.0,95795.0,1058.09,1060.43,1055.76,1061.53,1066.7,1061.53,1064.84,1116.46,1118.65,1118.65,1118.65,121500
ICICIBANK-EQ_2024-04-19_12-20-00.png,2024-04-19_12-20-00,1058.6,1061.8,1058.55,1061.75,58185.0,1058.35,1061.09,1055.62,1064.78,1067.0,1064.78,1066.24,1118.65,1120.84,1120.84,1120.84,122000
ICICIBANK-EQ_2024-04-19_12-25-00.png,2024-04-19_12-25-00,1061.5,1062.3,1060.6,1061.2,89295.0,1058.59,1061.45,1055.73,1066.32,1068.55,1065.25,1066.6,1120.84,1123.02,1123.02,1123.02,122500
ICICIBANK-EQ_2024-04-19_12-30-00.png,2024-04-19_12-30-00,1061.2,1061.8,1059.55,1060.8,50715.0,1058.82,1061.61,1056.03,1066.3,1069.4,1065.3,1067.19,1123.02,1125.21,1125.21,1125.21,123000
ICICIBANK-EQ_2024-04-19_12-35-00.png,2024-04-19_12-35-00,1060.8,1063.2,1060.4,1063.2,33223.0,1059.12,1062.41,1055.84,1067.03,1069.75,1065.55,1067.56,1125.21,1127.4,1127.4,1127.4,123500
ICICIBANK-EQ_2024-04-19_12-40-00.png,2024-04-19_12-40-00,1063.2,1064.0,1062.15,1063.3,44266.0,1059.38,1063.12,1055.64,1067.47,1067.75,1065.0,1066.24,1127.4,1125.21,1125.21,1125.21,124000
ICICIBANK-EQ_2024-04-19_12-45-00.png,2024-04-19_12-45-00,1062.95,1064.8,1062.35,1064.25,53454.0,1059.67,1063.97,1055.37,1066.1,1066.85,1064.0,1065.34,1125.21,1123.02,1123.02,1123.02,124500
ICICIBANK-EQ_2024-04-19_12-50-00.png,2024-04-19_12-50-00,1064.5,1067.6,1064.45,1065.45,152061.0,1059.97,1064.98,1054.97,1065.25,1067.0,1064.1,1065.04,1123.02,1120.84,1120.84,1120.84,125000
ICICIBANK-EQ_2024-04-19_12-55-00.png,2024-04-19_12-55-00,1065.2,1066.1,1063.1,1063.5,74273.0,1060.18,1065.42,1054.93,1064.53,1065.1,1062.75,1063.94,1120.84,1123.02,1123.02,1123.02,125500
ICICIBANK-EQ_2024-04-19_13-00-00.png,2024-04-19_13-00-00,1063.5,1064.3,1061.5,1062.35,67175.0,1060.31,1065.64,1054.98,1063.95,1065.35,1062.5,1063.44,1123.02,1120.84,1120.84,1120.84,130000
ICICIBANK-EQ_2024-04-19_13-05-00.png,2024-04-19_13-05-00,1062.35,1063.0,1061.0,1062.75,130015.0,1060.49,1065.89,1055.09,1062.95,1063.6,1061.0,1062.28,1120.84,1118.65,1118.65,1118.65,130500
ICICIBANK-EQ_2024-04-19_13-10-00.png,2024-04-19_13-10-00,1062.3,1063.0,1061.4,1062.3,63824.0,1060.67,1066.06,1055.29,1062.25,1065.75,1061.15,1063.32,1118.65,1116.46,1116.46,1116.46,131000
ICICIBANK-EQ_2024-04-19_13-15-00.png,2024-04-19_13-15-00,1062.25,1062.3,1060.3,1061.0,114468.0,1060.79,1066.1,1055.48,1063.2,1066.3,1063.2,1064.85,1116.46,1114.27,1114.27,1114.27,131500
ICICIBANK-EQ_2024-04-19_13-20-00.png,2024-04-19_13-20-00,1060.8,1062.15,1059.05,1061.55,63583.0,1060.87,1066.17,1055.57,1064.75,1066.85,1063.95,1065.36,1114.27,1116.46,1116.46,1116.46,132000
ICICIBANK-EQ_2024-04-19_13-25-00.png,2024-04-19_13-25-00,1061.55,1061.65,1059.3,1059.6,62109.0,1060.94,1066.14,1055.74,1065.32,1066.15,1063.6,1064.94,1116.46,1118.65,1118.65,1118.65,132500
ICICIBANK-EQ_2024-04-19_13-30-00.png,2024-04-19_13-30-00,1059.4,1060.8,1058.6,1059.15,116938.0,1061.06,1065.95,1056.16,1065.0,1068.8,1063.7,1066.2,1118.65,1120.84,1120.84,1120.84,133000
ICICIBANK-EQ_2024-04-19_13-35-00.png,2024-04-19_13-35-00,1059.15,1061.3,1058.1,1061.1,140604.0,1061.24,1065.83,1056.65,1066.15,1070.6,1066.15,1068.91,1120.84,1118.65,1118.65,1118.65,133500
ICICIBANK-EQ_2024-04-19_13-40-00.png,2024-04-19_13-40-00,1061.1,1061.55,1058.65,1059.85,138203.0,1061.39,1065.54,1057.24,1068.97,1070.6,1068.25,1069.32,1118.65,1116.46,1116.46,1116.46,134000
ICICIBANK-EQ_2024-04-19_13-45-00.png,2024-04-19_13-45-00,1059.85,1063.3,1059.85,1063.2,108729.0,1061.68,1065.46,1057.9,1069.22,1069.22,1066.65,1067.96,1116.46,1118.65,1118.65,1118.65,134500
ICICIBANK-EQ_2024-04-19_13-50-00.png,2024-04-19_13-50-00,1063.3,1066.7,1063.1,1066.25,156712.0,1062.08,1066.03,1058.13,1068.0,1072.0,1066.0,1068.4,1118.65,1116.46,1116.46,1116.46,135000
ICICIBANK-EQ_2024-04-19_13-55-00.png,2024-04-19_13-55-00,1066.25,1067.0,1065.3,1066.4,100144.0,1062.45,1066.57,1058.33,1067.8,1081.5,1067.8,1078.49,1116.46,1118.65,1118.65,1118.65,135500
ICICIBANK-EQ_2024-04-19_14-00-00.png,2024-04-19_14-00-00,1066.85,1068.55,1065.25,1065.75,210320.0,1062.65,1067.01,1058.29,1079.55,1080.25,1075.7,1077.92,1118.65,1116.46,1116.46,1116.46,140000
ICICIBANK-EQ_2024-04-19_14-05-00.png,2024-04-19_14-05-00,1065.3,1069.4,1065.3,1068.75,262024.0,1063.03,1068.1,1057.95,1077.88,1077.88,1074.6,1075.51,1116.46,1114.27,1114.27,1114.27,140500
ICICIBANK-EQ_2024-04-19_14-10-00.png,2024-04-19_14-10-00,1068.75,1069.75,1065.55,1066.2,99834.0,1063.3,1068.45,1058.14,1075.32,1077.5,1074.15,1075.69,1114.27,1116.46,1116.46,1116.46,141000
ICICIBANK-EQ_2024-04-19_14-15-00.png,2024-04-19_14-15-00,1066.2,1067.75,1065.0,1066.0,132832.0,1063.44,1068.73,1058.14,1075.55,1077.0,1074.1,1075.61,1116.46,1114.27,1114.27,1114.27,141500
ICICIBANK-EQ_2024-04-19_14-20-00.png,2024-04-19_14-20-00,1065.85,1066.85,1064.0,1064.65,158928.0,1063.5,1068.82,1058.18,1075.68,1075.95,1073.35,1074.7,1114.27,1116.46,1116.46,1116.46,142000
ICICIBANK-EQ_2024-04-19_14-25-00.png,2024-04-19_14-25-00,1064.8,1067.0,1064.1,1064.25,280590.0,1063.5,1068.82,1058.18,1074.75,1075.5,1073.95,1074.79,1116.46,1114.27,1114.27,1114.27,142500
ICICIBANK-EQ_2024-04-19_14-30-00.png,2024-04-19_14-30-00,1064.25,1065.1,1062.75,1063.65,200329.0,1063.41,1068.66,1058.17,1074.85,1075.05,1072.5,1073.96,1114.27,1116.46,1116.46,1116.46,143000
ICICIBANK-EQ_2024-04-19_14-35-00.png,2024-04-19_14-35-00,1063.15,1065.35,1062.5,1062.75,187493.0,1063.38,1068.63,1058.12,1074.15,1075.55,1073.8,1074.47,1116.46,1118.65,1118.65,1118.65,143500
ICICIBANK-EQ_2024-04-19_14-40-00.png,2024-04-19_14-40-00,1062.75,1063.6,1061.0,1061.75,237707.0,1063.34,1068.63,1058.06,1074.28,1075.8,1070.35,1073.34,1118.65,1116.46,1116.46,1116.46,144000
ICICIBANK-EQ_2024-04-19_14-45-00.png,2024-04-19_14-45-00,1061.45,1065.75,1061.15,1064.95,239916.0,1063.46,1068.78,1058.13,1073.6,1076.4,1072.1,1074.1,1116.46,1118.65,1118.65,1118.65,144500
ICICIBANK-EQ_2024-04-19_14-50-00.png,2024-04-19_14-50-00,1064.95,1066.3,1063.6,1064.55,175021.0,1063.57,1068.88,1058.25,1073.95,1076.35,1073.95,1075.2,1118.65,1120.84,1120.84,1120.84,145000
ICICIBANK-EQ_2024-04-19_14-55-00.png,2024-04-19_14-55-00,1064.55,1066.85,1063.95,1066.1,320984.0,1063.82,1069.11,1058.54,1075.18,1075.18,1073.05,1074.11,1120.84,1118.65,1118.65,1118.65,145500
ICICIBANK-EQ_2024-04-19_15-00-00.png,2024-04-19_15-00-00,1066.05,1066.15,1063.6,1063.95,677763.0,1063.94,1069.12,1058.77,1074.12,1074.15,1072.55,1073.46,1118.65,1116.46,1116.46,1116.46,150000
ICICIBANK-EQ_2024-04-19_15-05-00.png,2024-04-19_15-05-00,1063.95,1068.8,1063.7,1068.35,434040.0,1064.38,1069.49,1059.27,1073.58,1073.95,1071.5,1073.0,1116.46,1114.27,1114.27,1114.27,150500
ICICIBANK-EQ_2024-04-19_15-10-00.png,2024-04-19_15-10-00,1068.1,1070.6,1067.1,1069.85,682594.0,1064.92,1069.96,1059.87,1073.28,1073.8,1072.8,1073.23,1114.27,1116.46,1116.46,1116.46,151000
ICICIBANK-EQ_2024-04-19_15-15-00.png,2024-04-19_15-15-00,1069.85,1070.6,1068.25,1068.6,659401.0,1065.29,1070.25,1060.33,1073.15,1074.6,1073.0,1073.76,1116.46,1114.27,1114.27,1114.27,151500
ICICIBANK-EQ_2024-04-19_15-20-00.png,2024-04-19_15-20-00,1068.6,1069.2,1066.65,1067.4,350270.0,1065.67,1070.0,1061.34,1073.72,1077.75,1073.72,1075.76,1114.27,1112.08,1112.08,1112.08,152000
ICICIBANK-EQ_2024-04-19_15-25-00.png,2024-04-19_15-25-00,1067.6,1072.0,1066.0,1068.0,274528.0,1065.91,1070.19,1061.62,1075.58,1077.95,1075.58,1077.29,1112.08,1109.89,1109.89,1109.89,152500
ICICIBANK-EQ_2024-04-22_09-15-00.png,2024-04-22_09-15-00,1078.8,1081.5,1073.35,1080.3,904786.0,1066.61,1074.35,1058.87,1077.3,1079.4,1077.3,1078.25,1109.89,1107.7,1107.7,1107.7,91500
ICICIBANK-EQ_2024-04-22_09-20-00.png,2024-04-22_09-20-00,1080.05,1080.25,1075.7,1075.7,215918.0,1067.08,1075.81,1058.34,1078.07,1079.55,1077.35,1078.24,1107.7,1109.89,1109.89,1109.89,92000
ICICIBANK-EQ_2024-04-22_09-25-00.png,2024-04-22_09-25-00,1075.75,1076.8,1074.6,1074.9,133658.0,1067.53,1076.91,1058.15,1078.03,1080.0,1078.0,1079.03,1109.89,1107.7,1107.7,1107.7,92500
ICICIBANK-EQ_2024-04-22_09-30-00.png,2024-04-22_09-30-00,1074.6,1077.5,1074.15,1076.5,113954.0,1067.92,1078.12,1057.72,1079.05,1079.85,1078.5,1079.46,1107.7,1109.89,1109.89,1109.89,93000
ICICIBANK-EQ_2024-04-22_09-35-00.png,2024-04-22_09-35-00,1076.5,1077.0,1074.1,1074.85,143500.0,1068.35,1078.97,1057.74,1079.75,1079.8,1079.0,1079.42,1109.89,1112.08,1112.08,1112.08,93500
ICICIBANK-EQ_2024-04-22_09-40-00.png,2024-04-22_09-40-00,1074.8,1075.95,1073.35,1074.7,198001.0,1068.79,1079.71,1057.87,1079.45,1079.95,1079.0,1079.32,1112.08,1114.27,1114.27,1114.27,94000
ICICIBANK-EQ_2024-04-22_09-45-00.png,2024-04-22_09-45-00,1074.7,1075.5,1073.95,1075.0,176765.0,1069.3,1080.38,1058.23,1079.18,1080.0,1078.9,1079.4,1114.27,1112.08,1112.08,1112.08,94500
ICICIBANK-EQ_2024-04-22_09-50-00.png,2024-04-22_09-50-00,1074.5,1075.05,1072.5,1073.8,113381.0,1069.78,1080.76,1058.81,1079.35,1081.0,1079.2,1080.16,1112.08,1114.27,1114.27,1114.27,95000
ICICIBANK-EQ_2024-04-22_09-55-00.png,2024-04-22_09-55-00,1073.9,1075.55,1073.8,1074.65,145158.0,1070.33,1081.12,1059.55,1080.22,1082.55,1080.1,1081.3,1114.27,1116.46,1116.46,1116.46,95500
ICICIBANK-EQ_2024-04-22_10-00-00.png,2024-04-22_10-00-00,1074.65,1075.8,1070.35,1072.55,244229.0,1070.82,1081.03,1060.61,1081.28,1081.95,1080.85,1081.54,1116.46,1114.27,1114.27,1114.27,100000
ICICIBANK-EQ_2024-04-22_10-05-00.png,2024-04-22_10-05-00,1072.5,1076.4,1072.1,1075.4,256626.0,1071.5,1080.96,1062.05,1081.68,1082.5,1080.1,1081.15,1114.27,1116.46,1116.46,1116.46,100500
ICICIBANK-EQ_2024-04-22_10-10-00.png,2024-04-22_10-10-00,1075.4,1076.35,1074.1,1074.95,116897.0,1072.0,1081.05,1062.96,1081.0,1081.0,1079.4,1080.45,1116.46,1118.65,1118.65,1118.65,101000
ICICIBANK-EQ_2024-04-22_10-15-00.png,2024-04-22_10-15-00,1074.95,1075.15,1073.05,1073.3,81359.0,1072.44,1080.78,1064.1,1080.7,1082.0,1080.7,1081.44,1118.65,1120.84,1120.84,1120.84,101500
ICICIBANK-EQ_2024-04-22_10-20-00.png,2024-04-22_10-20-00,1073.5,1074.15,1072.55,1073.65,97418.0,1072.82,1080.62,1065.02,1081.42,1082.8,1081.42,1081.99,1120.84,1123.02,1123.02,1123.02,102000
ICICIBANK-EQ_2024-04-22_10-25-00.png,2024-04-22_10-25-00,1073.65,1073.95,1071.5,1072.9,118570.0,1073.27,1079.86,1066.68,1081.82,1082.5,1081.0,1081.89,1123.02,1120.84,1120.84,1120.84,102500
ICICIBANK-EQ_2024-04-22_10-30-00.png,2024-04-22_10-30-00,1073.0,1073.8,1072.8,1073.3,51292.0,1073.52,1079.69,1067.34,1082.03,1082.3,1081.9,1082.08,1120.84,1118.65,1118.65,1118.65,103000
ICICIBANK-EQ_2024-04-22_10-35-00.png,2024-04-22_10-35-00,1073.25,1074.6,1073.0,1074.2,52936.0,1073.73,1079.66,1067.8,1082.05,1082.85,1081.95,1082.42,1118.65,1116.46,1116.46,1116.46,103500
ICICIBANK-EQ_2024-04-22_10-40-00.png,2024-04-22_10-40-00,1074.25,1077.75,1074.15,1076.9,59900.0,1074.15,1079.71,1068.58,1082.45,1082.85,1082.0,1082.44,1116.46,1114.27,1114.27,1114.27,104000
ICICIBANK-EQ_2024-04-22_10-45-00.png,2024-04-22_10-45-00,1076.85,1077.95,1076.6,1077.75,49575.0,1074.66,1079.46,1069.87,1082.45,1082.45,1081.0,1081.74,1114.27,1116.46,1116.46,1116.46,104500
ICICIBANK-EQ_2024-04-22_10-50-00.png,2024-04-22_10-50-00,1077.85,1079.4,1077.45,1078.3,73976.0,1075.18,1079.09,1071.27,1081.9,1082.0,1080.0,1081.29,1116.46,1114.27,1114.27,1114.27,105000
ICICIBANK-EQ_2024-04-22_10-55-00.png,2024-04-22_10-55-00,1078.25,1079.55,1077.35,1077.8,140737.0,1075.05,1078.4,1071.71,1081.58,1081.9,1080.85,1081.38,1114.27,1116.46,1116.46,1116.46,105500
ICICIBANK-EQ_2024-04-22_11-00-00.png,2024-04-22_11-00-00,1078.25,1080.0,1078.0,1079.85,77909.0,1075.26,1079.23,1071.29,1081.38,1081.38,1080.0,1080.79,1116.46,1118.65,1118.65,1118.65,110000
ICICIBANK-EQ_2024-04-22_11-05-00.png,2024-04-22_11-05-00,1079.85,1079.85,1078.5,1079.65,79632.0,1075.5,1079.92,1071.08,1080.95,1081.8,1080.05,1080.86,1118.65,1120.84,1120.84,1120.84,110500
ICICIBANK-EQ_2024-04-22_11-10-00.png,2024-04-22_11-10-00,1079.6,1079.8,1079.0,1079.3,37915.0,1075.64,1080.36,1070.92,1080.8,1081.7,1080.8,1081.14,1120.84,1123.02,1123.02,1123.02,111000
ICICIBANK-EQ_2024-04-22_11-15-00.png,2024-04-22_11-15-00,1079.35,1079.95,1079.0,1079.0,51777.0,1075.85,1080.78,1070.91,1081.0,1081.7,1081.0,1081.18,1123.02,1125.21,1125.21,1125.21,111500
ICICIBANK-EQ_2024-04-22_11-20-00.png,2024-04-22_11-20-00,1079.0,1080.0,1078.9,1079.7,78363.0,1076.1,1081.29,1070.91,1081.0,1081.55,1081.0,1081.2,1125.21,1123.02,1123.02,1123.02,112000
ICICIBANK-EQ_2024-04-22_11-25-00.png,2024-04-22_11-25-00,1079.7,1081.0,1079.2,1080.75,72002.0,1076.38,1081.94,1070.83,1081.12,1081.5,1079.4,1080.71,1123.02,1120.84,1120.84,1120.84,112500
ICICIBANK-EQ_2024-04-22_11-30-00.png,2024-04-22_11-30-00,1080.95,1082.55,1080.1,1081.6,68049.0,1076.78,1082.65,1070.9,1080.97,1081.55,1080.3,1080.81,1120.84,1118.65,1118.65,1118.65,113000
ICICIBANK-EQ_2024-04-22_11-35-00.png,2024-04-22_11-35-00,1081.65,1081.95,1080.85,1081.7,35619.0,1077.13,1083.31,1070.95,1080.7,1081.35,1079.65,1080.65,1118.65,1120.84,1120.84,1120.84,113500
ICICIBANK-EQ_2024-04-22_11-40-00.png,2024-04-22_11-40-00,1081.7,1082.5,1080.1,1080.3,77800.0,1077.51,1083.45,1071.58,1080.8,1082.0,1080.8,1081.4,1120.84,1123.02,1123.02,1123.02,114000
ICICIBANK-EQ_2024-04-22_11-45-00.png,2024-04-22_11-45-00,1080.4,1081.0,1079.4,1081.0,80301.0,1077.8,1083.84,1071.75,1081.3,1081.85,1080.9,1081.41,1123.02,1125.21,1125.21,1125.21,114500
ICICIBANK-EQ_2024-04-22_11-50-00.png,2024-04-22_11-50-00,1081.0,1082.0,1080.9,1081.85,51676.0,1078.14,1084.29,1071.99,1081.45,1081.45,1079.5,1080.44,1125.21,1127.4,1127.4,1127.4,115000
ICICIBANK-EQ_2024-04-22_11-55-00.png,2024-04-22_11-55-00,1081.65,1082.8,1081.5,1082.0,63568.0,1078.58,1084.51,1072.64,1080.55,1081.25,1079.5,1080.46,1127.4,1125.21,1125.21,1125.21,115500
ICICIBANK-EQ_2024-04-22_12-00-00.png,2024-04-22_12-00-00,1082.0,1082.5,1081.0,1082.05,99809.0,1078.99,1084.64,1073.35,1080.55,1081.95,1080.55,1081.32,1125.21,1127.4,1127.4,1127.4,120000
ICICIBANK-EQ_2024-04-22_12-05-00.png,2024-04-22_12-05-00,1082.05,1082.3,1081.9,1082.05,88828.0,1079.45,1084.47,1074.43,1081.22,1082.6,1081.05,1081.74,1127.4,1129.59,1129.59,1129.59,120500
ICICIBANK-EQ_2024-04-22_12-10-00.png,2024-04-22_12-10-00,1082.05,1082.85,1081.95,1082.85,54692.0,1079.93,1084.25,1075.61,1081.65,1082.7,1081.15,1081.84,1129.59,1127.4,1127.4,1127.4,121000
ICICIBANK-EQ_2024-04-22_12-15-00.png,2024-04-22_12-15-00,1082.85,1082.85,1082.0,1082.05,62985.0,1080.32,1083.8,1076.85,1081.75,1082.0,1081.55,1081.86,1127.4,1129.59,1129.59,1129.59,121500
ICICIBANK-EQ_2024-04-22_12-20-00.png,2024-04-22_12-20-00,1082.05,1082.15,1081.0,1081.75,108230.0,1080.56,1083.69,1077.44,1081.95,1082.55,1081.65,1082.04,1129.59,1127.4,1127.4,1127.4,122000
ICICIBANK-EQ_2024-04-22_12-25-00.png,2024-04-22_12-25-00,1081.75,1082.0,1080.0,1081.4,168871.0,1080.75,1083.6,1077.9,1081.97,1084.1,1081.7,1082.86,1127.4,1125.21,1125.21,1125.21,122500
ICICIBANK-EQ_2024-04-22_12-30-00.png,2024-04-22_12-30-00,1081.7,1081.9,1080.85,1081.05,77932.0,1080.88,1083.49,1078.28,1082.82,1083.9,1082.8,1083.38,1125.21,1127.4,1127.4,1127.4,123000
ICICIBANK-EQ_2024-04-22_12-35-00.png,2024-04-22_12-35-00,1081.25,1081.25,1080.0,1080.65,65475.0,1081.03,1083.2,1078.86,1083.4,1083.45,1082.35,1083.1,1127.4,1125.21,1125.21,1125.21,123500
ICICIBANK-EQ_2024-04-22_12-40-00.png,2024-04-22_12-40-00,1080.6,1081.8,1080.05,1081.0,146086.0,1081.08,1083.19,1078.98,1083.3,1084.8,1083.05,1083.65,1125.21,1127.4,1127.4,1127.4,124000
ICICIBANK-EQ_2024-04-22_12-45-00.png,2024-04-22_12-45-00,1081.0,1081.7,1080.85,1081.0,98134.0,1081.15,1083.14,1079.16,1083.38,1084.5,1083.0,1083.59,1127.4,1125.21,1125.21,1125.21,124500
ICICIBANK-EQ_2024-04-22_12-50-00.png,2024-04-22_12-50-00,1081.0,1081.7,1081.0,1081.0,76871.0,1081.24,1083.03,1079.44,1083.42,1083.95,1081.65,1082.93,1125.21,1127.4,1127.4,1127.4,125000
ICICIBANK-EQ_2024-04-22_12-55-00.png,2024-04-22_12-55-00,1081.05,1081.55,1081.0,1081.2,180364.0,1081.35,1082.8,1079.9,1083.05,1083.05,1082.0,1082.51,1127.4,1129.59,1129.59,1129.59,125500
ICICIBANK-EQ_2024-04-22_13-00-00.png,2024-04-22_13-00-00,1081.2,1081.5,1079.4,1080.75,108566.0,1081.4,1082.67,1080.13,1082.53,1082.95,1081.9,1082.38,1129.59,1127.4,1127.4,1127.4,130000
ICICIBANK-EQ_2024-04-22_13-05-00.png,2024-04-22_13-05-00,1080.75,1081.55,1080.3,1080.65,85376.0,1081.4,1082.67,1080.12,1082.32,1086.0,1082.2,1084.11,1127.4,1129.59,1129.59,1129.59,130500
ICICIBANK-EQ_2024-04-22_13-10-00.png,2024-04-22_13-10-00,1080.5,1081.35,1079.65,1081.1,53711.0,1081.37,1082.65,1080.09,1084.12,1087.0,1084.12,1086.3,1129.59,1127.4,1127.4,1127.4,131000
ICICIBANK-EQ_2024-04-22_13-15-00.png,2024-04-22_13-15-00,1081.1,1082.0,1081.0,1081.5,83616.0,1081.36,1082.63,1080.09,1086.47,1087.0,1085.3,1086.14,1127.4,1125.21,1125.21,1125.21,131500
ICICIBANK-EQ_2024-04-22_13-20-00.png,2024-04-22_13-20-00,1081.75,1081.85,1080.9,1081.15,74759.0,1081.4,1082.58,1080.23,1086.12,1086.9,1084.8,1085.56,1125.21,1123.02,1123.02,1123.02,132000
ICICIBANK-EQ_2024-04-22_13-25-00.png,2024-04-22_13-25-00,1081.1,1081.15,1079.5,1080.0,81809.0,1081.35,1082.68,1080.03,1085.28,1086.8,1085.0,1085.94,1123.02,1125.21,1125.21,1125.21,132500
ICICIBANK-EQ_2024-04-22_13-30-00.png,2024-04-22_13-30-00,1080.0,1081.25,1079.5,1081.1,40570.0,1081.32,1082.62,1080.01,1085.97,1088.0,1085.97,1086.94,1125.21,1123.02,1123.02,1123.02,133000
ICICIBANK-EQ_2024-04-22_13-35-00.png,2024-04-22_13-35-00,1081.05,1081.95,1080.9,1081.4,122471.0,1081.29,1082.55,1080.02,1086.88,1087.85,1086.3,1087.14,1123.02,1125.21,1125.21,1125.21,133500
ICICIBANK-EQ_2024-04-22_13-40-00.png,2024-04-22_13-40-00,1081.45,1082.6,1081.05,1081.85,78951.0,1081.28,1082.52,1080.03,1087.2,1087.2,1085.05,1086.14,1125.21,1123.02,1123.02,1123.02,134000
ICICIBANK-EQ_2024-04-22_13-45-00.png,2024-04-22_13-45-00,1081.5,1082.7,1081.15,1082.0,78065.0,1081.27,1082.51,1080.03,1086.18,1087.6,1084.8,1086.26,1123.02,1120.84,1120.84,1120.84,134500
ICICIBANK-EQ_2024-04-22_13-50-00.png,2024-04-22_13-50-00,1082.0,1082.0,1081.55,1081.9,41923.0,1081.22,1082.27,1080.18,1086.32,1088.7,1085.1,1087.11,1120.84,1123.02,1123.02,1123.02,135000
ICICIBANK-EQ_2024-04-22_13-55-00.png,2024-04-22_13-55-00,1081.85,1082.55,1081.65,1082.1,58733.0,1081.23,1082.28,1080.18,1087.32,1100.0,1086.35,1093.42,1123.02,1125.21,1125.21,1125.21,135500
ICICIBANK-EQ_2024-04-22_14-00-00.png,2024-04-22_14-00-00,1082.1,1084.1,1081.7,1083.55,76569.0,1081.32,1082.78,1079.85,1093.68,1093.68,1085.6,1087.31,1125.21,1123.02,1123.02,1123.02,140000
ICICIBANK-EQ_2024-04-22_14-05-00.png,2024-04-22_14-05-00,1083.4,1083.9,1082.8,1083.4,149751.0,1081.42,1083.15,1079.68,1087.0,1088.85,1085.35,1087.2,1123.02,1125.21,1125.21,1125.21,140500
ICICIBANK-EQ_2024-04-22_14-10-00.png,2024-04-22_14-10-00,1083.25,1083.45,1082.35,1083.35,107676.0,1081.53,1083.46,1079.6,1087.3,1088.75,1086.05,1087.3,1125.21,1123.02,1123.02,1123.02,141000
ICICIBANK-EQ_2024-04-22_14-15-00.png,2024-04-22_14-15-00,1083.4,1084.8,1083.05,1083.35,116160.0,1081.67,1083.71,1079.62,1087.2,1087.2,1085.55,1086.16,1123.02,1120.84,1120.84,1120.84,141500
ICICIBANK-EQ_2024-04-22_14-20-00.png,2024-04-22_14-20-00,1083.35,1084.5,1083.0,1083.5,92333.0,1081.79,1083.96,1079.62,1086.12,1087.0,1086.0,1086.51,1120.84,1123.02,1123.02,1123.02,142000
ICICIBANK-EQ_2024-04-22_14-25-00.png,2024-04-22_14-25-00,1083.6,1083.95,1081.65,1082.5,135310.0,1081.87,1084.03,1079.71,1086.53,1087.1,1085.05,1086.06,1123.02,1125.21,1125.21,1125.21,142500
ICICIBANK-EQ_2024-04-22_14-30-00.png,2024-04-22_14-30-00,1082.75,1083.0,1082.0,1082.3,81099.0,1081.93,1084.06,1079.8,1086.05,1086.05,1084.55,1085.28,1125.21,1127.4,1127.4,1127.4,143000
ICICIBANK-EQ_2024-04-22_14-35-00.png,2024-04-22_14-35-00,1082.35,1082.95,1081.9,1082.3,78967.0,1081.99,1084.09,1079.88,1085.32,1086.2,1084.3,1085.41,1127.4,1125.21,1125.21,1125.21,143500
ICICIBANK-EQ_2024-04-22_14-40-00.png,2024-04-22_14-40-00,1082.25,1086.0,1082.2,1086.0,155997.0,1082.25,1084.94,1079.56,1085.58,1086.6,1084.8,1085.55,1125.21,1123.02,1123.02,1123.02,144000
ICICIBANK-EQ_2024-04-22_14-45-00.png,2024-04-22_14-45-00,1086.0,1087.0,1085.25,1086.95,236347.0,1082.56,1085.87,1079.26,1085.4,1085.6,1084.4,1085.0,1123.02,1120.84,1120.84,1120.84,144500
ICICIBANK-EQ_2024-04-22_14-50-00.png,2024-04-22_14-50-00,1086.95,1087.0,1085.3,1085.3,131636.0,1082.78,1086.22,1079.33,1085.0,1085.4,1084.8,1085.16,1120.84,1123.02,1123.02,1123.02,145000
ICICIBANK-EQ_2024-04-22_14-55-00.png,2024-04-22_14-55-00,1085.15,1086.9,1084.8,1085.4,242949.0,1082.97,1086.55,1079.39,1085.22,1086.0,1085.1,1085.47,1123.02,1120.84,1120.84,1120.84,145500
ICICIBANK-EQ_2024-04-22_15-00-00.png,2024-04-22_15-00-00,1085.45,1086.8,1085.0,1086.5,327157.0,1083.24,1087.03,1079.44,1085.4,1085.7,1084.65,1085.22,1120.84,1118.65,1118.65,1118.65,150000
ICICIBANK-EQ_2024-04-22_15-05-00.png,2024-04-22_15-05-00,1086.5,1088.0,1086.0,1087.25,452015.0,1083.6,1087.48,1079.72,1085.28,1085.28,1083.25,1084.26,1118.65,1120.84,1120.84,1120.84,150500
ICICIBANK-EQ_2024-04-22_15-10-00.png,2024-04-22_15-10-00,1087.25,1087.85,1086.3,1087.15,396895.0,1083.9,1087.9,1079.9,1084.35,1084.5,1083.1,1083.79,1120.84,1123.02,1123.02,1123.02,151000
ICICIBANK-EQ_2024-04-22_15-15-00.png,2024-04-22_15-15-00,1087.0,1087.15,1085.05,1085.35,356982.0,1084.1,1087.97,1080.23,1083.78,1085.4,1083.75,1084.65,1123.02,1125.21,1125.21,1125.21,151500
ICICIBANK-EQ_2024-04-22_15-20-00.png,2024-04-22_15-20-00,1085.45,1087.6,1084.8,1087.2,299579.0,1084.37,1088.32,1080.42,1084.72,1085.4,1083.55,1084.55,1125.21,1123.02,1123.02,1123.02,152000
ICICIBANK-EQ_2024-04-22_15-25-00.png,2024-04-22_15-25-00,1087.2,1088.7,1085.1,1087.45,332270.0,1084.64,1088.65,1080.63,1084.62,1084.62,1082.7,1083.45,1123.02,1120.84,1120.84,1120.84,152500
ICICIBANK-EQ_2024-04-23_09-15-00.png,2024-04-23_09-15-00,1100.0,1100.0,1086.35,1087.35,743770.0,1084.91,1088.88,1080.94,1083.35,1084.0,1082.85,1083.25,1120.84,1123.02,1123.02,1123.02,91500
ICICIBANK-EQ_2024-04-23_09-20-00.png,2024-04-23_09-20-00,1087.35,1089.65,1085.6,1086.65,244417.0,1085.14,1088.95,1081.33,1083.08,1084.4,1083.08,1083.62,1123.02,1120.84,1120.84,1120.84,92000
ICICIBANK-EQ_2024-04-23_09-25-00.png,2024-04-23_09-25-00,1086.25,1088.85,1085.35,1088.35,184060.0,1085.38,1089.37,1081.39,1083.42,1085.05,1083.42,1083.99,1120.84,1123.02,1123.02,1123.02,92500
ICICIBANK-EQ_2024-04-23_09-30-00.png,2024-04-23_09-30-00,1088.35,1088.75,1086.05,1086.05,94915.0,1085.51,1089.4,1081.62,1083.7,1085.9,1083.7,1084.79,1123.02,1125.21,1125.21,1125.21,93000
ICICIBANK-EQ_2024-04-23_09-35-00.png,2024-04-23_09-35-00,1086.05,1086.85,1085.55,1086.2,62990.0,1085.66,1089.42,1081.89,1084.7,1087.5,1084.7,1086.5,1125.21,1123.02,1123.02,1123.02,93500
ICICIBANK-EQ_2024-04-23_09-40-00.png,2024-04-23_09-40-00,1086.4,1087.0,1086.0,1086.65,51528.0,1085.82,1089.44,1082.2,1086.5,1088.0,1086.5,1087.44,1123.02,1125.21,1125.21,1125.21,94000
ICICIBANK-EQ_2024-04-23_09-45-00.png,2024-04-23_09-45-00,1086.7,1087.1,1085.05,1085.4,53922.0,1085.92,1089.38,1082.45,1087.58,1090.0,1087.55,1088.81,1125.21,1123.02,1123.02,1123.02,94500
ICICIBANK-EQ_2024-04-23_09-50-00.png,2024-04-23_09-50-00,1085.5,1085.9,1084.55,1085.15,88849.0,1086.05,1089.14,1082.95,1088.85,1089.75,1087.65,1088.66,1123.02,1120.84,1120.84,1120.84,95000
ICICIBANK-EQ_2024-04-23_09-55-00.png,2024-04-23_09-55-00,1085.15,1086.2,1084.3,1086.0,103587.0,1086.23,1088.78,1083.69,1088.62,1088.62,1087.05,1087.91,1120.84,1123.02,1123.02,1123.02,95500
ICICIBANK-EQ_2024-04-23_10-00-00.png,2024-04-23_10-00-00,1086.0,1086.6,1084.8,1084.8,47050.0,1086.36,1088.25,1084.46,1088.1,1088.65,1087.6,1088.14,1123.02,1120.84,1120.84,1120.84,100000
ICICIBANK-EQ_2024-04-23_10-05-00.png,2024-04-23_10-05-00,1085.0,1085.6,1084.4,1085.0,43882.0,1086.31,1088.29,1084.32,1088.15,1088.95,1087.3,1088.34,1120.84,1118.65,1118.65,1118.65,100500
ICICIBANK-EQ_2024-04-23_10-10-00.png,2024-04-23_10-10-00,1085.2,1085.4,1084.8,1085.25,31043.0,1086.22,1088.24,1084.21,1088.55,1088.85,1087.0,1087.97,1118.65,1116.46,1116.46,1116.46,101000
ICICIBANK-EQ_2024-04-23_10-15-00.png,2024-04-23_10-15-00,1085.3,1086.0,1085.1,1085.5,44116.0,1086.23,1088.23,1084.24,1088.03,1088.5,1087.15,1087.78,1116.46,1118.65,1118.65,1118.65,101500
ICICIBANK-EQ_2024-04-23_10-20-00.png,2024-04-23_10-20-00,1085.45,1085.7,1084.65,1085.1,33614.0,1086.22,1088.25,1084.19,1087.72,1088.05,1087.25,1087.68,1118.65,1116.46,1116.46,1116.46,102000
ICICIBANK-EQ_2024-04-23_10-25-00.png,2024-04-23_10-25-00,1084.95,1085.1,1083.25,1083.75,74699.0,1086.08,1088.38,1083.78,1087.7,1088.05,1086.55,1087.28,1116.46,1118.65,1118.65,1118.65,102500
ICICIBANK-EQ_2024-04-23_10-30-00.png,2024-04-23_10-30-00,1083.55,1084.5,1083.1,1084.0,27785.0,1085.92,1088.33,1083.51,1087.25,1087.35,1085.85,1086.74,1118.65,1116.46,1116.46,1116.46,103000
ICICIBANK-EQ_2024-04-23_10-35-00.png,2024-04-23_10-35-00,1084.05,1085.4,1083.75,1085.4,35302.0,1085.83,1088.18,1083.48,1086.88,1089.25,1086.25,1087.72,1116.46,1118.65,1118.65,1118.65,103500
ICICIBANK-EQ_2024-04-23_10-40-00.png,2024-04-23_10-40-00,1085.35,1085.4,1083.55,1083.9,55316.0,1085.76,1088.25,1083.26,1087.7,1090.4,1087.7,1089.45,1118.65,1116.46,1116.46,1116.46,104000
ICICIBANK-EQ_2024-04-23_10-45-00.png,2024-04-23_10-45-00,1083.75,1084.4,1082.7,1082.95,50454.0,1085.54,1088.24,1082.85,1089.47,1090.9,1089.47,1090.12,1116.46,1118.65,1118.65,1118.65,104500
ICICIBANK-EQ_2024-04-23_10-50-00.png,2024-04-23_10-50-00,1082.95,1084.0,1082.85,1083.2,49217.0,1085.33,1088.06,1082.6,1090.05,1090.5,1089.4,1089.99,1118.65,1116.46,1116.46,1116.46,105000
ICICIBANK-EQ_2024-04-23_10-55-00.png,2024-04-23_10-55-00,1083.35,1084.4,1083.25,1083.5,87100.0,1085.14,1087.81,1082.47,1090.03,1090.03,1089.25,1089.45,1116.46,1114.27,1114.27,1114.27,105500
ICICIBANK-EQ_2024-04-23_11-00-00.png,2024-04-23_11-00-00,1083.5,1085.05,1083.5,1083.9,121030.0,1085.0,1087.63,1082.37,1089.42,1090.3,1088.0,1089.41,1114.27,1116.46,1116.46,1116.46,110000
ICICIBANK-EQ_2024-04-23_11-05-00.png,2024-04-23_11-05-00,1083.9,1085.9,1083.85,1085.5,102882.0,1084.86,1086.99,1082.73,1089.68,1090.9,1089.35,1090.03,1116.46,1118.65,1118.65,1118.65,110500
ICICIBANK-EQ_2024-04-23_11-10-00.png,2024-04-23_11-10-00,1085.75,1087.5,1085.5,1087.25,81410.0,1084.92,1087.25,1082.59,1089.92,1089.95,1089.05,1089.59,1118.65,1116.46,1116.46,1116.46,111000
ICICIBANK-EQ_2024-04-23_11-15-00.png,2024-04-23_11-15-00,1087.25,1088.0,1086.6,1087.9,66502.0,1085.01,1087.63,1082.38,1089.68,1090.75,1089.55,1090.16,1116.46,1118.65,1118.65,1118.65,111500
ICICIBANK-EQ_2024-04-23_11-20-00.png,2024-04-23_11-20-00,1087.9,1090.0,1087.55,1089.8,108777.0,1085.16,1088.49,1081.83,1090.18,1091.3,1090.15,1090.73,1118.65,1120.84,1120.84,1120.84,112000
ICICIBANK-EQ_2024-04-23_11-25-00.png,2024-04-23_11-25-00,1089.35,1089.75,1087.65,1087.9,55354.0,1085.29,1088.83,1081.74,1090.72,1090.95,1089.55,1090.49,1120.84,1123.02,1123.02,1123.02,112500
ICICIBANK-EQ_2024-04-23_11-30-00.png,2024-04-23_11-30-00,1088.0,1088.4,1087.05,1088.2,85699.0,1085.44,1089.22,1081.66,1090.72,1090.72,1087.9,1089.53,1123.02,1120.84,1120.84,1120.84,113000
ICICIBANK-EQ_2024-04-23_11-35-00.png,2024-04-23_11-35-00,1088.0,1088.65,1087.6,1088.3,24409.0,1085.55,1089.54,1081.57,1089.82,1089.9,1088.35,1089.24,1120.84,1123.02,1123.02,1123.02,113500
ICICIBANK-EQ_2024-04-23_11-40-00.png,2024-04-23_11-40-00,1088.3,1088.95,1087.3,1088.8,67236.0,1085.76,1089.97,1081.54,1089.35,1089.5,1087.35,1088.64,1123.02,1120.84,1120.84,1120.84,114000
ICICIBANK-EQ_2024-04-23_11-45-00.png,2024-04-23_11-45-00,1088.75,1088.85,1087.0,1087.3,38110.0,1085.87,1090.13,1081.61,1088.85,1089.3,1087.55,1088.58,1120.84,1123.02,1123.02,1123.02,114500
ICICIBANK-EQ_2024-04-23_11-50-00.png,2024-04-23_11-50-00,1087.55,1088.5,1087.15,1087.9,106149.0,1086.0,1090.34,1081.66,1088.72,1089.55,1088.4,1089.1,1123.02,1125.21,1125.21,1125.21,115000
ICICIBANK-EQ_2024-04-23_11-55-00.png,2024-04-23_11-55-00,1087.9,1088.05,1087.25,1087.5,26172.0,1086.1,1090.48,1081.72,1089.22,1089.9,1088.75,1089.25,1125.21,1123.02,1123.02,1123.02,115500
ICICIBANK-EQ_2024-04-23_12-00-00.png,2024-04-23_12-00-00,1087.45,1088.05,1086.55,1087.05,30363.0,1086.2,1090.58,1081.82,1089.18,1089.9,1089.05,1089.41,1123.02,1125.21,1125.21,1125.21,120000
ICICIBANK-EQ_2024-04-23_12-05-00.png,2024-04-23_12-05-00,1087.1,1087.35,1085.85,1086.65,41840.0,1086.34,1090.57,1082.12,1089.35,1090.5,1088.95,1089.81,1125.21,1123.02,1123.02,1123.02,120500
ICICIBANK-EQ_2024-04-23_12-10-00.png,2024-04-23_12-10-00,1086.65,1089.25,1086.25,1088.75,64639.0,1086.58,1090.78,1082.38,1089.9,1090.95,1089.5,1090.25,1123.02,1125.21,1125.21,1125.21,121000
ICICIBANK-EQ_2024-04-23_12-15-00.png,2024-04-23_12-15-00,1088.8,1090.4,1088.45,1090.15,297439.0,1086.82,1091.27,1082.37,1090.28,1090.65,1089.8,1090.34,1125.21,1127.4,1127.4,1127.4,121500
ICICIBANK-EQ_2024-04-23_12-20-00.png,2024-04-23_12-20-00,1090.15,1090.9,1089.5,1089.95,159068.0,1087.12,1091.56,1082.69,1090.45,1091.0,1089.75,1090.39,1127.4,1125.21,1125.21,1125.21,122000
ICICIBANK-EQ_2024-04-23_12-25-00.png,2024-04-23_12-25-00,1090.35,1090.5,1089.4,1089.7,83120.0,1087.46,1091.58,1083.34,1090.4,1090.8,1089.9,1090.36,1125.21,1127.4,1127.4,1127.4,122500
ICICIBANK-EQ_2024-04-23_12-30-00.png,2024-04-23_12-30-00,1089.6,1089.7,1089.25,1089.25,73120.0,1087.76,1091.42,1084.1,1090.38,1091.0,1089.5,1090.3,1127.4,1129.59,1129.59,1129.59,123000
ICICIBANK-EQ_2024-04-23_12-35-00.png,2024-04-23_12-35-00,1089.25,1090.3,1088.0,1090.1,94136.0,1088.09,1091.3,1084.89,1090.35,1090.5,1089.7,1090.06,1129.59,1131.78,1131.78,1131.78,123500
ICICIBANK-EQ_2024-04-23_12-40-00.png,2024-04-23_12-40-00,1090.1,1090.9,1089.35,1089.75,153174.0,1088.38,1090.99,1085.78,1090.03,1090.75,1089.0,1090.16,1131.78,1133.97,1133.97,1133.97,124000
ICICIBANK-EQ_2024-04-23_12-45-00.png,2024-04-23_12-45-00,1089.7,1089.95,1089.05,1089.65,59185.0,1088.59,1090.87,1086.31,1090.45,1090.7,1089.95,1090.25,1133.97,1131.78,1131.78,1131.78,124500
ICICIBANK-EQ_2024-04-23_12-50-00.png,2024-04-23_12-50-00,1089.8,1090.75,1089.55,1090.55,50535.0,1088.76,1091.1,1086.41,1090.18,1090.5,1089.4,1089.95,1131.78,1133.97,1133.97,1133.97,125000
ICICIBANK-EQ_2024-04-23_12-55-00.png,2024-04-23_12-55-00,1090.5,1091.3,1090.15,1090.95,92093.0,1088.91,1091.41,1086.41,1089.95,1090.8,1089.45,1090.22,1133.97,1136.16,1136.16,1136.16,125500
ICICIBANK-EQ_2024-04-23_13-00-00.png,2024-04-23_13-00-00,1090.85,1090.95,1089.55,1090.6,109059.0,1088.95,1091.54,1086.36,1090.32,1090.6,1089.75,1090.16,1136.16,1133.97,1133.97,1133.97,130000
ICICIBANK-EQ_2024-04-23_13-05-00.png,2024-04-23_13-05-00,1090.45,1090.55,1087.9,1089.2,157272.0,1089.02,1091.56,1086.47,1090.15,1090.6,1089.55,1090.12,1133.97,1131.78,1131.78,1131.78,130500
ICICIBANK-EQ_2024-04-23_13-10-00.png,2024-04-23_13-10-00,1089.2,1089.9,1088.35,1089.5,57232.0,1089.08,1091.6,1086.56,1090.18,1091.4,1090.05,1090.73,1131.78,1129.59,1129.59,1129.59,131000
ICICIBANK-EQ_2024-04-23_13-15-00.png,2024-04-23_13-15-00,1089.5,1089.5,1087.35,1088.2,54982.0,1089.08,1091.6,1086.55,1090.72,1091.55,1090.15,1090.85,1129.59,1127.4,1127.4,1127.4,131500
ICICIBANK-EQ_2024-04-23_13-20-00.png,2024-04-23_13-20-00,1088.15,1089.3,1087.55,1089.3,36746.0,1089.1,1091.63,1086.57,1090.85,1090.85,1089.15,1090.25,1127.4,1129.59,1129.59,1129.59,132000
ICICIBANK-EQ_2024-04-23_13-25-00.png,2024-04-23_13-25-00,1089.3,1089.55,1088.4,1089.15,36666.0,1089.19,1091.57,1086.81,1090.55,1091.05,1089.1,1090.26,1129.59,1127.4,1127.4,1127.4,132500
ICICIBANK-EQ_2024-04-23_13-30-00.png,2024-04-23_13-30-00,1089.0,1089.9,1088.75,1089.35,29014.0,1089.27,1091.57,1086.96,1090.45,1090.9,1088.65,1090.21,1127.4,1129.59,1129.59,1129.59,133000
ICICIBANK-EQ_2024-04-23_13-35-00.png,2024-04-23_13-35-00,1089.05,1089.9,1089.05,1089.65,27958.0,1089.37,1091.52,1087.22,1090.65,1091.45,1089.2,1090.54,1129.59,1127.4,1127.4,1127.4,133500
ICICIBANK-EQ_2024-04-23_13-40-00.png,2024-04-23_13-40-00,1089.65,1090.5,1088.95,1090.15,107593.0,1089.53,1091.4,1087.65,1090.75,1091.4,1090.15,1090.88,1127.4,1129.59,1129.59,1129.59,134000
ICICIBANK-EQ_2024-04-23_13-45-00.png,2024-04-23_13-45-00,1090.15,1090.95,1089.5,1090.4,59563.0,1089.72,1091.05,1088.38,1090.97,1091.3,1089.65,1090.7,1129.59,1127.4,1127.4,1127.4,134500
ICICIBANK-EQ_2024-04-23_13-50-00.png,2024-04-23_13-50-00,1090.4,1090.65,1089.8,1090.5,23374.0,1089.8,1091.1,1088.51,1090.92,1091.2,1088.15,1089.85,1127.4,1125.21,1125.21,1125.21,135000
ICICIBANK-EQ_2024-04-23_13-55-00.png,2024-04-23_13-55-00,1090.5,1091.0,1089.75,1090.3,50577.0,1089.81,1091.12,1088.5,1090.03,1093.8,1089.65,1091.59,1125.21,1123.02,1123.02,1123.02,135500
ICICIBANK-EQ_2024-04-23_14-00-00.png,2024-04-23_14-00-00,1090.3,1090.8,1089.9,1090.45,21292.0,1089.83,1091.17,1088.5,1091.45,1091.45,1089.0,1090.08,1123.02,1120.84,1120.84,1120.84,140000
ICICIBANK-EQ_2024-04-23_14-05-00.png,2024-04-23_14-05-00,1090.45,1091.0,1089.5,1090.25,78277.0,1089.86,1091.21,1088.52,1090.3,1090.3,1089.0,1089.59,1120.84,1118.65,1118.65,1118.65,140500
ICICIBANK-EQ_2024-04-23_14-10-00.png,2024-04-23_14-10-00,1089.75,1090.5,1089.7,1090.3,49345.0,1089.92,1091.24,1088.59,1089.68,1091.0,1089.35,1089.99,1118.65,1116.46,1116.46,1116.46,141000
ICICIBANK-EQ_2024-04-23_14-15-00.png,2024-04-23_14-15-00,1090.3,1090.75,1089.0,1090.6,99481.0,1089.94,1091.3,1088.58,1089.8,1092.95,1089.8,1091.3,1116.46,1114.27,1114.27,1114.27,141500
ICICIBANK-EQ_2024-04-23_14-20-00.png,2024-04-23_14-20-00,1090.25,1090.7,1089.95,1090.1,30286.0,1089.96,1091.32,1088.6,1091.22,1093.55,1091.22,1092.88,1114.27,1116.46,1116.46,1116.46,142000
ICICIBANK-EQ_2024-04-23_14-25-00.png,2024-04-23_14-25-00,1090.0,1090.5,1089.4,1089.9,39121.0,1089.97,1091.32,1088.62,1092.88,1094.65,1092.85,1093.68,1116.46,1118.65,1118.65,1118.65,142500
ICICIBANK-EQ_2024-04-23_14-30-00.png,2024-04-23_14-30-00,1090.3,1090.8,1089.45,1090.35,46195.0,1089.96,1091.3,1088.62,1093.6,1096.1,1093.6,1094.92,1118.65,1116.46,1116.46,1116.46,143000
ICICIBANK-EQ_2024-04-23_14-35-00.png,2024-04-23_14-35-00,1090.3,1090.6,1089.75,1090.0,53904.0,1089.91,1091.17,1088.66,1094.85,1096.0,1094.65,1095.44,1116.46,1118.65,1118.65,1118.65,143500
ICICIBANK-EQ_2024-04-23_14-40-00.png,2024-04-23_14-40-00,1090.0,1090.6,1089.55,1090.35,55836.0,1089.9,1091.13,1088.67,1095.55,1095.9,1094.15,1094.93,1118.65,1120.84,1120.84,1120.84,144000
ICICIBANK-EQ_2024-04-23_14-45-00.png,2024-04-23_14-45-00,1090.45,1091.4,1090.05,1091.0,88791.0,1089.99,1091.27,1088.71,1094.82,1095.3,1094.0,1094.6,1120.84,1118.65,1118.65,1118.65,144500
ICICIBANK-EQ_2024-04-23_14-50-00.png,2024-04-23_14-50-00,1091.0,1091.55,1090.15,1090.7,106666.0,1090.05,1091.34,1088.76,1094.55,1095.85,1094.55,1095.42,1118.65,1120.84,1120.84,1120.84,145000
ICICIBANK-EQ_2024-04-23_14-55-00.png,2024-04-23_14-55-00,1090.75,1090.75,1089.15,1090.35,155133.0,1090.16,1091.12,1089.2,1095.58,1096.65,1095.45,1095.97,1120.84,1123.02,1123.02,1123.02,145500
ICICIBANK-EQ_2024-04-23_15-00-00.png,2024-04-23_15-00-00,1090.3,1091.05,1089.1,1090.6,703674.0,1090.22,1091.11,1089.33,1095.9,1096.75,1095.15,1096.03,1123.02,1125.21,1125.21,1125.21,150000
ICICIBANK-EQ_2024-04-23_15-05-00.png,2024-04-23_15-05-00,1090.65,1090.9,1088.65,1090.65,729523.0,1090.3,1091.05,1089.55,1096.1,1096.1,1095.0,1095.56,1125.21,1127.4,1127.4,1127.4,150500
ICICIBANK-EQ_2024-04-23_15-10-00.png,2024-04-23_15-10-00,1090.65,1091.45,1089.2,1090.85,636118.0,1090.37,1091.02,1089.73,1095.6,1096.35,1094.7,1095.35,1127.4,1125.21,1125.21,1125.21,151000
ICICIBANK-EQ_2024-04-23_15-15-00.png,2024-04-23_15-15-00,1090.85,1091.4,1090.15,1091.1,453864.0,1090.45,1091.07,1089.82,1095.18,1097.25,1094.95,1096.04,1125.21,1123.02,1123.02,1123.02,151500
ICICIBANK-EQ_2024-04-23_15-20-00.png,2024-04-23_15-20-00,1091.1,1091.3,1089.65,1090.75,435716.0,1090.47,1091.1,1089.85,1095.97,1097.25,1095.5,1096.45,1123.02,1125.21,1125.21,1125.21,152000
ICICIBANK-EQ_2024-04-23_15-25-00.png,2024-04-23_15-25-00,1090.7,1091.2,1088.15,1089.35,318646.0,1090.42,1091.23,1089.62,1096.53,1096.6,1095.5,1096.15,1125.21,1127.4,1127.4,1127.4,152500
ICICIBANK-EQ_2024-04-24_09-15-00.png,2024-04-24_09-15-00,1092.25,1093.8,1089.65,1090.65,156191.0,1090.43,1091.24,1089.62,1096.25,1096.8,1094.9,1095.79,1127.4,1125.21,1125.21,1125.21,91500
ICICIBANK-EQ_2024-04-24_09-20-00.png,2024-04-24_09-20-00,1090.65,1090.7,1089.0,1089.95,62053.0,1090.41,1091.25,1089.58,1095.72,1096.5,1095.0,1095.5,1125.21,1123.02,1123.02,1123.02,92000
ICICIBANK-EQ_2024-04-24_09-25-00.png,2024-04-24_09-25-00,1089.95,1090.0,1089.0,1089.4,34401.0,1090.36,1091.31,1089.41,1095.25,1096.3,1095.05,1095.59,1123.02,1120.84,1120.84,1120.84,92500
ICICIBANK-EQ_2024-04-24_09-30-00.png,2024-04-24_09-30-00,1089.8,1091.0,1089.35,1089.8,92947.0,1090.34,1091.32,1089.36,1095.5,1095.6,1095.0,1095.34,1120.84,1118.65,1118.65,1118.65,93000
ICICIBANK-EQ_2024-04-24_09-35-00.png,2024-04-24_09-35-00,1089.8,1092.95,1089.8,1092.65,57921.0,1090.46,1091.88,1089.03,1095.38,1095.7,1093.5,1094.56,1118.65,1116.46,1116.46,1116.46,93500
ICICIBANK-EQ_2024-04-24_09-40-00.png,2024-04-24_09-40-00,1092.5,1093.55,1092.2,1093.25,44603.0,1090.59,1092.48,1088.69,1094.53,1094.53,1093.25,1093.75,1116.46,1114.27,1114.27,1114.27,94000
ICICIBANK-EQ_2024-04-24_09-45-00.png,2024-04-24_09-45-00,1093.45,1094.65,1092.85,1093.75,70445.0,1090.77,1093.12,1088.42,1093.75,1093.8,1093.0,1093.42,1114.27,1116.46,1116.46,1116.46,94500
ICICIBANK-EQ_2024-04-24_09-50-00.png,2024-04-24_09-50-00,1094.35,1096.1,1093.9,1095.35,120902.0,1091.04,1094.12,1087.97,1093.45,1094.35,1093.15,1093.78,1116.46,1114.27,1114.27,1114.27,95000
ICICIBANK-EQ_2024-04-24_09-55-00.png,2024-04-24_09-55-00,1095.6,1096.0,1094.65,1095.5,62165.0,1091.3,1094.94,1087.66,1093.8,1094.2,1093.3,1093.93,1114.27,1116.46,1116.46,1116.46,95500
ICICIBANK-EQ_2024-04-24_10-00-00.png,2024-04-24_10-00-00,1095.5,1095.9,1094.15,1094.15,79625.0,1091.51,1095.31,1087.71,1094.1,1094.7,1093.65,1094.15,1116.46,1114.27,1114.27,1114.27,100000
ICICIBANK-EQ_2024-04-24_10-05-00.png,2024-04-24_10-05-00,1094.1,1095.3,1094.0,1095.0,25375.0,1091.74,1095.8,1087.68,1094.12,1094.12,1093.1,1093.64,1114.27,1116.46,1116.46,1116.46,100500
ICICIBANK-EQ_2024-04-24_10-10-00.png,2024-04-24_10-10-00,1095.4,1095.85,1094.7,1095.75,56460.0,1091.98,1096.4,1087.56,1093.72,1093.72,1092.7,1093.22,1116.46,1114.27,1114.27,1114.27,101000
ICICIBANK-EQ_2024-04-24_10-15-00.png,2024-04-24_10-15-00,1095.45,1096.65,1095.45,1096.35,83206.0,1092.26,1097.04,1087.48,1093.25,1093.25,1091.7,1092.58,1114.27,1116.46,1116.46,1116.46,101500
ICICIBANK-EQ_2024-04-24_10-20-00.png,2024-04-24_10-20-00,1096.35,1096.75,1095.15,1095.85,47013.0,1092.54,1097.48,1087.59,1092.7,1093.7,1092.3,1092.95,1116.46,1118.65,1118.65,1118.65,102000
ICICIBANK-EQ_2024-04-24_10-25-00.png,2024-04-24_10-25-00,1095.85,1096.05,1095.0,1095.35,34666.0,1092.77,1097.79,1087.76,1092.9,1093.95,1092.9,1093.28,1118.65,1120.84,1120.84,1120.84,102500
ICICIBANK-EQ_2024-04-24_10-30-00.png,2024-04-24_10-30-00,1095.35,1096.35,1094.7,1095.0,20844.0,1092.99,1097.99,1087.99,1093.08,1094.0,1092.8,1093.39,1120.84,1118.65,1118.65,1118.65,103000
ICICIBANK-EQ_2024-04-24_10-35-00.png,2024-04-24_10-35-00,1094.95,1097.25,1094.95,1097.0,28049.0,1093.3,1098.5,1088.1,1093.38,1094.2,1093.05,1093.56,1118.65,1116.46,1116.46,1116.46,103500
ICICIBANK-EQ_2024-04-24_10-40-00.png,2024-04-24_10-40-00,1097.0,1097.25,1095.5,1096.05,18044.0,1093.54,1098.78,1088.31,1093.5,1093.6,1092.85,1093.27,1116.46,1118.65,1118.65,1118.65,104000
ICICIBANK-EQ_2024-04-24_10-45-00.png,2024-04-24_10-45-00,1096.05,1096.6,1095.5,1096.45,33192.0,1093.83,1099.04,1088.62,1093.32,1094.3,1093.2,1093.71,1118.65,1120.84,1120.84,1120.84,104500
ICICIBANK-EQ_2024-04-24_10-50-00.png,2024-04-24_10-50-00,1096.45,1096.8,1094.9,1095.0,94282.0,1094.11,1098.9,1089.33,1093.68,1095.0,1093.68,1094.38,1120.84,1123.02,1123.02,1123.02,105000
ICICIBANK-EQ_2024-04-24_10-55-00.png,2024-04-24_10-55-00,1095.0,1096.5,1095.0,1095.5,91886.0,1094.36,1098.89,1089.82,1094.25,1094.75,1093.65,1094.09,1123.02,1125.21,1125.21,1125.21,105500
ICICIBANK-EQ_2024-04-24_11-00-00.png,2024-04-24_11-00-00,1095.5,1096.3,1095.05,1095.5,155246.0,1094.63,1098.68,1090.58,1093.97,1094.35,1093.1,1093.84,1125.21,1123.02,1123.02,1123.02,110000
ICICIBANK-EQ_2024-04-24_11-05-00.png,2024-04-24_11-05-00,1095.55,1095.6,1095.0,1095.2,56718.0,1094.92,1098.14,1091.71,1093.95,1095.35,1093.95,1094.7,1123.02,1125.21,1125.21,1125.21,110500
ICICIBANK-EQ_2024-04-24_11-10-00.png,2024-04-24_11-10-00,1095.25,1095.7,1093.5,1093.8,183214.0,1095.12,1097.34,1092.9,1094.72,1095.95,1094.72,1095.32,1125.21,1123.02,1123.02,1123.02,111000
ICICIBANK-EQ_2024-04-24_11-15-00.png,2024-04-24_11-15-00,1093.8,1094.25,1093.25,1093.7,80421.0,1095.18,1097.19,1093.16,1095.22,1095.55,1094.05,1094.9,1123.02,1125.21,1125.21,1125.21,111500
ICICIBANK-EQ_2024-04-24_11-20-00.png,2024-04-24_11-20-00,1093.7,1093.8,1093.0,1093.2,62764.0,1095.17,1097.19,1093.15,1095.0,1095.85,1094.7,1095.18,1125.21,1127.4,1127.4,1127.4,112000
ICICIBANK-EQ_2024-04-24_11-25-00.png,2024-04-24_11-25-00,1093.5,1094.35,1093.15,1094.1,186476.0,1095.19,1097.17,1093.21,1095.08,1096.15,1095.0,1095.51,1127.4,1125.21,1125.21,1125.21,112500
ICICIBANK-EQ_2024-04-24_11-30-00.png,2024-04-24_11-30-00,1094.1,1094.2,1093.3,1094.1,97744.0,1095.13,1097.16,1093.1,1095.45,1096.45,1095.4,1095.97,1125.21,1127.4,1127.4,1127.4,113000
ICICIBANK-EQ_2024-04-24_11-35-00.png,2024-04-24_11-35-00,1094.35,1094.7,1093.65,1093.9,36633.0,1095.05,1097.14,1092.95,1096.03,1096.65,1096.03,1096.38,1127.4,1129.59,1129.59,1129.59,113500
ICICIBANK-EQ_2024-04-24_11-40-00.png,2024-04-24_11-40-00,1093.9,1094.0,1093.1,1093.55,19796.0,1095.02,1097.18,1092.85,1096.4,1096.5,1095.6,1096.15,1129.59,1127.4,1127.4,1127.4,114000
ICICIBANK-EQ_2024-04-24_11-45-00.png,2024-04-24_11-45-00,1093.5,1093.7,1092.7,1093.0,37333.0,1094.92,1097.26,1092.57,1096.25,1096.95,1096.0,1096.45,1127.4,1129.59,1129.59,1129.59,114500
ICICIBANK-EQ_2024-04-24_11-50-00.png,2024-04-24_11-50-00,1092.7,1093.2,1091.7,1092.7,27864.0,1094.76,1097.27,1092.26,1096.42,1097.7,1096.3,1096.96,1129.59,1131.78,1131.78,1131.78,115000
ICICIBANK-EQ_2024-04-24_11-55-00.png,2024-04-24_11-55-00,1092.55,1093.7,1092.3,1093.25,14868.0,1094.61,1097.09,1092.13,1096.92,1097.15,1095.8,1096.55,1131.78,1129.59,1129.59,1129.59,115500
ICICIBANK-EQ_2024-04-24_12-00-00.png,2024-04-24_12-00-00,1093.15,1093.95,1093.0,1093.0,11800.0,1094.47,1096.97,1091.96,1096.62,1096.62,1095.35,1095.92,1129.59,1131.78,1131.78,1131.78,120000
ICICIBANK-EQ_2024-04-24_12-05-00.png,2024-04-24_12-05-00,1093.0,1094.0,1092.8,1093.75,25158.0,1094.39,1096.88,1091.9,1095.97,1096.65,1095.15,1095.74,1131.78,1129.59,1129.59,1129.59,120500
ICICIBANK-EQ_2024-04-24_12-10-00.png,2024-04-24_12-10-00,1093.7,1094.2,1093.05,1093.3,22788.0,1094.3,1096.82,1091.78,1095.57,1095.85,1095.1,1095.47,1129.59,1131.78,1131.78,1131.78,121000
ICICIBANK-EQ_2024-04-24_12-15-00.png,2024-04-24_12-15-00,1093.3,1093.6,1092.85,1093.35,104839.0,1094.12,1096.32,1091.92,1095.47,1096.3,1095.25,1095.76,1131.78,1133.97,1133.97,1133.97,121500
ICICIBANK-EQ_2024-04-24_12-20-00.png,2024-04-24_12-20-00,1093.25,1094.3,1093.2,1094.1,115025.0,1094.02,1096.03,1092.01,1095.75,1097.0,1095.5,1096.03,1133.97,1136.16,1136.16,1136.16,122000
ICICIBANK-EQ_2024-04-24_12-25-00.png,2024-04-24_12-25-00,1094.0,1095.0,1094.0,1094.5,47539.0,1093.92,1095.6,1092.25,1095.8,1096.85,1095.55,1096.09,1136.16,1138.35,1138.35,1138.35,122500
ICICIBANK-EQ_2024-04-24_12-30-00.png,2024-04-24_12-30-00,1094.2,1094.75,1093.65,1093.75,55270.0,1093.86,1095.46,1092.27,1095.97,1096.8,1095.6,1096.24,1138.35,1140.54,1140.54,1140.54,123000
ICICIBANK-EQ_2024-04-24_12-35-00.png,2024-04-24_12-35-00,1093.75,1094.35,1093.1,1094.15,23701.0,1093.8,1095.2,1092.39,1096.28,1096.9,1095.9,1096.3,1140.54,1142.73,1142.73,1142.73,123500
ICICIBANK-EQ_2024-04-24_12-40-00.png,2024-04-24_12-40-00,1094.2,1095.35,1094.0,1095.25,20864.0,1093.78,1095.13,1092.43,1096.2,1096.6,1095.55,1096.14,1142.73,1140.54,1140.54,1140.54,124000
ICICIBANK-EQ_2024-04-24_12-45-00.png,2024-04-24_12-45-00,1095.35,1095.95,1094.9,1095.1,26591.0,1093.78,1095.1,1092.45,1096.2,1097.0,1095.85,1096.51,1140.54,1138.35,1138.35,1138.35,124500
ICICIBANK-EQ_2024-04-24_12-50-00.png,2024-04-24_12-50-00,1095.05,1095.55,1094.05,1094.95,97831.0,1093.84,1095.26,1092.41,1096.6,1097.0,1096.3,1096.82,1138.35,1136.16,1136.16,1136.16,125000
ICICIBANK-EQ_2024-04-24_12-55-00.png,2024-04-24_12-55-00,1094.95,1095.85,1094.7,1095.2,15040.0,1093.91,1095.46,1092.36,1097.0,1097.6,1095.6,1096.62,1136.16,1133.97,1133.97,1133.97,125500
ICICIBANK-EQ_2024-04-24_13-00-00.png,2024-04-24_13-00-00,1095.2,1096.15,1095.0,1095.7,37632.0,1094.03,1095.74,1092.33,1096.65,1097.3,1095.6,1096.54,1133.97,1131.78,1131.78,1131.78,130000
ICICIBANK-EQ_2024-04-24_13-05-00.png,2024-04-24_13-05-00,1095.7,1096.45,1095.4,1096.35,18560.0,1094.15,1096.14,1092.15,1096.62,1097.4,1096.4,1097.08,1131.78,1129.59,1129.59,1129.59,130500
ICICIBANK-EQ_2024-04-24_13-10-00.png,2024-04-24_13-10-00,1096.45,1096.65,1096.05,1096.35,45933.0,1094.26,1096.48,1092.04,1097.25,1097.5,1096.0,1096.9,1129.59,1127.4,1127.4,1127.4,131000
ICICIBANK-EQ_2024-04-24_13-15-00.png,2024-04-24_13-15-00,1096.3,1096.5,1095.6,1096.2,29093.0,1094.38,1096.75,1092.0,1097.05,1097.1,1096.0,1096.52,1127.4,1125.21,1125.21,1125.21,131500
ICICIBANK-EQ_2024-04-24_13-20-00.png,2024-04-24_13-20-00,1096.0,1096.95,1096.0,1096.85,42796.0,1094.54,1097.13,1091.95,1096.5,1096.9,1095.3,1096.19,1125.21,1123.02,1123.02,1123.02,132000
ICICIBANK-EQ_2024-04-24_13-25-00.png,2024-04-24_13-25-00,1096.85,1097.7,1096.3,1097.0,31892.0,1094.74,1097.44,1092.04,1096.28,1097.65,1095.05,1096.15,1123.02,1125.21,1125.21,1125.21,132500
ICICIBANK-EQ_2024-04-24_13-30-00.png,2024-04-24_13-30-00,1097.0,1097.15,1095.8,1096.25,45406.0,1094.92,1097.52,1092.32,1095.95,1098.0,1095.0,1096.62,1125.21,1123.02,1123.02,1123.02,133000
ICICIBANK-EQ_2024-04-24_13-35-00.png,2024-04-24_13-35-00,1096.1,1096.4,1095.35,1095.85,65150.0,1095.05,1097.56,1092.54,1096.75,1098.4,1096.0,1097.18,1123.02,1125.21,1125.21,1125.21,133500
ICICIBANK-EQ_2024-04-24_13-40-00.png,2024-04-24_13-40-00,1095.85,1096.65,1095.15,1095.3,55418.0,1095.16,1097.48,1092.85,1097.15,1098.25,1096.65,1097.46,1125.21,1127.4,1127.4,1127.4,134000
ICICIBANK-EQ_2024-04-24_13-45-00.png,2024-04-24_13-45-00,1095.2,1095.85,1095.1,1095.75,17313.0,1095.26,1097.49,1093.03,1097.47,1098.35,1094.8,1096.81,1127.4,1125.21,1125.21,1125.21,134500
ICICIBANK-EQ_2024-04-24_13-50-00.png,2024-04-24_13-50-00,1095.75,1096.3,1095.25,1095.75,27124.0,1095.38,1097.42,1093.35,1097.05,1097.5,1093.8,1095.9,1125.21,1127.4,1127.4,1127.4,135000
ICICIBANK-EQ_2024-04-24_13-55-00.png,2024-04-24_13-55-00,1095.75,1097.0,1095.5,1095.85,45492.0,1095.51,1097.32,1093.7,1096.15,1106.25,1089.95,1095.44,1127.4,1125.21,1125.21,1125.21,135500
ICICIBANK-EQ_2024-04-24_14-00-00.png,2024-04-24_14-00-00,1095.55,1096.85,1095.55,1096.4,18420.0,1095.62,1097.34,1093.91,1092.78,1097.6,1092.78,1095.11,1125.21,1123.02,1123.02,1123.02,140000
ICICIBANK-EQ_2024-04-24_14-05-00.png,2024-04-24_14-05-00,1096.35,1096.8,1095.6,1096.2,20952.0,1095.71,1097.36,1094.06,1094.72,1098.5,1092.7,1095.85,1123.02,1120.84,1120.84,1120.84,140500
ICICIBANK-EQ_2024-04-24_14-10-00.png,2024-04-24_14-10-00,1095.95,1096.9,1095.9,1096.45,24202.0,1095.84,1097.24,1094.45,1096.1,1102.65,1096.1,1100.44,1120.84,1123.02,1123.02,1123.02,141000
ICICIBANK-EQ_2024-04-24_14-15-00.png,2024-04-24_14-15-00,1096.35,1096.6,1095.55,1096.05,12292.0,1095.94,1097.09,1094.79,1100.38,1103.3,1100.38,1102.04,1123.02,1125.21,1125.21,1125.21,141500
ICICIBANK-EQ_2024-04-24_14-20-00.png,2024-04-24_14-20-00,1096.2,1097.0,1095.85,1097.0,21762.0,1096.03,1097.22,1094.83,1102.15,1104.75,1101.5,1102.97,1125.21,1127.4,1127.4,1127.4,142000
ICICIBANK-EQ_2024-04-24_14-25-00.png,2024-04-24_14-25-00,1097.0,1097.0,1096.3,1097.0,22541.0,1096.12,1097.31,1094.94,1102.82,1105.3,1102.82,1103.86,1127.4,1129.59,1129.59,1129.59,142500
ICICIBANK-EQ_2024-04-24_14-30-00.png,2024-04-24_14-30-00,1096.85,1097.6,1095.6,1096.45,67314.0,1096.2,1097.25,1095.14,1103.5,1106.25,1103.0,1104.79,1129.59,1127.4,1127.4,1127.4,143000
ICICIBANK-EQ_2024-04-24_14-35-00.png,2024-04-24_14-35-00,1096.05,1097.3,1095.6,1097.2,43561.0,1096.3,1097.33,1095.26,1104.95,1106.85,1104.05,1105.25,1127.4,1129.59,1129.59,1129.59,143500
ICICIBANK-EQ_2024-04-24_14-40-00.png,2024-04-24_14-40-00,1097.2,1097.4,1096.4,1097.3,44514.0,1096.38,1097.46,1095.29,1105.05,1106.9,1104.0,1105.35,1129.59,1127.4,1127.4,1127.4,144000
ICICIBANK-EQ_2024-04-24_14-45-00.png,2024-04-24_14-45-00,1097.3,1097.5,1096.0,1096.8,24462.0,1096.4,1097.5,1095.3,1105.25,1107.3,1105.25,1106.62,1127.4,1129.59,1129.59,1129.59,144500
ICICIBANK-EQ_2024-04-24_14-50-00.png,2024-04-24_14-50-00,1096.8,1097.1,1096.0,1096.2,29291.0,1096.39,1097.5,1095.29,1106.58,1110.5,1106.45,1108.49,1129.59,1127.4,1127.4,1127.4,145000
ICICIBANK-EQ_2024-04-24_14-55-00.png,2024-04-24_14-55-00,1096.4,1096.9,1095.3,1096.15,93726.0,1096.39,1097.5,1095.28,1108.5,1112.45,1108.5,1110.69,1127.4,1129.59,1129.59,1129.59,145500
ICICIBANK-EQ_2024-04-24_15-00-00.png,2024-04-24_15-00-00,1096.15,1097.65,1095.05,1095.75,458450.0,1096.34,1097.46,1095.21,1110.75,1112.0,1110.1,1111.31,1129.59,1131.78,1131.78,1131.78,150000
ICICIBANK-EQ_2024-04-24_15-05-00.png,2024-04-24_15-05-00,1096.0,1098.0,1095.0,1097.5,427522.0,1096.36,1097.56,1095.16,1111.58,1111.9,1110.1,1111.24,1131.78,1129.59,1129.59,1129.59,150500
ICICIBANK-EQ_2024-04-24_15-10-00.png,2024-04-24_15-10-00,1097.35,1098.4,1096.0,1096.95,287046.0,1096.4,1097.63,1095.16,1111.47,1111.5,1107.65,1109.71,1129.59,1131.78,1131.78,1131.78,151000
ICICIBANK-EQ_2024-04-24_15-15-00.png,2024-04-24_15-15-00,1096.95,1098.25,1096.65,1098.0,193685.0,1096.5,1097.9,1095.11,1109.85,1110.25,1107.6,1109.01,1131.78,1129.59,1129.59,1129.59,151500
ICICIBANK-EQ_2024-04-24_15-20-00.png,2024-04-24_15-20-00,1097.8,1098.35,1094.8,1096.3,184723.0,1096.55,1097.83,1095.27,1109.1,1111.0,1108.05,1109.43,1129.59,1131.78,1131.78,1131.78,152000
ICICIBANK-EQ_2024-04-24_15-25-00.png,2024-04-24_15-25-00,1096.3,1097.5,1093.8,1096.0,148990.0,1096.56,1097.82,1095.31,1109.32,1110.4,1107.15,1109.08,1131.78,1129.59,1129.59,1129.59,152500
ICICIBANK-EQ_2024-04-25_09-15-00.png,2024-04-25_09-15-00,1090.0,1106.25,1089.95,1095.55,707813.0,1096.55,1097.84,1095.27,1109.38,1110.85,1103.5,1107.21,1129.59,1127.4,1127.4,1127.4,91500
ICICIBANK-EQ_2024-04-25_09-20-00.png,2024-04-25_09-20-00,1095.75,1097.6,1093.4,1093.7,402832.0,1096.45,1098.24,1094.66,1107.25,1107.25,1103.25,1104.24,1127.4,1129.59,1129.59,1129.59,92000
ICICIBANK-EQ_2024-04-25_09-25-00.png,2024-04-25_09-25-00,1093.7,1098.5,1092.7,1098.5,235216.0,1096.55,1098.56,1094.54,1104.12,1105.2,1102.55,1104.2,1129.59,1127.4,1127.4,1127.4,92500
ICICIBANK-EQ_2024-04-25_09-30-00.png,2024-04-25_09-30-00,1099.0,1102.65,1098.35,1101.75,177270.0,1096.83,1099.89,1093.77,1104.53,1109.45,1104.45,1107.09,1127.4,1129.59,1129.59,1129.59,93000
ICICIBANK-EQ_2024-04-25_09-35-00.png,2024-04-25_09-35-00,1101.75,1103.3,1100.55,1102.55,180306.0,1097.13,1101.12,1093.15,1107.22,1112.0,1107.22,1109.88,1129.59,1131.78,1131.78,1131.78,93500
ICICIBANK-EQ_2024-04-25_09-40-00.png,2024-04-25_09-40-00,1102.5,1104.75,1101.5,1103.15,154096.0,1097.49,1102.25,1092.73,1109.5,1111.1,1109.5,1110.46,1131.78,1129.59,1129.59,1129.59,94000
ICICIBANK-EQ_2024-04-25_09-45-00.png,2024-04-25_09-45-00,1103.3,1105.3,1103.15,1103.7,228117.0,1097.82,1103.33,1092.32,1110.47,1111.0,1107.25,1109.3,1129.59,1127.4,1127.4,1127.4,94500
ICICIBANK-EQ_2024-04-25_09-50-00.png,2024-04-25_09-50-00,1104.0,1106.25,1103.0,1105.9,175262.0,1098.27,1104.83,1091.71,1109.47,1109.47,1107.6,1108.2,1127.4,1125.21,1125.21,1125.21,95000
ICICIBANK-EQ_2024-04-25_09-55-00.png,2024-04-25_09-55-00,1105.9,1106.85,1104.05,1104.2,150568.0,1098.66,1105.67,1091.65,1108.08,1108.3,1106.0,1107.15,1125.21,1123.02,1123.02,1123.02,95500
ICICIBANK-EQ_2024-04-25_10-00-00.png,2024-04-25_10-00-00,1104.0,1106.9,1104.0,1106.5,130549.0,1099.12,1106.91,1091.33,1107.15,1107.2,1105.8,1106.51,1123.02,1120.84,1120.84,1120.84,100000
ICICIBANK-EQ_2024-04-25_10-05-00.png,2024-04-25_10-05-00,1106.65,1107.3,1106.05,1106.5,162341.0,1099.58,1107.98,1091.18,1106.53,1107.35,1105.85,1106.81,1120.84,1118.65,1118.65,1118.65,100500
ICICIBANK-EQ_2024-04-25_10-10-00.png,2024-04-25_10-10-00,1106.55,1110.5,1106.45,1110.45,356687.0,1100.26,1109.85,1090.68,1107.03,1107.45,1106.5,1107.06,1118.65,1116.46,1116.46,1116.46,101000
ICICIBANK-EQ_2024-04-25_10-15-00.png,2024-04-25_10-15-00,1109.95,1112.45,1108.8,1111.55,274713.0,1101.03,1111.65,1090.42,1107.15,1108.0,1106.15,1107.29,1116.46,1118.65,1118.65,1118.65,101500
ICICIBANK-EQ_2024-04-25_10-20-00.png,2024-04-25_10-20-00,1111.5,1112.0,1110.1,1111.65,240507.0,1101.81,1113.16,1090.46,1107.5,1108.0,1103.65,1105.99,1118.65,1120.84,1120.84,1120.84,102000
ICICIBANK-EQ_2024-04-25_10-25-00.png,2024-04-25_10-25-00,1111.65,1111.9,1110.1,1111.3,193684.0,1102.58,1114.31,1090.86,1106.15,1106.15,1103.2,1104.34,1120.84,1123.02,1123.02,1123.02,102500
ICICIBANK-EQ_2024-04-25_10-30-00.png,2024-04-25_10-30-00,1111.35,1111.5,1107.65,1108.35,187877.0,1103.13,1114.87,1091.38,1104.47,1105.35,1103.2,1104.55,1123.02,1125.21,1125.21,1125.21,103000
ICICIBANK-EQ_2024-04-25_10-35-00.png,2024-04-25_10-35-00,1108.45,1110.25,1107.6,1109.75,146736.0,1103.77,1115.49,1092.05,1104.82,1105.25,1103.15,1104.3,1125.21,1127.4,1127.4,1127.4,103500
ICICIBANK-EQ_2024-04-25_10-40-00.png,2024-04-25_10-40-00,1109.8,1111.0,1108.05,1108.85,125590.0,1104.31,1115.91,1092.71,1104.4,1104.95,1103.1,1103.91,1127.4,1125.21,1125.21,1125.21,104000
ICICIBANK-EQ_2024-04-25_10-45-00.png,2024-04-25_10-45-00,1108.85,1110.4,1107.15,1109.9,144521.0,1104.99,1116.2,1093.78,1103.8,1104.45,1103.25,1103.95,1125.21,1123.02,1123.02,1123.02,104500
ICICIBANK-EQ_2024-04-25_10-50-00.png,2024-04-25_10-50-00,1110.0,1110.85,1103.5,1104.5,207316.0,1105.42,1115.81,1095.02,1104.05,1104.75,1102.3,1103.51,1123.02,1120.84,1120.84,1120.84,105000
ICICIBANK-EQ_2024-04-25_10-55-00.png,2024-04-25_10-55-00,1104.2,1105.45,1103.25,1104.05,101138.0,1105.84,1115.17,1096.51,1103.5,1104.45,1102.15,1103.18,1120.84,1123.02,1123.02,1123.02,105500
ICICIBANK-EQ_2024-04-25_11-00-00.png,2024-04-25_11-00-00,1103.85,1105.2,1102.55,1105.2,88118.0,1106.42,1113.82,1099.01,1103.05,1104.85,1102.0,1103.62,1123.02,1120.84,1120.84,1120.84,110000
ICICIBANK-EQ_2024-04-25_11-05-00.png,2024-04-25_11-05-00,1105.0,1109.45,1104.45,1109.45,238485.0,1106.96,1113.46,1100.46,1103.82,1105.55,1103.35,1104.32,1120.84,1123.02,1123.02,1123.02,110500
ICICIBANK-EQ_2024-04-25_11-10-00.png,2024-04-25_11-10-00,1108.95,1112.0,1108.5,1110.05,176329.0,1107.38,1113.53,1101.23,1104.2,1105.2,1103.75,1104.36,1123.02,1125.21,1125.21,1125.21,111000
ICICIBANK-EQ_2024-04-25_11-15-00.png,2024-04-25_11-15-00,1110.0,1111.1,1109.8,1110.95,105955.0,1107.8,1113.7,1101.89,1104.25,1106.25,1103.8,1104.94,1125.21,1127.4,1127.4,1127.4,111500
ICICIBANK-EQ_2024-04-25_11-20-00.png,2024-04-25_11-20-00,1110.95,1111.0,1107.25,1108.0,103980.0,1108.04,1113.52,1102.56,1104.85,1109.9,1104.8,1107.12,1127.4,1129.59,1129.59,1129.59,112000
ICICIBANK-EQ_2024-04-25_11-25-00.png,2024-04-25_11-25-00,1107.95,1109.05,1107.6,1108.2,51211.0,1108.26,1113.35,1103.18,1106.9,1112.95,1106.9,1110.46,1129.59,1127.4,1127.4,1127.4,112500
ICICIBANK-EQ_2024-04-25_11-30-00.png,2024-04-25_11-30-00,1108.2,1108.3,1106.0,1106.1,40373.0,1108.28,1113.35,1103.2,1110.38,1112.75,1109.55,1111.14,1127.4,1125.21,1125.21,1125.21,113000
ICICIBANK-EQ_2024-04-25_11-35-00.png,2024-04-25_11-35-00,1106.1,1107.2,1105.8,1106.95,59480.0,1108.41,1113.16,1103.67,1111.12,1111.12,1108.25,1109.4,1125.21,1127.4,1127.4,1127.4,113500
ICICIBANK-EQ_2024-04-25_11-40-00.png,2024-04-25_11-40-00,1106.95,1107.35,1105.85,1107.1,80768.0,1108.44,1113.14,1103.74,1109.53,1110.0,1108.9,1109.51,1127.4,1125.21,1125.21,1125.21,114000
ICICIBANK-EQ_2024-04-25_11-45-00.png,2024-04-25_11-45-00,1107.1,1107.45,1106.5,1107.2,74693.0,1108.48,1113.13,1103.83,1109.58,1110.45,1107.45,1109.0,1125.21,1123.02,1123.02,1123.02,114500
ICICIBANK-EQ_2024-04-25_11-50-00.png,2024-04-25_11-50-00,1107.05,1108.0,1106.15,1107.95,95621.0,1108.35,1112.91,1103.79,1109.05,1110.15,1107.95,1108.68,1123.02,1120.84,1120.84,1120.84,115000
ICICIBANK-EQ_2024-04-25_11-55-00.png,2024-04-25_11-55-00,1107.9,1108.0,1103.65,1104.4,93764.0,1108.0,1112.62,1103.37,1108.3,1110.1,1107.0,1108.36,1120.84,1118.65,1118.65,1118.65,115500
ICICIBANK-EQ_2024-04-25_12-00-00.png,2024-04-25_12-00-00,1104.5,1105.2,1103.2,1104.45,147957.0,1107.64,1112.18,1103.09,1108.18,1110.6,1107.15,1108.61,1118.65,1120.84,1120.84,1120.84,120000
ICICIBANK-EQ_2024-04-25_12-05-00.png,2024-04-25_12-05-00,1104.4,1105.35,1103.2,1105.25,98165.0,1107.33,1111.65,1103.01,1108.35,1112.15,1108.1,1110.3,1120.84,1123.02,1123.02,1123.02,120500
ICICIBANK-EQ_2024-04-25_12-10-00.png,2024-04-25_12-10-00,1105.25,1105.25,1103.15,1103.55,111449.0,1107.09,1111.7,1102.49,1110.47,1114.75,1110.47,1112.95,1123.02,1125.21,1125.21,1125.21,121000
ICICIBANK-EQ_2024-04-25_12-15-00.png,2024-04-25_12-15-00,1103.5,1104.95,1103.1,1104.1,197706.0,1106.81,1111.42,1102.2,1112.97,1114.6,1111.6,1113.0,1125.21,1123.02,1123.02,1123.02,121500
ICICIBANK-EQ_2024-04-25_12-20-00.png,2024-04-25_12-20-00,1104.15,1104.45,1103.25,1103.95,86576.0,1106.56,1111.24,1101.89,1112.9,1112.9,1109.15,1110.7,1123.02,1120.84,1120.84,1120.84,122000
ICICIBANK-EQ_2024-04-25_12-25-00.png,2024-04-25_12-25-00,1103.75,1104.75,1102.3,1103.25,172018.0,1106.23,1110.86,1101.61,1110.82,1113.6,1108.75,1111.38,1120.84,1118.65,1118.65,1118.65,122500
ICICIBANK-EQ_2024-04-25_12-30-00.png,2024-04-25_12-30-00,1103.4,1104.45,1102.15,1102.7,161420.0,1106.14,1110.97,1101.31,1111.58,1118.4,1111.58,1115.3,1118.65,1116.46,1116.46,1116.46,123000
ICICIBANK-EQ_2024-04-25_12-35-00.png,2024-04-25_12-35-00,1102.8,1104.85,1102.0,1104.85,78320.0,1106.18,1110.95,1101.41,1115.22,1119.9,1115.22,1118.32,1116.46,1118.65,1118.65,1118.65,123500
ICICIBANK-EQ_2024-04-25_12-40-00.png,2024-04-25_12-40-00,1104.5,1105.55,1103.35,1103.9,81426.0,1106.12,1110.98,1101.26,1118.22,1120.5,1117.3,1118.69,1118.65,1116.46,1116.46,1116.46,124000
ICICIBANK-EQ_2024-04-25_12-45-00.png,2024-04-25_12-45-00,1103.9,1105.2,1103.75,1104.6,50502.0,1105.88,1110.52,1101.23,1118.47,1121.4,1117.4,1119.05,1116.46,1114.27,1114.27,1114.27,124500
ICICIBANK-EQ_2024-04-25_12-50-00.png,2024-04-25_12-50-00,1104.55,1106.25,1103.8,1105.15,116693.0,1105.63,1109.84,1101.42,1118.7,1121.8,1118.7,1120.53,1114.27,1112.08,1112.08,1112.08,125000
ICICIBANK-EQ_2024-04-25_12-55-00.png,2024-04-25_12-55-00,1105.25,1109.9,1104.8,1108.55,331149.0,1105.51,1109.18,1101.84,1120.47,1125.65,1118.55,1122.4,1112.08,1109.89,1109.89,1109.89,125500
ICICIBANK-EQ_2024-04-25_13-00-00.png,2024-04-25_13-00-00,1108.55,1112.95,1108.15,1112.2,221387.0,1105.72,1110.35,1101.09,1122.7,1125.45,1121.5,1123.38,1109.89,1107.7,1107.7,1107.7,130000
ICICIBANK-EQ_2024-04-25_13-05-00.png,2024-04-25_13-05-00,1112.7,1112.75,1109.55,1109.55,202254.0,1105.79,1110.6,1100.97,1123.28,1123.28,1120.1,1121.69,1107.7,1109.89,1109.89,1109.89,130500
ICICIBANK-EQ_2024-04-25_13-10-00.png,2024-04-25_13-10-00,1109.8,1110.3,1108.25,1109.25,150981.0,1105.95,1111.0,1100.89,1122.03,1122.4,1119.3,1120.89,1109.89,1107.7,1107.7,1107.7,131000
ICICIBANK-EQ_2024-04-25_13-15-00.png,2024-04-25_13-15-00,1109.25,1110.0,1108.9,1109.9,133682.0,1106.09,1111.44,1100.75,1120.92,1120.92,1118.7,1119.62,1107.7,1105.51,1105.51,1105.51,131500
ICICIBANK-EQ_2024-04-25_13-20-00.png,2024-04-25_13-20-00,1109.9,1110.45,1107.45,1108.2,127288.0,1106.15,1111.56,1100.73,1119.65,1120.1,1117.3,1119.14,1105.51,1103.32,1103.32,1103.32,132000
ICICIBANK-EQ_2024-04-25_13-25-00.png,2024-04-25_13-25-00,1108.2,1110.15,1107.95,1108.4,161075.0,1106.21,1111.7,1100.72,1119.58,1119.58,1116.7,1118.11,1103.32,1101.13,1101.13,1101.13,132500
ICICIBANK-EQ_2024-04-25_13-30-00.png,2024-04-25_13-30-00,1108.35,1110.1,1107.0,1108.0,179647.0,1106.21,1111.7,1100.72,1118.15,1118.15,1114.75,1115.85,1101.13,1098.94,1098.94,1098.94,133000
ICICIBANK-EQ_2024-04-25_13-35-00.png,2024-04-25_13-35-00,1107.85,1110.6,1107.15,1108.85,190686.0,1106.43,1111.98,1100.89,1115.82,1115.82,1112.45,1113.71,1098.94,1101.13,1101.13,1101.13,133500
ICICIBANK-EQ_2024-04-25_13-40-00.png,2024-04-25_13-40-00,1108.85,1112.15,1108.1,1112.1,172404.0,1106.82,1112.82,1100.81,1113.62,1113.62,1110.75,1111.81,1101.13,1103.32,1103.32,1103.32,134000
ICICIBANK-EQ_2024-04-25_13-45-00.png,2024-04-25_13-45-00,1112.1,1114.75,1111.1,1113.85,245032.0,1107.24,1113.97,1100.52,1111.62,1111.62,1109.1,1109.94,1103.32,1105.51,1105.51,1105.51,134500
ICICIBANK-EQ_2024-04-25_13-50-00.png,2024-04-25_13-50-00,1113.85,1114.6,1111.6,1111.95,221928.0,1107.66,1114.46,1100.87,1109.92,1111.15,1108.65,1109.95,1105.51,1107.7,1107.7,1107.7,135000
ICICIBANK-EQ_2024-04-25_13-55-00.png,2024-04-25_13-55-00,1111.9,1112.0,1109.15,1109.75,287632.0,1107.95,1114.59,1101.31,1110.0,1112.9,1103.9,1108.31,1107.7,1105.51,1105.51,1105.51,135500
ICICIBANK-EQ_2024-04-25_14-00-00.png,2024-04-25_14-00-00,1109.7,1113.6,1108.75,1113.45,245063.0,1108.42,1115.22,1101.63,1108.22,1108.22,1104.0,1105.71,1105.51,1103.32,1103.32,1103.32,140000
ICICIBANK-EQ_2024-04-25_14-05-00.png,2024-04-25_14-05-00,1113.5,1118.4,1112.35,1116.95,462806.0,1109.11,1116.45,1101.77,1105.58,1111.75,1105.58,1108.89,1103.32,1105.51,1105.51,1105.51,140500
ICICIBANK-EQ_2024-04-25_14-10-00.png,2024-04-25_14-10-00,1116.95,1119.9,1116.95,1119.5,232625.0,1109.95,1118.01,1101.89,1108.85,1111.65,1108.0,1110.41,1105.51,1107.7,1107.7,1107.7,141000
ICICIBANK-EQ_2024-04-25_14-15-00.png,2024-04-25_14-15-00,1119.55,1120.5,1117.3,1117.4,283260.0,1110.58,1118.92,1102.23,1111.0,1116.5,1110.75,1113.5,1107.7,1109.89,1109.89,1109.89,141500
ICICIBANK-EQ_2024-04-25_14-20-00.png,2024-04-25_14-20-00,1117.4,1121.4,1117.4,1120.0,306362.0,1111.38,1120.11,1102.65,1113.38,1115.55,1111.0,1113.22,1109.89,1107.7,1107.7,1107.7,142000
ICICIBANK-EQ_2024-04-25_14-25-00.png,2024-04-25_14-25-00,1120.0,1121.8,1119.35,1120.95,403810.0,1112.2,1121.31,1103.09,1113.18,1113.18,1110.6,1111.55,1107.7,1109.89,1109.89,1109.89,142500
ICICIBANK-EQ_2024-04-25_14-30-00.png,2024-04-25_14-30-00,1120.9,1125.65,1118.55,1124.5,662015.0,1113.16,1123.19,1103.14,1111.47,1111.9,1109.75,1110.79,1109.89,1112.08,1112.08,1112.08,143000
ICICIBANK-EQ_2024-04-25_14-35-00.png,2024-04-25_14-35-00,1124.9,1125.45,1121.5,1121.65,249314.0,1113.82,1124.27,1103.37,1110.75,1111.0,1109.7,1110.24,1112.08,1114.27,1114.27,1114.27,143500
ICICIBANK-EQ_2024-04-25_14-40-00.png,2024-04-25_14-40-00,1121.65,1122.6,1120.1,1122.4,304941.0,1114.33,1125.43,1103.23,1110.12,1110.5,1106.2,1108.36,1114.27,1116.46,1116.46,1116.46,144000
ICICIBANK-EQ_2024-04-25_14-45-00.png,2024-04-25_14-45-00,1122.1,1122.4,1119.3,1119.75,350773.0,1114.84,1125.95,1103.73,1108.38,1108.38,1105.0,1105.93,1116.46,1114.27,1114.27,1114.27,144500
ICICIBANK-EQ_2024-04-25_14-50-00.png,2024-04-25_14-50-00,1119.8,1120.5,1118.7,1119.5,277020.0,1115.35,1126.32,1104.38,1105.82,1107.4,1104.7,1105.96,1114.27,1116.46,1116.46,1116.46,145000
ICICIBANK-EQ_2024-04-25_14-55-00.png,2024-04-25_14-55-00,1119.7,1120.1,1117.3,1119.45,560262.0,1115.83,1126.63,1105.03,1105.88,1108.8,1105.88,1107.66,1116.46,1114.27,1114.27,1114.27,145500
ICICIBANK-EQ_2024-04-25_15-00-00.png,2024-04-25_15-00-00,1119.45,1119.45,1116.7,1116.85,1118156.0,1116.26,1126.45,1106.07,1107.75,1109.95,1107.65,1108.56,1114.27,1116.46,1116.46,1116.46,150000
ICICIBANK-EQ_2024-04-25_15-05-00.png,2024-04-25_15-05-00,1116.85,1117.0,1114.75,1114.8,1234937.0,1116.58,1126.11,1107.05,1108.32,1111.8,1106.15,1109.32,1116.46,1114.27,1114.27,1114.27,150500
ICICIBANK-EQ_2024-04-25_15-10-00.png,2024-04-25_15-10-00,1114.8,1115.15,1112.45,1112.45,947275.0,1116.8,1125.67,1107.94,1109.68,1111.9,1106.85,1109.26,1114.27,1116.46,1116.46,1116.46,151000
ICICIBANK-EQ_2024-04-25_15-15-00.png,2024-04-25_15-15-00,1112.5,1113.25,1110.75,1110.75,1175217.0,1116.9,1125.45,1108.35,1109.15,1109.15,1106.5,1107.2,1116.46,1114.27,1114.27,1114.27,151500
ICICIBANK-EQ_2024-04-25_15-20-00.png,2024-04-25_15-20-00,1110.75,1110.8,1109.1,1109.1,785965.0,1116.75,1125.74,1107.76,1107.15,1108.25,1106.8,1107.56,1114.27,1112.08,1112.08,1112.08,152000
ICICIBANK-EQ_2024-04-25_15-25-00.png,2024-04-25_15-25-00,1109.1,1111.15,1108.65,1110.9,352451.0,1116.6,1125.89,1107.32,1107.6,1108.7,1107.05,1107.79,1112.08,1114.27,1114.27,1114.27,152500
ICICIBANK-EQ_2024-04-26_09-15-00.png,2024-04-26_09-15-00,1112.15,1112.9,1103.9,1104.3,670651.0,1116.22,1126.85,1105.59,1107.7,1108.0,1107.0,1107.39,1114.27,1112.08,1112.08,1112.08,91500
ICICIBANK-EQ_2024-04-26_09-20-00.png,2024-04-26_09-20-00,1104.25,1107.7,1104.0,1106.9,262558.0,1116.08,1127.14,1105.02,1107.28,1109.25,1107.0,1108.0,1112.08,1114.27,1114.27,1114.27,92000
ICICIBANK-EQ_2024-04-26_09-25-00.png,2024-04-26_09-25-00,1106.8,1111.75,1106.1,1110.9,204212.0,1115.95,1127.19,1104.71,1107.88,1110.5,1107.88,1109.29,1114.27,1116.46,1116.46,1116.46,92500
ICICIBANK-EQ_2024-04-26_09-30-00.png,2024-04-26_09-30-00,1110.45,1111.65,1108.0,1111.55,103774.0,1115.68,1127.08,1104.28,1109.32,1110.35,1108.3,1109.28,1116.46,1118.65,1118.65,1118.65,93000
ICICIBANK-EQ_2024-04-26_09-35-00.png,2024-04-26_09-35-00,1111.2,1116.5,1110.75,1115.55,224703.0,1115.48,1126.74,1104.22,1109.22,1109.9,1107.5,1108.91,1118.65,1116.46,1116.46,1116.46,93500
ICICIBANK-EQ_2024-04-26_09-40-00.png,2024-04-26_09-40-00,1115.15,1115.55,1111.0,1111.2,137058.0,1115.17,1126.55,1103.8,1109.12,1110.5,1108.95,1109.7,1116.46,1118.65,1118.65,1118.65,94000
ICICIBANK-EQ_2024-04-26_09-45-00.png,2024-04-26_09-45-00,1111.45,1112.65,1110.6,1111.5,141689.0,1114.75,1126.0,1103.5,1109.68,1110.3,1108.35,1109.62,1118.65,1120.84,1120.84,1120.84,94500
ICICIBANK-EQ_2024-04-26_09-50-00.png,2024-04-26_09-50-00,1111.5,1111.9,1109.75,1110.0,154976.0,1114.2,1125.25,1103.15,1109.93,1110.95,1109.05,1110.22,1120.84,1118.65,1118.65,1118.65,95000
ICICIBANK-EQ_2024-04-26_09-55-00.png,2024-04-26_09-55-00,1110.0,1111.0,1109.7,1110.25,174197.0,1113.49,1123.53,1103.45,1110.45,1111.15,1109.25,1110.29,1118.65,1120.84,1120.84,1120.84,95500
ICICIBANK-EQ_2024-04-26_10-00-00.png,2024-04-26_10-00-00,1110.25,1110.5,1106.2,1106.5,238387.0,1112.73,1122.46,1103.0,1110.38,1110.38,1108.2,1109.14,1120.84,1123.02,1123.02,1123.02,100000
ICICIBANK-EQ_2024-04-26_10-05-00.png,2024-04-26_10-05-00,1106.5,1107.05,1105.0,1105.15,229236.0,1111.87,1121.03,1102.71,1109.15,1109.4,1107.5,1108.45,1123.02,1125.21,1125.21,1125.21,100500
ICICIBANK-EQ_2024-04-26_10-10-00.png,2024-04-26_10-10-00,1105.1,1107.4,1104.7,1106.65,256207.0,1111.21,1119.86,1102.57,1108.45,1108.5,1107.35,1107.92,1125.21,1127.4,1127.4,1127.4,101000
ICICIBANK-EQ_2024-04-26_10-15-00.png,2024-04-26_10-15-00,1106.95,1108.8,1106.35,1108.55,235152.0,1110.67,1118.45,1102.88,1107.92,1109.3,1106.85,1108.2,1127.4,1129.59,1129.59,1129.59,101500
ICICIBANK-EQ_2024-04-26_10-20-00.png,2024-04-26_10-20-00,1108.55,1109.95,1107.65,1108.1,143036.0,1110.1,1116.76,1103.44,1108.32,1108.85,1107.35,1108.3,1129.59,1127.4,1127.4,1127.4,102000
ICICIBANK-EQ_2024-04-26_10-25-00.png,2024-04-26_10-25-00,1108.1,1111.8,1106.15,1111.25,115000.0,1109.82,1115.71,1103.93,1108.5,1109.4,1107.05,1108.45,1127.4,1125.21,1125.21,1125.21,102500
ICICIBANK-EQ_2024-04-26_10-30-00.png,2024-04-26_10-30-00,1111.3,1111.9,1106.85,1107.0,101346.0,1109.43,1114.95,1103.91,1108.68,1109.6,1108.0,1108.79,1125.21,1123.02,1123.02,1123.02,103000
ICICIBANK-EQ_2024-04-26_10-35-00.png,2024-04-26_10-35-00,1107.0,1108.0,1106.5,1107.3,101069.0,1109.17,1114.58,1103.76,1108.78,1110.0,1108.3,1109.0,1123.02,1125.21,1125.21,1125.21,103500
ICICIBANK-EQ_2024-04-26_10-40-00.png,2024-04-26_10-40-00,1107.3,1108.25,1106.8,1107.9,68955.0,1109.03,1114.41,1103.65,1108.85,1109.35,1108.0,1108.65,1125.21,1127.4,1127.4,1127.4,104000
ICICIBANK-EQ_2024-04-26_10-45-00.png,2024-04-26_10-45-00,1107.9,1108.7,1107.05,1107.5,106131.0,1108.95,1114.37,1103.52,1108.62,1109.1,1108.0,1108.54,1127.4,1125.21,1125.21,1125.21,104500
ICICIBANK-EQ_2024-04-26_10-50-00.png,2024-04-26_10-50-00,1107.5,1108.0,1107.0,1107.05,137919.0,1108.75,1114.16,1103.35,1108.53,1109.9,1108.4,1109.11,1125.21,1127.4,1127.4,1127.4,105000
ICICIBANK-EQ_2024-04-26_10-55-00.png,2024-04-26_10-55-00,1107.1,1109.25,1107.0,1108.65,186229.0,1108.97,1113.96,1103.99,1109.08,1111.0,1108.75,1110.05,1127.4,1125.21,1125.21,1125.21,105500
ICICIBANK-EQ_2024-04-26_11-00-00.png,2024-04-26_11-00-00,1109.0,1110.5,1108.0,1109.65,545011.0,1109.11,1114.0,1104.22,1110.22,1111.65,1109.55,1110.84,1125.21,1127.4,1127.4,1127.4,110000
ICICIBANK-EQ_2024-04-26_11-05-00.png,2024-04-26_11-05-00,1109.65,1110.35,1108.3,1108.8,133747.0,1109.0,1113.83,1104.18,1111.08,1111.65,1109.75,1111.03,1127.4,1125.21,1125.21,1125.21,110500
ICICIBANK-EQ_2024-04-26_11-10-00.png,2024-04-26_11-10-00,1108.5,1109.9,1107.5,1109.75,62601.0,1108.92,1113.6,1104.23,1111.35,1112.25,1110.6,1111.55,1125.21,1127.4,1127.4,1127.4,111000
ICICIBANK-EQ_2024-04-26_11-15-00.png,2024-04-26_11-15-00,1109.7,1110.5,1108.95,1109.65,73358.0,1108.62,1112.15,1105.09,1111.68,1114.6,1111.25,1113.08,1127.4,1125.21,1125.21,1125.21,111500
ICICIBANK-EQ_2024-04-26_11-20-00.png,2024-04-26_11-20-00,1109.65,1110.3,1108.35,1110.2,106740.0,1108.57,1111.97,1105.17,1113.22,1115.0,1112.35,1113.76,1125.21,1127.4,1127.4,1127.4,112000
ICICIBANK-EQ_2024-04-26_11-25-00.png,2024-04-26_11-25-00,1110.2,1110.95,1109.05,1110.7,77708.0,1108.53,1111.8,1105.26,1113.85,1115.0,1112.85,1113.95,1127.4,1129.59,1129.59,1129.59,112500
ICICIBANK-EQ_2024-04-26_11-30-00.png,2024-04-26_11-30-00,1110.7,1111.15,1109.25,1110.05,144684.0,1108.53,1111.81,1105.26,1113.97,1114.9,1113.3,1114.29,1129.59,1127.4,1127.4,1127.4,113000
ICICIBANK-EQ_2024-04-26_11-35-00.png,2024-04-26_11-35-00,1109.6,1110.05,1108.2,1108.7,80224.0,1108.46,1111.63,1105.28,1114.47,1115.0,1113.35,1114.24,1127.4,1125.21,1125.21,1125.21,113500
ICICIBANK-EQ_2024-04-26_11-40-00.png,2024-04-26_11-40-00,1108.7,1109.4,1107.5,1108.2,118011.0,1108.54,1111.59,1105.49,1114.3,1114.4,1109.6,1112.03,1125.21,1127.4,1127.4,1127.4,114000
ICICIBANK-EQ_2024-04-26_11-45-00.png,2024-04-26_11-45-00,1108.05,1108.5,1107.35,1107.8,50396.0,1108.67,1111.3,1106.05,1112.05,1112.05,1109.35,1110.38,1127.4,1129.59,1129.59,1129.59,114500
ICICIBANK-EQ_2024-04-26_11-50-00.png,2024-04-26_11-50-00,1107.9,1109.3,1106.85,1108.75,610308.0,1108.78,1111.23,1106.33,1110.08,1112.0,1108.25,1109.96,1129.59,1131.78,1131.78,1131.78,115000
ICICIBANK-EQ_2024-04-26_11-55-00.png,2024-04-26_11-55-00,1108.55,1108.85,1107.35,1108.45,132604.0,1108.77,1111.22,1106.32,1109.8,1109.8,1105.3,1107.39,1131.78,1129.59,1129.59,1129.59,115500
ICICIBANK-EQ_2024-04-26_12-00-00.png,2024-04-26_12-00-00,1108.45,1109.4,1107.05,1108.9,102552.0,1108.81,1111.24,1106.38,1107.55,1107.55,1104.0,1105.36,1129.59,1131.78,1131.78,1131.78,120000
ICICIBANK-EQ_2024-04-26_12-05-00.png,2024-04-26_12-05-00,1108.9,1109.6,1108.0,1108.65,53525.0,1108.68,1110.83,1106.54,1105.72,1106.4,1104.4,1105.41,1131.78,1129.59,1129.59,1129.59,120500
ICICIBANK-EQ_2024-04-26_12-10-00.png,2024-04-26_12-10-00,1108.7,1110.0,1108.3,1109.0,89447.0,1108.78,1110.78,1106.79,1105.42,1105.95,1104.0,1104.97,1129.59,1131.78,1131.78,1131.78,121000
ICICIBANK-EQ_2024-04-26_12-15-00.png,2024-04-26_12-15-00,1108.95,1109.35,1108.0,1108.3,58297.0,1108.83,1110.72,1106.95,1104.97,1106.3,1103.15,1104.5,1131.78,1129.59,1129.59,1129.59,121500
ICICIBANK-EQ_2024-04-26_12-20-00.png,2024-04-26_12-20-00,1108.3,1109.1,1108.0,1108.75,75385.0,1108.88,1110.71,1107.04,1104.28,1105.45,1102.75,1104.18,1129.59,1127.4,1127.4,1127.4,122000
ICICIBANK-EQ_2024-04-26_12-25-00.png,2024-04-26_12-25-00,1108.75,1109.9,1108.4,1109.4,112095.0,1108.97,1110.7,1107.24,1104.25,1106.15,1104.0,1105.12,1127.4,1129.59,1129.59,1129.59,122500
ICICIBANK-EQ_2024-04-26_12-30-00.png,2024-04-26_12-30-00,1109.8,1111.0,1108.75,1110.65,170429.0,1109.15,1110.78,1107.52,1105.18,1107.2,1105.0,1106.31,1129.59,1127.4,1127.4,1127.4,123000
ICICIBANK-EQ_2024-04-26_12-35-00.png,2024-04-26_12-35-00,1110.65,1111.65,1109.55,1111.5,65559.0,1109.29,1111.21,1107.37,1106.53,1107.8,1105.75,1106.9,1127.4,1129.59,1129.59,1129.59,123500
ICICIBANK-EQ_2024-04-26_12-40-00.png,2024-04-26_12-40-00,1111.5,1111.65,1109.75,1111.2,84490.0,1109.37,1111.47,1107.27,1107.03,1108.8,1106.5,1107.72,1129.59,1131.78,1131.78,1131.78,124000
ICICIBANK-EQ_2024-04-26_12-45-00.png,2024-04-26_12-45-00,1111.2,1112.25,1110.6,1112.15,76930.0,1109.54,1111.95,1107.12,1107.8,1108.95,1106.3,1107.94,1131.78,1129.59,1129.59,1129.59,124500
ICICIBANK-EQ_2024-04-26_12-50-00.png,2024-04-26_12-50-00,1112.15,1114.6,1111.25,1114.3,135937.0,1109.76,1112.99,1106.54,1108.25,1109.15,1107.7,1108.42,1129.59,1131.78,1131.78,1131.78,125000
ICICIBANK-EQ_2024-04-26_12-55-00.png,2024-04-26_12-55-00,1114.4,1115.0,1112.35,1113.3,182620.0,1109.95,1113.54,1106.36,1108.42,1109.7,1108.25,1108.68,1131.78,1133.97,1133.97,1133.97,125500
ICICIBANK-EQ_2024-04-26_13-00-00.png,2024-04-26_13-00-00,1113.2,1115.0,1112.85,1114.75,95724.0,1110.18,1114.36,1105.99,1108.38,1109.9,1108.25,1108.8,1133.97,1131.78,1131.78,1131.78,130000
ICICIBANK-EQ_2024-04-26_13-05-00.png,2024-04-26_13-05-00,1114.75,1114.9,1113.3,1114.2,81758.0,1110.35,1114.9,1105.8,1108.53,1110.4,1108.2,1109.46,1131.78,1133.97,1133.97,1133.97,130500
ICICIBANK-EQ_2024-04-26_13-10-00.png,2024-04-26_13-10-00,1114.2,1115.0,1113.35,1114.4,80478.0,1110.57,1115.46,1105.67,1109.62,1110.5,1108.8,1109.85,1133.97,1131.78,1131.78,1131.78,131000
ICICIBANK-EQ_2024-04-26_13-15-00.png,2024-04-26_13-15-00,1114.35,1114.4,1109.6,1109.75,115400.0,1110.62,1115.45,1105.79,1110.05,1110.95,1108.8,1109.99,1131.78,1133.97,1133.97,1133.97,131500
ICICIBANK-EQ_2024-04-26_13-20-00.png,2024-04-26_13-20-00,1110.15,1112.0,1109.35,1110.0,98656.0,1110.71,1115.42,1106.0,1110.1,1110.25,1107.95,1109.41,1133.97,1131.78,1131.78,1131.78,132000
ICICIBANK-EQ_2024-04-26_13-25-00.png,2024-04-26_13-25-00,1110.45,1112.0,1108.25,1109.15,224987.0,1110.78,1115.35,1106.21,1109.72,1109.72,1105.55,1107.99,1131.78,1133.97,1133.97,1133.97,132500
ICICIBANK-EQ_2024-04-26_13-30-00.png,2024-04-26_13-30-00,1109.15,1109.15,1105.3,1105.95,126356.0,1110.64,1115.62,1105.65,1108.4,1108.55,1103.45,1106.32,1133.97,1136.16,1136.16,1136.16,133000
ICICIBANK-EQ_2024-04-26_13-35-00.png,2024-04-26_13-35-00,1105.95,1106.0,1104.0,1105.5,190534.0,1110.49,1115.9,1105.08,1106.65,1106.65,1104.4,1105.78,1136.16,1133.97,1133.97,1133.97,133500
ICICIBANK-EQ_2024-04-26_13-40-00.png,2024-04-26_13-40-00,1105.5,1106.4,1104.4,1105.35,178962.0,1110.31,1116.16,1104.46,1106.08,1107.95,1105.95,1106.84,1133.97,1136.16,1136.16,1136.16,134000
ICICIBANK-EQ_2024-04-26_13-45-00.png,2024-04-26_13-45-00,1105.35,1105.95,1104.0,1104.6,209482.0,1110.11,1116.46,1103.76,1106.72,1111.05,1106.72,1109.09,1136.16,1133.97,1133.97,1133.97,134500
ICICIBANK-EQ_2024-04-26_13-50-00.png,2024-04-26_13-50-00,1104.6,1106.3,1103.15,1103.95,328414.0,1109.86,1116.77,1102.95,1109.07,1120.0,1109.07,1112.92,1133.97,1131.78,1131.78,1131.78,135000
ICICIBANK-EQ_2024-04-26_13-55-00.png,2024-04-26_13-55-00,1103.95,1105.45,1102.75,1104.55,178960.0,1109.67,1116.95,1102.39,1110.8,1120.15,1107.9,1113.01,1131.78,1129.59,1129.59,1129.59,135500
ICICIBANK-EQ_2024-04-26_14-00-00.png,2024-04-26_14-00-00,1104.2,1106.15,1104.0,1106.15,173058.0,1109.54,1116.98,1102.1,1112.0,1125.5,1112.0,1120.56,1129.59,1131.78,1131.78,1131.78,140000
ICICIBANK-EQ_2024-04-26_14-05-00.png,2024-04-26_14-05-00,1106.15,1107.2,1105.0,1106.9,211109.0,1109.42,1116.95,1101.88,1120.53,1129.3,1120.53,1126.72,1131.78,1133.97,1133.97,1133.97,140500
ICICIBANK-EQ_2024-04-26_14-10-00.png,2024-04-26_14-10-00,1106.9,1107.8,1105.75,1107.15,204644.0,1109.24,1116.82,1101.66,1127.05,1129.75,1125.75,1127.6,1133.97,1131.78,1131.78,1131.78,141000
ICICIBANK-EQ_2024-04-26_14-15-00.png,2024-04-26_14-15-00,1107.5,1108.8,1106.5,1108.1,167593.0,1109.07,1116.59,1101.55,1127.45,1131.7,1125.25,1128.19,1131.78,1133.97,1133.97,1133.97,141500
ICICIBANK-EQ_2024-04-26_14-20-00.png,2024-04-26_14-20-00,1108.1,1108.95,1106.3,1108.4,196309.0,1108.93,1116.38,1101.48,1127.9,1131.0,1127.15,1129.4,1133.97,1131.78,1131.78,1131.78,142000
ICICIBANK-EQ_2024-04-26_14-25-00.png,2024-04-26_14-25-00,1108.35,1109.15,1107.7,1108.5,171578.0,1108.75,1116.05,1101.45,1129.72,1130.2,1127.05,1128.91,1131.78,1129.59,1129.59,1129.59,142500
ICICIBANK-EQ_2024-04-26_14-30-00.png,2024-04-26_14-30-00,1108.45,1109.7,1108.25,1108.3,97230.0,1108.45,1115.26,1101.63,1129.2,1130.5,1127.45,1128.81,1129.59,1127.4,1127.4,1127.4,143000
ICICIBANK-EQ_2024-04-26_14-35-00.png,2024-04-26_14-35-00,1108.25,1109.9,1108.25,1108.8,114987.0,1108.22,1114.65,1101.8,1128.65,1130.0,1127.85,1128.62,1127.4,1129.59,1129.59,1129.59,143500
ICICIBANK-EQ_2024-04-26_14-40-00.png,2024-04-26_14-40-00,1109.1,1110.4,1108.2,1110.15,227520.0,1107.99,1113.73,1102.26,1128.32,1129.25,1126.0,1127.6,1129.59,1127.4,1127.4,1127.4,144000
ICICIBANK-EQ_2024-04-26_14-45-00.png,2024-04-26_14-45-00,1110.0,1110.5,1108.8,1110.1,185931.0,1107.79,1112.84,1102.73,1127.58,1132.95,1126.7,1129.16,1127.4,1129.59,1129.59,1129.59,144500
ICICIBANK-EQ_2024-04-26_14-50-00.png,2024-04-26_14-50-00,1110.3,1110.95,1108.8,1109.9,231186.0,1107.56,1111.69,1103.43,1128.5,1131.65,1128.5,1130.05,1129.59,1127.4,1127.4,1127.4,145000
ICICIBANK-EQ_2024-04-26_14-55-00.png,2024-04-26_14-55-00,1109.9,1110.25,1107.95,1109.55,190494.0,1107.55,1111.66,1103.44,1130.0,1132.0,1127.35,1130.25,1127.4,1125.21,1125.21,1125.21,145500
ICICIBANK-EQ_2024-04-26_15-00-00.png,2024-04-26_15-00-00,1109.4,1109.6,1105.55,1107.4,733049.0,1107.42,1111.37,1103.48,1130.82,1133.0,1130.65,1131.78,1125.21,1127.4,1127.4,1127.4,150000
ICICIBANK-EQ_2024-04-26_15-05-00.png,2024-04-26_15-05-00,1107.35,1108.55,1103.45,1105.95,469513.0,1107.26,1111.17,1103.35,1131.72,1133.4,1130.85,1132.21,1127.4,1129.59,1129.59,1129.59,150500
ICICIBANK-EQ_2024-04-26_15-10-00.png,2024-04-26_15-10-00,1105.95,1106.55,1104.4,1106.2,287830.0,1107.28,1111.17,1103.38,1132.3,1135.0,1132.3,1133.72,1129.59,1127.4,1127.4,1127.4,151000
ICICIBANK-EQ_2024-04-26_15-15-00.png,2024-04-26_15-15-00,1106.15,1107.95,1105.95,1107.3,326852.0,1107.36,1111.17,1103.56,1133.75,1135.5,1133.7,1134.76,1127.4,1125.21,1125.21,1125.21,151500
ICICIBANK-EQ_2024-04-26_15-20-00.png,2024-04-26_15-20-00,1107.3,1111.05,1107.15,1110.85,407515.0,1107.64,1111.62,1103.66,1134.92,1135.7,1132.55,1134.06,1125.21,1127.4,1127.4,1127.4,152000
ICICIBANK-EQ_2024-04-26_15-25-00.png,2024-04-26_15-25-00,1110.85,1120.0,1110.1,1110.75,372004.0,1107.95,1111.89,1104.01,1134.0,1134.0,1130.6,1132.16,1127.4,1125.21,1125.21,1125.21,152500
ICICIBANK-EQ_2024-04-29_09-15-00.png,2024-04-29_09-15-00,1108.0,1120.15,1107.9,1116.0,1055710.0,1108.55,1113.48,1103.62,1132.03,1132.5,1129.15,1131.1,1125.21,1127.4,1127.4,1127.4,91500
ICICIBANK-EQ_2024-04-29_09-20-00.png,2024-04-29_09-20-00,1116.0,1125.5,1115.7,1125.05,753161.0,1109.58,1118.17,1100.98,1131.38,1132.5,1130.5,1131.28,1127.4,1125.21,1125.21,1125.21,92000
ICICIBANK-EQ_2024-04-29_09-25-00.png,2024-04-29_09-25-00,1125.05,1129.3,1123.5,1129.05,966795.0,1110.72,1122.79,1098.65,1131.05,1132.1,1129.6,1131.05,1125.21,1127.4,1127.4,1127.4,92500
ICICIBANK-EQ_2024-04-29_09-30-00.png,2024-04-29_09-30-00,1129.05,1129.75,1125.75,1125.85,380082.0,1111.67,1125.34,1097.99,1131.25,1133.1,1130.1,1131.54,1127.4,1125.21,1125.21,1125.21,93000
ICICIBANK-EQ_2024-04-29_09-35-00.png,2024-04-29_09-35-00,1125.85,1131.7,1125.25,1129.95,467778.0,1112.81,1128.54,1097.07,1131.47,1132.95,1131.47,1132.25,1125.21,1127.4,1127.4,1127.4,93500
ICICIBANK-EQ_2024-04-29_09-40-00.png,2024-04-29_09-40-00,1129.95,1131.0,1127.15,1129.5,264667.0,1113.88,1131.11,1096.65,1132.28,1135.4,1131.55,1133.69,1127.4,1129.59,1129.59,1129.59,94000
ICICIBANK-EQ_2024-04-29_09-45-00.png,2024-04-29_09-45-00,1129.5,1130.2,1127.05,1128.9,173396.0,1114.9,1133.17,1096.64,1133.9,1136.9,1133.7,1135.21,1129.59,1127.4,1127.4,1127.4,94500
ICICIBANK-EQ_2024-04-29_09-50-00.png,2024-04-29_09-50-00,1128.9,1130.5,1127.45,1128.4,173103.0,1115.9,1134.85,1096.95,1135.12,1136.0,1134.45,1135.49,1127.4,1125.21,1125.21,1125.21,95000
ICICIBANK-EQ_2024-04-29_09-55-00.png,2024-04-29_09-55-00,1128.35,1130.0,1127.85,1128.3,118784.0,1116.9,1136.27,1097.53,1135.75,1136.7,1135.4,1135.84,1125.21,1127.4,1127.4,1127.4,95500
ICICIBANK-EQ_2024-04-29_10-00-00.png,2024-04-29_10-00-00,1128.45,1129.25,1126.0,1126.7,127726.0,1117.79,1137.24,1098.35,1135.62,1136.25,1134.3,1135.54,1127.4,1129.59,1129.59,1129.59,100000
ICICIBANK-EQ_2024-04-29_10-05-00.png,2024-04-29_10-05-00,1126.7,1132.95,1126.7,1130.3,373865.0,1118.8,1138.66,1098.94,1135.8,1138.4,1135.75,1136.99,1129.59,1127.4,1127.4,1127.4,100500
ICICIBANK-EQ_2024-04-29_10-10-00.png,2024-04-29_10-10-00,1130.0,1131.65,1128.55,1130.0,210971.0,1119.8,1139.82,1099.77,1136.9,1138.6,1136.9,1137.88,1127.4,1129.59,1129.59,1129.59,101000
ICICIBANK-EQ_2024-04-29_10-15-00.png,2024-04-29_10-15-00,1130.0,1132.0,1127.35,1131.65,253840.0,1120.88,1141.0,1100.76,1137.92,1139.0,1137.5,1138.26,1129.59,1127.4,1127.4,1127.4,101500
ICICIBANK-EQ_2024-04-29_10-20-00.png,2024-04-29_10-20-00,1131.9,1133.0,1130.65,1131.55,335642.0,1121.98,1141.9,1102.07,1138.28,1140.0,1138.2,1139.16,1127.4,1129.59,1129.59,1129.59,102000
ICICIBANK-EQ_2024-04-29_10-25-00.png,2024-04-29_10-25-00,1131.25,1133.4,1130.85,1133.35,208964.0,1123.28,1142.57,1103.99,1139.22,1141.9,1139.22,1140.51,1129.59,1131.78,1131.78,1131.78,102500
ICICIBANK-EQ_2024-04-29_10-30-00.png,2024-04-29_10-30-00,1132.9,1135.0,1132.4,1134.6,259380.0,1124.71,1142.8,1106.63,1140.42,1143.15,1140.42,1141.95,1131.78,1129.59,1129.59,1129.59,103000
ICICIBANK-EQ_2024-04-29_10-35-00.png,2024-04-29_10-35-00,1134.5,1135.5,1133.7,1135.35,252145.0,1126.17,1142.6,1109.74,1141.85,1143.0,1141.55,1142.36,1129.59,1131.78,1131.78,1131.78,103500
ICICIBANK-EQ_2024-04-29_10-40-00.png,2024-04-29_10-40-00,1135.4,1135.7,1132.55,1132.6,163789.0,1127.44,1141.47,1113.4,1142.45,1143.0,1141.8,1142.5,1131.78,1129.59,1129.59,1129.59,104000
ICICIBANK-EQ_2024-04-29_10-45-00.png,2024-04-29_10-45-00,1132.95,1134.0,1130.6,1131.1,241425.0,1128.45,1140.17,1116.72,1142.6,1144.0,1142.4,1143.19,1129.59,1131.78,1131.78,1131.78,104500
ICICIBANK-EQ_2024-04-29_10-50-00.png,2024-04-29_10-50-00,1131.65,1132.5,1129.15,1131.1,246479.0,1129.46,1137.75,1121.18,1143.18,1145.0,1143.18,1144.29,1131.78,1133.97,1133.97,1133.97,105000
ICICIBANK-EQ_2024-04-29_10-55-00.png,2024-04-29_10-55-00,1130.85,1132.5,1130.5,1131.25,175895.0,1130.23,1135.59,1124.87,1144.38,1145.25,1142.65,1143.95,1133.97,1131.78,1131.78,1131.78,105500
ICICIBANK-EQ_2024-04-29_11-00-00.png,2024-04-29_11-00-00,1131.25,1132.1,1129.6,1131.25,153798.0,1130.54,1135.32,1125.75,1143.95,1145.25,1141.8,1143.65,1131.78,1133.97,1133.97,1133.97,110000
ICICIBANK-EQ_2024-04-29_11-05-00.png,2024-04-29_11-05-00,1131.15,1133.1,1130.1,1131.8,220670.0,1130.68,1135.44,1125.91,1143.78,1146.55,1143.78,1145.35,1133.97,1131.78,1131.78,1131.78,110500
ICICIBANK-EQ_2024-04-29_11-10-00.png,2024-04-29_11-10-00,1131.95,1132.95,1131.5,1132.6,173673.0,1131.01,1135.26,1126.76,1145.47,1147.15,1145.47,1146.29,1131.78,1133.97,1133.97,1133.97,111000
ICICIBANK-EQ_2024-04-29_11-15-00.png,2024-04-29_11-15-00,1132.4,1135.4,1131.55,1135.4,393069.0,1131.29,1135.93,1126.64,1146.25,1147.95,1146.1,1147.06,1133.97,1131.78,1131.78,1131.78,111500
ICICIBANK-EQ_2024-04-29_11-20-00.png,2024-04-29_11-20-00,1135.1,1136.9,1133.7,1135.15,368973.0,1131.57,1136.44,1126.7,1147.1,1148.85,1146.6,1148.06,1131.78,1133.97,1133.97,1133.97,112000
ICICIBANK-EQ_2024-04-29_11-25-00.png,2024-04-29_11-25-00,1135.5,1136.0,1134.45,1136.0,190741.0,1131.92,1137.0,1126.84,1148.4,1151.15,1148.4,1149.49,1133.97,1131.78,1131.78,1131.78,112500
ICICIBANK-EQ_2024-04-29_11-30-00.png,2024-04-29_11-30-00,1135.55,1136.7,1135.4,1135.7,152947.0,1132.29,1137.35,1127.22,1149.15,1151.0,1149.0,1150.06,1131.78,1133.97,1133.97,1133.97,113000
ICICIBANK-EQ_2024-04-29_11-35-00.png,2024-04-29_11-35-00,1135.8,1136.25,1134.3,1135.8,122620.0,1132.66,1137.59,1127.73,1150.12,1151.45,1149.5,1150.61,1133.97,1136.16,1136.16,1136.16,113500
ICICIBANK-EQ_2024-04-29_11-40-00.png,2024-04-29_11-40-00,1135.8,1138.4,1135.75,1138.0,275727.0,1133.23,1137.86,1128.59,1150.75,1150.75,1148.5,1149.69,1136.16,1133.97,1133.97,1133.97,114000
ICICIBANK-EQ_2024-04-29_11-45-00.png,2024-04-29_11-45-00,1138.25,1138.6,1137.05,1137.6,164203.0,1133.59,1138.4,1128.78,1149.8,1150.0,1148.2,1149.25,1133.97,1136.16,1136.16,1136.16,114500
ICICIBANK-EQ_2024-04-29_11-50-00.png,2024-04-29_11-50-00,1137.6,1139.0,1137.5,1138.95,220339.0,1134.04,1139.1,1128.98,1149.4,1154.7,1149.4,1152.19,1136.16,1133.97,1133.97,1133.97,115000
ICICIBANK-EQ_2024-04-29_11-55-00.png,2024-04-29_11-55-00,1138.95,1140.0,1138.2,1139.5,313139.0,1134.43,1139.91,1128.95,1152.15,1155.65,1152.15,1154.5,1133.97,1136.16,1136.16,1136.16,115500
ICICIBANK-EQ_2024-04-29_12-00-00.png,2024-04-29_12-00-00,1139.85,1141.9,1139.3,1141.0,292623.0,1134.91,1140.94,1128.87,1154.93,1157.7,1154.5,1156.28,1136.16,1138.35,1138.35,1138.35,120000
ICICIBANK-EQ_2024-04-29_12-05-00.png,2024-04-29_12-05-00,1141.35,1143.15,1140.95,1142.35,358573.0,1135.36,1142.19,1128.52,1156.45,1160.75,1156.45,1158.46,1138.35,1136.16,1136.16,1136.16,120500
ICICIBANK-EQ_2024-04-29_12-10-00.png,2024-04-29_12-10-00,1142.35,1143.0,1141.55,1142.55,261713.0,1135.75,1143.29,1128.21,1157.92,1159.25,1156.25,1157.69,1136.16,1138.35,1138.35,1138.35,121000
ICICIBANK-EQ_2024-04-29_12-15-00.png,2024-04-29_12-15-00,1142.5,1143.0,1141.8,1142.7,551791.0,1136.12,1144.27,1127.97,1157.62,1159.75,1156.35,1158.01,1138.35,1136.16,1136.16,1136.16,121500
ICICIBANK-EQ_2024-04-29_12-20-00.png,2024-04-29_12-20-00,1142.6,1144.0,1142.4,1143.75,216992.0,1136.68,1145.32,1128.03,1157.97,1161.85,1157.05,1159.74,1136.16,1138.35,1138.35,1138.35,122000
ICICIBANK-EQ_2024-04-29_12-25-00.png,2024-04-29_12-25-00,1143.75,1145.0,1143.4,1145.0,234578.0,1137.37,1146.36,1128.39,1160.03,1161.5,1159.05,1160.62,1138.35,1140.54,1140.54,1140.54,122500
ICICIBANK-EQ_2024-04-29_12-30-00.png,2024-04-29_12-30-00,1144.95,1145.25,1142.65,1142.95,217848.0,1137.96,1146.77,1129.16,1160.97,1161.9,1159.7,1160.73,1140.54,1142.73,1142.73,1142.73,123000
ICICIBANK-EQ_2024-04-29_12-35-00.png,2024-04-29_12-35-00,1142.8,1145.25,1141.8,1144.75,229075.0,1138.64,1147.35,1129.93,1160.65,1163.45,1159.75,1161.29,1142.73,1140.54,1140.54,1140.54,123500
ICICIBANK-EQ_2024-04-29_12-40-00.png,2024-04-29_12-40-00,1144.5,1146.55,1143.9,1146.45,212503.0,1139.4,1148.04,1130.76,1160.97,1162.0,1160.0,1161.24,1140.54,1142.73,1142.73,1142.73,124000
ICICIBANK-EQ_2024-04-29_12-45-00.png,2024-04-29_12-45-00,1146.25,1147.15,1145.5,1146.25,266939.0,1140.12,1148.5,1131.74,1161.47,1162.65,1160.35,1161.5,1142.73,1144.92,1144.92,1144.92,124500
ICICIBANK-EQ_2024-04-29_12-50-00.png,2024-04-29_12-50-00,1146.25,1147.95,1146.1,1147.95,257147.0,1140.89,1149.18,1132.6,1161.5,1162.05,1157.65,1159.89,1144.92,1147.11,1147.11,1147.11,125000
ICICIBANK-EQ_2024-04-29_12-55-00.png,2024-04-29_12-55-00,1147.95,1148.85,1146.6,1148.85,260981.0,1141.56,1150.16,1132.97,1159.92,1160.75,1156.7,1159.02,1147.11,1144.92,1144.92,1144.92,125500
ICICIBANK-EQ_2024-04-29_13-00-00.png,2024-04-29_13-00-00,1148.7,1151.15,1148.5,1149.6,498502.0,1142.29,1151.04,1133.53,1159.32,1162.5,1159.32,1160.99,1144.92,1142.73,1142.73,1142.73,130000
ICICIBANK-EQ_2024-04-29_13-05-00.png,2024-04-29_13-05-00,1149.25,1151.0,1149.0,1151.0,325775.0,1143.04,1152.08,1133.99,1160.97,1162.3,1160.2,1161.08,1142.73,1140.54,1140.54,1140.54,130500
ICICIBANK-EQ_2024-04-29_13-10-00.png,2024-04-29_13-10-00,1150.85,1151.45,1149.5,1150.65,323473.0,1143.78,1152.75,1134.81,1160.9,1161.2,1159.05,1160.16,1140.54,1138.35,1138.35,1138.35,131000
ICICIBANK-EQ_2024-04-29_13-15-00.png,2024-04-29_13-15-00,1150.65,1150.65,1148.5,1148.95,243552.0,1144.44,1152.85,1136.03,1160.2,1160.4,1158.1,1159.42,1138.35,1136.16,1136.16,1136.16,131500
ICICIBANK-EQ_2024-04-29_13-20-00.png,2024-04-29_13-20-00,1148.9,1150.0,1148.2,1149.9,240352.0,1145.04,1153.21,1136.86,1159.6,1160.0,1158.5,1159.25,1136.16,1133.97,1133.97,1133.97,132000
ICICIBANK-EQ_2024-04-29_13-25-00.png,2024-04-29_13-25-00,1149.85,1154.7,1149.75,1154.45,670818.0,1145.88,1154.3,1137.46,1159.25,1161.55,1159.2,1160.11,1133.97,1131.78,1131.78,1131.78,132500
ICICIBANK-EQ_2024-04-29_13-30-00.png,2024-04-29_13-30-00,1154.2,1155.65,1152.5,1155.65,502811.0,1146.71,1155.54,1137.88,1159.85,1162.2,1159.85,1161.16,1131.78,1129.59,1129.59,1129.59,133000
ICICIBANK-EQ_2024-04-29_13-35-00.png,2024-04-29_13-35-00,1155.5,1157.7,1154.5,1157.4,689789.0,1147.61,1156.97,1138.24,1161.22,1162.8,1161.22,1162.1,1129.59,1131.78,1131.78,1131.78,133500
ICICIBANK-EQ_2024-04-29_13-40-00.png,2024-04-29_13-40-00,1157.6,1160.75,1157.25,1158.25,528799.0,1148.47,1158.43,1138.51,1162.12,1162.35,1160.1,1161.47,1131.78,1133.97,1133.97,1133.97,134000
ICICIBANK-EQ_2024-04-29_13-45-00.png,2024-04-29_13-45-00,1158.1,1159.25,1156.25,1157.15,407788.0,1149.21,1159.45,1138.97,1161.72,1162.0,1156.5,1159.3,1133.97,1131.78,1131.78,1131.78,134500
ICICIBANK-EQ_2024-04-29_13-50-00.png,2024-04-29_13-50-00,1157.3,1159.75,1156.35,1158.65,359855.0,1150.02,1160.58,1139.45,1159.35,1159.35,1155.05,1156.88,1131.78,1129.59,1129.59,1129.59,135000
ICICIBANK-EQ_2024-04-29_13-55-00.png,2024-04-29_13-55-00,1159.0,1161.85,1157.05,1161.05,643882.0,1150.93,1162.0,1139.87,1156.93,1159.95,1154.45,1158.54,1129.59,1127.4,1127.4,1127.4,135500
ICICIBANK-EQ_2024-04-29_14-00-00.png,2024-04-29_14-00-00,1160.6,1161.5,1159.05,1161.35,384300.0,1151.81,1163.26,1140.36,1159.88,1161.45,1157.05,1159.19,1127.4,1125.21,1125.21,1125.21,140000
ICICIBANK-EQ_2024-04-29_14-05-00.png,2024-04-29_14-05-00,1161.25,1161.9,1159.7,1160.05,416115.0,1152.56,1164.11,1141.02,1159.12,1160.0,1158.0,1159.18,1125.21,1123.02,1123.02,1123.02,140500
ICICIBANK-EQ_2024-04-29_14-10-00.png,2024-04-29_14-10-00,1160.0,1163.45,1159.75,1161.95,529307.0,1153.51,1164.85,1142.18,1159.35,1162.8,1158.4,1160.05,1123.02,1125.21,1125.21,1125.21,141000
ICICIBANK-EQ_2024-04-29_14-15-00.png,2024-04-29_14-15-00,1161.95,1162.0,1160.0,1161.0,336053.0,1154.33,1165.34,1143.31,1159.5,1160.0,1158.3,1159.11,1125.21,1127.4,1127.4,1127.4,141500
ICICIBANK-EQ_2024-04-29_14-20-00.png,2024-04-29_14-20-00,1161.0,1162.65,1160.35,1162.0,221276.0,1155.1,1165.98,1144.23,1159.08,1160.0,1158.5,1159.28,1127.4,1129.59,1129.59,1129.59,142000
ICICIBANK-EQ_2024-04-29_14-25-00.png,2024-04-29_14-25-00,1162.05,1162.05,1157.65,1157.8,394506.0,1155.68,1165.77,1145.59,1159.3,1160.0,1157.25,1158.65,1129.59,1131.78,1131.78,1131.78,142500
ICICIBANK-EQ_2024-04-29_14-30-00.png,2024-04-29_14-30-00,1157.95,1160.75,1156.7,1160.7,389900.0,1156.32,1165.95,1146.69,1158.68,1165.5,1158.25,1161.64,1131.78,1129.59,1129.59,1129.59,143000
ICICIBANK-EQ_2024-04-29_14-35-00.png,2024-04-29_14-35-00,1160.5,1162.5,1159.5,1161.45,243942.0,1156.95,1166.16,1147.74,1161.4,1168.0,1161.4,1165.91,1129.59,1131.78,1131.78,1131.78,143500
ICICIBANK-EQ_2024-04-29_14-40-00.png,2024-04-29_14-40-00,1161.25,1162.3,1160.2,1160.55,260689.0,1157.5,1166.16,1148.84,1166.05,1168.15,1163.85,1166.35,1131.78,1129.59,1129.59,1129.59,144000
ICICIBANK-EQ_2024-04-29_14-45-00.png,2024-04-29_14-45-00,1160.2,1161.2,1159.05,1160.2,396258.0,1157.96,1166.13,1149.79,1166.7,1166.7,1158.25,1162.25,1129.59,1131.78,1131.78,1131.78,144500
ICICIBANK-EQ_2024-04-29_14-50-00.png,2024-04-29_14-50-00,1160.25,1160.4,1158.1,1158.95,408359.0,1158.37,1165.79,1150.96,1162.4,1164.15,1159.35,1161.75,1131.78,1133.97,1133.97,1133.97,145000
ICICIBANK-EQ_2024-04-29_14-55-00.png,2024-04-29_14-55-00,1158.95,1160.0,1158.5,1159.55,355266.0,1158.9,1164.85,1152.95,1161.75,1164.7,1161.75,1163.69,1133.97,1131.78,1131.78,1131.78,145500
ICICIBANK-EQ_2024-04-29_15-00-00.png,2024-04-29_15-00-00,1159.5,1161.55,1159.2,1160.2,1047271.0,1159.42,1163.61,1155.22,1163.68,1164.3,1161.85,1163.08,1131.78,1133.97,1133.97,1133.97,150000
ICICIBANK-EQ_2024-04-29_15-05-00.png,2024-04-29_15-05-00,1160.65,1162.2,1160.0,1161.8,885612.0,1159.79,1163.39,1156.18,1163.08,1165.0,1162.0,1163.36,1133.97,1131.78,1131.78,1131.78,150500
ICICIBANK-EQ_2024-04-29_15-10-00.png,2024-04-29_15-10-00,1162.0,1162.8,1161.35,1162.25,897174.0,1160.12,1163.32,1156.91,1163.22,1164.6,1161.5,1163.28,1131.78,1129.59,1129.59,1129.59,151000
ICICIBANK-EQ_2024-04-29_15-15-00.png,2024-04-29_15-15-00,1162.25,1162.35,1160.1,1161.2,921459.0,1160.3,1163.27,1157.34,1163.5,1164.5,1162.0,1163.1,1129.59,1127.4,1127.4,1127.4,151500
ICICIBANK-EQ_2024-04-29_15-20-00.png,2024-04-29_15-20-00,1161.3,1162.0,1156.5,1157.4,723704.0,1160.26,1163.37,1157.15,1162.95,1164.2,1161.9,1163.06,1127.4,1129.59,1129.59,1129.59,152000
ICICIBANK-EQ_2024-04-29_15-25-00.png,2024-04-29_15-25-00,1157.45,1158.6,1155.05,1156.4,761816.0,1160.22,1163.51,1156.94,1163.08,1166.8,1163.08,1164.99,1129.59,1127.4,1127.4,1127.4,152500
ICICIBANK-EQ_2024-04-30_09-15-00.png,2024-04-30_09-15-00,1159.95,1159.95,1154.45,1159.8,525568.0,1160.28,1163.49,1157.08,1165.0,1168.0,1164.45,1166.59,1127.4,1129.59,1129.59,1129.59,91500
ICICIBANK-EQ_2024-04-30_09-20-00.png,2024-04-30_09-20-00,1159.8,1161.45,1157.05,1158.45,342380.0,1160.15,1163.44,1156.87,1166.95,1168.0,1165.55,1167.11,1129.59,1127.4,1127.4,1127.4,92000
ICICIBANK-EQ_2024-04-30_09-25-00.png,2024-04-30_09-25-00,1158.7,1160.0,1158.0,1160.0,352934.0,1160.08,1163.32,1156.85,1167.45,1167.45,1165.9,1166.55,1127.4,1129.59,1129.59,1129.59,92500
ICICIBANK-EQ_2024-04-30_09-30-00.png,2024-04-30_09-30-00,1160.0,1162.8,1158.4,1159.0,312333.0,1160.03,1163.3,1156.76,1166.47,1166.47,1162.05,1164.93,1129.59,1131.78,1131.78,1131.78,93000
ICICIBANK-EQ_2024-04-30_09-35-00.png,2024-04-30_09-35-00,1158.75,1160.0,1158.3,1159.4,164213.0,1159.91,1163.06,1156.75,1165.65,1167.4,1165.05,1166.19,1131.78,1133.97,1133.97,1133.97,93500
ICICIBANK-EQ_2024-04-30_09-40-00.png,2024-04-30_09-40-00,1159.4,1160.0,1158.5,1159.2,145706.0,1159.82,1162.94,1156.69,1166.15,1167.6,1166.15,1167.14,1133.97,1131.78,1131.78,1131.78,94000
ICICIBANK-EQ_2024-04-30_09-45-00.png,2024-04-30_09-45-00,1159.15,1160.0,1157.25,1158.2,368366.0,1159.62,1162.65,1156.6,1167.22,1168.0,1166.75,1167.31,1131.78,1129.59,1129.59,1129.59,94500
ICICIBANK-EQ_2024-04-30_09-50-00.png,2024-04-30_09-50-00,1158.25,1165.5,1158.25,1164.55,564256.0,1159.96,1163.58,1156.35,1167.25,1168.0,1167.05,1167.51,1129.59,1131.78,1131.78,1131.78,95000
ICICIBANK-EQ_2024-04-30_09-55-00.png,2024-04-30_09-55-00,1164.6,1168.0,1163.55,1167.5,462332.0,1160.3,1165.25,1155.36,1167.5,1168.0,1166.5,1167.24,1131.78,1129.59,1129.59,1129.59,95500
ICICIBANK-EQ_2024-04-30_10-00-00.png,2024-04-30_10-00-00,1167.75,1168.15,1163.85,1165.65,481899.0,1160.51,1165.99,1155.04,1167.22,1168.0,1166.55,1167.31,1129.59,1131.78,1131.78,1131.78,100000
ICICIBANK-EQ_2024-04-30_10-05-00.png,2024-04-30_10-05-00,1165.35,1165.95,1158.25,1159.45,399445.0,1160.46,1165.95,1154.96,1167.35,1169.55,1167.35,1168.51,1131.78,1129.59,1129.59,1129.59,100500
ICICIBANK-EQ_2024-04-30_10-10-00.png,2024-04-30_10-10-00,1159.9,1164.15,1159.35,1163.6,170743.0,1160.63,1166.3,1154.96,1168.47,1169.3,1167.1,1168.22,1129.59,1131.78,1131.78,1131.78,101000
ICICIBANK-EQ_2024-04-30_10-15-00.png,2024-04-30_10-15-00,1163.6,1164.7,1162.7,1163.75,136741.0,1160.87,1166.64,1155.09,1168.25,1168.35,1165.9,1167.16,1131.78,1129.59,1129.59,1129.59,101500
ICICIBANK-EQ_2024-04-30_10-20-00.png,2024-04-30_10-20-00,1163.25,1164.3,1161.85,1162.9,164053.0,1161.04,1166.85,1155.22,1167.2,1169.15,1166.7,1167.96,1129.59,1131.78,1131.78,1131.78,102000
ICICIBANK-EQ_2024-04-30_10-25-00.png,2024-04-30_10-25-00,1162.9,1165.0,1162.0,1163.55,358467.0,1161.2,1167.1,1155.3,1168.0,1169.2,1167.45,1168.25,1131.78,1129.59,1129.59,1129.59,102500
ICICIBANK-EQ_2024-04-30_10-30-00.png,2024-04-30_10-30-00,1163.6,1164.6,1161.5,1163.4,447929.0,1161.28,1167.26,1155.3,1168.18,1168.5,1166.85,1167.94,1129.59,1127.4,1127.4,1127.4,103000
ICICIBANK-EQ_2024-04-30_10-35-00.png,2024-04-30_10-35-00,1163.2,1164.5,1162.0,1162.7,403068.0,1161.3,1167.3,1155.31,1168.2,1168.75,1166.95,1167.94,1127.4,1125.21,1125.21,1125.21,103500
ICICIBANK-EQ_2024-04-30_10-40-00.png,2024-04-30_10-40-00,1162.7,1164.2,1161.9,1163.45,198535.0,1161.42,1167.49,1155.34,1168.03,1168.03,1166.15,1166.96,1125.21,1127.4,1127.4,1127.4,104000
ICICIBANK-EQ_2024-04-30_10-45-00.png,2024-04-30_10-45-00,1163.95,1166.8,1163.15,1166.05,352565.0,1161.85,1167.95,1155.75,1167.03,1167.03,1164.85,1165.64,1127.4,1125.21,1125.21,1125.21,104500
ICICIBANK-EQ_2024-04-30_10-50-00.png,2024-04-30_10-50-00,1166.05,1168.0,1164.45,1167.85,490085.0,1162.42,1168.52,1156.33,1165.65,1165.65,1164.75,1165.05,1125.21,1127.4,1127.4,1127.4,105000
ICICIBANK-EQ_2024-04-30_10-55-00.png,2024-04-30_10-55-00,1167.85,1168.0,1165.55,1167.05,434027.0,1162.79,1169.08,1156.49,1164.95,1165.5,1163.65,1164.76,1127.4,1125.21,1125.21,1125.21,105500
ICICIBANK-EQ_2024-04-30_11-00-00.png,2024-04-30_11-00-00,1167.0,1167.35,1165.9,1165.95,266229.0,1163.16,1169.26,1157.06,1164.95,1165.3,1163.55,1164.36,1125.21,1123.02,1123.02,1123.02,110000
ICICIBANK-EQ_2024-04-30_11-05-00.png,2024-04-30_11-05-00,1165.95,1166.35,1162.05,1165.35,321919.0,1163.43,1169.41,1157.44,1164.3,1164.3,1159.55,1161.92,1123.02,1120.84,1120.84,1120.84,110500
ICICIBANK-EQ_2024-04-30_11-10-00.png,2024-04-30_11-10-00,1165.45,1167.4,1165.05,1166.85,187964.0,1163.82,1169.61,1158.03,1162.22,1162.22,1160.0,1160.71,1120.84,1118.65,1118.65,1118.65,111000
ICICIBANK-EQ_2024-04-30_11-15-00.png,2024-04-30_11-15-00,1167.25,1167.6,1166.5,1167.2,207114.0,1164.21,1169.79,1158.63,1160.85,1161.0,1160.0,1160.55,1118.65,1116.46,1116.46,1116.46,111500
ICICIBANK-EQ_2024-04-30_11-20-00.png,2024-04-30_11-20-00,1167.15,1168.0,1166.75,1167.35,232739.0,1164.62,1169.84,1159.4,1160.6,1160.6,1157.1,1159.12,1116.46,1118.65,1118.65,1118.65,112000
ICICIBANK-EQ_2024-04-30_11-25-00.png,2024-04-30_11-25-00,1167.45,1168.0,1167.05,1167.55,255842.0,1165.08,1169.5,1160.67,1159.45,1159.9,1157.5,1158.44,1118.65,1120.84,1120.84,1120.84,112500
ICICIBANK-EQ_2024-04-30_11-30-00.png,2024-04-30_11-30-00,1167.55,1168.0,1166.5,1166.9,188601.0,1165.2,1169.68,1160.72,1158.18,1158.5,1155.0,1156.72,1120.84,1118.65,1118.65,1118.65,113000
ICICIBANK-EQ_2024-04-30_11-35-00.png,2024-04-30_11-35-00,1166.9,1168.0,1166.55,1167.8,107114.0,1165.22,1169.73,1160.7,1156.7,1157.55,1155.05,1155.88,1118.65,1116.46,1116.46,1116.46,113500
ICICIBANK-EQ_2024-04-30_11-40-00.png,2024-04-30_11-40-00,1168.05,1169.55,1167.55,1168.9,353193.0,1165.38,1170.18,1160.58,1155.45,1155.9,1154.0,1155.28,1116.46,1114.27,1114.27,1114.27,114000
ICICIBANK-EQ_2024-04-30_11-45-00.png,2024-04-30_11-45-00,1169.25,1169.3,1167.1,1167.25,179120.0,1165.77,1169.74,1161.8,1155.6,1157.05,1153.65,1155.08,1114.27,1112.08,1112.08,1112.08,114500
ICICIBANK-EQ_2024-04-30_11-50-00.png,2024-04-30_11-50-00,1167.3,1168.35,1165.9,1167.1,157681.0,1165.95,1169.82,1162.07,1154.8,1154.85,1153.1,1153.97,1112.08,1114.27,1114.27,1114.27,115000
ICICIBANK-EQ_2024-04-30_11-55-00.png,2024-04-30_11-55-00,1167.15,1169.15,1166.7,1168.85,160230.0,1166.2,1170.14,1162.26,1153.97,1158.3,1153.95,1155.2,1114.27,1112.08,1112.08,1112.08,115500
ICICIBANK-EQ_2024-04-30_12-00-00.png,2024-04-30_12-00-00,1168.75,1169.2,1167.45,1167.6,134488.0,1166.44,1170.09,1162.78,1154.28,1155.65,1154.25,1154.92,1112.08,1114.27,1114.27,1114.27,120000
ICICIBANK-EQ_2024-04-30_12-05-00.png,2024-04-30_12-05-00,1167.95,1168.5,1166.85,1168.45,132707.0,1166.68,1170.18,1163.18,1154.9,1156.25,1154.65,1155.49,1114.27,1112.08,1112.08,1112.08,120500
ICICIBANK-EQ_2024-04-30_12-10-00.png,2024-04-30_12-10-00,1168.4,1168.75,1166.95,1167.65,123799.0,1166.89,1170.05,1163.73,1155.53,1156.95,1154.0,1155.47,1112.08,1114.27,1114.27,1114.27,121000
ICICIBANK-EQ_2024-04-30_12-15-00.png,2024-04-30_12-15-00,1167.65,1167.65,1166.15,1166.4,109863.0,1167.08,1169.57,1164.59,1155.47,1155.47,1153.5,1154.3,1114.27,1112.08,1112.08,1112.08,121500
ICICIBANK-EQ_2024-04-30_12-20-00.png,2024-04-30_12-20-00,1166.4,1166.4,1164.85,1164.9,112681.0,1167.15,1169.25,1165.05,1154.35,1156.9,1153.7,1155.18,1112.08,1109.89,1109.89,1109.89,122000
ICICIBANK-EQ_2024-04-30_12-25-00.png,2024-04-30_12-25-00,1165.0,1165.55,1164.75,1164.9,88125.0,1167.09,1169.37,1164.81,1155.05,1167.7,1155.05,1161.58,1109.89,1107.7,1107.7,1107.7,122500
ICICIBANK-EQ_2024-04-30_12-30-00.png,2024-04-30_12-30-00,1164.95,1165.5,1163.65,1164.95,101698.0,1166.95,1169.39,1164.51,1161.25,1168.75,1161.25,1166.46,1107.7,1105.51,1105.51,1105.51,123000
ICICIBANK-EQ_2024-04-30_12-35-00.png,2024-04-30_12-35-00,1164.95,1165.3,1163.55,1163.65,107162.0,1166.78,1169.63,1163.93,1166.03,1167.75,1164.25,1166.04,1105.51,1103.32,1103.32,1103.32,123500
ICICIBANK-EQ_2024-04-30_12-40-00.png,2024-04-30_12-40-00,1163.7,1163.7,1159.55,1160.75,259290.0,1166.52,1170.43,1162.6,1166.08,1167.45,1165.1,1166.3,1103.32,1105.51,1105.51,1105.51,124000
ICICIBANK-EQ_2024-04-30_12-45-00.png,2024-04-30_12-45-00,1160.9,1161.15,1160.0,1160.8,106392.0,1166.29,1170.95,1161.63,1166.32,1166.45,1164.0,1165.41,1105.51,1103.32,1103.32,1103.32,124500
ICICIBANK-EQ_2024-04-30_12-50-00.png,2024-04-30_12-50-00,1160.75,1161.0,1160.0,1160.45,130245.0,1165.97,1171.3,1160.64,1165.6,1168.95,1164.0,1166.32,1103.32,1101.13,1101.13,1101.13,125000
ICICIBANK-EQ_2024-04-30_12-55-00.png,2024-04-30_12-55-00,1160.25,1160.5,1157.1,1158.65,198767.0,1165.54,1171.75,1159.33,1166.18,1168.2,1165.65,1166.94,1101.13,1098.94,1098.94,1098.94,125500
ICICIBANK-EQ_2024-04-30_13-00-00.png,2024-04-30_13-00-00,1158.65,1159.9,1157.5,1157.7,174369.0,1165.06,1172.12,1158.0,1166.95,1167.95,1165.45,1166.71,1098.94,1101.13,1101.13,1101.13,130000
ICICIBANK-EQ_2024-04-30_13-05-00.png,2024-04-30_13-05-00,1157.7,1158.5,1155.0,1155.7,295634.0,1164.47,1172.56,1156.37,1166.72,1166.72,1164.1,1165.39,1101.13,1103.32,1103.32,1103.32,130500
ICICIBANK-EQ_2024-04-30_13-10-00.png,2024-04-30_13-10-00,1155.7,1157.55,1155.05,1155.2,206585.0,1163.88,1172.88,1154.89,1165.38,1166.0,1159.35,1162.72,1103.32,1105.51,1105.51,1105.51,131000
ICICIBANK-EQ_2024-04-30_13-15-00.png,2024-04-30_13-15-00,1155.3,1155.9,1154.0,1155.9,186965.0,1163.29,1172.75,1153.82,1162.78,1162.78,1156.6,1159.41,1105.51,1103.32,1103.32,1103.32,131500
ICICIBANK-EQ_2024-04-30_13-20-00.png,2024-04-30_13-20-00,1155.9,1157.05,1153.65,1153.7,214052.0,1162.53,1172.52,1152.53,1159.9,1160.2,1156.0,1157.95,1103.32,1101.13,1101.13,1101.13,132000
ICICIBANK-EQ_2024-04-30_13-25-00.png,2024-04-30_13-25-00,1153.75,1154.85,1153.1,1154.2,144239.0,1161.88,1172.27,1151.48,1157.8,1157.8,1150.3,1153.58,1101.13,1103.32,1103.32,1103.32,132500
ICICIBANK-EQ_2024-04-30_13-30-00.png,2024-04-30_13-30-00,1154.2,1158.3,1153.95,1154.35,296703.0,1161.24,1171.84,1150.63,1153.53,1153.53,1149.05,1150.8,1103.32,1105.51,1105.51,1105.51,133000
ICICIBANK-EQ_2024-04-30_13-35-00.png,2024-04-30_13-35-00,1154.55,1155.65,1154.25,1155.25,146008.0,1160.56,1170.85,1150.27,1150.7,1152.35,1148.85,1150.27,1105.51,1107.7,1107.7,1107.7,133500
ICICIBANK-EQ_2024-04-30_13-40-00.png,2024-04-30_13-40-00,1155.3,1156.25,1154.65,1155.75,129209.0,1159.96,1169.91,1150.02,1149.95,1149.95,1146.75,1148.65,1107.7,1109.89,1109.89,1109.89,134000
ICICIBANK-EQ_2024-04-30_13-45-00.png,2024-04-30_13-45-00,1156.2,1156.95,1154.0,1154.75,136148.0,1159.28,1168.63,1149.93,1149.03,1150.35,1147.25,1148.51,1109.89,1107.7,1107.7,1107.7,134500
ICICIBANK-EQ_2024-04-30_13-50-00.png,2024-04-30_13-50-00,1154.75,1155.0,1153.5,1153.95,114237.0,1158.6,1167.35,1149.84,1148.22,1150.25,1146.95,1148.9,1107.7,1105.51,1105.51,1105.51,135000
ICICIBANK-EQ_2024-04-30_13-55-00.png,2024-04-30_13-55-00,1153.75,1156.9,1153.7,1156.35,89679.0,1158.09,1166.08,1150.1,1149.2,1154.45,1138.35,1146.64,1105.51,1103.32,1103.32,1103.32,135500
ICICIBANK-EQ_2024-04-30_14-00-00.png,2024-04-30_14-00-00,1156.4,1167.7,1156.1,1166.1,1806968.0,1158.15,1166.37,1149.93,1146.88,1152.55,1146.88,1150.12,1103.32,1101.13,1101.13,1101.13,140000
ICICIBANK-EQ_2024-04-30_14-05-00.png,2024-04-30_14-05-00,1166.2,1168.75,1165.05,1165.85,426972.0,1158.2,1166.59,1149.81,1150.5,1155.0,1148.85,1152.05,1101.13,1098.94,1098.94,1098.94,140500
ICICIBANK-EQ_2024-04-30_14-10-00.png,2024-04-30_14-10-00,1165.9,1167.75,1164.25,1166.25,267694.0,1158.26,1166.9,1149.63,1152.18,1155.0,1152.18,1153.94,1098.94,1101.13,1101.13,1101.13,141000
ICICIBANK-EQ_2024-04-30_14-15-00.png,2024-04-30_14-15-00,1166.35,1167.45,1165.1,1166.3,200337.0,1158.4,1167.45,1149.35,1154.07,1155.5,1153.1,1154.22,1101.13,1103.32,1103.32,1103.32,141500
ICICIBANK-EQ_2024-04-30_14-20-00.png,2024-04-30_14-20-00,1166.3,1166.45,1164.0,1164.9,262499.0,1158.6,1168.06,1149.15,1154.15,1154.55,1149.7,1152.25,1103.32,1105.51,1105.51,1105.51,142000
ICICIBANK-EQ_2024-04-30_14-25-00.png,2024-04-30_14-25-00,1165.2,1168.95,1164.0,1167.15,396702.0,1158.92,1169.09,1148.75,1152.38,1152.38,1148.05,1149.89,1105.51,1107.7,1107.7,1107.7,142500
ICICIBANK-EQ_2024-04-30_14-30-00.png,2024-04-30_14-30-00,1167.0,1168.2,1165.65,1166.9,283760.0,1159.25,1170.01,1148.48,1149.75,1150.5,1142.9,1146.82,1107.7,1109.89,1109.89,1109.89,143000
ICICIBANK-EQ_2024-04-30_14-35-00.png,2024-04-30_14-35-00,1166.95,1167.95,1165.45,1166.5,273977.0,1159.64,1170.87,1148.4,1146.95,1148.55,1144.0,1145.74,1109.89,1112.08,1112.08,1112.08,143500
ICICIBANK-EQ_2024-04-30_14-40-00.png,2024-04-30_14-40-00,1166.35,1166.7,1164.1,1164.4,262868.0,1159.97,1171.36,1148.58,1145.2,1148.0,1143.8,1146.21,1112.08,1109.89,1109.89,1109.89,144000
ICICIBANK-EQ_2024-04-30_14-45-00.png,2024-04-30_14-45-00,1164.55,1166.0,1159.35,1161.0,500523.0,1160.24,1171.45,1149.02,1146.53,1150.5,1146.53,1148.85,1109.89,1112.08,1112.08,1112.08,144500
ICICIBANK-EQ_2024-04-30_14-50-00.png,2024-04-30_14-50-00,1160.75,1161.25,1156.6,1159.05,830509.0,1160.43,1171.41,1149.45,1149.0,1150.5,1148.65,1149.72,1112.08,1109.89,1109.89,1109.89,145000
ICICIBANK-EQ_2024-04-30_14-55-00.png,2024-04-30_14-55-00,1159.45,1160.2,1156.0,1156.15,827464.0,1160.44,1171.4,1149.48,1149.88,1150.5,1148.55,1149.61,1109.89,1112.08,1112.08,1112.08,145500
ICICIBANK-EQ_2024-04-30_15-00-00.png,2024-04-30_15-00-00,1156.05,1156.95,1150.3,1151.0,2264333.0,1160.31,1171.68,1148.94,1149.7,1150.1,1147.35,1148.91,1112.08,1114.27,1114.27,1114.27,150000
ICICIBANK-EQ_2024-04-30_15-05-00.png,2024-04-30_15-05-00,1150.7,1152.75,1149.05,1150.7,1709821.0,1160.13,1172.0,1148.27,1149.1,1149.5,1147.0,1148.38,1114.27,1112.08,1112.08,1112.08,150500
ICICIBANK-EQ_2024-04-30_15-10-00.png,2024-04-30_15-10-00,1150.6,1152.35,1148.85,1149.3,1666166.0,1159.88,1172.45,1147.31,1148.5,1149.95,1146.0,1147.78,1112.08,1114.27,1114.27,1114.27,151000
ICICIBANK-EQ_2024-04-30_15-15-00.png,2024-04-30_15-15-00,1149.65,1149.8,1146.75,1148.4,1421396.0,1159.54,1172.99,1146.09,1147.58,1147.65,1144.45,1145.86,1114.27,1112.08,1112.08,1112.08,151500
ICICIBANK-EQ_2024-04-30_15-20-00.png,2024-04-30_15-20-00,1148.3,1150.35,1147.25,1148.15,1356986.0,1159.16,1173.46,1144.86,1145.68,1145.68,1141.8,1144.34,1112.08,1109.89,1109.89,1109.89,152000
ICICIBANK-EQ_2024-04-30_15-25-00.png,2024-04-30_15-25-00,1148.15,1150.25,1146.95,1150.25,1019325.0,1158.93,1173.66,1144.2,1145.0,1145.2,1143.7,1144.61,1109.89,1107.7,1107.7,1107.7,152500
ICICIBANK-EQ_2024-05-02_09-15-00.png,2024-05-02_09-15-00,1143.0,1154.45,1138.35,1150.75,2041178.0,1158.77,1173.8,1143.75,1144.78,1147.5,1144.35,1145.84,1107.7,1105.51,1105.51,1105.51,91500
ICICIBANK-EQ_2024-05-02_09-20-00.png,2024-05-02_09-20-00,1150.7,1152.55,1146.95,1150.3,772900.0,1158.47,1173.94,1143.0,1145.75,1147.45,1145.1,1146.26,1105.51,1107.7,1107.7,1107.7,92000
ICICIBANK-EQ_2024-05-02_09-25-00.png,2024-05-02_09-25-00,1150.3,1155.0,1148.85,1154.05,525080.0,1157.87,1173.02,1142.72,1146.25,1147.0,1145.05,1146.03,1107.7,1109.89,1109.89,1109.89,92500
ICICIBANK-EQ_2024-05-02_09-30-00.png,2024-05-02_09-30-00,1153.85,1155.0,1152.6,1154.3,360532.0,1157.29,1172.03,1142.55,1146.03,1146.5,1138.5,1142.82,1109.89,1107.7,1107.7,1107.7,93000
ICICIBANK-EQ_2024-05-02_09-35-00.png,2024-05-02_09-35-00,1154.3,1155.5,1153.1,1154.0,402919.0,1156.68,1170.86,1142.49,1143.15,1143.15,1138.5,1139.74,1107.7,1109.89,1109.89,1109.89,93500
ICICIBANK-EQ_2024-05-02_09-40-00.png,2024-05-02_09-40-00,1153.9,1154.55,1149.7,1150.85,301729.0,1155.91,1169.55,1142.26,1139.55,1140.85,1135.35,1138.05,1109.89,1112.08,1112.08,1112.08,94000
ICICIBANK-EQ_2024-05-02_09-45-00.png,2024-05-02_09-45-00,1150.7,1152.0,1148.05,1148.8,328037.0,1155.1,1168.41,1141.79,1138.0,1138.25,1133.25,1135.72,1112.08,1114.27,1114.27,1114.27,94500
ICICIBANK-EQ_2024-05-02_09-50-00.png,2024-05-02_09-50-00,1148.8,1150.5,1142.9,1145.1,595036.0,1154.0,1166.75,1141.25,1135.7,1138.75,1134.35,1136.64,1114.27,1116.46,1116.46,1116.46,95000
ICICIBANK-EQ_2024-05-02_09-55-00.png,2024-05-02_09-55-00,1145.15,1148.55,1144.0,1145.25,260177.0,1152.92,1164.69,1141.14,1136.72,1139.45,1136.4,1137.95,1116.46,1114.27,1114.27,1114.27,95500
ICICIBANK-EQ_2024-05-02_10-00-00.png,2024-05-02_10-00-00,1145.05,1148.0,1143.8,1148.0,275666.0,1151.99,1162.05,1141.93,1137.97,1138.8,1135.7,1137.42,1114.27,1116.46,1116.46,1116.46,100000
ICICIBANK-EQ_2024-05-02_10-05-00.png,2024-05-02_10-05-00,1148.3,1150.5,1146.9,1149.7,306827.0,1151.25,1159.48,1143.03,1137.6,1138.8,1137.0,1137.72,1116.46,1114.27,1114.27,1114.27,100500
ICICIBANK-EQ_2024-05-02_10-10-00.png,2024-05-02_10-10-00,1149.95,1150.5,1148.65,1149.8,199286.0,1150.7,1157.54,1143.85,1137.55,1138.45,1136.05,1137.49,1114.27,1112.08,1112.08,1112.08,101000
ICICIBANK-EQ_2024-05-02_10-15-00.png,2024-05-02_10-15-00,1149.55,1150.5,1148.55,1149.85,118531.0,1150.24,1155.84,1144.63,1137.72,1139.0,1137.15,1138.21,1112.08,1114.27,1114.27,1114.27,101500
ICICIBANK-EQ_2024-05-02_10-20-00.png,2024-05-02_10-20-00,1149.6,1150.1,1147.35,1148.6,110488.0,1149.86,1154.76,1144.96,1138.35,1138.95,1137.3,1138.19,1114.27,1112.08,1112.08,1112.08,102000
ICICIBANK-EQ_2024-05-02_10-25-00.png,2024-05-02_10-25-00,1148.05,1149.5,1147.0,1148.95,136031.0,1149.76,1154.64,1144.87,1138.25,1138.85,1137.45,1138.05,1112.08,1114.27,1114.27,1114.27,102500
ICICIBANK-EQ_2024-05-02_10-30-00.png,2024-05-02_10-30-00,1148.65,1149.95,1146.0,1146.5,303569.0,1149.54,1154.62,1144.47,1137.95,1138.7,1136.85,1137.58,1114.27,1116.46,1116.46,1116.46,103000
ICICIBANK-EQ_2024-05-02_10-35-00.png,2024-05-02_10-35-00,1146.35,1147.65,1144.45,1145.0,350584.0,1149.33,1154.79,1143.87,1137.38,1138.2,1136.85,1137.51,1116.46,1114.27,1114.27,1114.27,103500
ICICIBANK-EQ_2024-05-02_10-40-00.png,2024-05-02_10-40-00,1145.0,1145.55,1141.8,1145.0,332333.0,1149.16,1154.95,1143.37,1137.5,1138.15,1136.85,1137.46,1114.27,1116.46,1116.46,1116.46,104000
ICICIBANK-EQ_2024-05-02_10-45-00.png,2024-05-02_10-45-00,1144.9,1145.2,1143.7,1144.65,177803.0,1148.98,1155.1,1142.87,1137.42,1138.4,1136.55,1137.31,1116.46,1118.65,1118.65,1118.65,104500
ICICIBANK-EQ_2024-05-02_10-50-00.png,2024-05-02_10-50-00,1144.95,1147.5,1144.35,1146.55,223386.0,1148.8,1154.98,1142.62,1137.15,1140.9,1137.15,1138.69,1118.65,1116.46,1116.46,1116.46,105000
ICICIBANK-EQ_2024-05-02_10-55-00.png,2024-05-02_10-55-00,1146.0,1147.45,1145.1,1146.5,166230.0,1148.59,1154.78,1142.4,1138.35,1139.9,1138.15,1138.91,1116.46,1118.65,1118.65,1118.65,105500
ICICIBANK-EQ_2024-05-02_11-00-00.png,2024-05-02_11-00-00,1146.0,1147.0,1145.05,1146.05,169021.0,1148.38,1154.61,1142.14,1138.8,1138.8,1136.65,1137.76,1118.65,1120.84,1120.84,1120.84,110000
ICICIBANK-EQ_2024-05-02_11-05-00.png,2024-05-02_11-05-00,1145.95,1146.5,1138.5,1140.35,328124.0,1147.69,1154.3,1141.08,1137.8,1137.8,1136.55,1136.97,1120.84,1118.65,1118.65,1118.65,110500
ICICIBANK-EQ_2024-05-02_11-10-00.png,2024-05-02_11-10-00,1140.35,1141.35,1138.5,1138.75,614647.0,1146.91,1153.9,1139.93,1136.82,1137.8,1135.3,1136.82,1118.65,1116.46,1116.46,1116.46,111000
ICICIBANK-EQ_2024-05-02_11-15-00.png,2024-05-02_11-15-00,1138.7,1140.85,1135.35,1137.3,593973.0,1146.08,1153.47,1138.68,1137.1,1137.35,1135.4,1136.44,1116.46,1118.65,1118.65,1118.65,111500
ICICIBANK-EQ_2024-05-02_11-20-00.png,2024-05-02_11-20-00,1137.05,1138.25,1133.25,1134.35,352760.0,1145.25,1153.97,1136.53,1136.5,1137.55,1136.35,1136.82,1118.65,1116.46,1116.46,1116.46,112000
ICICIBANK-EQ_2024-05-02_11-25-00.png,2024-05-02_11-25-00,1134.9,1138.75,1134.35,1138.55,344255.0,1144.74,1153.78,1135.7,1136.7,1137.5,1136.5,1136.92,1116.46,1114.27,1114.27,1114.27,112500
ICICIBANK-EQ_2024-05-02_11-30-00.png,2024-05-02_11-30-00,1138.55,1139.45,1136.4,1137.4,821760.0,1144.36,1153.97,1134.74,1136.85,1137.2,1135.9,1136.68,1114.27,1116.46,1116.46,1116.46,113000
ICICIBANK-EQ_2024-05-02_11-35-00.png,2024-05-02_11-35-00,1137.4,1138.8,1135.7,1137.8,507590.0,1143.98,1154.02,1133.95,1136.8,1137.0,1136.0,1136.69,1116.46,1114.27,1114.27,1114.27,113500
ICICIBANK-EQ_2024-05-02_11-40-00.png,2024-05-02_11-40-00,1137.3,1138.8,1137.0,1137.8,194461.0,1143.47,1153.68,1133.26,1136.88,1137.0,1136.0,1136.64,1114.27,1112.08,1112.08,1112.08,114000
ICICIBANK-EQ_2024-05-02_11-45-00.png,2024-05-02_11-45-00,1137.6,1138.45,1136.05,1137.85,177046.0,1142.88,1152.94,1132.82,1136.78,1137.0,1136.2,1136.71,1112.08,1114.27,1114.27,1114.27,114500
ICICIBANK-EQ_2024-05-02_11-50-00.png,2024-05-02_11-50-00,1137.85,1139.0,1137.15,1138.85,171823.0,1142.33,1151.99,1132.67,1136.82,1139.85,1136.65,1138.14,1114.27,1112.08,1112.08,1112.08,115000
ICICIBANK-EQ_2024-05-02_11-55-00.png,2024-05-02_11-55-00,1138.35,1138.95,1137.3,1138.15,104853.0,1141.75,1150.89,1132.6,1138.03,1140.85,1138.03,1139.62,1112.08,1114.27,1114.27,1114.27,115500
ICICIBANK-EQ_2024-05-02_12-00-00.png,2024-05-02_12-00-00,1138.15,1138.85,1137.45,1137.75,129184.0,1141.2,1149.92,1132.49,1139.5,1140.5,1138.75,1139.74,1114.27,1116.46,1116.46,1116.46,120000
ICICIBANK-EQ_2024-05-02_12-05-00.png,2024-05-02_12-05-00,1137.65,1138.7,1136.85,1137.1,135505.0,1140.61,1148.7,1132.53,1139.85,1140.9,1139.6,1140.3,1116.46,1114.27,1114.27,1114.27,120500
ICICIBANK-EQ_2024-05-02_12-10-00.png,2024-05-02_12-10-00,1137.1,1138.2,1136.85,1137.9,129604.0,1140.18,1147.85,1132.51,1140.35,1142.2,1139.45,1141.11,1114.27,1112.08,1112.08,1112.08,121000
ICICIBANK-EQ_2024-05-02_12-15-00.png,2024-05-02_12-15-00,1137.85,1138.15,1136.85,1137.0,86688.0,1139.78,1147.23,1132.34,1141.4,1142.65,1140.6,1141.69,1112.08,1114.27,1114.27,1114.27,121500
ICICIBANK-EQ_2024-05-02_12-20-00.png,2024-05-02_12-20-00,1136.85,1138.4,1136.55,1137.45,106596.0,1139.4,1146.49,1132.32,1141.75,1141.9,1140.3,1141.26,1114.27,1112.08,1112.08,1112.08,122000
ICICIBANK-EQ_2024-05-02_12-25-00.png,2024-05-02_12-25-00,1137.35,1140.9,1137.15,1139.35,172792.0,1139.14,1145.78,1132.5,1141.43,1141.43,1139.45,1140.85,1112.08,1114.27,1114.27,1114.27,122500
ICICIBANK-EQ_2024-05-02_12-30-00.png,2024-05-02_12-30-00,1139.2,1139.9,1138.15,1138.4,105309.0,1138.73,1144.39,1133.08,1141.28,1144.65,1140.2,1142.42,1114.27,1116.46,1116.46,1116.46,123000
ICICIBANK-EQ_2024-05-02_12-35-00.png,2024-05-02_12-35-00,1138.3,1138.8,1136.65,1137.3,81156.0,1138.27,1142.61,1133.93,1142.42,1143.85,1142.2,1142.97,1116.46,1114.27,1114.27,1114.27,123500
ICICIBANK-EQ_2024-05-02_12-40-00.png,2024-05-02_12-40-00,1136.8,1137.7,1136.55,1136.85,140656.0,1137.81,1140.18,1135.44,1142.92,1143.65,1139.7,1141.69,1114.27,1112.08,1112.08,1112.08,124000
ICICIBANK-EQ_2024-05-02_12-45-00.png,2024-05-02_12-45-00,1137.35,1137.8,1135.3,1136.85,181174.0,1137.64,1139.72,1135.56,1141.7,1141.7,1139.0,1140.31,1112.08,1114.27,1114.27,1114.27,124500
ICICIBANK-EQ_2024-05-02_12-50-00.png,2024-05-02_12-50-00,1136.5,1137.35,1135.4,1136.5,122313.0,1137.53,1139.6,1135.45,1140.53,1141.4,1139.1,1140.34,1114.27,1116.46,1116.46,1116.46,125000
ICICIBANK-EQ_2024-05-02_12-55-00.png,2024-05-02_12-55-00,1136.35,1137.55,1136.35,1137.05,86152.0,1137.51,1139.59,1135.43,1140.42,1141.55,1139.4,1140.44,1116.46,1118.65,1118.65,1118.65,125500
ICICIBANK-EQ_2024-05-02_13-00-00.png,2024-05-02_13-00-00,1136.95,1137.5,1136.5,1136.75,87694.0,1137.63,1139.14,1136.12,1140.4,1141.15,1139.65,1140.47,1118.65,1116.46,1116.46,1116.46,130000
ICICIBANK-EQ_2024-05-02_13-05-00.png,2024-05-02_13-05-00,1136.6,1137.2,1135.9,1137.0,116079.0,1137.55,1139.03,1136.08,1140.55,1140.8,1139.1,1139.96,1116.46,1118.65,1118.65,1118.65,130500
ICICIBANK-EQ_2024-05-02_13-10-00.png,2024-05-02_13-10-00,1136.9,1137.0,1136.0,1136.85,118727.0,1137.53,1139.03,1136.03,1139.97,1141.45,1139.05,1140.06,1118.65,1120.84,1120.84,1120.84,131000
ICICIBANK-EQ_2024-05-02_13-15-00.png,2024-05-02_13-15-00,1136.7,1137.0,1136.0,1136.85,95501.0,1137.48,1139.01,1135.95,1139.88,1140.45,1139.1,1139.78,1120.84,1123.02,1123.02,1123.02,131500
ICICIBANK-EQ_2024-05-02_13-20-00.png,2024-05-02_13-20-00,1136.65,1137.0,1136.2,1137.0,90856.0,1137.44,1138.97,1135.91,1139.78,1140.3,1138.35,1139.26,1123.02,1120.84,1120.84,1120.84,132000
ICICIBANK-EQ_2024-05-02_13-25-00.png,2024-05-02_13-25-00,1136.85,1139.85,1136.65,1139.2,193907.0,1137.51,1139.22,1135.79,1139.2,1139.85,1137.05,1138.58,1120.84,1118.65,1118.65,1118.65,132500
ICICIBANK-EQ_2024-05-02_13-30-00.png,2024-05-02_13-30-00,1139.05,1140.85,1138.65,1139.95,124641.0,1137.56,1139.51,1135.61,1138.7,1140.95,1137.55,1139.24,1118.65,1120.84,1120.84,1120.84,133000
ICICIBANK-EQ_2024-05-02_13-35-00.png,2024-05-02_13-35-00,1139.6,1140.5,1138.75,1140.1,139136.0,1137.66,1139.91,1135.41,1139.22,1140.55,1138.1,1139.49,1120.84,1123.02,1123.02,1123.02,133500
ICICIBANK-EQ_2024-05-02_13-40-00.png,2024-05-02_13-40-00,1139.85,1140.9,1139.6,1140.85,126161.0,1137.82,1140.48,1135.15,1139.65,1140.5,1138.4,1139.5,1123.02,1120.84,1120.84,1120.84,134000
ICICIBANK-EQ_2024-05-02_13-45-00.png,2024-05-02_13-45-00,1140.6,1142.2,1139.45,1142.2,137608.0,1138.07,1141.35,1134.79,1139.55,1140.65,1138.4,1139.7,1120.84,1123.02,1123.02,1123.02,134500
ICICIBANK-EQ_2024-05-02_13-50-00.png,2024-05-02_13-50-00,1141.85,1142.65,1140.6,1141.65,164099.0,1138.26,1141.9,1134.61,1139.88,1142.0,1138.1,1139.91,1123.02,1120.84,1120.84,1120.84,135000
ICICIBANK-EQ_2024-05-02_13-55-00.png,2024-05-02_13-55-00,1141.65,1141.9,1140.3,1141.2,218182.0,1138.47,1142.29,1134.65,1139.78,1155.0,1139.78,1147.84,1120.84,1123.02,1123.02,1123.02,135500
ICICIBANK-EQ_2024-05-02_14-00-00.png,2024-05-02_14-00-00,1141.2,1141.4,1139.45,1141.35,248435.0,1138.66,1142.66,1134.67,1147.53,1157.4,1147.53,1154.91,1123.02,1120.84,1120.84,1120.84,140000
ICICIBANK-EQ_2024-05-02_14-05-00.png,2024-05-02_14-05-00,1141.1,1144.65,1140.2,1143.75,224973.0,1138.88,1143.48,1134.29,1154.53,1156.9,1154.53,1155.78,1120.84,1118.65,1118.65,1118.65,140500
ICICIBANK-EQ_2024-05-02_14-10-00.png,2024-05-02_14-10-00,1143.3,1143.85,1142.2,1142.55,231839.0,1139.09,1143.96,1134.22,1155.82,1156.95,1152.6,1154.72,1118.65,1116.46,1116.46,1116.46,141000
ICICIBANK-EQ_2024-05-02_14-15-00.png,2024-05-02_14-15-00,1142.55,1143.65,1139.7,1140.85,301523.0,1139.27,1144.12,1134.41,1154.68,1154.68,1151.1,1152.54,1116.46,1114.27,1114.27,1114.27,141500
ICICIBANK-EQ_2024-05-02_14-20-00.png,2024-05-02_14-20-00,1140.55,1141.2,1139.0,1140.5,301220.0,1139.45,1144.2,1134.7,1152.3,1152.9,1151.0,1152.0,1114.27,1112.08,1112.08,1112.08,142000
ICICIBANK-EQ_2024-05-02_14-25-00.png,2024-05-02_14-25-00,1140.55,1141.4,1139.1,1140.3,259858.0,1139.62,1144.22,1135.03,1152.05,1153.25,1151.0,1152.01,1112.08,1114.27,1114.27,1114.27,142500
ICICIBANK-EQ_2024-05-02_14-30-00.png,2024-05-02_14-30-00,1139.85,1141.55,1139.4,1140.95,253781.0,1139.84,1144.23,1135.46,1151.9,1151.9,1148.25,1149.92,1114.27,1116.46,1116.46,1116.46,143000
ICICIBANK-EQ_2024-05-02_14-35-00.png,2024-05-02_14-35-00,1141.0,1141.15,1139.65,1140.1,311037.0,1140.0,1144.18,1135.81,1150.0,1151.1,1148.5,1149.56,1116.46,1114.27,1114.27,1114.27,143500
ICICIBANK-EQ_2024-05-02_14-40-00.png,2024-05-02_14-40-00,1139.95,1140.8,1139.1,1140.0,309505.0,1140.16,1144.06,1136.26,1149.32,1150.35,1148.25,1149.35,1114.27,1116.46,1116.46,1116.46,144000
ICICIBANK-EQ_2024-05-02_14-45-00.png,2024-05-02_14-45-00,1140.0,1141.45,1139.05,1139.75,259780.0,1140.3,1143.91,1136.69,1149.4,1149.45,1144.25,1147.04,1116.46,1114.27,1114.27,1114.27,144500
ICICIBANK-EQ_2024-05-02_14-50-00.png,2024-05-02_14-50-00,1139.65,1140.45,1139.1,1139.9,204425.0,1140.45,1143.68,1137.22,1147.22,1147.22,1142.25,1143.95,1114.27,1116.46,1116.46,1116.46,145000
ICICIBANK-EQ_2024-05-02_14-55-00.png,2024-05-02_14-55-00,1139.7,1140.3,1138.35,1138.7,202600.0,1140.54,1143.43,1137.65,1143.97,1144.65,1142.05,1143.36,1116.46,1114.27,1114.27,1114.27,145500
ICICIBANK-EQ_2024-05-02_15-00-00.png,2024-05-02_15-00-00,1138.65,1139.85,1137.05,1138.75,1454427.0,1140.63,1143.15,1138.11,1143.38,1145.05,1140.5,1142.82,1114.27,1116.46,1116.46,1116.46,150000
ICICIBANK-EQ_2024-05-02_15-05-00.png,2024-05-02_15-05-00,1138.4,1140.95,1137.55,1140.05,1166166.0,1140.67,1143.12,1138.23,1142.88,1142.88,1141.0,1141.76,1116.46,1114.27,1114.27,1114.27,150500
ICICIBANK-EQ_2024-05-02_15-10-00.png,2024-05-02_15-10-00,1139.95,1140.55,1138.1,1139.35,811594.0,1140.64,1143.14,1138.15,1141.62,1144.35,1140.55,1142.31,1114.27,1116.46,1116.46,1116.46,151000
ICICIBANK-EQ_2024-05-02_15-15-00.png,2024-05-02_15-15-00,1139.2,1140.5,1138.4,1139.9,706378.0,1140.63,1143.14,1138.13,1142.18,1143.75,1140.2,1141.91,1116.46,1118.65,1118.65,1118.65,151500
ICICIBANK-EQ_2024-05-02_15-20-00.png,2024-05-02_15-20-00,1139.65,1140.65,1138.4,1140.1,860744.0,1140.6,1143.11,1138.08,1141.85,1141.85,1138.2,1140.15,1118.65,1116.46,1116.46,1116.46,152000
ICICIBANK-EQ_2024-05-02_15-25-00.png,2024-05-02_15-25-00,1140.05,1142.0,1138.1,1139.5,656289.0,1140.46,1142.9,1138.02,1140.4,1141.35,1139.65,1140.51,1116.46,1118.65,1118.65,1118.65,152500
ICICIBANK-EQ_2024-05-03_09-15-00.png,2024-05-03_09-15-00,1141.3,1155.0,1141.3,1153.75,1160193.0,1141.06,1147.49,1134.64,1140.53,1142.95,1140.4,1141.32,1118.65,1120.84,1120.84,1120.84,91500
ICICIBANK-EQ_2024-05-03_09-20-00.png,2024-05-03_09-20-00,1153.75,1157.4,1153.2,1155.3,272082.0,1141.77,1150.82,1132.72,1140.97,1141.8,1138.65,1140.32,1120.84,1118.65,1118.65,1118.65,92000
ICICIBANK-EQ_2024-05-03_09-25-00.png,2024-05-03_09-25-00,1155.3,1156.9,1154.55,1156.35,216431.0,1142.52,1153.67,1131.37,1140.42,1141.5,1138.4,1139.93,1118.65,1120.84,1120.84,1120.84,92500
ICICIBANK-EQ_2024-05-03_09-30-00.png,2024-05-03_09-30-00,1156.35,1156.95,1152.6,1153.0,165042.0,1142.98,1155.07,1130.89,1139.9,1143.0,1139.9,1141.61,1120.84,1118.65,1118.65,1118.65,93000
ICICIBANK-EQ_2024-05-03_09-35-00.png,2024-05-03_09-35-00,1152.8,1154.45,1151.1,1151.8,206606.0,1143.45,1156.16,1130.73,1141.58,1143.8,1141.58,1142.71,1118.65,1120.84,1120.84,1120.84,93500
ICICIBANK-EQ_2024-05-03_09-40-00.png,2024-05-03_09-40-00,1151.8,1152.9,1151.0,1152.3,75269.0,1144.02,1157.26,1130.78,1142.72,1143.5,1140.75,1142.04,1120.84,1118.65,1118.65,1118.65,94000
ICICIBANK-EQ_2024-05-03_09-45-00.png,2024-05-03_09-45-00,1152.55,1153.25,1151.0,1151.25,72373.0,1144.55,1158.06,1131.05,1141.95,1142.15,1137.35,1140.09,1118.65,1120.84,1120.84,1120.84,94500
ICICIBANK-EQ_2024-05-03_09-50-00.png,2024-05-03_09-50-00,1151.25,1151.45,1148.25,1148.75,116679.0,1144.98,1158.45,1131.5,1140.43,1140.43,1138.15,1139.26,1120.84,1118.65,1118.65,1118.65,95000
ICICIBANK-EQ_2024-05-03_09-55-00.png,2024-05-03_09-55-00,1148.8,1151.1,1148.5,1149.85,74663.0,1145.42,1158.93,1131.92,1139.3,1139.3,1137.15,1138.38,1118.65,1120.84,1120.84,1120.84,95500
ICICIBANK-EQ_2024-05-03_10-00-00.png,2024-05-03_10-00-00,1149.75,1150.35,1148.25,1149.05,81105.0,1145.87,1159.22,1132.52,1138.55,1139.75,1136.6,1138.38,1120.84,1118.65,1118.65,1118.65,100000
ICICIBANK-EQ_2024-05-03_10-05-00.png,2024-05-03_10-05-00,1149.05,1149.45,1144.25,1145.4,439130.0,1146.14,1159.21,1133.07,1138.58,1142.35,1138.15,1140.42,1118.65,1120.84,1120.84,1120.84,100500
ICICIBANK-EQ_2024-05-03_10-10-00.png,2024-05-03_10-10-00,1145.4,1145.6,1142.25,1142.55,277697.0,1146.28,1159.12,1133.44,1140.6,1142.3,1139.8,1141.26,1120.84,1123.02,1123.02,1123.02,101000
ICICIBANK-EQ_2024-05-03_10-15-00.png,2024-05-03_10-15-00,1142.85,1144.65,1142.05,1143.9,317200.0,1146.48,1159.02,1133.94,1141.47,1141.47,1138.5,1140.3,1123.02,1125.21,1125.21,1125.21,101500
ICICIBANK-EQ_2024-05-03_10-20-00.png,2024-05-03_10-20-00,1144.05,1145.05,1140.5,1141.7,582341.0,1146.63,1158.85,1134.41,1140.62,1142.3,1140.0,1141.12,1125.21,1123.02,1123.02,1123.02,102000
ICICIBANK-EQ_2024-05-03_10-25-00.png,2024-05-03_10-25-00,1141.7,1142.8,1141.0,1141.55,196629.0,1146.77,1158.67,1134.87,1141.1,1144.05,1141.1,1142.35,1123.02,1125.21,1125.21,1125.21,102500
ICICIBANK-EQ_2024-05-03_10-30-00.png,2024-05-03_10-30-00,1141.55,1144.35,1140.55,1142.8,156626.0,1146.91,1158.54,1135.28,1142.1,1143.45,1140.9,1142.12,1125.21,1127.4,1127.4,1127.4,103000
ICICIBANK-EQ_2024-05-03_10-35-00.png,2024-05-03_10-35-00,1142.8,1143.75,1140.2,1140.9,242339.0,1146.99,1158.42,1135.55,1142.07,1142.55,1140.4,1141.69,1127.4,1125.21,1125.21,1125.21,103500
ICICIBANK-EQ_2024-05-03_10-40-00.png,2024-05-03_10-40-00,1140.25,1141.6,1138.2,1140.55,258732.0,1147.02,1158.37,1135.66,1141.9,1142.75,1140.7,1141.75,1125.21,1127.4,1127.4,1127.4,104000
ICICIBANK-EQ_2024-05-03_10-45-00.png,2024-05-03_10-45-00,1140.45,1141.35,1139.65,1140.6,146485.0,1147.04,1158.34,1135.75,1141.78,1142.7,1141.05,1141.81,1127.4,1129.59,1129.59,1129.59,104500
ICICIBANK-EQ_2024-05-03_10-50-00.png,2024-05-03_10-50-00,1140.6,1142.95,1140.4,1141.35,154256.0,1147.14,1158.2,1136.07,1141.75,1142.55,1141.1,1141.78,1129.59,1127.4,1127.4,1127.4,105000
ICICIBANK-EQ_2024-05-03_10-55-00.png,2024-05-03_10-55-00,1141.55,1141.8,1138.65,1139.3,192942.0,1146.41,1157.54,1135.28,1141.72,1142.65,1141.2,1141.84,1127.4,1129.59,1129.59,1129.59,105500
ICICIBANK-EQ_2024-05-03_11-00-00.png,2024-05-03_11-00-00,1139.4,1141.5,1138.4,1140.4,246394.0,1145.67,1156.27,1135.06,1141.75,1142.5,1141.25,1141.99,1129.59,1127.4,1127.4,1127.4,110000
ICICIBANK-EQ_2024-05-03_11-05-00.png,2024-05-03_11-05-00,1140.4,1143.0,1140.3,1142.75,136846.0,1144.99,1154.39,1135.59,1142.1,1146.7,1142.1,1144.45,1127.4,1129.59,1129.59,1129.59,110500
ICICIBANK-EQ_2024-05-03_11-10-00.png,2024-05-03_11-10-00,1142.75,1143.8,1141.6,1142.7,123730.0,1144.47,1153.12,1135.82,1144.42,1146.85,1142.1,1144.64,1129.59,1127.4,1127.4,1127.4,111000
ICICIBANK-EQ_2024-05-03_11-15-00.png,2024-05-03_11-15-00,1142.7,1143.5,1140.75,1141.2,182526.0,1143.94,1151.98,1135.91,1144.8,1144.8,1138.5,1141.01,1127.4,1125.21,1125.21,1125.21,111500
ICICIBANK-EQ_2024-05-03_11-20-00.png,2024-05-03_11-20-00,1141.2,1142.15,1137.35,1139.65,262866.0,1143.31,1150.53,1136.09,1141.05,1141.05,1136.3,1138.05,1125.21,1123.02,1123.02,1123.02,112000
ICICIBANK-EQ_2024-05-03_11-25-00.png,2024-05-03_11-25-00,1139.65,1140.3,1138.15,1138.95,204564.0,1142.7,1149.11,1136.28,1138.3,1139.7,1136.3,1137.94,1123.02,1120.84,1120.84,1120.84,112500
ICICIBANK-EQ_2024-05-03_11-30-00.png,2024-05-03_11-30-00,1138.95,1139.25,1137.15,1138.15,233988.0,1142.16,1148.22,1136.11,1137.88,1139.5,1137.0,1138.29,1120.84,1118.65,1118.65,1118.65,113000
ICICIBANK-EQ_2024-05-03_11-35-00.png,2024-05-03_11-35-00,1138.25,1139.75,1136.6,1138.9,321987.0,1141.62,1146.64,1136.6,1138.32,1140.0,1138.0,1138.92,1118.65,1116.46,1116.46,1116.46,113500
ICICIBANK-EQ_2024-05-03_11-40-00.png,2024-05-03_11-40-00,1138.9,1142.35,1138.15,1142.3,261887.0,1141.28,1144.91,1137.65,1138.85,1140.95,1138.55,1139.7,1116.46,1118.65,1118.65,1118.65,114000
ICICIBANK-EQ_2024-05-03_11-45-00.png,2024-05-03_11-45-00,1142.3,1142.3,1139.8,1140.65,146463.0,1141.04,1144.12,1137.97,1139.65,1140.85,1138.0,1139.68,1118.65,1120.84,1120.84,1120.84,114500
ICICIBANK-EQ_2024-05-03_11-50-00.png,2024-05-03_11-50-00,1140.65,1141.45,1138.5,1140.6,186596.0,1140.95,1143.94,1137.95,1139.92,1142.0,1138.2,1139.74,1120.84,1118.65,1118.65,1118.65,115000
ICICIBANK-EQ_2024-05-03_11-55-00.png,2024-05-03_11-55-00,1140.6,1142.3,1140.0,1141.6,140937.0,1140.83,1143.51,1138.15,1139.38,1140.0,1138.15,1139.05,1118.65,1116.46,1116.46,1116.46,115500
ICICIBANK-EQ_2024-05-03_12-00-00.png,2024-05-03_12-00-00,1141.7,1144.05,1141.15,1142.5,277961.0,1140.87,1143.63,1138.11,1139.03,1139.6,1135.45,1137.41,1116.46,1118.65,1118.65,1118.65,120000
ICICIBANK-EQ_2024-05-03_12-05-00.png,2024-05-03_12-05-00,1142.35,1143.45,1140.9,1141.8,165004.0,1140.88,1143.65,1138.11,1137.3,1138.85,1135.75,1137.07,1118.65,1116.46,1116.46,1116.46,120500
ICICIBANK-EQ_2024-05-03_12-10-00.png,2024-05-03_12-10-00,1141.7,1142.55,1140.4,1142.1,142259.0,1140.85,1143.53,1138.16,1136.85,1138.6,1136.65,1137.74,1116.46,1118.65,1118.65,1118.65,121000
ICICIBANK-EQ_2024-05-03_12-15-00.png,2024-05-03_12-15-00,1142.1,1142.75,1140.7,1141.45,116806.0,1140.88,1143.57,1138.18,1137.85,1139.4,1137.3,1138.46,1118.65,1120.84,1120.84,1120.84,121500
ICICIBANK-EQ_2024-05-03_12-20-00.png,2024-05-03_12-20-00,1141.6,1142.7,1141.05,1141.9,59752.0,1140.94,1143.67,1138.21,1138.57,1140.0,1137.05,1138.54,1120.84,1118.65,1118.65,1118.65,122000
ICICIBANK-EQ_2024-05-03_12-25-00.png,2024-05-03_12-25-00,1141.8,1142.55,1141.1,1141.65,83431.0,1141.0,1143.74,1138.25,1138.55,1140.0,1137.8,1138.8,1118.65,1116.46,1116.46,1116.46,122500
ICICIBANK-EQ_2024-05-03_12-30-00.png,2024-05-03_12-30-00,1141.6,1142.65,1141.2,1141.9,115439.0,1141.02,1143.79,1138.25,1138.7,1140.0,1138.7,1139.48,1116.46,1118.65,1118.65,1118.65,123000
ICICIBANK-EQ_2024-05-03_12-35-00.png,2024-05-03_12-35-00,1141.85,1142.5,1141.25,1142.35,105673.0,1141.18,1143.88,1138.47,1139.42,1140.0,1138.25,1139.35,1118.65,1120.84,1120.84,1120.84,123500
ICICIBANK-EQ_2024-05-03_12-40-00.png,2024-05-03_12-40-00,1142.25,1146.7,1142.25,1146.6,240514.0,1141.49,1145.09,1137.88,1139.58,1140.0,1138.35,1139.15,1120.84,1123.02,1123.02,1123.02,124000
ICICIBANK-EQ_2024-05-03_12-45-00.png,2024-05-03_12-45-00,1146.2,1146.85,1142.1,1143.4,138882.0,1141.52,1145.18,1137.85,1139.12,1139.12,1136.85,1137.91,1123.02,1125.21,1125.21,1125.21,124500
ICICIBANK-EQ_2024-05-03_12-50-00.png,2024-05-03_12-50-00,1143.35,1143.45,1138.5,1138.75,202261.0,1141.32,1145.14,1137.5,1137.97,1138.9,1136.75,1137.84,1125.21,1123.02,1123.02,1123.02,125000
ICICIBANK-EQ_2024-05-03_12-55-00.png,2024-05-03_12-55-00,1138.6,1139.3,1136.3,1138.0,236837.0,1141.16,1145.26,1137.06,1137.85,1139.85,1137.4,1138.8,1123.02,1120.84,1120.84,1120.84,125500
ICICIBANK-EQ_2024-05-03_13-00-00.png,2024-05-03_13-00-00,1138.25,1139.7,1136.3,1137.5,325368.0,1141.05,1145.42,1136.68,1138.97,1140.0,1138.95,1139.64,1120.84,1118.65,1118.65,1118.65,130000
ICICIBANK-EQ_2024-05-03_13-05-00.png,2024-05-03_13-05-00,1137.6,1139.5,1137.0,1139.05,155892.0,1141.06,1145.42,1136.7,1139.8,1140.4,1138.0,1139.39,1118.65,1120.84,1120.84,1120.84,130500
ICICIBANK-EQ_2024-05-03_13-10-00.png,2024-05-03_13-10-00,1139.0,1140.0,1138.0,1138.7,79820.0,1141.08,1145.37,1136.8,1139.58,1140.15,1137.15,1138.85,1120.84,1123.02,1123.02,1123.02,131000
ICICIBANK-EQ_2024-05-03_13-15-00.png,2024-05-03_13-15-00,1138.55,1140.95,1138.55,1140.75,106732.0,1141.18,1145.34,1137.01,1139.05,1140.0,1137.6,1138.92,1123.02,1125.21,1125.21,1125.21,131500
ICICIBANK-EQ_2024-05-03_13-20-00.png,2024-05-03_13-20-00,1140.75,1140.85,1138.0,1139.1,89556.0,1141.02,1145.25,1136.79,1139.05,1144.5,1139.05,1141.55,1125.21,1127.4,1127.4,1127.4,132000
ICICIBANK-EQ_2024-05-03_13-25-00.png,2024-05-03_13-25-00,1139.1,1142.0,1138.2,1139.65,536623.0,1140.97,1145.24,1136.7,1141.2,1143.5,1139.65,1142.1,1127.4,1125.21,1125.21,1125.21,132500
ICICIBANK-EQ_2024-05-03_13-30-00.png,2024-05-03_13-30-00,1139.55,1140.0,1138.15,1138.5,190636.0,1140.86,1145.27,1136.45,1142.62,1142.95,1140.3,1141.8,1125.21,1123.02,1123.02,1123.02,133000
ICICIBANK-EQ_2024-05-03_13-35-00.png,2024-05-03_13-35-00,1138.8,1139.6,1135.45,1135.8,133351.0,1140.57,1145.51,1135.63,1141.97,1144.1,1141.45,1142.47,1123.02,1125.21,1125.21,1125.21,133500
ICICIBANK-EQ_2024-05-03_13-40-00.png,2024-05-03_13-40-00,1136.05,1138.85,1135.75,1137.65,155066.0,1140.33,1145.35,1135.31,1142.18,1144.4,1141.05,1142.28,1125.21,1127.4,1127.4,1127.4,134000
ICICIBANK-EQ_2024-05-03_13-45-00.png,2024-05-03_13-45-00,1137.65,1138.6,1136.65,1138.05,128020.0,1140.14,1145.21,1135.08,1141.82,1143.35,1140.8,1141.65,1127.4,1125.21,1125.21,1125.21,134500
ICICIBANK-EQ_2024-05-03_13-50-00.png,2024-05-03_13-50-00,1138.05,1139.4,1137.3,1139.1,118178.0,1139.99,1144.99,1135.0,1141.22,1141.65,1138.75,1140.4,1125.21,1123.02,1123.02,1123.02,135000
ICICIBANK-EQ_2024-05-03_13-55-00.png,2024-05-03_13-55-00,1139.0,1140.0,1137.05,1138.1,128235.0,1139.82,1144.84,1134.81,1140.6,1148.9,1138.1,1143.7,1123.02,1120.84,1120.84,1120.84,135500
ICICIBANK-EQ_2024-05-03_14-00-00.png,2024-05-03_14-00-00,1138.1,1140.0,1137.8,1139.3,162980.0,1139.7,1144.62,1134.77,1143.9,1150.5,1143.9,1148.05,1120.84,1123.02,1123.02,1123.02,140000
ICICIBANK-EQ_2024-05-03_14-05-00.png,2024-05-03_14-05-00,1139.3,1140.0,1139.05,1139.55,159879.0,1139.59,1144.43,1134.75,1148.25,1155.55,1148.25,1152.51,1123.02,1125.21,1125.21,1125.21,140500
ICICIBANK-EQ_2024-05-03_14-10-00.png,2024-05-03_14-10-00,1139.5,1140.0,1138.25,1139.65,91134.0,1139.48,1144.19,1134.76,1152.8,1158.0,1152.8,1156.16,1125.21,1127.4,1127.4,1127.4,141000
ICICIBANK-EQ_2024-05-03_14-15-00.png,2024-05-03_14-15-00,1139.7,1140.0,1138.35,1138.55,241940.0,1139.29,1143.82,1134.76,1156.3,1157.4,1152.05,1154.75,1127.4,1129.59,1129.59,1129.59,141500
ICICIBANK-EQ_2024-05-03_14-20-00.png,2024-05-03_14-20-00,1138.35,1138.85,1136.85,1137.6,110621.0,1138.84,1141.84,1135.84,1154.78,1154.95,1148.55,1152.51,1129.59,1131.78,1131.78,1131.78,142000
ICICIBANK-EQ_2024-05-03_14-25-00.png,2024-05-03_14-25-00,1137.3,1138.9,1136.75,1138.4,120701.0,1138.59,1140.68,1136.49,1153.28,1154.65,1150.05,1152.44,1131.78,1133.97,1133.97,1133.97,142500
ICICIBANK-EQ_2024-05-03_14-30-00.png,2024-05-03_14-30-00,1138.4,1139.85,1137.4,1139.55,187269.0,1138.63,1140.77,1136.49,1152.53,1153.5,1149.5,1151.46,1133.97,1136.16,1136.16,1136.16,143000
ICICIBANK-EQ_2024-05-03_14-35-00.png,2024-05-03_14-35-00,1139.8,1140.0,1138.95,1139.8,282261.0,1138.72,1140.9,1136.54,1151.42,1154.45,1150.85,1152.19,1136.16,1138.35,1138.35,1138.35,143500
ICICIBANK-EQ_2024-05-03_14-40-00.png,2024-05-03_14-40-00,1139.4,1140.4,1138.0,1139.75,319442.0,1138.83,1140.98,1136.68,1151.72,1154.95,1151.0,1152.8,1138.35,1140.54,1140.54,1140.54,144000
ICICIBANK-EQ_2024-05-03_14-45-00.png,2024-05-03_14-45-00,1139.8,1140.15,1137.15,1138.3,309559.0,1138.79,1140.95,1136.64,1152.62,1155.95,1152.62,1154.25,1140.54,1142.73,1142.73,1142.73,144500
ICICIBANK-EQ_2024-05-03_14-50-00.png,2024-05-03_14-50-00,1138.4,1140.0,1137.6,1139.7,262100.0,1138.84,1141.04,1136.65,1153.8,1155.1,1152.8,1154.04,1142.73,1144.92,1144.92,1144.92,145000
ICICIBANK-EQ_2024-05-03_14-55-00.png,2024-05-03_14-55-00,1139.35,1144.5,1139.3,1143.05,364508.0,1138.96,1141.74,1136.18,1154.12,1154.85,1151.7,1153.5,1144.92,1147.11,1147.11,1147.11,145500
ICICIBANK-EQ_2024-05-03_15-00-00.png,2024-05-03_15-00-00,1143.35,1143.5,1139.65,1141.9,767611.0,1139.1,1142.17,1136.02,1153.72,1155.7,1152.4,1154.21,1147.11,1149.3,1149.3,1149.3,150000
ICICIBANK-EQ_2024-05-03_15-05-00.png,2024-05-03_15-05-00,1141.95,1142.95,1140.3,1142.0,965439.0,1139.21,1142.55,1135.88,1154.38,1158.45,1154.38,1156.51,1149.3,1151.49,1151.49,1151.49,150500
ICICIBANK-EQ_2024-05-03_15-10-00.png,2024-05-03_15-10-00,1141.95,1144.1,1141.45,1142.4,1292009.0,1139.41,1143.01,1135.81,1156.35,1158.05,1156.3,1157.24,1151.49,1153.67,1153.67,1153.67,151000
ICICIBANK-EQ_2024-05-03_15-15-00.png,2024-05-03_15-15-00,1142.45,1144.4,1141.05,1141.2,1034996.0,1139.68,1142.94,1136.42,1157.3,1157.35,1154.5,1156.46,1153.67,1155.86,1155.86,1155.86,151500
ICICIBANK-EQ_2024-05-03_15-20-00.png,2024-05-03_15-20-00,1141.2,1143.35,1140.8,1141.25,744283.0,1139.86,1143.04,1136.68,1157.0,1157.75,1155.95,1156.94,1155.86,1158.05,1158.05,1158.05,152000
ICICIBANK-EQ_2024-05-03_15-25-00.png,2024-05-03_15-25-00,1141.3,1141.65,1138.75,1139.9,563952.0,1139.95,1143.02,1136.89,1157.03,1157.2,1155.45,1156.54,1158.05,1160.24,1160.24,1160.24,152500
ICICIBANK-EQ_2024-05-06_09-15-00.png,2024-05-06_09-15-00,1141.55,1148.9,1138.1,1146.25,1244933.0,1140.31,1144.44,1136.18,1156.75,1156.85,1154.95,1155.92,1160.24,1162.43,1162.43,1162.43,91500
ICICIBANK-EQ_2024-05-06_09-20-00.png,2024-05-06_09-20-00,1146.3,1150.5,1145.2,1150.2,415673.0,1140.92,1146.84,1134.99,1155.95,1156.6,1153.5,1154.91,1162.43,1164.62,1164.62,1164.62,92000
ICICIBANK-EQ_2024-05-06_09-25-00.png,2024-05-06_09-25-00,1150.25,1155.55,1148.9,1155.35,514353.0,1141.72,1150.42,1133.02,1154.78,1154.78,1151.75,1153.2,1164.62,1166.81,1166.81,1166.81,92500
ICICIBANK-EQ_2024-05-06_09-30-00.png,2024-05-06_09-30-00,1155.45,1158.0,1154.05,1157.15,388701.0,1142.6,1153.62,1131.57,1153.25,1153.4,1150.0,1151.68,1166.81,1169.0,1169.0,1169.0,93000
ICICIBANK-EQ_2024-05-06_09-35-00.png,2024-05-06_09-35-00,1157.15,1157.4,1152.05,1152.4,380302.0,1143.23,1154.99,1131.48,1151.65,1151.65,1148.1,1149.47,1169.0,1171.19,1171.19,1171.19,93500
ICICIBANK-EQ_2024-05-06_09-40-00.png,2024-05-06_09-40-00,1152.4,1154.95,1148.55,1154.15,332914.0,1144.01,1156.51,1131.52,1149.45,1149.95,1148.0,1148.74,1171.19,1169.0,1169.0,1169.0,94000
ICICIBANK-EQ_2024-05-06_09-45-00.png,2024-05-06_09-45-00,1154.4,1154.65,1150.05,1150.65,196040.0,1144.67,1157.12,1132.22,1148.5,1149.25,1145.65,1147.3,1169.0,1166.81,1166.81,1166.81,94500
ICICIBANK-EQ_2024-05-06_09-50-00.png,2024-05-06_09-50-00,1150.6,1153.5,1149.5,1152.25,307373.0,1145.36,1157.88,1132.84,1147.15,1147.15,1145.05,1145.96,1166.81,1164.62,1164.62,1164.62,95000
ICICIBANK-EQ_2024-05-06_09-55-00.png,2024-05-06_09-55-00,1152.25,1154.45,1150.85,1151.2,278708.0,1145.94,1158.41,1133.48,1145.92,1146.45,1145.0,1145.91,1164.62,1162.43,1162.43,1162.43,95500
ICICIBANK-EQ_2024-05-06_10-00-00.png,2024-05-06_10-00-00,1151.45,1154.95,1151.0,1153.8,273162.0,1146.64,1159.23,1134.06,1146.1,1147.4,1145.65,1146.31,1162.43,1160.24,1160.24,1160.24,100000
ICICIBANK-EQ_2024-05-06_10-05-00.png,2024-05-06_10-05-00,1153.5,1155.95,1153.45,1154.1,308518.0,1147.36,1159.93,1134.79,1146.1,1146.6,1144.55,1145.74,1160.24,1158.05,1158.05,1158.05,100500
ICICIBANK-EQ_2024-05-06_10-10-00.png,2024-05-06_10-10-00,1154.45,1155.1,1152.8,1153.8,291047.0,1148.14,1160.25,1136.02,1145.9,1147.25,1144.75,1146.24,1158.05,1155.86,1155.86,1155.86,101000
ICICIBANK-EQ_2024-05-06_10-15-00.png,2024-05-06_10-15-00,1154.0,1154.85,1151.7,1153.45,229115.0,1148.82,1160.48,1137.17,1146.47,1148.0,1146.47,1147.45,1155.86,1153.67,1153.67,1153.67,101500
ICICIBANK-EQ_2024-05-06_10-20-00.png,2024-05-06_10-20-00,1153.45,1155.7,1152.4,1155.3,185132.0,1149.44,1161.1,1137.77,1147.32,1149.4,1146.8,1148.04,1153.67,1155.86,1155.86,1155.86,102000
ICICIBANK-EQ_2024-05-06_10-25-00.png,2024-05-06_10-25-00,1155.3,1158.45,1154.9,1157.4,223073.0,1150.21,1161.83,1138.59,1147.97,1148.8,1147.4,1148.32,1155.86,1158.05,1158.05,1158.05,102500
ICICIBANK-EQ_2024-05-06_10-30-00.png,2024-05-06_10-30-00,1157.5,1158.05,1156.3,1157.1,172503.0,1150.96,1162.3,1139.63,1148.55,1149.0,1147.6,1148.51,1158.05,1160.24,1160.24,1160.24,103000
ICICIBANK-EQ_2024-05-06_10-35-00.png,2024-05-06_10-35-00,1157.05,1157.35,1154.5,1156.95,102859.0,1151.69,1162.57,1140.82,1148.72,1148.9,1147.85,1148.56,1160.24,1158.05,1158.05,1158.05,103500
ICICIBANK-EQ_2024-05-06_10-40-00.png,2024-05-06_10-40-00,1156.95,1157.75,1155.95,1157.1,120573.0,1152.49,1162.42,1142.56,1148.75,1149.0,1147.15,1148.05,1158.05,1155.86,1155.86,1155.86,104000
ICICIBANK-EQ_2024-05-06_10-45-00.png,2024-05-06_10-45-00,1157.0,1157.2,1155.45,1156.5,96905.0,1153.25,1161.79,1144.71,1148.03,1148.4,1147.0,1147.75,1155.86,1153.67,1153.67,1153.67,104500
ICICIBANK-EQ_2024-05-06_10-50-00.png,2024-05-06_10-50-00,1156.4,1156.85,1154.95,1155.5,135390.0,1154.03,1159.85,1148.21,1147.8,1148.3,1145.7,1147.12,1153.67,1151.49,1151.49,1151.49,105000
ICICIBANK-EQ_2024-05-06_10-55-00.png,2024-05-06_10-55-00,1155.5,1156.6,1153.5,1154.05,100590.0,1154.42,1158.95,1149.89,1147.25,1147.45,1145.1,1146.19,1151.49,1149.3,1149.3,1149.3,105500
ICICIBANK-EQ_2024-05-06_11-00-00.png,2024-05-06_11-00-00,1154.1,1154.55,1151.75,1152.4,78863.0,1154.53,1158.72,1150.34,1146.1,1147.05,1144.85,1146.16,1149.3,1147.11,1147.11,1147.11,110000
ICICIBANK-EQ_2024-05-06_11-05-00.png,2024-05-06_11-05-00,1152.4,1153.4,1150.0,1150.9,95552.0,1154.31,1158.78,1149.84,1146.38,1147.1,1145.7,1146.32,1147.11,1149.3,1149.3,1149.3,110500
ICICIBANK-EQ_2024-05-06_11-10-00.png,2024-05-06_11-10-00,1150.6,1150.9,1148.1,1148.3,77899.0,1153.86,1158.87,1148.86,1146.25,1146.25,1144.1,1145.29,1149.3,1147.11,1147.11,1147.11,111000
ICICIBANK-EQ_2024-05-06_11-15-00.png,2024-05-06_11-15-00,1148.5,1149.95,1148.0,1148.5,57689.0,1153.67,1159.19,1148.15,1145.47,1145.5,1143.65,1144.81,1147.11,1144.92,1144.92,1144.92,111500
ICICIBANK-EQ_2024-05-06_11-20-00.png,2024-05-06_11-20-00,1148.25,1149.25,1145.65,1146.05,101972.0,1153.26,1159.75,1146.78,1145.05,1146.95,1144.55,1145.28,1144.92,1147.11,1147.11,1147.11,112000
ICICIBANK-EQ_2024-05-06_11-25-00.png,2024-05-06_11-25-00,1146.05,1146.95,1145.05,1145.8,90377.0,1153.02,1160.24,1145.81,1144.8,1145.85,1144.45,1145.09,1147.11,1149.3,1149.3,1149.3,112500
ICICIBANK-EQ_2024-05-06_11-30-00.png,2024-05-06_11-30-00,1145.75,1146.45,1145.0,1146.45,71168.0,1152.73,1160.52,1144.94,1145.03,1146.55,1144.65,1145.41,1149.3,1147.11,1147.11,1147.11,113000
ICICIBANK-EQ_2024-05-06_11-35-00.png,2024-05-06_11-35-00,1146.1,1147.4,1145.65,1146.1,98817.0,1152.48,1160.79,1144.16,1145.22,1145.85,1144.7,1145.09,1147.11,1144.92,1144.92,1144.92,113500
ICICIBANK-EQ_2024-05-06_11-40-00.png,2024-05-06_11-40-00,1146.1,1146.6,1144.55,1145.7,131182.0,1152.07,1160.89,1143.25,1144.9,1145.5,1144.15,1144.9,1144.92,1142.73,1142.73,1142.73,114000
ICICIBANK-EQ_2024-05-06_11-45-00.png,2024-05-06_11-45-00,1145.7,1147.25,1144.75,1147.25,138673.0,1151.73,1160.75,1142.71,1144.97,1146.1,1144.85,1145.45,1142.73,1140.54,1140.54,1140.54,114500
ICICIBANK-EQ_2024-05-06_11-50-00.png,2024-05-06_11-50-00,1147.15,1148.0,1147.15,1147.5,75573.0,1151.42,1160.57,1142.26,1145.42,1146.15,1144.8,1145.53,1140.54,1142.73,1142.73,1142.73,115000
ICICIBANK-EQ_2024-05-06_11-55-00.png,2024-05-06_11-55-00,1147.25,1149.4,1146.8,1148.7,96432.0,1151.18,1160.35,1142.0,1145.58,1146.1,1144.8,1145.35,1142.73,1144.92,1144.92,1144.92,115500
ICICIBANK-EQ_2024-05-06_12-00-00.png,2024-05-06_12-00-00,1148.7,1148.8,1147.4,1148.4,92052.0,1150.83,1159.87,1141.79,1145.25,1146.7,1145.0,1145.75,1144.92,1142.73,1142.73,1142.73,120000
ICICIBANK-EQ_2024-05-06_12-05-00.png,2024-05-06_12-05-00,1148.6,1149.0,1147.6,1148.85,65778.0,1150.4,1158.93,1141.88,1145.65,1147.35,1145.0,1146.21,1142.73,1144.92,1144.92,1144.92,120500
ICICIBANK-EQ_2024-05-06_12-10-00.png,2024-05-06_12-10-00,1148.85,1148.9,1147.85,1148.65,98976.0,1149.98,1157.93,1142.03,1146.25,1147.25,1145.7,1146.54,1144.92,1142.73,1142.73,1142.73,121000
ICICIBANK-EQ_2024-05-06_12-15-00.png,2024-05-06_12-15-00,1148.55,1149.0,1147.15,1147.5,167114.0,1149.51,1156.81,1142.21,1146.6,1146.95,1145.2,1146.15,1142.73,1140.54,1140.54,1140.54,121500
ICICIBANK-EQ_2024-05-06_12-20-00.png,2024-05-06_12-20-00,1147.5,1148.4,1147.0,1148.1,71238.0,1149.06,1155.44,1142.68,1146.22,1146.65,1144.8,1145.82,1140.54,1138.35,1138.35,1138.35,122000
ICICIBANK-EQ_2024-05-06_12-25-00.png,2024-05-06_12-25-00,1148.25,1148.3,1145.7,1146.25,70506.0,1148.55,1153.99,1143.1,1145.93,1146.7,1145.5,1145.99,1138.35,1140.54,1140.54,1140.54,122500
ICICIBANK-EQ_2024-05-06_12-30-00.png,2024-05-06_12-30-00,1146.15,1147.45,1145.1,1146.05,79732.0,1148.08,1152.53,1143.62,1145.88,1146.5,1145.25,1145.97,1140.54,1138.35,1138.35,1138.35,123000
ICICIBANK-EQ_2024-05-06_12-35-00.png,2024-05-06_12-35-00,1146.05,1147.05,1144.85,1146.7,77444.0,1147.71,1151.19,1144.22,1146.08,1147.5,1145.05,1146.04,1138.35,1140.54,1140.54,1140.54,123500
ICICIBANK-EQ_2024-05-06_12-40-00.png,2024-05-06_12-40-00,1146.7,1147.1,1145.7,1145.8,59353.0,1147.38,1150.18,1144.58,1145.8,1147.35,1145.0,1146.01,1140.54,1142.73,1142.73,1142.73,124000
ICICIBANK-EQ_2024-05-06_12-45-00.png,2024-05-06_12-45-00,1145.8,1146.1,1144.1,1145.15,76924.0,1147.09,1149.52,1144.66,1145.85,1147.05,1145.65,1146.41,1142.73,1140.54,1140.54,1140.54,124500
ICICIBANK-EQ_2024-05-06_12-50-00.png,2024-05-06_12-50-00,1145.15,1145.5,1143.65,1144.95,77446.0,1146.92,1149.46,1144.38,1146.47,1146.5,1145.25,1146.01,1140.54,1138.35,1138.35,1138.35,125000
ICICIBANK-EQ_2024-05-06_12-55-00.png,2024-05-06_12-55-00,1144.75,1146.95,1144.55,1144.85,53359.0,1146.74,1149.33,1144.15,1146.15,1146.2,1143.35,1145.01,1138.35,1140.54,1140.54,1140.54,125500
ICICIBANK-EQ_2024-05-06_13-00-00.png,2024-05-06_13-00-00,1144.6,1145.85,1144.45,1145.45,44230.0,1146.71,1149.34,1144.08,1145.25,1145.55,1143.55,1144.78,1140.54,1142.73,1142.73,1142.73,130000
ICICIBANK-EQ_2024-05-06_13-05-00.png,2024-05-06_13-05-00,1145.4,1146.55,1144.65,1145.05,40499.0,1146.67,1149.38,1143.96,1145.0,1145.0,1143.2,1144.21,1142.73,1144.92,1144.92,1144.92,130500
ICICIBANK-EQ_2024-05-06_13-10-00.png,2024-05-06_13-10-00,1145.1,1145.85,1144.7,1144.7,54836.0,1146.58,1149.43,1143.74,1144.32,1148.5,1143.15,1145.71,1144.92,1142.73,1142.73,1142.73,131000
ICICIBANK-EQ_2024-05-06_13-15-00.png,2024-05-06_13-15-00,1144.7,1145.5,1144.15,1145.25,55877.0,1146.54,1149.45,1143.64,1145.6,1147.95,1145.6,1147.04,1142.73,1140.54,1140.54,1140.54,131500
ICICIBANK-EQ_2024-05-06_13-20-00.png,2024-05-06_13-20-00,1145.1,1146.1,1144.85,1145.75,47734.0,1146.54,1149.45,1143.64,1147.1,1148.5,1146.5,1147.16,1140.54,1138.35,1138.35,1138.35,132000
ICICIBANK-EQ_2024-05-06_13-25-00.png,2024-05-06_13-25-00,1146.15,1146.15,1144.8,1145.0,125501.0,1146.43,1149.39,1143.47,1146.82,1147.05,1145.5,1146.22,1138.35,1140.54,1140.54,1140.54,132500
ICICIBANK-EQ_2024-05-06_13-30-00.png,2024-05-06_13-30-00,1145.0,1146.1,1144.8,1145.5,108718.0,1146.33,1149.28,1143.39,1146.18,1147.0,1144.4,1145.82,1140.54,1138.35,1138.35,1138.35,133000
ICICIBANK-EQ_2024-05-06_13-35-00.png,2024-05-06_13-35-00,1145.4,1146.7,1145.0,1145.9,85845.0,1146.19,1148.92,1143.46,1145.95,1147.8,1145.9,1146.65,1138.35,1140.54,1140.54,1140.54,133500
ICICIBANK-EQ_2024-05-06_13-40-00.png,2024-05-06_13-40-00,1145.75,1147.35,1145.0,1146.75,69440.0,1146.11,1148.65,1143.57,1146.45,1147.0,1144.85,1146.09,1140.54,1142.73,1142.73,1142.73,134000
ICICIBANK-EQ_2024-05-06_13-45-00.png,2024-05-06_13-45-00,1146.7,1147.25,1145.7,1146.5,77578.0,1145.99,1148.19,1143.79,1146.25,1147.8,1145.55,1146.49,1142.73,1140.54,1140.54,1140.54,134500
ICICIBANK-EQ_2024-05-06_13-50-00.png,2024-05-06_13-50-00,1146.5,1146.95,1145.2,1145.95,57793.0,1145.86,1147.67,1144.05,1146.3,1150.0,1145.55,1147.82,1140.54,1142.73,1142.73,1142.73,135000
ICICIBANK-EQ_2024-05-06_13-55-00.png,2024-05-06_13-55-00,1146.15,1146.65,1144.8,1145.7,101293.0,1145.77,1147.41,1144.13,1147.88,1152.25,1146.7,1149.54,1142.73,1140.54,1140.54,1140.54,135500
ICICIBANK-EQ_2024-05-06_14-00-00.png,2024-05-06_14-00-00,1145.7,1146.7,1145.5,1146.05,76483.0,1145.67,1146.89,1144.44,1149.6,1151.7,1149.1,1150.76,1140.54,1142.73,1142.73,1142.73,140000
ICICIBANK-EQ_2024-05-06_14-05-00.png,2024-05-06_14-05-00,1146.0,1146.5,1145.25,1146.15,157725.0,1145.66,1146.88,1144.44,1151.12,1152.75,1150.8,1151.68,1142.73,1140.54,1140.54,1140.54,140500
ICICIBANK-EQ_2024-05-06_14-10-00.png,2024-05-06_14-10-00,1146.1,1147.5,1145.05,1145.5,242027.0,1145.63,1146.84,1144.42,1151.58,1152.4,1148.1,1150.38,1140.54,1138.35,1138.35,1138.35,141000
ICICIBANK-EQ_2024-05-06_14-15-00.png,2024-05-06_14-15-00,1145.2,1147.35,1145.0,1146.5,212943.0,1145.62,1146.8,1144.45,1150.5,1150.5,1147.0,1147.95,1138.35,1140.54,1140.54,1140.54,141500
ICICIBANK-EQ_2024-05-06_14-20-00.png,2024-05-06_14-20-00,1146.5,1147.05,1145.65,1146.45,73114.0,1145.66,1146.88,1144.43,1147.97,1148.75,1146.55,1147.64,1140.54,1142.73,1142.73,1142.73,142000
ICICIBANK-EQ_2024-05-06_14-25-00.png,2024-05-06_14-25-00,1146.45,1146.5,1145.25,1145.85,101988.0,1145.69,1146.9,1144.48,1147.62,1148.2,1141.7,1145.01,1142.73,1144.92,1144.92,1144.92,142500
ICICIBANK-EQ_2024-05-06_14-30-00.png,2024-05-06_14-30-00,1145.75,1146.2,1143.35,1144.75,188497.0,1145.68,1146.92,1144.44,1145.07,1145.07,1138.85,1140.94,1144.92,1147.11,1147.11,1147.11,143000
ICICIBANK-EQ_2024-05-06_14-35-00.png,2024-05-06_14-35-00,1145.0,1145.55,1143.55,1145.0,259930.0,1145.69,1146.91,1144.47,1140.6,1140.6,1137.25,1138.53,1147.11,1144.92,1144.92,1144.92,143500
ICICIBANK-EQ_2024-05-06_14-40-00.png,2024-05-06_14-40-00,1144.95,1145.0,1143.2,1143.7,229532.0,1145.6,1147.11,1144.09,1138.43,1138.43,1133.6,1135.97,1144.92,1142.73,1142.73,1142.73,144000
ICICIBANK-EQ_2024-05-06_14-45-00.png,2024-05-06_14-45-00,1143.7,1148.5,1143.15,1147.5,292315.0,1145.72,1147.43,1144.02,1136.3,1136.55,1134.35,1135.12,1142.73,1144.92,1144.92,1144.92,144500
ICICIBANK-EQ_2024-05-06_14-50-00.png,2024-05-06_14-50-00,1147.45,1147.95,1146.0,1146.75,162284.0,1145.82,1147.52,1144.13,1134.8,1136.0,1133.95,1134.92,1144.92,1147.11,1147.11,1147.11,145000
ICICIBANK-EQ_2024-05-06_14-55-00.png,2024-05-06_14-55-00,1146.75,1148.5,1146.5,1146.9,263887.0,1145.91,1147.64,1144.17,1134.88,1135.5,1132.45,1134.29,1147.11,1144.92,1144.92,1144.92,145500
ICICIBANK-EQ_2024-05-06_15-00-00.png,2024-05-06_15-00-00,1146.8,1147.05,1145.5,1145.55,678868.0,1145.9,1147.64,1144.16,1134.6,1134.85,1132.45,1133.44,1144.92,1147.11,1147.11,1147.11,150000
ICICIBANK-EQ_2024-05-06_15-05-00.png,2024-05-06_15-05-00,1145.6,1147.0,1144.4,1146.3,537849.0,1145.96,1147.66,1144.27,1133.22,1133.22,1130.55,1132.14,1147.11,1144.92,1144.92,1144.92,150500
ICICIBANK-EQ_2024-05-06_15-10-00.png,2024-05-06_15-10-00,1146.3,1147.8,1145.9,1146.6,434971.0,1146.02,1147.72,1144.31,1132.5,1133.05,1129.0,1130.82,1144.92,1147.11,1147.11,1147.11,151000
ICICIBANK-EQ_2024-05-06_15-15-00.png,2024-05-06_15-15-00,1146.6,1147.0,1144.85,1145.9,515302.0,1146.02,1147.72,1144.31,1130.62,1131.75,1128.55,1130.14,1147.11,1149.3,1149.3,1149.3,151500
ICICIBANK-EQ_2024-05-06_15-20-00.png,2024-05-06_15-20-00,1145.8,1147.8,1145.55,1146.8,600237.0,1146.02,1147.73,1144.31,1130.12,1132.2,1130.12,1131.26,1149.3,1151.49,1151.49,1151.49,152000
ICICIBANK-EQ_2024-05-06_15-25-00.png,2024-05-06_15-25-00,1146.75,1150.0,1145.55,1149.0,580537.0,1146.14,1148.31,1143.98,1131.03,1131.5,1130.0,1130.95,1151.49,1153.67,1153.67,1153.67,152500
ICICIBANK-EQ_2024-05-07_09-15-00.png,2024-05-07_09-15-00,1147.95,1152.25,1146.7,1151.25,514478.0,1146.41,1149.55,1143.27,1131.15,1133.05,1130.35,1131.79,1153.67,1155.86,1155.86,1155.86,91500
ICICIBANK-EQ_2024-05-07_09-20-00.png,2024-05-07_09-20-00,1151.25,1151.7,1149.1,1151.0,357720.0,1146.68,1150.4,1142.95,1131.88,1133.8,1131.3,1132.51,1155.86,1158.05,1158.05,1158.05,92000
ICICIBANK-EQ_2024-05-07_09-25-00.png,2024-05-07_09-25-00,1150.9,1152.75,1150.8,1152.25,321339.0,1146.98,1151.45,1142.52,1132.47,1134.35,1132.05,1132.95,1158.05,1155.86,1155.86,1155.86,92500
ICICIBANK-EQ_2024-05-07_09-30-00.png,2024-05-07_09-30-00,1152.1,1152.4,1148.1,1148.9,203295.0,1147.12,1151.65,1142.6,1132.7,1134.25,1130.8,1132.5,1155.86,1153.67,1153.67,1153.67,93000
ICICIBANK-EQ_2024-05-07_09-35-00.png,2024-05-07_09-35-00,1148.25,1148.85,1147.0,1147.7,91844.0,1147.23,1151.7,1142.77,1132.47,1132.9,1130.35,1131.5,1153.67,1155.86,1155.86,1155.86,93500
ICICIBANK-EQ_2024-05-07_09-40-00.png,2024-05-07_09-40-00,1147.45,1148.75,1146.55,1147.8,66777.0,1147.3,1151.76,1142.84,1131.38,1133.2,1129.55,1131.59,1155.86,1158.05,1158.05,1158.05,94000
ICICIBANK-EQ_2024-05-07_09-45-00.png,2024-05-07_09-45-00,1147.8,1148.2,1141.7,1142.35,186115.0,1147.09,1152.06,1142.12,1131.8,1133.8,1131.6,1132.65,1158.05,1155.86,1155.86,1155.86,94500
ICICIBANK-EQ_2024-05-07_09-50-00.png,2024-05-07_09-50-00,1142.05,1143.7,1138.85,1139.15,222985.0,1146.76,1152.86,1140.66,1132.6,1133.25,1131.4,1132.46,1155.86,1153.67,1153.67,1153.67,95000
ICICIBANK-EQ_2024-05-07_09-55-00.png,2024-05-07_09-55-00,1139.15,1140.0,1137.25,1137.7,126768.0,1146.41,1153.69,1139.12,1132.6,1133.5,1132.2,1133.0,1153.67,1155.86,1155.86,1155.86,95500
ICICIBANK-EQ_2024-05-07_10-00-00.png,2024-05-07_10-00-00,1137.35,1137.7,1133.6,1135.25,682006.0,1145.92,1154.74,1137.09,1133.15,1133.35,1131.5,1132.72,1155.86,1158.05,1158.05,1158.05,100000
ICICIBANK-EQ_2024-05-07_10-05-00.png,2024-05-07_10-05-00,1135.1,1136.55,1134.35,1134.5,171410.0,1145.46,1155.63,1135.29,1133.03,1133.03,1130.4,1132.19,1158.05,1160.24,1160.24,1160.24,100500
ICICIBANK-EQ_2024-05-07_10-10-00.png,2024-05-07_10-10-00,1134.5,1136.0,1133.95,1135.25,127940.0,1144.84,1155.93,1133.76,1132.7,1133.5,1131.45,1132.3,1160.24,1158.05,1158.05,1158.05,101000
ICICIBANK-EQ_2024-05-07_10-15-00.png,2024-05-07_10-15-00,1135.25,1135.5,1132.45,1133.95,208939.0,1144.21,1156.26,1132.15,1132.12,1133.95,1131.7,1132.49,1158.05,1160.24,1160.24,1160.24,101500
ICICIBANK-EQ_2024-05-07_10-20-00.png,2024-05-07_10-20-00,1133.7,1134.85,1132.45,1132.75,138174.0,1143.5,1156.51,1130.48,1132.15,1133.65,1129.15,1131.26,1160.24,1158.05,1158.05,1158.05,102000
ICICIBANK-EQ_2024-05-07_10-25-00.png,2024-05-07_10-25-00,1133.0,1133.0,1130.55,1132.0,102150.0,1142.82,1156.76,1128.88,1131.12,1131.12,1127.25,1129.5,1158.05,1160.24,1160.24,1160.24,102500
ICICIBANK-EQ_2024-05-07_10-30-00.png,2024-05-07_10-30-00,1132.05,1133.05,1129.0,1129.2,86010.0,1141.96,1157.06,1126.87,1129.88,1131.0,1128.15,1129.55,1160.24,1158.05,1158.05,1158.05,103000
ICICIBANK-EQ_2024-05-07_10-35-00.png,2024-05-07_10-35-00,1129.2,1131.75,1128.55,1131.05,101280.0,1141.19,1156.87,1125.51,1129.53,1130.9,1127.55,1129.39,1158.05,1155.86,1155.86,1155.86,103500
ICICIBANK-EQ_2024-05-07_10-40-00.png,2024-05-07_10-40-00,1131.05,1132.2,1130.8,1131.0,50176.0,1140.44,1156.59,1124.3,1129.55,1131.7,1129.0,1130.38,1155.86,1158.05,1158.05,1158.05,104000
ICICIBANK-EQ_2024-05-07_10-45-00.png,2024-05-07_10-45-00,1131.0,1131.5,1130.0,1131.3,78571.0,1139.67,1156.01,1123.32,1130.4,1131.8,1129.95,1130.95,1158.05,1155.86,1155.86,1155.86,104500
ICICIBANK-EQ_2024-05-07_10-50-00.png,2024-05-07_10-50-00,1131.2,1133.05,1130.35,1132.55,102966.0,1138.84,1154.87,1122.82,1131.03,1132.0,1129.85,1130.96,1155.86,1158.05,1158.05,1158.05,105000
ICICIBANK-EQ_2024-05-07_10-55-00.png,2024-05-07_10-55-00,1132.45,1133.8,1131.3,1132.5,199215.0,1137.91,1153.04,1122.77,1131.0,1131.0,1129.65,1130.2,1158.05,1155.86,1155.86,1155.86,105500
ICICIBANK-EQ_2024-05-07_11-00-00.png,2024-05-07_11-00-00,1132.55,1134.35,1132.05,1132.85,132494.0,1137.0,1150.96,1123.04,1130.22,1131.1,1129.85,1130.42,1155.86,1153.67,1153.67,1153.67,110000
ICICIBANK-EQ_2024-05-07_11-05-00.png,2024-05-07_11-05-00,1132.5,1134.25,1130.8,1132.45,222800.0,1136.01,1148.1,1123.92,1130.38,1131.0,1129.95,1130.56,1153.67,1151.49,1151.49,1151.49,110500
ICICIBANK-EQ_2024-05-07_11-10-00.png,2024-05-07_11-10-00,1132.15,1132.9,1130.35,1130.6,348263.0,1135.1,1145.76,1124.43,1130.65,1131.45,1130.25,1130.84,1151.49,1153.67,1153.67,1153.67,111000
ICICIBANK-EQ_2024-05-07_11-15-00.png,2024-05-07_11-15-00,1130.55,1133.2,1129.55,1133.05,501640.0,1134.36,1143.25,1125.47,1130.82,1131.55,1129.8,1130.84,1153.67,1151.49,1151.49,1151.49,111500
ICICIBANK-EQ_2024-05-07_11-20-00.png,2024-05-07_11-20-00,1133.05,1133.8,1131.6,1132.15,180460.0,1133.58,1139.86,1127.3,1131.0,1132.55,1130.45,1131.41,1151.49,1153.67,1153.67,1153.67,112000
ICICIBANK-EQ_2024-05-07_11-25-00.png,2024-05-07_11-25-00,1132.15,1133.25,1131.4,1133.05,216918.0,1133.12,1137.85,1128.38,1131.32,1131.9,1130.5,1131.29,1153.67,1155.86,1155.86,1155.86,112500
ICICIBANK-EQ_2024-05-07_11-30-00.png,2024-05-07_11-30-00,1133.05,1133.5,1132.2,1133.25,134582.0,1132.82,1136.61,1129.03,1131.38,1132.05,1130.4,1131.32,1155.86,1153.67,1153.67,1153.67,113000
ICICIBANK-EQ_2024-05-07_11-35-00.png,2024-05-07_11-35-00,1133.25,1133.35,1131.5,1132.8,409391.0,1132.58,1135.59,1129.56,1131.43,1132.9,1131.25,1132.03,1153.67,1155.86,1155.86,1155.86,113500
ICICIBANK-EQ_2024-05-07_11-40-00.png,2024-05-07_11-40-00,1132.9,1132.95,1130.4,1132.5,121172.0,1132.44,1135.18,1129.7,1131.97,1132.65,1131.25,1132.09,1155.86,1153.67,1153.67,1153.67,114000
ICICIBANK-EQ_2024-05-07_11-45-00.png,2024-05-07_11-45-00,1132.4,1133.5,1131.45,1131.85,94841.0,1132.3,1134.88,1129.73,1132.22,1132.8,1131.6,1132.32,1153.67,1151.49,1151.49,1151.49,114500
ICICIBANK-EQ_2024-05-07_11-50-00.png,2024-05-07_11-50-00,1131.85,1133.95,1131.7,1132.45,141357.0,1132.16,1134.34,1129.99,1132.45,1132.7,1130.85,1131.88,1151.49,1153.67,1153.67,1153.67,115000
ICICIBANK-EQ_2024-05-07_11-55-00.png,2024-05-07_11-55-00,1132.75,1133.65,1129.15,1129.5,335018.0,1131.94,1134.25,1129.63,1131.97,1132.75,1128.7,1131.11,1153.67,1155.86,1155.86,1155.86,115500
ICICIBANK-EQ_2024-05-07_12-00-00.png,2024-05-07_12-00-00,1129.5,1131.0,1127.25,1130.25,520469.0,1131.82,1134.21,1129.42,1131.5,1132.35,1131.3,1131.7,1155.86,1153.67,1153.67,1153.67,120000
ICICIBANK-EQ_2024-05-07_12-05-00.png,2024-05-07_12-05-00,1130.25,1131.0,1128.15,1128.8,233066.0,1131.66,1134.4,1128.91,1131.58,1132.0,1131.05,1131.49,1153.67,1151.49,1151.49,1151.49,120500
ICICIBANK-EQ_2024-05-07_12-10-00.png,2024-05-07_12-10-00,1128.3,1130.9,1127.55,1130.8,264081.0,1131.74,1134.27,1129.21,1131.45,1131.5,1130.4,1131.05,1151.49,1149.3,1149.3,1149.3,121000
ICICIBANK-EQ_2024-05-07_12-15-00.png,2024-05-07_12-15-00,1130.3,1131.7,1129.0,1130.5,189894.0,1131.71,1134.28,1129.14,1131.15,1131.2,1129.85,1130.6,1149.3,1147.11,1147.11,1147.11,121500
ICICIBANK-EQ_2024-05-07_12-20-00.png,2024-05-07_12-20-00,1130.5,1131.8,1129.95,1131.55,174971.0,1131.74,1134.29,1129.19,1130.68,1130.68,1129.05,1129.78,1147.11,1149.3,1149.3,1149.3,122000
ICICIBANK-EQ_2024-05-07_12-25-00.png,2024-05-07_12-25-00,1131.55,1132.0,1129.85,1130.45,34784.0,1131.7,1134.3,1129.09,1129.82,1130.05,1129.05,1129.61,1149.3,1151.49,1151.49,1151.49,122500
ICICIBANK-EQ_2024-05-07_12-30-00.png,2024-05-07_12-30-00,1130.45,1130.7,1129.65,1130.0,25399.0,1131.57,1134.25,1128.89,1129.68,1130.0,1129.0,1129.71,1151.49,1149.3,1149.3,1149.3,123000
ICICIBANK-EQ_2024-05-07_12-35-00.png,2024-05-07_12-35-00,1129.95,1131.1,1129.85,1130.8,37886.0,1131.48,1134.15,1128.82,1129.92,1130.0,1129.15,1129.7,1149.3,1147.11,1147.11,1147.11,123500
ICICIBANK-EQ_2024-05-07_12-40-00.png,2024-05-07_12-40-00,1130.6,1131.0,1129.95,1130.7,399794.0,1131.38,1133.98,1128.77,1129.82,1130.0,1129.25,1129.61,1147.11,1149.3,1149.3,1149.3,124000
ICICIBANK-EQ_2024-05-07_12-45-00.png,2024-05-07_12-45-00,1130.55,1131.45,1130.25,1131.1,48892.0,1131.31,1133.86,1128.75,1129.6,1129.65,1128.35,1129.1,1149.3,1147.11,1147.11,1147.11,124500
ICICIBANK-EQ_2024-05-07_12-50-00.png,2024-05-07_12-50-00,1131.15,1131.55,1129.8,1130.85,290758.0,1131.32,1133.87,1128.77,1129.2,1129.45,1126.3,1127.96,1147.11,1149.3,1149.3,1149.3,125000
ICICIBANK-EQ_2024-05-07_12-55-00.png,2024-05-07_12-55-00,1130.85,1132.55,1130.45,1131.8,76196.0,1131.26,1133.68,1128.83,1128.05,1128.9,1127.1,1128.02,1149.3,1151.49,1151.49,1151.49,125500
ICICIBANK-EQ_2024-05-07_13-00-00.png,2024-05-07_13-00-00,1131.8,1131.9,1130.5,1130.95,46728.0,1131.2,1133.59,1128.81,1128.05,1129.45,1128.05,1128.97,1151.49,1149.3,1149.3,1149.3,130000
ICICIBANK-EQ_2024-05-07_13-05-00.png,2024-05-07_13-05-00,1130.95,1132.05,1130.4,1131.9,76406.0,1131.14,1133.39,1128.89,1129.08,1130.0,1128.6,1129.2,1149.3,1151.49,1151.49,1151.49,130500
ICICIBANK-EQ_2024-05-07_13-10-00.png,2024-05-07_13-10-00,1131.9,1132.9,1131.25,1132.05,82496.0,1131.08,1133.16,1129.0,1129.1,1129.4,1128.0,1128.71,1151.49,1153.67,1153.67,1153.67,131000
ICICIBANK-EQ_2024-05-07_13-15-00.png,2024-05-07_13-15-00,1132.05,1132.65,1131.25,1132.4,92909.0,1131.06,1133.07,1129.05,1128.72,1129.45,1128.5,1128.86,1153.67,1155.86,1155.86,1155.86,131500
ICICIBANK-EQ_2024-05-07_13-20-00.png,2024-05-07_13-20-00,1132.4,1132.8,1131.6,1132.5,100723.0,1131.06,1133.07,1129.05,1128.75,1129.95,1128.5,1129.15,1155.86,1158.05,1158.05,1158.05,132000
ICICIBANK-EQ_2024-05-07_13-25-00.png,2024-05-07_13-25-00,1132.4,1132.7,1130.85,1131.55,128591.0,1131.04,1133.04,1129.05,1129.07,1131.85,1129.07,1130.54,1158.05,1155.86,1155.86,1155.86,132500
ICICIBANK-EQ_2024-05-07_13-30-00.png,2024-05-07_13-30-00,1131.55,1132.75,1128.7,1131.45,458608.0,1131.0,1132.89,1129.1,1130.5,1132.1,1129.15,1130.91,1155.86,1153.67,1153.67,1153.67,133000
ICICIBANK-EQ_2024-05-07_13-35-00.png,2024-05-07_13-35-00,1131.4,1132.35,1131.3,1131.75,47361.0,1131.11,1132.89,1129.33,1131.2,1133.35,1130.1,1131.88,1153.67,1155.86,1155.86,1155.86,133500
ICICIBANK-EQ_2024-05-07_13-40-00.png,2024-05-07_13-40-00,1131.75,1132.0,1131.05,1131.15,23157.0,1131.15,1132.89,1129.42,1132.03,1134.8,1132.03,1133.3,1155.86,1158.05,1158.05,1158.05,134000
ICICIBANK-EQ_2024-05-07_13-45-00.png,2024-05-07_13-45-00,1131.15,1131.5,1130.4,1131.15,53708.0,1131.27,1132.61,1129.93,1133.12,1133.95,1131.05,1132.81,1158.05,1155.86,1155.86,1155.86,134500
ICICIBANK-EQ_2024-05-07_13-50-00.png,2024-05-07_13-50-00,1131.15,1131.2,1129.85,1130.2,37280.0,1131.24,1132.65,1129.83,1133.12,1133.12,1130.0,1131.51,1155.86,1158.05,1158.05,1158.05,135000
ICICIBANK-EQ_2024-05-07_13-55-00.png,2024-05-07_13-55-00,1130.15,1130.4,1129.05,1129.5,25568.0,1131.19,1132.77,1129.61,1131.53,1132.0,1126.55,1128.81,1158.05,1160.24,1160.24,1160.24,135500
ICICIBANK-EQ_2024-05-07_14-00-00.png,2024-05-07_14-00-00,1129.5,1130.05,1129.05,1129.85,35577.0,1131.1,1132.78,1129.43,1128.35,1132.0,1125.15,1128.19,1160.24,1162.43,1162.43,1162.43,140000
ICICIBANK-EQ_2024-05-07_14-05-00.png,2024-05-07_14-05-00,1129.85,1130.0,1129.0,1130.0,44295.0,1131.08,1132.81,1129.36,1127.8,1127.8,1123.1,1124.8,1162.43,1160.24,1160.24,1160.24,140500
ICICIBANK-EQ_2024-05-07_14-10-00.png,2024-05-07_14-10-00,1130.0,1130.0,1129.15,1129.65,34519.0,1131.06,1132.84,1129.29,1124.82,1128.95,1124.0,1125.9,1160.24,1162.43,1162.43,1162.43,141000
ICICIBANK-EQ_2024-05-07_14-15-00.png,2024-05-07_14-15-00,1129.7,1130.0,1129.25,1129.5,37935.0,1131.0,1132.91,1129.09,1125.32,1128.0,1125.32,1127.1,1162.43,1164.62,1164.62,1164.62,141500
ICICIBANK-EQ_2024-05-07_14-20-00.png,2024-05-07_14-20-00,1129.45,1129.65,1128.35,1128.95,35875.0,1130.91,1133.03,1128.8,1127.12,1127.65,1124.3,1126.47,1164.62,1162.43,1162.43,1162.43,142000
ICICIBANK-EQ_2024-05-07_14-25-00.png,2024-05-07_14-25-00,1128.8,1129.45,1126.3,1127.3,90589.0,1130.72,1133.38,1128.07,1126.97,1127.8,1124.3,1126.11,1162.43,1160.24,1160.24,1160.24,142500
ICICIBANK-EQ_2024-05-07_14-30-00.png,2024-05-07_14-30-00,1127.3,1128.9,1127.1,1128.8,52901.0,1130.62,1133.41,1127.83,1126.18,1126.18,1122.2,1123.7,1160.24,1158.05,1158.05,1158.05,143000
ICICIBANK-EQ_2024-05-07_14-35-00.png,2024-05-07_14-35-00,1128.75,1129.45,1128.3,1129.4,49650.0,1130.5,1133.28,1127.72,1123.68,1124.5,1121.65,1123.15,1158.05,1155.86,1155.86,1155.86,143500
ICICIBANK-EQ_2024-05-07_14-40-00.png,2024-05-07_14-40-00,1129.4,1130.0,1128.6,1128.8,78737.0,1130.39,1133.27,1127.52,1123.22,1124.5,1120.35,1122.3,1155.86,1153.67,1153.67,1153.67,144000
ICICIBANK-EQ_2024-05-07_14-45-00.png,2024-05-07_14-45-00,1128.8,1129.4,1128.0,1128.65,166369.0,1130.23,1133.11,1127.35,1122.18,1124.5,1120.35,1122.3,1153.67,1151.49,1151.49,1151.49,144500
ICICIBANK-EQ_2024-05-07_14-50-00.png,2024-05-07_14-50-00,1128.65,1129.45,1128.5,1128.85,87813.0,1130.07,1132.88,1127.26,1122.18,1123.8,1121.15,1122.66,1151.49,1149.3,1149.3,1149.3,145000
ICICIBANK-EQ_2024-05-07_14-55-00.png,2024-05-07_14-55-00,1128.8,1129.95,1128.5,1129.35,82452.0,1129.92,1132.52,1127.31,1122.85,1122.85,1120.55,1121.42,1149.3,1147.11,1147.11,1147.11,145500
ICICIBANK-EQ_2024-05-07_15-00-00.png,2024-05-07_15-00-00,1129.35,1131.85,1129.3,1131.65,483143.0,1129.88,1132.32,1127.43,1121.47,1121.5,1116.8,1119.47,1147.11,1144.92,1144.92,1144.92,150000
ICICIBANK-EQ_2024-05-07_15-05-00.png,2024-05-07_15-05-00,1131.65,1132.1,1129.15,1130.75,626383.0,1129.84,1132.19,1127.48,1119.8,1119.8,1116.35,1117.64,1144.92,1142.73,1142.73,1142.73,150500
ICICIBANK-EQ_2024-05-07_15-10-00.png,2024-05-07_15-10-00,1130.8,1133.35,1130.1,1133.25,913468.0,1129.92,1132.65,1127.2,1117.7,1118.8,1116.05,1117.6,1142.73,1144.92,1144.92,1144.92,151000
ICICIBANK-EQ_2024-05-07_15-15-00.png,2024-05-07_15-15-00,1133.05,1134.8,1132.15,1133.2,770749.0,1130.0,1132.99,1127.0,1117.78,1120.2,1117.78,1119.34,1144.92,1147.11,1147.11,1147.11,151500
ICICIBANK-EQ_2024-05-07_15-20-00.png,2024-05-07_15-20-00,1133.5,1133.95,1131.05,1132.75,532121.0,1130.08,1133.28,1126.87,1119.38,1121.55,1119.35,1120.21,1147.11,1149.3,1149.3,1149.3,152000
ICICIBANK-EQ_2024-05-07_15-25-00.png,2024-05-07_15-25-00,1132.25,1133.0,1130.0,1130.8,442654.0,1130.06,1133.24,1126.88,1119.97,1120.8,1119.1,1119.9,1149.3,1151.49,1151.49,1151.49,152500
ICICIBANK-EQ_2024-05-08_09-15-00.png,2024-05-08_09-15-00,1126.55,1132.0,1126.55,1130.15,480591.0,1130.06,1133.24,1126.88,1119.85,1120.0,1118.9,1119.55,1151.49,1153.67,1153.67,1153.67,91500
ICICIBANK-EQ_2024-05-08_09-20-00.png,2024-05-08_09-20-00,1130.15,1132.0,1125.15,1125.45,311369.0,1129.86,1133.64,1126.07,1119.65,1123.1,1119.5,1120.7,1153.67,1155.86,1155.86,1155.86,92000
ICICIBANK-EQ_2024-05-08_09-25-00.png,2024-05-08_09-25-00,1125.45,1126.45,1123.1,1124.2,370389.0,1129.57,1134.13,1125.02,1120.1,1120.9,1119.0,1119.88,1155.86,1158.05,1158.05,1158.05,92500
ICICIBANK-EQ_2024-05-08_09-30-00.png,2024-05-08_09-30-00,1124.0,1128.95,1124.0,1126.65,296954.0,1129.4,1134.14,1124.67,1119.8,1121.35,1118.3,1119.3,1158.05,1155.86,1155.86,1155.86,93000
ICICIBANK-EQ_2024-05-08_09-35-00.png,2024-05-08_09-35-00,1126.65,1128.0,1126.15,1127.6,264692.0,1129.3,1134.1,1124.5,1118.78,1119.3,1117.0,1117.91,1155.86,1153.67,1153.67,1153.67,93500
ICICIBANK-EQ_2024-05-08_09-40-00.png,2024-05-08_09-40-00,1127.0,1127.65,1124.3,1126.95,329057.0,1129.18,1134.09,1124.26,1117.68,1122.95,1117.15,1119.96,1153.67,1151.49,1151.49,1151.49,94000
ICICIBANK-EQ_2024-05-08_09-45-00.png,2024-05-08_09-45-00,1127.7,1127.8,1124.3,1124.65,254388.0,1128.96,1134.27,1123.65,1119.88,1123.1,1118.4,1120.85,1151.49,1149.3,1149.3,1149.3,94500
ICICIBANK-EQ_2024-05-08_09-50-00.png,2024-05-08_09-50-00,1124.45,1125.25,1122.2,1122.9,268317.0,1128.74,1134.67,1122.81,1120.95,1120.95,1116.4,1118.16,1149.3,1147.11,1147.11,1147.11,95000
ICICIBANK-EQ_2024-05-08_09-55-00.png,2024-05-08_09-55-00,1122.8,1124.5,1121.65,1123.65,332283.0,1128.48,1134.83,1122.13,1118.15,1119.4,1116.65,1117.88,1147.11,1144.92,1144.92,1144.92,95500
ICICIBANK-EQ_2024-05-08_10-00-00.png,2024-05-08_10-00-00,1123.65,1124.5,1120.35,1120.7,242469.0,1128.05,1135.27,1120.83,1117.72,1119.55,1117.45,1118.46,1144.92,1142.73,1142.73,1142.73,100000
ICICIBANK-EQ_2024-05-08_10-05-00.png,2024-05-08_10-05-00,1120.7,1124.5,1120.35,1123.65,394147.0,1127.79,1135.26,1120.32,1118.43,1119.05,1117.35,1118.42,1142.73,1140.54,1140.54,1140.54,100500
ICICIBANK-EQ_2024-05-08_10-10-00.png,2024-05-08_10-10-00,1123.7,1123.8,1121.15,1122.0,199002.0,1127.46,1135.35,1119.57,1118.65,1122.1,1118.6,1119.95,1140.54,1138.35,1138.35,1138.35,101000
ICICIBANK-EQ_2024-05-08_10-15-00.png,2024-05-08_10-15-00,1121.75,1122.2,1120.55,1121.2,160700.0,1127.08,1135.41,1118.74,1119.55,1121.45,1118.95,1120.05,1138.35,1136.16,1136.16,1136.16,101500
ICICIBANK-EQ_2024-05-08_10-20-00.png,2024-05-08_10-20-00,1121.2,1121.5,1116.8,1118.4,409137.0,1126.53,1135.63,1117.42,1119.9,1120.55,1118.8,1119.69,1136.16,1133.97,1133.97,1133.97,102000
ICICIBANK-EQ_2024-05-08_10-25-00.png,2024-05-08_10-25-00,1118.3,1118.8,1116.35,1117.1,276974.0,1125.8,1135.49,1116.11,1119.7,1120.15,1118.25,1119.45,1133.97,1131.78,1131.78,1131.78,102500
ICICIBANK-EQ_2024-05-08_10-30-00.png,2024-05-08_10-30-00,1117.1,1118.8,1116.05,1118.45,134347.0,1125.18,1135.11,1115.26,1119.7,1120.95,1119.15,1120.05,1131.78,1129.59,1129.59,1129.59,103000
ICICIBANK-EQ_2024-05-08_10-35-00.png,2024-05-08_10-35-00,1118.65,1120.2,1118.4,1120.1,127574.0,1124.53,1133.93,1115.12,1120.05,1121.9,1119.85,1120.69,1129.59,1127.4,1127.4,1127.4,103500
ICICIBANK-EQ_2024-05-08_10-40-00.png,2024-05-08_10-40-00,1120.1,1121.55,1119.35,1119.85,107699.0,1123.86,1132.54,1115.18,1120.5,1122.55,1119.6,1121.2,1127.4,1125.21,1125.21,1125.21,104000
ICICIBANK-EQ_2024-05-08_10-45-00.png,2024-05-08_10-45-00,1120.1,1120.8,1119.1,1119.6,100725.0,1123.2,1130.99,1115.41,1121.32,1122.55,1119.8,1121.1,1125.21,1127.4,1127.4,1127.4,104500
ICICIBANK-EQ_2024-05-08_10-50-00.png,2024-05-08_10-50-00,1119.35,1120.0,1118.9,1119.95,60040.0,1122.66,1129.7,1115.62,1121.03,1121.03,1118.7,1120.05,1127.4,1129.59,1129.59,1129.59,105000
ICICIBANK-EQ_2024-05-08_10-55-00.png,2024-05-08_10-55-00,1119.95,1123.1,1119.5,1120.25,142935.0,1122.17,1128.32,1116.01,1120.4,1121.55,1119.75,1120.6,1129.59,1131.78,1131.78,1131.78,105500
ICICIBANK-EQ_2024-05-08_11-00-00.png,2024-05-08_11-00-00,1120.35,1120.9,1119.0,1119.25,122264.0,1121.86,1127.94,1115.77,1120.55,1121.1,1119.5,1120.28,1131.78,1133.97,1133.97,1133.97,110000
ICICIBANK-EQ_2024-05-08_11-05-00.png,2024-05-08_11-05-00,1119.05,1121.35,1118.3,1118.5,464105.0,1121.57,1127.73,1115.41,1120.25,1121.2,1119.9,1120.53,1133.97,1136.16,1136.16,1136.16,110500
ICICIBANK-EQ_2024-05-08_11-10-00.png,2024-05-08_11-10-00,1118.2,1119.3,1117.0,1117.15,220499.0,1121.1,1127.06,1115.13,1120.5,1121.95,1120.3,1121.08,1136.16,1138.35,1138.35,1138.35,111000
ICICIBANK-EQ_2024-05-08_11-15-00.png,2024-05-08_11-15-00,1117.25,1122.95,1117.15,1122.5,319735.0,1120.84,1126.02,1115.66,1121.03,1123.9,1121.03,1122.03,1138.35,1140.54,1140.54,1140.54,111500
ICICIBANK-EQ_2024-05-08_11-20-00.png,2024-05-08_11-20-00,1122.65,1123.1,1118.4,1119.25,1045284.0,1120.46,1124.8,1116.11,1121.58,1122.9,1120.5,1121.54,1140.54,1142.73,1142.73,1142.73,112000
ICICIBANK-EQ_2024-05-08_11-25-00.png,2024-05-08_11-25-00,1119.25,1119.95,1116.4,1117.05,196564.0,1120.08,1124.2,1115.95,1121.38,1121.75,1119.65,1120.79,1142.73,1144.92,1144.92,1144.92,112500
ICICIBANK-EQ_2024-05-08_11-30-00.png,2024-05-08_11-30-00,1117.0,1119.4,1116.65,1118.45,146020.0,1119.85,1123.82,1115.89,1120.88,1121.85,1120.5,1121.0,1144.92,1147.11,1147.11,1147.11,113000
ICICIBANK-EQ_2024-05-08_11-35-00.png,2024-05-08_11-35-00,1118.45,1119.55,1117.45,1118.4,124639.0,1119.59,1123.17,1116.01,1120.82,1121.8,1120.7,1121.16,1147.11,1144.92,1144.92,1144.92,113500
ICICIBANK-EQ_2024-05-08_11-40-00.png,2024-05-08_11-40-00,1118.4,1119.05,1117.35,1118.9,99033.0,1119.5,1123.05,1115.95,1121.07,1122.55,1121.0,1121.58,1144.92,1142.73,1142.73,1142.73,114000
ICICIBANK-EQ_2024-05-08_11-45-00.png,2024-05-08_11-45-00,1118.85,1122.1,1118.6,1120.25,131674.0,1119.33,1122.33,1116.33,1121.38,1123.2,1120.4,1121.82,1142.73,1140.54,1140.54,1140.54,114500
ICICIBANK-EQ_2024-05-08_11-50-00.png,2024-05-08_11-50-00,1120.15,1121.45,1118.95,1119.65,58912.0,1119.21,1121.95,1116.48,1121.85,1122.55,1120.9,1121.69,1140.54,1138.35,1138.35,1138.35,115000
ICICIBANK-EQ_2024-05-08_11-55-00.png,2024-05-08_11-55-00,1119.75,1120.55,1118.8,1119.65,548454.0,1119.14,1121.71,1116.56,1121.65,1121.95,1119.9,1120.92,1138.35,1136.16,1136.16,1136.16,115500
ICICIBANK-EQ_2024-05-08_12-00-00.png,2024-05-08_12-00-00,1119.65,1120.15,1118.25,1119.75,95667.0,1119.2,1121.77,1116.63,1120.92,1121.05,1116.3,1119.11,1136.16,1133.97,1133.97,1133.97,120000
ICICIBANK-EQ_2024-05-08_12-05-00.png,2024-05-08_12-05-00,1119.75,1120.95,1119.15,1120.35,144918.0,1119.36,1121.78,1116.95,1119.55,1119.55,1118.0,1118.59,1133.97,1131.78,1131.78,1131.78,120500
ICICIBANK-EQ_2024-05-08_12-10-00.png,2024-05-08_12-10-00,1120.45,1121.9,1119.85,1120.55,61164.0,1119.47,1121.9,1117.04,1118.4,1118.6,1117.35,1118.16,1131.78,1129.59,1129.59,1129.59,121000
ICICIBANK-EQ_2024-05-08_12-15-00.png,2024-05-08_12-15-00,1120.55,1122.55,1119.6,1122.1,63316.0,1119.57,1122.26,1116.88,1118.35,1119.8,1117.9,1118.81,1129.59,1127.4,1127.4,1127.4,121500
ICICIBANK-EQ_2024-05-08_12-20-00.png,2024-05-08_12-20-00,1122.05,1122.55,1119.8,1120.0,62509.0,1119.58,1122.27,1116.88,1118.78,1120.45,1118.78,1119.49,1127.4,1125.21,1125.21,1125.21,122000
ICICIBANK-EQ_2024-05-08_12-25-00.png,2024-05-08_12-25-00,1120.1,1120.7,1118.7,1120.7,49945.0,1119.63,1122.37,1116.89,1119.28,1120.55,1118.7,1119.6,1125.21,1123.02,1123.02,1123.02,122500
ICICIBANK-EQ_2024-05-08_12-30-00.png,2024-05-08_12-30-00,1120.7,1121.55,1119.75,1120.4,80249.0,1119.66,1122.41,1116.9,1119.57,1120.15,1118.7,1119.43,1123.02,1125.21,1125.21,1125.21,123000
ICICIBANK-EQ_2024-05-08_12-35-00.png,2024-05-08_12-35-00,1120.4,1121.1,1119.5,1120.1,571299.0,1119.65,1122.4,1116.89,1119.43,1121.0,1118.15,1119.9,1125.21,1127.4,1127.4,1127.4,123500
ICICIBANK-EQ_2024-05-08_12-40-00.png,2024-05-08_12-40-00,1120.15,1121.2,1119.9,1120.85,50197.0,1119.73,1122.52,1116.93,1120.22,1122.3,1120.22,1120.94,1127.4,1129.59,1129.59,1129.59,124000
ICICIBANK-EQ_2024-05-08_12-45-00.png,2024-05-08_12-45-00,1120.6,1121.95,1120.3,1121.45,59420.0,1119.88,1122.71,1117.04,1120.55,1121.0,1119.55,1120.49,1129.59,1131.78,1131.78,1131.78,124500
ICICIBANK-EQ_2024-05-08_12-50-00.png,2024-05-08_12-50-00,1121.45,1123.9,1121.05,1121.7,120596.0,1120.1,1122.74,1117.46,1120.7,1121.45,1119.3,1120.44,1131.78,1133.97,1133.97,1133.97,125000
ICICIBANK-EQ_2024-05-08_12-55-00.png,2024-05-08_12-55-00,1121.95,1122.9,1120.5,1120.8,54054.0,1120.02,1122.43,1117.6,1120.5,1120.85,1119.75,1120.34,1133.97,1136.16,1136.16,1136.16,125500
ICICIBANK-EQ_2024-05-08_13-00-00.png,2024-05-08_13-00-00,1121.1,1121.75,1119.65,1120.65,81782.0,1120.09,1122.49,1117.69,1120.38,1121.05,1120.05,1120.46,1136.16,1138.35,1138.35,1138.35,130000
ICICIBANK-EQ_2024-05-08_13-05-00.png,2024-05-08_13-05-00,1120.6,1121.85,1120.5,1121.05,20859.0,1120.29,1122.25,1118.33,1120.38,1120.65,1118.95,1119.96,1138.35,1140.54,1140.54,1140.54,130500
ICICIBANK-EQ_2024-05-08_13-10-00.png,2024-05-08_13-10-00,1121.05,1121.8,1120.7,1121.1,36485.0,1120.42,1122.21,1118.63,1120.12,1122.25,1118.95,1120.59,1140.54,1142.73,1142.73,1142.73,131000
ICICIBANK-EQ_2024-05-08_13-15-00.png,2024-05-08_13-15-00,1121.0,1122.55,1121.0,1121.75,55622.0,1120.59,1122.2,1118.98,1120.57,1122.9,1120.57,1121.89,1142.73,1144.92,1144.92,1144.92,131500
ICICIBANK-EQ_2024-05-08_13-20-00.png,2024-05-08_13-20-00,1121.65,1123.2,1120.4,1122.05,94760.0,1120.75,1122.28,1119.21,1121.97,1123.25,1121.1,1122.5,1144.92,1147.11,1147.11,1147.11,132000
ICICIBANK-EQ_2024-05-08_13-25-00.png,2024-05-08_13-25-00,1122.05,1122.55,1120.9,1121.25,53988.0,1120.8,1122.32,1119.27,1122.82,1123.15,1120.1,1122.0,1147.11,1149.3,1149.3,1149.3,132500
ICICIBANK-EQ_2024-05-08_13-30-00.png,2024-05-08_13-30-00,1121.3,1121.95,1119.9,1120.55,72340.0,1120.84,1122.28,1119.4,1122.38,1122.38,1120.65,1121.42,1149.3,1151.49,1151.49,1151.49,133000
ICICIBANK-EQ_2024-05-08_13-35-00.png,2024-05-08_13-35-00,1120.55,1121.05,1116.3,1118.55,179722.0,1120.78,1122.47,1119.1,1121.4,1124.7,1121.1,1123.0,1151.49,1149.3,1149.3,1149.3,133500
ICICIBANK-EQ_2024-05-08_13-40-00.png,2024-05-08_13-40-00,1118.55,1119.55,1118.0,1118.25,411034.0,1120.71,1122.7,1118.72,1123.1,1125.0,1122.05,1123.76,1149.3,1147.11,1147.11,1147.11,134000
ICICIBANK-EQ_2024-05-08_13-45-00.png,2024-05-08_13-45-00,1118.3,1118.6,1117.35,1118.4,108651.0,1120.61,1122.85,1118.37,1124.0,1126.75,1122.95,1124.76,1147.11,1144.92,1144.92,1144.92,134500
ICICIBANK-EQ_2024-05-08_13-50-00.png,2024-05-08_13-50-00,1118.4,1119.8,1117.9,1119.15,72652.0,1120.54,1122.88,1118.21,1124.68,1127.15,1124.65,1126.08,1144.92,1142.73,1142.73,1142.73,135000
ICICIBANK-EQ_2024-05-08_13-55-00.png,2024-05-08_13-55-00,1119.2,1120.45,1118.95,1119.35,35280.0,1120.4,1122.67,1118.14,1126.25,1128.85,1120.55,1123.56,1142.73,1140.54,1140.54,1140.54,135500
ICICIBANK-EQ_2024-05-08_14-00-00.png,2024-05-08_14-00-00,1119.35,1120.55,1118.7,1119.8,35127.0,1120.4,1122.67,1118.12,1122.42,1124.35,1121.0,1122.85,1140.54,1142.73,1142.73,1142.73,140000
ICICIBANK-EQ_2024-05-08_14-05-00.png,2024-05-08_14-05-00,1119.7,1120.15,1118.7,1119.15,99954.0,1120.32,1122.66,1117.98,1123.03,1123.03,1119.0,1120.42,1142.73,1140.54,1140.54,1140.54,140500
ICICIBANK-EQ_2024-05-08_14-10-00.png,2024-05-08_14-10-00,1119.5,1121.0,1118.15,1120.95,110442.0,1120.34,1122.7,1117.99,1120.42,1121.4,1119.05,1119.91,1140.54,1138.35,1138.35,1138.35,141000
ICICIBANK-EQ_2024-05-08_14-15-00.png,2024-05-08_14-15-00,1120.5,1122.3,1120.35,1120.6,106077.0,1120.37,1122.73,1118.01,1119.6,1120.7,1117.35,1119.09,1138.35,1136.16,1136.16,1136.16,141500
ICICIBANK-EQ_2024-05-08_14-20-00.png,2024-05-08_14-20-00,1120.65,1121.0,1119.55,1120.75,78350.0,1120.36,1122.72,1118.01,1119.15,1119.15,1117.7,1118.49,1136.16,1133.97,1133.97,1133.97,142000
ICICIBANK-EQ_2024-05-08_14-25-00.png,2024-05-08_14-25-00,1120.75,1121.45,1119.3,1120.25,292572.0,1120.3,1122.6,1118.01,1118.62,1118.62,1116.55,1117.69,1133.97,1131.78,1131.78,1131.78,142500
ICICIBANK-EQ_2024-05-08_14-30-00.png,2024-05-08_14-30-00,1120.5,1120.85,1119.75,1120.25,114853.0,1120.23,1122.43,1118.03,1117.8,1119.1,1116.5,1117.54,1131.78,1129.59,1129.59,1129.59,143000
ICICIBANK-EQ_2024-05-08_14-35-00.png,2024-05-08_14-35-00,1120.25,1121.05,1120.05,1120.5,69857.0,1120.22,1122.41,1118.03,1117.28,1118.15,1116.1,1116.91,1129.59,1127.4,1127.4,1127.4,143500
ICICIBANK-EQ_2024-05-08_14-40-00.png,2024-05-08_14-40-00,1120.4,1120.65,1118.95,1119.85,446974.0,1120.18,1122.36,1117.99,1116.7,1118.1,1115.8,1116.99,1127.4,1129.59,1129.59,1129.59,144000
ICICIBANK-EQ_2024-05-08_14-45-00.png,2024-05-08_14-45-00,1119.85,1122.25,1118.95,1121.3,243053.0,1120.19,1122.4,1117.98,1117.03,1118.75,1117.03,1117.82,1129.59,1131.78,1131.78,1131.78,144500
ICICIBANK-EQ_2024-05-08_14-50-00.png,2024-05-08_14-50-00,1121.45,1122.9,1120.7,1122.5,498326.0,1120.26,1122.67,1117.85,1117.7,1118.1,1114.5,1116.22,1131.78,1133.97,1133.97,1133.97,145000
ICICIBANK-EQ_2024-05-08_14-55-00.png,2024-05-08_14-55-00,1122.45,1123.25,1121.1,1123.2,544573.0,1120.33,1123.0,1117.66,1116.15,1116.15,1113.5,1114.31,1133.97,1136.16,1136.16,1136.16,145500
ICICIBANK-EQ_2024-05-08_15-00-00.png,2024-05-08_15-00-00,1123.15,1123.15,1120.1,1121.6,1339425.0,1120.31,1122.93,1117.69,1114.3,1114.3,1111.55,1112.71,1136.16,1138.35,1138.35,1138.35,150000
ICICIBANK-EQ_2024-05-08_15-05-00.png,2024-05-08_15-05-00,1121.6,1122.25,1120.65,1121.2,1053265.0,1120.31,1122.92,1117.69,1112.7,1112.7,1110.0,1111.18,1138.35,1136.16,1136.16,1136.16,150500
ICICIBANK-EQ_2024-05-08_15-10-00.png,2024-05-08_15-10-00,1121.5,1124.7,1121.1,1124.7,1063756.0,1120.51,1123.79,1117.24,1111.15,1113.25,1110.65,1111.94,1136.16,1138.35,1138.35,1138.35,151000
ICICIBANK-EQ_2024-05-08_15-15-00.png,2024-05-08_15-15-00,1124.65,1125.0,1122.05,1123.35,1077212.0,1120.76,1124.12,1117.39,1111.92,1113.9,1111.35,1112.54,1138.35,1136.16,1136.16,1136.16,151500
ICICIBANK-EQ_2024-05-08_15-20-00.png,2024-05-08_15-20-00,1123.35,1126.75,1122.95,1126.0,764192.0,1121.14,1125.04,1117.25,1112.45,1113.15,1111.3,1112.19,1136.16,1133.97,1133.97,1133.97,152000
ICICIBANK-EQ_2024-05-08_15-25-00.png,2024-05-08_15-25-00,1126.0,1127.15,1124.65,1126.5,510261.0,1121.55,1125.9,1117.2,1112.15,1112.65,1111.3,1112.05,1133.97,1136.16,1136.16,1136.16,152500
ICICIBANK-EQ_2024-05-09_09-15-00.png,2024-05-09_09-15-00,1120.55,1128.85,1120.55,1124.3,448112.0,1121.8,1126.17,1117.44,1112.12,1113.65,1111.8,1112.49,1136.16,1138.35,1138.35,1138.35,91500
ICICIBANK-EQ_2024-05-09_09-20-00.png,2024-05-09_09-20-00,1124.35,1124.35,1121.0,1121.7,119887.0,1121.92,1126.13,1117.71,1112.25,1114.6,1112.25,1113.3,1138.35,1140.54,1140.54,1140.54,92000
ICICIBANK-EQ_2024-05-09_09-25-00.png,2024-05-09_09-25-00,1121.8,1121.85,1119.0,1119.05,100883.0,1121.88,1126.19,1117.58,1113.05,1114.3,1113.05,1113.57,1140.54,1142.73,1142.73,1142.73,92500
ICICIBANK-EQ_2024-05-09_09-30-00.png,2024-05-09_09-30-00,1119.25,1121.4,1119.05,1119.95,64815.0,1121.92,1126.13,1117.72,1113.45,1114.3,1111.65,1113.24,1142.73,1144.92,1144.92,1144.92,93000
ICICIBANK-EQ_2024-05-09_09-35-00.png,2024-05-09_09-35-00,1119.75,1120.7,1117.35,1118.55,94419.0,1121.8,1126.26,1117.35,1113.5,1113.75,1112.4,1113.01,1144.92,1142.73,1142.73,1142.73,93500
ICICIBANK-EQ_2024-05-09_09-40-00.png,2024-05-09_09-40-00,1118.55,1119.0,1117.7,1118.7,67040.0,1121.71,1126.35,1117.07,1112.95,1112.95,1110.9,1111.84,1142.73,1140.54,1140.54,1140.54,94000
ICICIBANK-EQ_2024-05-09_09-45-00.png,2024-05-09_09-45-00,1118.45,1118.6,1116.55,1117.15,83176.0,1121.53,1126.59,1116.47,1111.78,1112.1,1110.55,1111.16,1140.54,1138.35,1138.35,1138.35,94500
ICICIBANK-EQ_2024-05-09_09-50-00.png,2024-05-09_09-50-00,1117.15,1119.1,1116.5,1117.4,117619.0,1121.39,1126.75,1116.03,1111.0,1112.4,1110.0,1111.18,1138.35,1136.16,1136.16,1136.16,95000
ICICIBANK-EQ_2024-05-09_09-55-00.png,2024-05-09_09-55-00,1117.25,1118.15,1116.1,1116.15,135215.0,1121.18,1127.02,1115.35,1111.15,1112.75,1110.55,1111.8,1136.16,1133.97,1133.97,1133.97,95500
ICICIBANK-EQ_2024-05-09_10-00-00.png,2024-05-09_10-00-00,1116.15,1118.1,1115.8,1117.9,151845.0,1121.05,1127.07,1115.04,1111.95,1113.05,1110.65,1111.82,1133.97,1131.78,1131.78,1131.78,100000
ICICIBANK-EQ_2024-05-09_10-05-00.png,2024-05-09_10-05-00,1117.9,1118.75,1117.15,1117.5,88058.0,1120.94,1127.14,1114.73,1111.8,1112.35,1110.8,1111.41,1131.78,1129.59,1129.59,1129.59,100500
ICICIBANK-EQ_2024-05-09_10-10-00.png,2024-05-09_10-10-00,1117.5,1118.1,1114.5,1114.8,184052.0,1120.61,1127.39,1113.83,1111.25,1112.75,1111.0,1111.86,1129.59,1127.4,1127.4,1127.4,101000
ICICIBANK-EQ_2024-05-09_10-15-00.png,2024-05-09_10-15-00,1114.7,1115.15,1113.5,1113.9,110830.0,1120.18,1127.52,1112.84,1111.85,1114.15,1111.85,1113.03,1127.4,1125.21,1125.21,1125.21,101500
ICICIBANK-EQ_2024-05-09_10-20-00.png,2024-05-09_10-20-00,1113.85,1113.9,1111.55,1111.55,165429.0,1119.6,1127.73,1111.46,1112.97,1114.2,1112.15,1113.25,1125.21,1127.4,1127.4,1127.4,102000
ICICIBANK-EQ_2024-05-09_10-25-00.png,2024-05-09_10-25-00,1111.55,1112.4,1110.0,1110.75,182778.0,1119.05,1128.03,1110.08,1113.32,1113.6,1112.65,1112.99,1127.4,1125.21,1125.21,1125.21,102500
ICICIBANK-EQ_2024-05-09_10-30-00.png,2024-05-09_10-30-00,1110.8,1113.25,1110.65,1113.05,132964.0,1118.65,1127.95,1109.35,1112.85,1113.65,1112.5,1112.91,1125.21,1127.4,1127.4,1127.4,103000
ICICIBANK-EQ_2024-05-09_10-35-00.png,2024-05-09_10-35-00,1112.85,1113.9,1111.35,1112.05,91942.0,1118.02,1127.3,1108.73,1112.75,1114.85,1112.5,1113.65,1127.4,1129.59,1129.59,1129.59,103500
ICICIBANK-EQ_2024-05-09_10-40-00.png,2024-05-09_10-40-00,1112.0,1113.15,1111.3,1112.3,85974.0,1117.46,1126.73,1108.2,1113.62,1116.5,1113.62,1115.3,1129.59,1127.4,1127.4,1127.4,104000
ICICIBANK-EQ_2024-05-09_10-45-00.png,2024-05-09_10-45-00,1112.15,1112.65,1111.3,1112.1,65461.0,1116.77,1125.4,1108.13,1115.3,1116.5,1115.3,1116.1,1127.4,1129.59,1129.59,1129.59,104500
ICICIBANK-EQ_2024-05-09_10-50-00.png,2024-05-09_10-50-00,1112.0,1113.65,1111.8,1112.5,79308.0,1116.07,1123.58,1108.56,1116.3,1116.35,1115.0,1115.68,1129.59,1127.4,1127.4,1127.4,105000
ICICIBANK-EQ_2024-05-09_10-55-00.png,2024-05-09_10-55-00,1112.5,1114.6,1112.5,1113.6,57991.0,1115.53,1122.03,1109.04,1115.68,1115.8,1114.2,1115.18,1127.4,1129.59,1129.59,1129.59,105500
ICICIBANK-EQ_2024-05-09_11-00-00.png,2024-05-09_11-00-00,1113.4,1114.3,1113.1,1113.5,55189.0,1115.12,1120.98,1109.26,1115.35,1117.25,1115.1,1115.92,1129.59,1127.4,1127.4,1127.4,110000
ICICIBANK-EQ_2024-05-09_11-05-00.png,2024-05-09_11-05-00,1113.7,1114.3,1111.65,1113.3,59434.0,1114.84,1120.44,1109.23,1115.68,1116.0,1114.85,1115.59,1127.4,1125.21,1125.21,1125.21,110500
ICICIBANK-EQ_2024-05-09_11-10-00.png,2024-05-09_11-10-00,1113.35,1113.75,1112.4,1112.55,51470.0,1114.46,1119.61,1109.32,1115.75,1116.65,1113.3,1115.32,1125.21,1123.02,1123.02,1123.02,111000
ICICIBANK-EQ_2024-05-09_11-15-00.png,2024-05-09_11-15-00,1112.55,1112.9,1110.9,1111.0,89374.0,1114.09,1119.08,1109.1,1115.68,1115.68,1112.55,1114.14,1123.02,1120.84,1120.84,1120.84,111500
ICICIBANK-EQ_2024-05-09_11-20-00.png,2024-05-09_11-20-00,1111.25,1112.1,1110.55,1110.75,67757.0,1113.69,1118.39,1108.99,1114.3,1115.0,1112.45,1113.84,1120.84,1118.65,1118.65,1118.65,112000
ICICIBANK-EQ_2024-05-09_11-25-00.png,2024-05-09_11-25-00,1110.75,1112.4,1110.0,1111.55,115503.0,1113.41,1117.9,1108.92,1113.95,1116.0,1113.95,1115.12,1118.65,1116.46,1116.46,1116.46,112500
ICICIBANK-EQ_2024-05-09_11-30-00.png,2024-05-09_11-30-00,1111.55,1112.75,1110.55,1112.35,83082.0,1113.16,1117.26,1109.06,1115.08,1116.0,1114.0,1114.96,1116.46,1118.65,1118.65,1118.65,113000
ICICIBANK-EQ_2024-05-09_11-35-00.png,2024-05-09_11-35-00,1112.35,1113.05,1110.65,1111.25,51940.0,1112.91,1116.84,1108.98,1114.92,1115.3,1113.65,1114.55,1118.65,1120.84,1120.84,1120.84,113500
ICICIBANK-EQ_2024-05-09_11-40-00.png,2024-05-09_11-40-00,1111.25,1112.35,1110.8,1111.25,61504.0,1112.58,1115.79,1109.37,1114.62,1115.35,1114.4,1114.94,1120.84,1123.02,1123.02,1123.02,114000
ICICIBANK-EQ_2024-05-09_11-45-00.png,2024-05-09_11-45-00,1111.25,1112.75,1111.0,1112.45,67467.0,1112.33,1114.55,1110.1,1115.0,1115.9,1114.15,1115.08,1123.02,1125.21,1125.21,1125.21,114500
ICICIBANK-EQ_2024-05-09_11-50-00.png,2024-05-09_11-50-00,1112.45,1114.15,1112.0,1113.5,80978.0,1112.26,1114.25,1110.28,1115.12,1118.7,1115.12,1116.94,1125.21,1127.4,1127.4,1127.4,115000
ICICIBANK-EQ_2024-05-09_11-55-00.png,2024-05-09_11-55-00,1113.65,1114.2,1112.15,1113.0,90029.0,1112.22,1114.08,1110.35,1116.9,1119.65,1116.9,1118.45,1127.4,1129.59,1129.59,1129.59,115500
ICICIBANK-EQ_2024-05-09_12-00-00.png,2024-05-09_12-00-00,1113.0,1113.6,1112.65,1112.7,153145.0,1112.28,1114.13,1110.42,1118.32,1120.45,1118.0,1119.15,1129.59,1127.4,1127.4,1127.4,120000
ICICIBANK-EQ_2024-05-09_12-05-00.png,2024-05-09_12-05-00,1112.7,1113.65,1112.5,1112.8,147475.0,1112.38,1114.09,1110.66,1119.08,1120.0,1116.45,1118.36,1127.4,1125.21,1125.21,1125.21,120500
ICICIBANK-EQ_2024-05-09_12-10-00.png,2024-05-09_12-10-00,1112.9,1114.85,1112.5,1114.35,148125.0,1112.44,1114.35,1110.53,1118.5,1119.45,1117.25,1118.2,1125.21,1123.02,1123.02,1123.02,121000
ICICIBANK-EQ_2024-05-09_12-15-00.png,2024-05-09_12-15-00,1114.35,1116.5,1114.1,1116.25,103615.0,1112.65,1115.2,1110.11,1118.05,1119.9,1118.05,1118.86,1123.02,1125.21,1125.21,1125.21,121500
ICICIBANK-EQ_2024-05-09_12-20-00.png,2024-05-09_12-20-00,1116.25,1116.5,1115.3,1116.35,92305.0,1112.86,1115.88,1109.83,1118.72,1120.0,1117.6,1119.11,1125.21,1123.02,1123.02,1123.02,122000
ICICIBANK-EQ_2024-05-09_12-25-00.png,2024-05-09_12-25-00,1116.35,1116.35,1115.0,1115.0,67386.0,1113.0,1116.15,1109.85,1119.43,1120.7,1117.15,1118.99,1123.02,1120.84,1120.84,1120.84,122500
ICICIBANK-EQ_2024-05-09_12-30-00.png,2024-05-09_12-30-00,1115.0,1115.8,1114.2,1115.7,77060.0,1113.16,1116.52,1109.8,1119.05,1119.05,1116.0,1117.14,1120.84,1123.02,1123.02,1123.02,123000
ICICIBANK-EQ_2024-05-09_12-35-00.png,2024-05-09_12-35-00,1115.7,1117.25,1115.1,1115.65,176451.0,1113.26,1116.8,1109.72,1117.12,1117.12,1113.3,1115.05,1123.02,1120.84,1120.84,1120.84,123500
ICICIBANK-EQ_2024-05-09_12-40-00.png,2024-05-09_12-40-00,1115.65,1116.0,1114.85,1115.85,87531.0,1113.38,1117.1,1109.66,1115.45,1117.2,1114.15,1115.7,1120.84,1123.02,1123.02,1123.02,124000
ICICIBANK-EQ_2024-05-09_12-45-00.png,2024-05-09_12-45-00,1116.0,1116.65,1113.3,1115.35,178749.0,1113.48,1117.31,1109.66,1115.72,1119.2,1115.72,1117.42,1123.02,1125.21,1125.21,1125.21,124500
ICICIBANK-EQ_2024-05-09_12-50-00.png,2024-05-09_12-50-00,1115.15,1115.4,1112.55,1113.45,154593.0,1113.53,1117.33,1109.73,1117.25,1119.0,1117.2,1118.22,1125.21,1127.4,1127.4,1127.4,125000
ICICIBANK-EQ_2024-05-09_12-55-00.png,2024-05-09_12-55-00,1113.45,1115.0,1112.45,1114.45,206372.0,1113.7,1117.33,1110.07,1118.35,1119.55,1117.35,1118.8,1127.4,1125.21,1125.21,1125.21,125500
ICICIBANK-EQ_2024-05-09_13-00-00.png,2024-05-09_13-00-00,1114.45,1116.0,1114.35,1115.7,173996.0,1113.95,1117.4,1110.5,1119.15,1120.0,1118.1,1119.31,1125.21,1123.02,1123.02,1123.02,130000
ICICIBANK-EQ_2024-05-09_13-05-00.png,2024-05-09_13-05-00,1115.8,1116.0,1114.0,1114.05,51330.0,1114.07,1117.33,1110.81,1119.58,1119.85,1116.4,1118.32,1123.02,1120.84,1120.84,1120.84,130500
ICICIBANK-EQ_2024-05-09_13-10-00.png,2024-05-09_13-10-00,1114.2,1115.3,1113.65,1115.05,61808.0,1114.21,1117.39,1111.02,1118.53,1118.8,1116.05,1117.24,1120.84,1118.65,1118.65,1118.65,131000
ICICIBANK-EQ_2024-05-09_13-15-00.png,2024-05-09_13-15-00,1115.0,1115.35,1114.4,1115.0,48311.0,1114.4,1117.27,1111.52,1117.05,1117.65,1116.35,1116.78,1118.65,1116.46,1116.46,1116.46,131500
ICICIBANK-EQ_2024-05-09_13-20-00.png,2024-05-09_13-20-00,1115.0,1115.9,1114.15,1115.25,88460.0,1114.6,1117.08,1112.11,1116.55,1118.7,1116.25,1117.24,1116.46,1114.27,1114.27,1114.27,132000
ICICIBANK-EQ_2024-05-09_13-25-00.png,2024-05-09_13-25-00,1115.25,1118.7,1115.25,1118.55,102082.0,1114.9,1117.75,1112.05,1117.0,1117.9,1114.75,1116.64,1114.27,1116.46,1116.46,1116.46,132500
ICICIBANK-EQ_2024-05-09_13-30-00.png,2024-05-09_13-30-00,1118.1,1119.65,1117.5,1118.55,76593.0,1115.15,1118.35,1111.95,1116.95,1117.75,1114.8,1116.36,1116.46,1118.65,1118.65,1118.65,133000
ICICIBANK-EQ_2024-05-09_13-35-00.png,2024-05-09_13-35-00,1118.65,1120.45,1118.0,1119.5,118646.0,1115.48,1119.05,1111.9,1116.45,1116.45,1115.0,1115.71,1118.65,1120.84,1120.84,1120.84,133500
ICICIBANK-EQ_2024-05-09_13-40-00.png,2024-05-09_13-40-00,1119.5,1120.0,1116.45,1117.5,96769.0,1115.72,1119.15,1112.28,1115.7,1116.65,1114.5,1115.54,1120.84,1118.65,1118.65,1118.65,134000
ICICIBANK-EQ_2024-05-09_13-45-00.png,2024-05-09_13-45-00,1117.5,1119.45,1117.25,1118.6,197865.0,1116.01,1119.38,1112.63,1115.5,1116.9,1114.4,1115.76,1118.65,1116.46,1116.46,1116.46,134500
ICICIBANK-EQ_2024-05-09_13-50-00.png,2024-05-09_13-50-00,1118.6,1119.9,1118.1,1118.85,204317.0,1116.23,1119.74,1112.73,1115.88,1116.0,1112.5,1114.54,1116.46,1114.27,1114.27,1114.27,135000
ICICIBANK-EQ_2024-05-09_13-55-00.png,2024-05-09_13-55-00,1118.95,1120.0,1117.6,1119.9,271679.0,1116.42,1120.29,1112.54,1114.82,1120.35,1112.05,1115.72,1114.27,1116.46,1116.46,1116.46,135500
ICICIBANK-EQ_2024-05-09_14-00-00.png,2024-05-09_14-00-00,1119.9,1120.7,1117.15,1118.2,209321.0,1116.51,1120.46,1112.55,1115.25,1116.15,1112.35,1114.06,1116.46,1118.65,1118.65,1118.65,140000
ICICIBANK-EQ_2024-05-09_14-05-00.png,2024-05-09_14-05-00,1118.2,1118.3,1116.0,1116.05,199015.0,1116.56,1120.46,1112.66,1113.88,1117.2,1113.88,1115.89,1118.65,1120.84,1120.84,1120.84,140500
ICICIBANK-EQ_2024-05-09_14-10-00.png,2024-05-09_14-10-00,1115.7,1116.0,1113.3,1115.2,265464.0,1116.54,1120.46,1112.61,1116.18,1117.5,1115.2,1116.38,1120.84,1118.65,1118.65,1118.65,141000
ICICIBANK-EQ_2024-05-09_14-15-00.png,2024-05-09_14-15-00,1114.95,1117.2,1114.15,1116.5,238945.0,1116.58,1120.48,1112.67,1116.4,1119.9,1115.8,1117.96,1118.65,1116.46,1116.46,1116.46,141500
ICICIBANK-EQ_2024-05-09_14-20-00.png,2024-05-09_14-20-00,1116.5,1119.2,1116.0,1118.0,111250.0,1116.68,1120.62,1112.75,1118.08,1122.0,1118.08,1120.55,1116.46,1114.27,1114.27,1114.27,142000
ICICIBANK-EQ_2024-05-09_14-25-00.png,2024-05-09_14-25-00,1117.95,1119.0,1117.2,1118.75,81174.0,1116.86,1120.84,1112.87,1120.42,1122.8,1120.42,1121.69,1114.27,1112.08,1112.08,1112.08,142500
ICICIBANK-EQ_2024-05-09_14-30-00.png,2024-05-09_14-30-00,1118.75,1119.55,1117.35,1119.55,89254.0,1117.16,1120.98,1113.34,1121.53,1124.65,1121.53,1123.0,1112.08,1109.89,1109.89,1109.89,143000
ICICIBANK-EQ_2024-05-09_14-35-00.png,2024-05-09_14-35-00,1119.65,1120.0,1118.1,1119.5,124342.0,1117.41,1121.15,1113.68,1122.9,1126.05,1122.9,1124.79,1109.89,1107.7,1107.7,1107.7,143500
ICICIBANK-EQ_2024-05-09_14-40-00.png,2024-05-09_14-40-00,1119.5,1119.85,1116.4,1117.55,133461.0,1117.5,1121.15,1113.86,1124.8,1128.85,1124.8,1126.97,1107.7,1109.89,1109.89,1109.89,144000
ICICIBANK-EQ_2024-05-09_14-45-00.png,2024-05-09_14-45-00,1117.85,1118.8,1116.05,1116.25,120766.0,1117.62,1120.94,1114.29,1126.55,1128.9,1125.5,1126.97,1109.89,1112.08,1112.08,1112.08,144500
ICICIBANK-EQ_2024-05-09_14-50-00.png,2024-05-09_14-50-00,1116.5,1117.65,1116.35,1116.6,696331.0,1117.69,1120.83,1114.55,1126.75,1128.75,1126.0,1127.0,1112.08,1114.27,1114.27,1114.27,145000
ICICIBANK-EQ_2024-05-09_14-55-00.png,2024-05-09_14-55-00,1116.6,1118.7,1116.25,1117.4,216102.0,1117.81,1120.69,1114.93,1126.62,1128.3,1126.5,1127.03,1114.27,1112.08,1112.08,1112.08,145500
ICICIBANK-EQ_2024-05-09_15-00-00.png,2024-05-09_15-00-00,1117.35,1117.9,1114.75,1116.55,751100.0,1117.88,1120.57,1115.19,1126.65,1126.65,1123.05,1125.03,1112.08,1109.89,1109.89,1109.89,150000
ICICIBANK-EQ_2024-05-09_15-05-00.png,2024-05-09_15-05-00,1116.55,1117.75,1114.8,1116.35,558476.0,1117.77,1120.52,1115.02,1125.2,1125.2,1122.0,1123.36,1109.89,1107.7,1107.7,1107.7,150500
ICICIBANK-EQ_2024-05-09_15-10-00.png,2024-05-09_15-10-00,1116.35,1116.45,1115.0,1115.05,610146.0,1117.59,1120.57,1114.61,1123.72,1123.8,1121.2,1122.88,1107.7,1105.51,1105.51,1105.51,151000
ICICIBANK-EQ_2024-05-09_15-15-00.png,2024-05-09_15-15-00,1115.15,1116.65,1114.5,1115.85,416279.0,1117.41,1120.34,1114.48,1123.25,1124.7,1122.6,1123.56,1105.51,1107.7,1107.7,1107.7,151500
ICICIBANK-EQ_2024-05-09_15-20-00.png,2024-05-09_15-20-00,1115.9,1116.9,1114.4,1115.85,446608.0,1117.33,1120.34,1114.31,1123.47,1124.95,1123.05,1123.8,1107.7,1109.89,1109.89,1109.89,152000
ICICIBANK-EQ_2024-05-09_15-25-00.png,2024-05-09_15-25-00,1115.9,1116.0,1112.5,1113.75,293535.0,1117.08,1120.43,1113.74,1123.6,1123.6,1120.5,1122.19,1109.89,1112.08,1112.08,1112.08,152500
ICICIBANK-EQ_2024-05-10_09-15-00.png,2024-05-10_09-15-00,1118.0,1120.35,1112.05,1112.5,693686.0,1116.77,1120.58,1112.95,1122.4,1122.4,1120.0,1121.0,1112.08,1109.89,1109.89,1109.89,91500
ICICIBANK-EQ_2024-05-10_09-20-00.png,2024-05-10_09-20-00,1112.6,1116.15,1112.35,1115.15,201594.0,1116.53,1120.11,1112.95,1121.0,1121.25,1120.0,1120.61,1109.89,1107.7,1107.7,1107.7,92000
ICICIBANK-EQ_2024-05-10_09-25-00.png,2024-05-10_09-25-00,1115.15,1117.2,1114.0,1117.2,196395.0,1116.48,1119.98,1112.98,1120.6,1122.0,1120.35,1121.12,1107.7,1105.51,1105.51,1105.51,92500
ICICIBANK-EQ_2024-05-10_09-30-00.png,2024-05-10_09-30-00,1116.75,1117.5,1115.2,1116.05,140331.0,1116.48,1119.98,1112.98,1121.07,1123.85,1121.07,1122.56,1105.51,1103.32,1103.32,1103.32,93000
ICICIBANK-EQ_2024-05-10_09-35-00.png,2024-05-10_09-35-00,1116.25,1119.9,1115.8,1119.9,193966.0,1116.71,1120.48,1112.95,1122.38,1122.95,1121.6,1122.32,1103.32,1101.13,1101.13,1101.13,93500
ICICIBANK-EQ_2024-05-10_09-40-00.png,2024-05-10_09-40-00,1119.8,1122.0,1119.35,1121.05,149028.0,1116.94,1121.17,1112.71,1122.38,1122.55,1121.1,1121.94,1101.13,1098.94,1098.94,1098.94,94000
ICICIBANK-EQ_2024-05-10_09-45-00.png,2024-05-10_09-45-00,1121.05,1122.8,1120.9,1122.0,109942.0,1117.14,1121.93,1112.36,1122.05,1124.3,1121.8,1123.1,1098.94,1096.75,1096.75,1096.75,94500
ICICIBANK-EQ_2024-05-10_09-50-00.png,2024-05-10_09-50-00,1122.0,1124.65,1121.55,1123.8,147687.0,1117.4,1123.0,1111.79,1123.15,1124.25,1122.0,1123.09,1096.75,1094.56,1094.56,1094.56,95000
ICICIBANK-EQ_2024-05-10_09-55-00.png,2024-05-10_09-55-00,1123.6,1126.05,1123.5,1126.0,143736.0,1117.72,1124.47,1110.97,1123.05,1123.15,1122.0,1122.36,1094.56,1092.37,1092.37,1092.37,95500
ICICIBANK-EQ_2024-05-10_10-00-00.png,2024-05-10_10-00-00,1126.0,1128.85,1125.95,1127.1,157893.0,1118.1,1126.02,1110.17,1122.15,1122.3,1119.9,1121.1,1092.37,1090.19,1090.19,1090.19,100000
ICICIBANK-EQ_2024-05-10_10-05-00.png,2024-05-10_10-05-00,1127.0,1128.9,1125.5,1126.5,95719.0,1118.54,1127.31,1109.78,1121.1,1121.1,1119.6,1119.84,1090.19,1088.0,1088.0,1088.0,100500
ICICIBANK-EQ_2024-05-10_10-10-00.png,2024-05-10_10-10-00,1126.5,1128.75,1126.0,1126.75,84751.0,1119.07,1128.49,1109.65,1119.88,1121.4,1119.2,1120.38,1088.0,1090.19,1090.19,1090.19,101000
ICICIBANK-EQ_2024-05-10_10-15-00.png,2024-05-10_10-15-00,1126.75,1128.3,1126.5,1126.55,61065.0,1119.57,1129.47,1109.66,1120.45,1121.55,1119.2,1120.31,1090.19,1092.37,1092.37,1092.37,101500
ICICIBANK-EQ_2024-05-10_10-20-00.png,2024-05-10_10-20-00,1126.55,1126.65,1123.05,1123.85,87584.0,1119.89,1129.92,1109.86,1120.25,1120.5,1118.65,1119.79,1092.37,1094.56,1094.56,1094.56,102000
ICICIBANK-EQ_2024-05-10_10-25-00.png,2024-05-10_10-25-00,1123.6,1124.0,1122.0,1123.85,54804.0,1120.25,1130.3,1110.21,1120.0,1121.0,1120.0,1120.46,1094.56,1096.75,1096.75,1096.75,102500
ICICIBANK-EQ_2024-05-10_10-30-00.png,2024-05-10_10-30-00,1123.5,1123.8,1121.2,1123.0,54204.0,1120.59,1130.53,1110.64,1120.35,1121.5,1120.0,1120.81,1096.75,1098.94,1098.94,1098.94,103000
ICICIBANK-EQ_2024-05-10_10-35-00.png,2024-05-10_10-35-00,1123.0,1124.7,1122.6,1123.95,39174.0,1121.03,1130.73,1111.34,1120.88,1121.45,1120.0,1120.78,1098.94,1101.13,1101.13,1101.13,103500
ICICIBANK-EQ_2024-05-10_10-40-00.png,2024-05-10_10-40-00,1123.95,1124.95,1123.05,1123.25,37817.0,1121.4,1130.82,1111.98,1120.82,1121.0,1119.35,1120.39,1101.13,1103.32,1103.32,1103.32,104000
ICICIBANK-EQ_2024-05-10_10-45-00.png,2024-05-10_10-45-00,1123.45,1123.45,1120.5,1121.35,51963.0,1121.68,1130.73,1112.62,1120.6,1121.0,1119.5,1120.35,1103.32,1105.51,1105.51,1105.51,104500
ICICIBANK-EQ_2024-05-10_10-50-00.png,2024-05-10_10-50-00,1121.3,1122.0,1120.0,1120.7,63947.0,1122.03,1130.3,1113.75,1120.45,1120.45,1119.4,1120.0,1105.51,1107.7,1107.7,1107.7,105000
ICICIBANK-EQ_2024-05-10_10-55-00.png,2024-05-10_10-55-00,1120.7,1121.25,1120.0,1120.5,44240.0,1122.42,1129.43,1115.42,1120.12,1121.5,1119.5,1120.32,1107.7,1109.89,1109.89,1109.89,105500
ICICIBANK-EQ_2024-05-10_11-00-00.png,2024-05-10_11-00-00,1120.35,1122.0,1120.35,1121.8,33198.0,1122.76,1128.89,1116.62,1120.15,1120.15,1119.5,1119.84,1109.89,1112.08,1112.08,1112.08,110000
ICICIBANK-EQ_2024-05-10_11-05-00.png,2024-05-10_11-05-00,1121.8,1123.85,1121.65,1122.95,51069.0,1123.04,1128.59,1117.5,1119.85,1120.3,1119.25,1119.68,1112.08,1114.27,1114.27,1114.27,110500
ICICIBANK-EQ_2024-05-10_11-10-00.png,2024-05-10_11-10-00,1122.95,1122.95,1121.6,1121.8,36431.0,1123.33,1127.85,1118.81,1119.57,1119.65,1116.0,1118.22,1114.27,1116.46,1116.46,1116.46,111000
ICICIBANK-EQ_2024-05-10_11-15-00.png,2024-05-10_11-15-00,1121.8,1122.55,1121.1,1122.3,36346.0,1123.45,1127.71,1119.19,1118.62,1118.62,1116.4,1117.05,1116.46,1118.65,1118.65,1118.65,111500
ICICIBANK-EQ_2024-05-10_11-20-00.png,2024-05-10_11-20-00,1122.3,1124.3,1121.8,1124.0,50096.0,1123.6,1127.71,1119.49,1116.97,1117.15,1114.65,1115.93,1118.65,1120.84,1120.84,1120.84,112000
ICICIBANK-EQ_2024-05-10_11-25-00.png,2024-05-10_11-25-00,1124.0,1124.25,1122.0,1122.1,53081.0,1123.6,1127.71,1119.5,1115.95,1117.2,1113.7,1115.69,1120.84,1118.65,1118.65,1118.65,112500
ICICIBANK-EQ_2024-05-10_11-30-00.png,2024-05-10_11-30-00,1122.1,1123.15,1122.0,1122.2,80319.0,1123.53,1127.67,1119.38,1115.93,1117.6,1115.35,1116.54,1118.65,1116.46,1116.46,1116.46,113000
ICICIBANK-EQ_2024-05-10_11-35-00.png,2024-05-10_11-35-00,1122.2,1122.3,1119.9,1120.0,63956.0,1123.22,1127.49,1118.96,1116.6,1119.4,1116.6,1118.06,1116.46,1114.27,1114.27,1114.27,113500
ICICIBANK-EQ_2024-05-10_11-40-00.png,2024-05-10_11-40-00,1119.75,1120.0,1119.6,1120.0,42459.0,1122.87,1126.95,1118.79,1118.03,1119.55,1118.0,1118.84,1114.27,1112.08,1112.08,1112.08,114000
ICICIBANK-EQ_2024-05-10_11-45-00.png,2024-05-10_11-45-00,1120.0,1121.4,1119.2,1120.9,68004.0,1122.59,1126.38,1118.8,1118.9,1120.25,1118.05,1119.05,1112.08,1109.89,1109.89,1109.89,114500
ICICIBANK-EQ_2024-05-10_11-50-00.png,2024-05-10_11-50-00,1120.9,1121.55,1119.2,1119.6,84914.0,1122.23,1125.71,1118.76,1118.95,1120.35,1118.3,1119.29,1109.89,1107.7,1107.7,1107.7,115000
ICICIBANK-EQ_2024-05-10_11-55-00.png,2024-05-10_11-55-00,1119.6,1120.5,1118.65,1120.4,70574.0,1121.92,1124.83,1119.02,1119.25,1121.5,1118.9,1119.8,1107.7,1105.51,1105.51,1105.51,115500
ICICIBANK-EQ_2024-05-10_12-00-00.png,2024-05-10_12-00-00,1120.4,1121.0,1120.15,1120.3,21899.0,1121.75,1124.59,1118.9,1119.4,1119.4,1117.9,1118.82,1105.51,1103.32,1103.32,1103.32,120000
ICICIBANK-EQ_2024-05-10_12-05-00.png,2024-05-10_12-05-00,1120.3,1121.5,1120.0,1121.45,66941.0,1121.63,1124.29,1118.96,1119.0,1120.2,1118.35,1119.15,1103.32,1101.13,1101.13,1101.13,120500
ICICIBANK-EQ_2024-05-10_12-10-00.png,2024-05-10_12-10-00,1121.45,1121.45,1120.0,1120.2,103665.0,1121.49,1124.15,1118.83,1119.03,1119.5,1117.95,1118.81,1101.13,1098.94,1098.94,1098.94,121000
ICICIBANK-EQ_2024-05-10_12-15-00.png,2024-05-10_12-15-00,1120.2,1121.0,1119.35,1121.0,89233.0,1121.34,1123.74,1118.94,1118.9,1120.25,1118.55,1119.12,1098.94,1096.75,1096.75,1096.75,121500
ICICIBANK-EQ_2024-05-10_12-20-00.png,2024-05-10_12-20-00,1121.0,1121.0,1119.5,1119.9,40352.0,1121.17,1123.47,1118.87,1118.85,1119.6,1118.1,1118.94,1096.75,1094.56,1094.56,1094.56,122000
ICICIBANK-EQ_2024-05-10_12-25-00.png,2024-05-10_12-25-00,1119.95,1120.35,1119.4,1120.3,33531.0,1121.12,1123.45,1118.79,1119.03,1119.5,1117.2,1118.2,1094.56,1096.75,1096.75,1096.75,122500
ICICIBANK-EQ_2024-05-10_12-30-00.png,2024-05-10_12-30-00,1120.25,1121.5,1119.5,1120.05,46660.0,1121.09,1123.46,1118.71,1118.05,1119.35,1116.3,1118.04,1096.75,1098.94,1098.94,1098.94,123000
ICICIBANK-EQ_2024-05-10_12-35-00.png,2024-05-10_12-35-00,1120.05,1120.15,1119.5,1119.65,32309.0,1121.04,1123.49,1118.6,1118.25,1119.2,1116.8,1118.14,1098.94,1101.13,1101.13,1101.13,123500
ICICIBANK-EQ_2024-05-10_12-40-00.png,2024-05-10_12-40-00,1119.55,1120.3,1119.25,1119.6,31303.0,1120.94,1123.44,1118.43,1118.28,1118.28,1115.3,1116.8,1101.13,1103.32,1103.32,1103.32,124000
ICICIBANK-EQ_2024-05-10_12-45-00.png,2024-05-10_12-45-00,1119.65,1119.65,1116.0,1117.6,86888.0,1120.67,1123.4,1117.94,1116.95,1117.4,1115.5,1116.68,1103.32,1105.51,1105.51,1105.51,124500
ICICIBANK-EQ_2024-05-10_12-50-00.png,2024-05-10_12-50-00,1117.55,1117.85,1116.4,1116.4,34635.0,1120.4,1123.67,1117.13,1116.9,1118.65,1116.15,1117.19,1105.51,1107.7,1107.7,1107.7,125000
ICICIBANK-EQ_2024-05-10_12-55-00.png,2024-05-10_12-55-00,1116.5,1117.15,1114.65,1115.4,93492.0,1120.05,1123.89,1116.22,1116.97,1117.95,1114.95,1116.45,1107.7,1109.89,1109.89,1109.89,125500
ICICIBANK-EQ_2024-05-10_13-00-00.png,2024-05-10_13-00-00,1115.45,1117.2,1113.7,1116.4,213219.0,1119.67,1123.36,1115.98,1116.45,1116.45,1114.0,1115.15,1109.89,1112.08,1112.08,1112.08,130000
ICICIBANK-EQ_2024-05-10_13-05-00.png,2024-05-10_13-05-00,1116.3,1117.6,1115.35,1116.9,126793.0,1119.41,1123.12,1115.71,1115.32,1115.95,1114.25,1115.04,1112.08,1114.27,1114.27,1114.27,130500
ICICIBANK-EQ_2024-05-10_13-10-00.png,2024-05-10_13-10-00,1116.9,1119.4,1116.8,1119.15,94480.0,1119.26,1122.72,1115.8,1114.97,1116.8,1114.8,1115.55,1114.27,1112.08,1112.08,1112.08,131000
ICICIBANK-EQ_2024-05-10_13-15-00.png,2024-05-10_13-15-00,1119.1,1119.55,1118.0,1118.7,93944.0,1119.2,1122.65,1115.74,1115.3,1116.05,1114.2,1114.99,1112.08,1109.89,1109.89,1109.89,131500
ICICIBANK-EQ_2024-05-10_13-20-00.png,2024-05-10_13-20-00,1118.8,1120.25,1118.05,1119.1,61315.0,1119.15,1122.58,1115.72,1114.85,1115.3,1114.05,1114.64,1109.89,1107.7,1107.7,1107.7,132000
ICICIBANK-EQ_2024-05-10_13-25-00.png,2024-05-10_13-25-00,1119.1,1120.35,1118.3,1119.4,59979.0,1119.08,1122.41,1115.74,1114.6,1116.7,1114.25,1115.18,1107.7,1105.51,1105.51,1105.51,132500
ICICIBANK-EQ_2024-05-10_13-30-00.png,2024-05-10_13-30-00,1119.45,1121.5,1118.9,1119.35,48306.0,1119.06,1122.39,1115.73,1114.88,1117.0,1114.6,1115.96,1105.51,1103.32,1103.32,1103.32,133000
ICICIBANK-EQ_2024-05-10_13-35-00.png,2024-05-10_13-35-00,1119.35,1119.4,1117.9,1118.65,49712.0,1118.97,1122.25,1115.7,1116.12,1119.9,1116.12,1117.89,1103.32,1101.13,1101.13,1101.13,133500
ICICIBANK-EQ_2024-05-10_13-40-00.png,2024-05-10_13-40-00,1118.95,1120.2,1118.35,1119.1,52713.0,1118.92,1122.13,1115.7,1117.53,1120.1,1117.53,1118.92,1101.13,1098.94,1098.94,1098.94,134000
ICICIBANK-EQ_2024-05-10_13-45-00.png,2024-05-10_13-45-00,1119.1,1119.5,1117.95,1118.7,58790.0,1118.78,1121.76,1115.79,1118.8,1119.15,1116.75,1118.14,1098.94,1096.75,1096.75,1096.75,134500
ICICIBANK-EQ_2024-05-10_13-50-00.png,2024-05-10_13-50-00,1118.55,1120.25,1118.55,1119.15,31178.0,1118.72,1121.64,1115.81,1118.32,1118.32,1116.1,1117.56,1096.75,1094.56,1094.56,1094.56,135000
ICICIBANK-EQ_2024-05-10_13-55-00.png,2024-05-10_13-55-00,1119.15,1119.6,1118.1,1118.9,39543.0,1118.62,1121.33,1115.91,1117.92,1121.1,1113.0,1115.79,1094.56,1092.37,1092.37,1092.37,135500
ICICIBANK-EQ_2024-05-10_14-00-00.png,2024-05-10_14-00-00,1118.8,1119.5,1117.2,1117.3,69775.0,1118.49,1121.2,1115.78,1114.53,1116.5,1113.25,1114.9,1092.37,1090.19,1090.19,1090.19,140000
ICICIBANK-EQ_2024-05-10_14-05-00.png,2024-05-10_14-05-00,1117.3,1119.35,1116.3,1119.2,159463.0,1118.44,1121.03,1115.84,1114.92,1114.92,1112.5,1113.71,1090.19,1092.37,1092.37,1092.37,140500
ICICIBANK-EQ_2024-05-10_14-10-00.png,2024-05-10_14-10-00,1119.05,1119.2,1116.8,1117.5,53634.0,1118.31,1120.82,1115.8,1113.75,1114.0,1111.35,1112.75,1092.37,1094.56,1094.56,1094.56,141000
ICICIBANK-EQ_2024-05-10_14-15-00.png,2024-05-10_14-15-00,1117.65,1118.0,1115.3,1116.25,94672.0,1118.14,1120.72,1115.55,1112.82,1113.4,1111.3,1112.51,1094.56,1096.75,1096.75,1096.75,141500
ICICIBANK-EQ_2024-05-10_14-20-00.png,2024-05-10_14-20-00,1116.65,1117.4,1115.5,1117.15,136052.0,1118.02,1120.54,1115.49,1112.68,1113.45,1111.5,1112.74,1096.75,1098.94,1098.94,1098.94,142000
ICICIBANK-EQ_2024-05-10_14-25-00.png,2024-05-10_14-25-00,1117.15,1118.65,1116.15,1116.8,173478.0,1117.97,1120.55,1115.4,1113.0,1113.0,1112.05,1112.68,1098.94,1101.13,1101.13,1101.13,142500
ICICIBANK-EQ_2024-05-10_14-30-00.png,2024-05-10_14-30-00,1116.95,1117.95,1114.95,1115.95,279420.0,1117.95,1120.59,1115.31,1112.82,1113.0,1111.95,1112.7,1101.13,1103.32,1103.32,1103.32,143000
ICICIBANK-EQ_2024-05-10_14-35-00.png,2024-05-10_14-35-00,1115.95,1115.95,1114.0,1114.7,81968.0,1117.92,1120.72,1115.12,1112.93,1113.15,1111.0,1112.11,1103.32,1105.51,1105.51,1105.51,143500
ICICIBANK-EQ_2024-05-10_14-40-00.png,2024-05-10_14-40-00,1114.7,1115.95,1114.25,1115.25,76155.0,1117.86,1120.83,1114.89,1112.15,1112.15,1109.05,1110.29,1105.51,1107.7,1107.7,1107.7,144000
ICICIBANK-EQ_2024-05-10_14-45-00.png,2024-05-10_14-45-00,1115.25,1116.8,1114.8,1115.35,100171.0,1117.78,1120.93,1114.63,1110.3,1110.95,1107.35,1109.61,1107.7,1109.89,1109.89,1109.89,144500
ICICIBANK-EQ_2024-05-10_14-50-00.png,2024-05-10_14-50-00,1114.85,1116.05,1114.2,1114.85,128482.0,1117.57,1120.91,1114.23,1110.07,1111.0,1109.4,1110.48,1109.89,1112.08,1112.08,1112.08,145000
ICICIBANK-EQ_2024-05-10_14-55-00.png,2024-05-10_14-55-00,1114.9,1115.3,1114.05,1114.3,107401.0,1117.35,1120.94,1113.75,1110.75,1110.95,1109.4,1110.26,1112.08,1114.27,1114.27,1114.27,145500
ICICIBANK-EQ_2024-05-10_15-00-00.png,2024-05-10_15-00-00,1114.3,1116.7,1114.25,1115.45,508984.0,1117.16,1120.76,1113.57,1110.35,1110.35,1109.35,1109.8,1114.27,1116.46,1116.46,1116.46,150000
ICICIBANK-EQ_2024-05-10_15-05-00.png,2024-05-10_15-05-00,1115.35,1117.0,1114.6,1116.9,384964.0,1117.04,1120.48,1113.6,1109.93,1110.0,1109.7,1109.91,1116.46,1118.65,1118.65,1118.65,150500
ICICIBANK-EQ_2024-05-10_15-10-00.png,2024-05-10_15-10-00,1116.8,1119.9,1116.6,1118.25,381498.0,1116.99,1120.3,1113.67,1109.97,1110.0,1109.4,1109.8,1118.65,1120.84,1120.84,1120.84,151000
ICICIBANK-EQ_2024-05-10_15-15-00.png,2024-05-10_15-15-00,1118.75,1120.1,1118.0,1118.85,302987.0,1116.99,1120.33,1113.66,1109.9,1110.0,1108.0,1109.18,1120.84,1118.65,1118.65,1118.65,151500
ICICIBANK-EQ_2024-05-10_15-20-00.png,2024-05-10_15-20-00,1119.15,1119.15,1116.75,1117.5,209948.0,1116.92,1120.11,1113.72,1109.35,1109.85,1107.85,1108.91,1118.65,1116.46,1116.46,1116.46,152000
ICICIBANK-EQ_2024-05-10_15-25-00.png,2024-05-10_15-25-00,1117.55,1118.3,1116.1,1118.3,189146.0,1116.9,1120.05,1113.74,1108.97,1109.1,1108.25,1108.69,1116.46,1114.27,1114.27,1114.27,152500
ICICIBANK-EQ_2024-05-13_09-15-00.png,2024-05-13_09-15-00,1113.0,1121.1,1113.0,1116.05,302393.0,1116.74,1119.73,1113.75,1108.7,1108.7,1107.5,1108.18,1114.27,1112.08,1112.08,1112.08,91500
ICICIBANK-EQ_2024-05-13_09-20-00.png,2024-05-13_09-20-00,1116.05,1116.5,1113.25,1113.8,145940.0,1116.49,1119.57,1113.4,1108.38,1108.5,1106.7,1107.78,1112.08,1109.89,1109.89,1109.89,92000
ICICIBANK-EQ_2024-05-13_09-25-00.png,2024-05-13_09-25-00,1113.7,1114.85,1112.5,1113.8,107342.0,1116.31,1119.59,1113.03,1107.95,1109.3,1107.0,1108.25,1109.89,1112.08,1112.08,1112.08,92500
ICICIBANK-EQ_2024-05-13_09-30-00.png,2024-05-13_09-30-00,1113.7,1114.0,1111.35,1111.95,288984.0,1115.95,1119.47,1112.42,1108.35,1112.0,1108.35,1110.25,1112.08,1114.27,1114.27,1114.27,93000
ICICIBANK-EQ_2024-05-13_09-35-00.png,2024-05-13_09-35-00,1111.95,1113.4,1111.3,1113.4,194768.0,1115.74,1119.36,1112.12,1109.97,1111.4,1109.97,1110.65,1114.27,1116.46,1116.46,1116.46,93500
ICICIBANK-EQ_2024-05-13_09-40-00.png,2024-05-13_09-40-00,1113.35,1113.45,1111.5,1112.65,115459.0,1115.56,1119.43,1111.7,1110.6,1112.35,1110.25,1111.09,1116.46,1118.65,1118.65,1118.65,94000
ICICIBANK-EQ_2024-05-13_09-45-00.png,2024-05-13_09-45-00,1112.65,1113.0,1112.05,1113.0,63801.0,1115.36,1119.31,1111.4,1110.88,1111.9,1110.75,1111.36,1118.65,1120.84,1120.84,1120.84,94500
ICICIBANK-EQ_2024-05-13_09-50-00.png,2024-05-13_09-50-00,1112.95,1113.0,1111.95,1112.9,105956.0,1115.16,1119.19,1111.13,1111.4,1112.4,1111.3,1111.65,1120.84,1118.65,1118.65,1118.65,95000
ICICIBANK-EQ_2024-05-13_09-55-00.png,2024-05-13_09-55-00,1112.9,1113.15,1111.0,1111.4,200871.0,1114.93,1119.28,1110.59,1111.45,1115.3,1111.45,1113.35,1118.65,1116.46,1116.46,1116.46,95500
ICICIBANK-EQ_2024-05-13_10-00-00.png,2024-05-13_10-00-00,1111.25,1111.5,1109.05,1109.35,171983.0,1114.66,1119.68,1109.65,1113.3,1116.95,1113.3,1115.7,1116.46,1114.27,1114.27,1114.27,100000
ICICIBANK-EQ_2024-05-13_10-05-00.png,2024-05-13_10-05-00,1109.3,1110.95,1107.35,1110.85,200890.0,1114.44,1119.73,1109.16,1115.58,1116.4,1115.05,1115.95,1114.27,1112.08,1112.08,1112.08,100500
ICICIBANK-EQ_2024-05-13_10-10-00.png,2024-05-13_10-10-00,1110.55,1111.0,1109.4,1110.95,320422.0,1114.22,1119.71,1108.74,1116.18,1116.3,1114.2,1115.36,1112.08,1109.89,1109.89,1109.89,101000
ICICIBANK-EQ_2024-05-13_10-15-00.png,2024-05-13_10-15-00,1110.8,1110.95,1109.4,1109.9,179592.0,1113.98,1119.79,1108.17,1115.47,1115.47,1113.95,1114.66,1109.89,1112.08,1112.08,1112.08,101500
ICICIBANK-EQ_2024-05-13_10-20-00.png,2024-05-13_10-20-00,1109.9,1110.0,1109.35,1109.95,55074.0,1113.76,1119.84,1107.68,1114.8,1114.8,1114.0,1114.5,1112.08,1114.27,1114.27,1114.27,102000
ICICIBANK-EQ_2024-05-13_10-25-00.png,2024-05-13_10-25-00,1109.95,1110.0,1109.7,1110.0,71649.0,1113.49,1119.73,1107.24,1114.62,1114.85,1114.0,1114.47,1114.27,1116.46,1116.46,1116.46,102500
ICICIBANK-EQ_2024-05-13_10-30-00.png,2024-05-13_10-30-00,1109.95,1110.0,1109.4,1109.85,59019.0,1113.14,1119.36,1106.91,1114.53,1114.53,1114.15,1114.38,1116.46,1114.27,1114.27,1114.27,103000
ICICIBANK-EQ_2024-05-13_10-35-00.png,2024-05-13_10-35-00,1109.7,1110.0,1108.0,1109.0,113706.0,1112.67,1118.67,1106.67,1114.43,1115.8,1114.3,1115.01,1114.27,1112.08,1112.08,1112.08,103500
ICICIBANK-EQ_2024-05-13_10-40-00.png,2024-05-13_10-40-00,1108.95,1109.85,1107.85,1109.0,162215.0,1112.18,1117.64,1106.72,1114.97,1116.55,1114.97,1115.88,1112.08,1109.89,1109.89,1109.89,104000
ICICIBANK-EQ_2024-05-13_10-45-00.png,2024-05-13_10-45-00,1108.95,1109.1,1108.25,1108.45,66319.0,1111.73,1116.81,1106.64,1115.75,1116.7,1115.75,1116.29,1109.89,1107.7,1107.7,1107.7,104500
ICICIBANK-EQ_2024-05-13_10-50-00.png,2024-05-13_10-50-00,1108.45,1108.45,1107.5,1108.3,39508.0,1111.23,1115.49,1106.96,1116.28,1120.6,1116.28,1118.55,1107.7,1109.89,1109.89,1109.89,105000
ICICIBANK-EQ_2024-05-13_10-55-00.png,2024-05-13_10-55-00,1108.25,1108.5,1106.7,1107.65,169036.0,1110.81,1114.71,1106.9,1118.55,1121.65,1118.55,1120.82,1109.89,1107.7,1107.7,1107.7,105500
ICICIBANK-EQ_2024-05-13_11-00-00.png,2024-05-13_11-00-00,1107.65,1109.3,1107.0,1109.05,180157.0,1110.57,1114.28,1106.86,1120.78,1121.85,1120.3,1121.19,1107.7,1105.51,1105.51,1105.51,110000
ICICIBANK-EQ_2024-05-13_11-05-00.png,2024-05-13_11-05-00,1109.05,1112.0,1109.05,1110.9,106566.0,1110.42,1113.82,1107.03,1121.3,1123.3,1120.45,1121.69,1105.51,1107.7,1107.7,1107.7,110500
ICICIBANK-EQ_2024-05-13_11-10-00.png,2024-05-13_11-10-00,1110.9,1111.4,1110.0,1110.3,86483.0,1110.34,1113.66,1107.02,1121.5,1121.55,1119.4,1120.81,1107.7,1105.51,1105.51,1105.51,111000
ICICIBANK-EQ_2024-05-13_11-15-00.png,2024-05-13_11-15-00,1110.3,1112.35,1110.25,1111.45,71947.0,1110.24,1113.29,1107.2,1121.15,1121.6,1119.5,1120.64,1105.51,1103.32,1103.32,1103.32,111500
ICICIBANK-EQ_2024-05-13_11-20-00.png,2024-05-13_11-20-00,1111.45,1111.9,1110.75,1111.35,84281.0,1110.18,1113.06,1107.3,1120.72,1120.75,1119.85,1120.29,1103.32,1101.13,1101.13,1101.13,112000
ICICIBANK-EQ_2024-05-13_11-25-00.png,2024-05-13_11-25-00,1111.35,1112.4,1111.3,1111.55,52028.0,1110.11,1112.75,1107.47,1120.28,1120.28,1118.7,1119.4,1101.13,1098.94,1098.94,1098.94,112500
ICICIBANK-EQ_2024-05-13_11-30-00.png,2024-05-13_11-30-00,1111.6,1115.3,1111.5,1115.0,134301.0,1110.21,1113.43,1107.0,1119.42,1119.55,1118.5,1118.95,1098.94,1096.75,1096.75,1096.75,113000
ICICIBANK-EQ_2024-05-13_11-35-00.png,2024-05-13_11-35-00,1115.0,1116.95,1114.7,1116.15,105028.0,1110.45,1114.6,1106.3,1118.88,1119.95,1118.8,1119.39,1096.75,1098.94,1098.94,1098.94,113500
ICICIBANK-EQ_2024-05-13_11-40-00.png,2024-05-13_11-40-00,1116.15,1116.4,1115.05,1116.2,51568.0,1110.79,1115.63,1105.95,1119.4,1120.15,1119.0,1119.55,1098.94,1096.75,1096.75,1096.75,114000
ICICIBANK-EQ_2024-05-13_11-45-00.png,2024-05-13_11-45-00,1116.2,1116.3,1114.2,1114.75,39263.0,1110.99,1116.14,1105.83,1119.53,1119.85,1116.2,1118.2,1096.75,1098.94,1098.94,1098.94,114500
ICICIBANK-EQ_2024-05-13_11-50-00.png,2024-05-13_11-50-00,1114.85,1115.1,1113.95,1114.75,63029.0,1111.18,1116.6,1105.76,1118.38,1118.38,1116.5,1117.06,1098.94,1101.13,1101.13,1101.13,115000
ICICIBANK-EQ_2024-05-13_11-55-00.png,2024-05-13_11-55-00,1114.5,1114.75,1114.0,1114.75,48238.0,1111.42,1117.03,1105.81,1116.95,1117.3,1113.5,1115.41,1101.13,1098.94,1098.94,1098.94,115500
ICICIBANK-EQ_2024-05-13_12-00-00.png,2024-05-13_12-00-00,1114.75,1114.85,1114.0,1114.3,41599.0,1111.64,1117.35,1105.93,1115.43,1115.43,1112.9,1113.74,1098.94,1096.75,1096.75,1096.75,120000
ICICIBANK-EQ_2024-05-13_12-05-00.png,2024-05-13_12-05-00,1114.4,1114.5,1114.15,1114.45,28033.0,1111.86,1117.65,1106.07,1113.8,1114.65,1113.0,1113.75,1096.75,1094.56,1094.56,1094.56,120500
ICICIBANK-EQ_2024-05-13_12-10-00.png,2024-05-13_12-10-00,1114.45,1115.8,1114.3,1115.5,37484.0,1112.14,1118.07,1106.22,1113.68,1117.35,1113.4,1115.5,1094.56,1092.37,1092.37,1092.37,121000
ICICIBANK-EQ_2024-05-13_12-15-00.png,2024-05-13_12-15-00,1115.5,1116.55,1115.45,1116.0,155130.0,1112.49,1118.46,1106.52,1115.62,1127.35,1115.62,1122.31,1092.37,1090.19,1090.19,1090.19,121500
ICICIBANK-EQ_2024-05-13_12-20-00.png,2024-05-13_12-20-00,1116.0,1116.7,1115.9,1116.55,57387.0,1112.87,1118.86,1106.88,1122.32,1128.85,1122.32,1127.31,1090.19,1092.37,1092.37,1092.37,122000
ICICIBANK-EQ_2024-05-13_12-25-00.png,2024-05-13_12-25-00,1116.6,1120.6,1116.5,1120.5,176600.0,1113.47,1119.99,1106.95,1128.07,1129.0,1127.25,1128.39,1092.37,1090.19,1090.19,1090.19,122500
ICICIBANK-EQ_2024-05-13_12-30-00.png,2024-05-13_12-30-00,1120.6,1121.65,1120.1,1120.95,58285.0,1114.1,1120.96,1107.25,1128.65,1130.65,1127.0,1128.39,1090.19,1088.0,1088.0,1088.0,123000
ICICIBANK-EQ_2024-05-13_12-35-00.png,2024-05-13_12-35-00,1120.95,1121.85,1120.3,1121.65,66547.0,1114.8,1121.74,1107.87,1127.95,1127.95,1126.4,1127.35,1088.0,1085.81,1085.81,1085.81,123500
ICICIBANK-EQ_2024-05-13_12-40-00.png,2024-05-13_12-40-00,1121.65,1123.3,1120.45,1121.35,139731.0,1115.42,1122.39,1108.45,1127.55,1130.4,1127.2,1128.45,1085.81,1083.62,1083.62,1083.62,124000
ICICIBANK-EQ_2024-05-13_12-45-00.png,2024-05-13_12-45-00,1121.35,1121.55,1119.4,1120.95,58449.0,1115.92,1122.97,1108.88,1128.1,1128.85,1126.5,1127.71,1083.62,1081.43,1081.43,1081.43,124500
ICICIBANK-EQ_2024-05-13_12-50-00.png,2024-05-13_12-50-00,1120.95,1121.6,1119.5,1120.5,68463.0,1116.43,1123.24,1109.63,1127.75,1127.75,1124.9,1126.12,1081.43,1079.24,1079.24,1079.24,125000
ICICIBANK-EQ_2024-05-13_12-55-00.png,2024-05-13_12-55-00,1120.55,1120.75,1119.85,1120.0,83545.0,1116.86,1123.42,1110.3,1126.1,1126.5,1123.3,1124.66,1079.24,1077.05,1077.05,1077.05,125500
ICICIBANK-EQ_2024-05-13_13-00-00.png,2024-05-13_13-00-00,1120.0,1120.05,1118.7,1118.85,62696.0,1117.23,1123.31,1111.16,1124.42,1126.1,1123.4,1124.73,1077.05,1074.86,1074.86,1074.86,130000
ICICIBANK-EQ_2024-05-13_13-05-00.png,2024-05-13_13-05-00,1118.95,1119.55,1118.5,1118.8,79707.0,1117.6,1123.08,1112.12,1124.7,1127.7,1124.25,1126.0,1074.86,1072.67,1072.67,1072.67,130500
ICICIBANK-EQ_2024-05-13_13-10-00.png,2024-05-13_13-10-00,1119.2,1119.95,1118.8,1119.6,48750.0,1117.83,1123.23,1112.42,1126.03,1127.45,1125.25,1126.61,1072.67,1070.48,1070.48,1070.48,131000
ICICIBANK-EQ_2024-05-13_13-15-00.png,2024-05-13_13-15-00,1119.6,1120.15,1119.0,1119.45,39790.0,1117.99,1123.38,1112.6,1126.88,1128.8,1126.15,1127.34,1070.48,1068.29,1068.29,1068.29,131500
ICICIBANK-EQ_2024-05-13_13-20-00.png,2024-05-13_13-20-00,1119.65,1119.85,1116.2,1117.1,66034.0,1118.04,1123.38,1112.69,1127.2,1129.0,1126.75,1127.89,1068.29,1066.1,1066.1,1066.1,132000
ICICIBANK-EQ_2024-05-13_13-25-00.png,2024-05-13_13-25-00,1117.05,1117.85,1116.5,1116.85,40786.0,1118.14,1123.29,1112.99,1127.9,1128.9,1125.2,1127.24,1066.1,1063.91,1063.91,1063.91,132500
ICICIBANK-EQ_2024-05-13_13-30-00.png,2024-05-13_13-30-00,1116.9,1117.3,1113.5,1113.95,111068.0,1118.1,1123.37,1112.83,1127.43,1129.45,1125.85,1127.58,1063.91,1066.1,1066.1,1066.1,133000
ICICIBANK-EQ_2024-05-13_13-35-00.png,2024-05-13_13-35-00,1113.95,1114.45,1112.9,1113.65,136996.0,1118.05,1123.49,1112.61,1127.5,1129.25,1127.25,1128.08,1066.1,1068.29,1068.29,1068.29,133500
ICICIBANK-EQ_2024-05-13_13-40-00.png,2024-05-13_13-40-00,1113.55,1114.65,1113.0,1113.8,64429.0,1118.02,1123.54,1112.51,1127.9,1129.75,1126.5,1128.16,1068.29,1070.48,1070.48,1070.48,134000
ICICIBANK-EQ_2024-05-13_13-45-00.png,2024-05-13_13-45-00,1113.9,1117.35,1113.4,1117.35,80769.0,1118.17,1123.43,1112.9,1128.2,1129.9,1128.2,1128.95,1070.48,1072.67,1072.67,1072.67,134500
ICICIBANK-EQ_2024-05-13_13-50-00.png,2024-05-13_13-50-00,1117.35,1127.35,1117.25,1127.3,284398.0,1118.76,1125.26,1112.25,1128.85,1130.0,1126.05,1128.0,1072.67,1074.86,1074.86,1074.86,135000
ICICIBANK-EQ_2024-05-13_13-55-00.png,2024-05-13_13-55-00,1127.3,1128.85,1124.25,1128.85,251359.0,1119.4,1127.17,1111.63,1127.97,1127.97,1122.3,1125.49,1074.86,1077.05,1077.05,1077.05,135500
ICICIBANK-EQ_2024-05-13_14-00-00.png,2024-05-13_14-00-00,1128.9,1129.0,1127.25,1128.4,137331.0,1119.99,1128.61,1111.37,1126.12,1127.25,1121.7,1124.66,1077.05,1079.24,1079.24,1079.24,140000
ICICIBANK-EQ_2024-05-13_14-05-00.png,2024-05-13_14-05-00,1128.35,1130.65,1127.0,1127.55,151409.0,1120.34,1129.61,1111.08,1124.85,1126.0,1120.0,1123.03,1079.24,1081.43,1081.43,1081.43,140500
ICICIBANK-EQ_2024-05-13_14-10-00.png,2024-05-13_14-10-00,1127.55,1127.9,1126.4,1127.55,83690.0,1120.68,1130.48,1110.87,1123.05,1125.75,1122.0,1124.11,1081.43,1083.62,1083.62,1083.62,141000
ICICIBANK-EQ_2024-05-13_14-15-00.png,2024-05-13_14-15-00,1127.7,1130.4,1127.2,1128.5,90457.0,1121.02,1131.43,1110.61,1124.35,1125.6,1123.05,1124.45,1083.62,1081.43,1081.43,1081.43,141500
ICICIBANK-EQ_2024-05-13_14-20-00.png,2024-05-13_14-20-00,1128.25,1128.85,1126.5,1127.25,85057.0,1121.31,1132.09,1110.54,1124.57,1125.0,1121.9,1123.39,1081.43,1079.24,1079.24,1079.24,142000
ICICIBANK-EQ_2024-05-13_14-25-00.png,2024-05-13_14-25-00,1127.3,1127.4,1124.9,1124.9,161575.0,1121.51,1132.4,1110.62,1123.32,1123.32,1119.5,1121.55,1079.24,1077.05,1077.05,1077.05,142500
ICICIBANK-EQ_2024-05-13_14-30-00.png,2024-05-13_14-30-00,1125.0,1126.5,1123.3,1123.85,170792.0,1121.68,1132.61,1110.75,1121.95,1121.95,1119.35,1120.66,1077.05,1074.86,1074.86,1074.86,143000
ICICIBANK-EQ_2024-05-13_14-35-00.png,2024-05-13_14-35-00,1123.95,1126.1,1123.4,1125.45,145761.0,1121.95,1132.98,1110.92,1120.9,1127.9,1119.6,1123.18,1074.86,1072.67,1072.67,1072.67,143500
ICICIBANK-EQ_2024-05-13_14-40-00.png,2024-05-13_14-40-00,1125.45,1127.7,1124.25,1126.6,194749.0,1122.34,1133.45,1111.23,1122.6,1124.85,1120.5,1122.68,1072.67,1074.86,1074.86,1074.86,144000
ICICIBANK-EQ_2024-05-13_14-45-00.png,2024-05-13_14-45-00,1126.85,1127.45,1125.25,1126.9,211005.0,1122.74,1133.9,1111.58,1122.68,1122.68,1119.1,1120.39,1074.86,1077.05,1077.05,1077.05,144500
ICICIBANK-EQ_2024-05-13_14-50-00.png,2024-05-13_14-50-00,1126.9,1128.8,1126.15,1127.5,138654.0,1123.14,1134.39,1111.89,1120.45,1120.45,1118.55,1119.71,1077.05,1074.86,1074.86,1074.86,145000
ICICIBANK-EQ_2024-05-13_14-55-00.png,2024-05-13_14-55-00,1127.95,1129.0,1126.75,1127.85,107022.0,1123.56,1134.85,1112.26,1120.0,1121.65,1119.7,1120.49,1074.86,1072.67,1072.67,1072.67,145500
ICICIBANK-EQ_2024-05-13_15-00-00.png,2024-05-13_15-00-00,1127.65,1128.9,1125.2,1127.2,428341.0,1124.06,1135.04,1113.08,1120.3,1121.6,1120.3,1120.91,1072.67,1070.48,1070.48,1070.48,150000
ICICIBANK-EQ_2024-05-13_15-05-00.png,2024-05-13_15-05-00,1127.15,1129.45,1125.85,1127.85,404196.0,1124.61,1135.16,1114.06,1120.78,1122.45,1119.05,1121.01,1070.48,1068.29,1068.29,1068.29,150500
ICICIBANK-EQ_2024-05-13_15-10-00.png,2024-05-13_15-10-00,1127.9,1129.25,1127.25,1127.9,250855.0,1125.31,1134.67,1115.95,1121.28,1122.3,1119.8,1121.16,1068.29,1066.1,1066.1,1066.1,151000
ICICIBANK-EQ_2024-05-13_15-15-00.png,2024-05-13_15-15-00,1127.9,1129.75,1126.5,1128.5,148234.0,1126.05,1133.72,1118.38,1121.28,1121.28,1119.1,1120.14,1066.1,1063.91,1063.91,1063.91,151500
ICICIBANK-EQ_2024-05-13_15-20-00.png,2024-05-13_15-20-00,1128.45,1129.9,1128.2,1129.25,207340.0,1126.82,1132.01,1121.64,1120.32,1121.45,1120.0,1120.78,1063.91,1061.73,1061.73,1061.73,152000
ICICIBANK-EQ_2024-05-13_15-25-00.png,2024-05-13_15-25-00,1129.3,1130.0,1126.05,1126.65,135710.0,1127.29,1129.95,1124.63,1120.82,1121.95,1120.55,1121.26,1061.73,1059.54,1059.54,1059.54,152500
ICICIBANK-EQ_2024-05-14_09-15-00.png,2024-05-14_09-15-00,1125.25,1127.4,1122.3,1127.0,2044805.0,1127.28,1129.94,1124.61,1121.28,1121.28,1119.3,1120.36,1059.54,1057.35,1057.35,1057.35,91500
ICICIBANK-EQ_2024-05-14_09-20-00.png,2024-05-14_09-20-00,1127.1,1127.25,1121.7,1122.6,114349.0,1126.96,1130.24,1123.68,1120.45,1121.0,1119.9,1120.31,1057.35,1059.54,1059.54,1059.54,92000
ICICIBANK-EQ_2024-05-14_09-25-00.png,2024-05-14_09-25-00,1122.5,1126.0,1120.0,1123.6,398909.0,1126.72,1130.25,1123.19,1120.18,1122.5,1120.18,1121.45,1059.54,1061.73,1061.73,1061.73,92500
ICICIBANK-EQ_2024-05-14_09-30-00.png,2024-05-14_09-30-00,1123.6,1125.75,1122.0,1125.1,230267.0,1126.6,1130.18,1123.02,1121.45,1124.45,1121.45,1123.25,1061.73,1063.91,1063.91,1063.91,93000
ICICIBANK-EQ_2024-05-14_09-35-00.png,2024-05-14_09-35-00,1125.1,1125.6,1123.05,1124.05,136798.0,1126.42,1130.15,1122.7,1123.08,1124.45,1122.8,1123.8,1063.91,1066.1,1066.1,1066.1,93500
ICICIBANK-EQ_2024-05-14_09-40-00.png,2024-05-14_09-40-00,1124.05,1125.0,1121.9,1122.6,165762.0,1126.13,1130.09,1122.17,1123.97,1125.05,1123.65,1124.42,1066.1,1068.29,1068.29,1068.29,94000
ICICIBANK-EQ_2024-05-14_09-45-00.png,2024-05-14_09-45-00,1122.6,1122.8,1119.5,1121.3,100388.0,1125.83,1130.3,1121.37,1124.5,1125.55,1123.85,1124.69,1068.29,1070.48,1070.48,1070.48,94500
ICICIBANK-EQ_2024-05-14_09-50-00.png,2024-05-14_09-50-00,1121.2,1121.5,1119.35,1120.6,67039.0,1125.62,1130.65,1120.59,1124.68,1124.75,1121.5,1123.42,1070.48,1072.67,1072.67,1072.67,95000
ICICIBANK-EQ_2024-05-14_09-55-00.png,2024-05-14_09-55-00,1120.65,1127.9,1119.6,1124.55,211336.0,1125.65,1130.64,1120.66,1123.72,1123.72,1120.05,1121.81,1072.67,1074.86,1074.86,1074.86,95500
ICICIBANK-EQ_2024-05-14_10-00-00.png,2024-05-14_10-00-00,1124.5,1124.85,1120.5,1120.85,86652.0,1125.42,1130.86,1119.99,1122.1,1123.05,1121.25,1122.2,1074.86,1077.05,1077.05,1077.05,100000
ICICIBANK-EQ_2024-05-14_10-05-00.png,2024-05-14_10-05-00,1120.9,1121.55,1119.1,1120.0,68185.0,1125.09,1131.01,1119.18,1122.25,1123.9,1122.2,1122.78,1077.05,1079.24,1079.24,1079.24,100500
ICICIBANK-EQ_2024-05-14_10-10-00.png,2024-05-14_10-10-00,1120.2,1120.3,1118.55,1119.8,55251.0,1124.74,1131.03,1118.44,1122.5,1123.95,1121.4,1122.8,1079.24,1081.43,1081.43,1081.43,101000
ICICIBANK-EQ_2024-05-14_10-15-00.png,2024-05-14_10-15-00,1119.9,1121.65,1119.7,1120.7,43258.0,1124.4,1130.8,1118.0,1122.92,1124.0,1122.4,1123.18,1081.43,1079.24,1079.24,1079.24,101500
ICICIBANK-EQ_2024-05-14_10-20-00.png,2024-05-14_10-20-00,1120.95,1121.6,1120.5,1120.6,35906.0,1124.04,1130.43,1117.64,1123.15,1123.8,1122.7,1123.19,1079.24,1077.05,1077.05,1077.05,102000
ICICIBANK-EQ_2024-05-14_10-25-00.png,2024-05-14_10-25-00,1120.6,1122.45,1119.05,1121.95,76575.0,1123.77,1130.06,1117.49,1123.12,1123.9,1122.25,1123.4,1077.05,1074.86,1074.86,1074.86,102500
ICICIBANK-EQ_2024-05-14_10-30-00.png,2024-05-14_10-30-00,1122.1,1122.3,1119.8,1120.45,96986.0,1123.4,1129.54,1117.26,1123.72,1124.0,1122.7,1123.57,1074.86,1072.67,1072.67,1072.67,103000
ICICIBANK-EQ_2024-05-14_10-35-00.png,2024-05-14_10-35-00,1120.4,1120.8,1119.1,1120.25,96676.0,1123.02,1128.93,1117.11,1123.8,1123.95,1122.25,1123.21,1072.67,1074.86,1074.86,1074.86,103500
ICICIBANK-EQ_2024-05-14_10-40-00.png,2024-05-14_10-40-00,1120.25,1121.45,1120.0,1121.4,37416.0,1122.66,1128.02,1117.31,1123.32,1123.32,1120.3,1121.79,1074.86,1077.05,1077.05,1077.05,104000
ICICIBANK-EQ_2024-05-14_10-45-00.png,2024-05-14_10-45-00,1121.4,1121.95,1120.55,1121.15,37456.0,1122.26,1126.65,1117.87,1122.05,1122.05,1120.55,1121.28,1077.05,1079.24,1079.24,1079.24,104500
ICICIBANK-EQ_2024-05-14_10-50-00.png,2024-05-14_10-50-00,1121.1,1121.25,1119.3,1119.8,57958.0,1121.92,1125.92,1117.91,1121.32,1121.8,1120.35,1121.11,1079.24,1077.05,1077.05,1077.05,105000
ICICIBANK-EQ_2024-05-14_10-55-00.png,2024-05-14_10-55-00,1119.9,1121.0,1119.9,1120.45,32111.0,1121.59,1124.84,1118.34,1121.15,1121.85,1120.05,1120.79,1077.05,1074.86,1074.86,1074.86,105500
ICICIBANK-EQ_2024-05-14_11-00-00.png,2024-05-14_11-00-00,1120.4,1122.5,1120.4,1122.5,70948.0,1121.58,1124.83,1118.34,1120.62,1121.3,1119.35,1120.31,1074.86,1072.67,1072.67,1072.67,110000
ICICIBANK-EQ_2024-05-14_11-05-00.png,2024-05-14_11-05-00,1122.5,1124.45,1122.4,1123.65,109896.0,1121.59,1124.84,1118.33,1120.3,1120.65,1119.0,1119.69,1072.67,1070.48,1070.48,1070.48,110500
ICICIBANK-EQ_2024-05-14_11-10-00.png,2024-05-14_11-10-00,1123.55,1124.45,1122.8,1124.4,60826.0,1121.55,1124.66,1118.45,1119.55,1120.45,1119.25,1119.86,1070.48,1072.67,1072.67,1072.67,111000
ICICIBANK-EQ_2024-05-14_11-15-00.png,2024-05-14_11-15-00,1124.4,1125.05,1123.65,1124.6,61196.0,1121.58,1124.79,1118.37,1119.88,1121.2,1119.0,1120.28,1072.67,1070.48,1070.48,1070.48,111500
ICICIBANK-EQ_2024-05-14_11-20-00.png,2024-05-14_11-20-00,1124.6,1125.55,1123.85,1124.75,36381.0,1121.69,1125.17,1118.2,1120.45,1121.45,1120.1,1120.76,1070.48,1068.29,1068.29,1068.29,112000
ICICIBANK-EQ_2024-05-14_11-25-00.png,2024-05-14_11-25-00,1124.75,1124.75,1121.5,1122.7,72697.0,1121.76,1125.26,1118.25,1120.75,1121.9,1120.0,1120.81,1068.29,1066.1,1066.1,1066.1,112500
ICICIBANK-EQ_2024-05-14_11-30-00.png,2024-05-14_11-30-00,1122.4,1123.0,1120.05,1121.8,49124.0,1121.82,1125.28,1118.35,1120.68,1121.5,1120.3,1120.79,1066.1,1063.91,1063.91,1063.91,113000
ICICIBANK-EQ_2024-05-14_11-35-00.png,2024-05-14_11-35-00,1121.8,1123.05,1121.25,1122.7,57157.0,1121.72,1124.97,1118.48,1120.68,1121.4,1120.0,1120.75,1063.91,1061.73,1061.73,1061.73,113500
ICICIBANK-EQ_2024-05-14_11-40-00.png,2024-05-14_11-40-00,1122.7,1123.9,1122.2,1122.3,48344.0,1121.8,1125.03,1118.57,1120.8,1120.95,1119.0,1120.05,1061.73,1063.91,1063.91,1063.91,114000
ICICIBANK-EQ_2024-05-14_11-45-00.png,2024-05-14_11-45-00,1122.3,1123.95,1121.4,1123.55,29221.0,1121.97,1125.18,1118.77,1120.12,1120.2,1119.15,1119.7,1063.91,1066.1,1066.1,1066.1,114500
ICICIBANK-EQ_2024-05-14_11-50-00.png,2024-05-14_11-50-00,1123.55,1124.0,1122.4,1122.75,36625.0,1122.12,1125.18,1119.07,1119.72,1120.6,1119.5,1120.0,1066.1,1068.29,1068.29,1068.29,115000
ICICIBANK-EQ_2024-05-14_11-55-00.png,2024-05-14_11-55-00,1122.75,1123.8,1122.7,1123.5,31215.0,1122.26,1125.3,1119.23,1119.95,1120.75,1119.15,1120.03,1068.29,1070.48,1070.48,1070.48,115500
ICICIBANK-EQ_2024-05-14_12-00-00.png,2024-05-14_12-00-00,1123.55,1123.9,1122.25,1123.9,50841.0,1122.43,1125.44,1119.41,1120.1,1120.95,1119.35,1120.32,1070.48,1072.67,1072.67,1072.67,120000
ICICIBANK-EQ_2024-05-14_12-05-00.png,2024-05-14_12-05-00,1123.7,1124.0,1122.7,1123.9,32641.0,1122.53,1125.6,1119.45,1120.5,1121.25,1120.25,1120.82,1072.67,1070.48,1070.48,1070.48,120500
ICICIBANK-EQ_2024-05-14_12-10-00.png,2024-05-14_12-10-00,1123.9,1123.95,1122.25,1122.75,28051.0,1122.64,1125.55,1119.73,1120.9,1121.5,1120.3,1121.04,1070.48,1068.29,1068.29,1068.29,121000
ICICIBANK-EQ_2024-05-14_12-15-00.png,2024-05-14_12-15-00,1122.75,1122.75,1120.3,1121.35,53307.0,1122.7,1125.46,1119.93,1121.18,1121.9,1120.6,1121.29,1068.29,1066.1,1066.1,1066.1,121500
ICICIBANK-EQ_2024-05-14_12-20-00.png,2024-05-14_12-20-00,1121.3,1121.9,1120.55,1121.35,26918.0,1122.69,1125.46,1119.92,1121.32,1121.8,1120.85,1121.44,1066.1,1063.91,1063.91,1063.91,122000
ICICIBANK-EQ_2024-05-14_12-25-00.png,2024-05-14_12-25-00,1121.5,1121.8,1120.35,1120.8,37367.0,1122.68,1125.49,1119.86,1121.55,1122.55,1121.4,1122.01,1063.91,1061.73,1061.73,1061.73,122500
ICICIBANK-EQ_2024-05-14_12-30-00.png,2024-05-14_12-30-00,1120.6,1121.85,1120.05,1120.65,33898.0,1122.72,1125.37,1120.07,1122.05,1122.4,1121.05,1122.03,1061.73,1059.54,1059.54,1059.54,123000
ICICIBANK-EQ_2024-05-14_12-35-00.png,2024-05-14_12-35-00,1120.65,1121.3,1119.35,1119.95,51448.0,1122.69,1125.44,1119.94,1122.32,1122.55,1121.0,1121.86,1059.54,1057.35,1057.35,1057.35,123500
ICICIBANK-EQ_2024-05-14_12-40-00.png,2024-05-14_12-40-00,1119.7,1120.65,1119.0,1119.4,58229.0,1122.54,1125.66,1119.42,1121.95,1121.95,1119.0,1120.84,1057.35,1055.16,1055.16,1055.16,124000
ICICIBANK-EQ_2024-05-14_12-45-00.png,2024-05-14_12-45-00,1119.7,1120.45,1119.25,1120.05,62518.0,1122.36,1125.62,1119.1,1121.35,1121.8,1120.25,1121.22,1055.16,1057.35,1057.35,1057.35,124500
ICICIBANK-EQ_2024-05-14_12-50-00.png,2024-05-14_12-50-00,1120.05,1121.2,1119.0,1120.85,81087.0,1122.18,1125.36,1119.0,1121.43,1122.75,1121.43,1121.92,1057.35,1059.54,1059.54,1059.54,125000
ICICIBANK-EQ_2024-05-14_12-55-00.png,2024-05-14_12-55-00,1120.85,1121.45,1120.1,1120.65,75188.0,1121.98,1125.02,1118.95,1121.75,1121.9,1119.65,1120.91,1059.54,1061.73,1061.73,1061.73,125500
ICICIBANK-EQ_2024-05-14_13-00-00.png,2024-05-14_13-00-00,1120.65,1121.9,1120.0,1120.7,79175.0,1121.78,1124.57,1118.99,1121.05,1121.05,1119.55,1120.32,1061.73,1063.91,1063.91,1063.91,130000
ICICIBANK-EQ_2024-05-14_13-05-00.png,2024-05-14_13-05-00,1120.6,1121.5,1120.3,1120.75,79111.0,1121.68,1124.47,1118.9,1120.38,1121.25,1120.05,1120.7,1063.91,1066.1,1066.1,1066.1,130500
ICICIBANK-EQ_2024-05-14_13-10-00.png,2024-05-14_13-10-00,1120.85,1121.4,1120.0,1120.75,32589.0,1121.63,1124.45,1118.81,1120.75,1121.4,1120.15,1120.76,1066.1,1068.29,1068.29,1068.29,131000
ICICIBANK-EQ_2024-05-14_13-15-00.png,2024-05-14_13-15-00,1120.7,1120.95,1119.0,1119.55,50125.0,1121.47,1124.39,1118.56,1120.75,1121.5,1120.25,1121.01,1068.29,1070.48,1070.48,1070.48,131500
ICICIBANK-EQ_2024-05-14_13-20-00.png,2024-05-14_13-20-00,1119.55,1120.2,1119.15,1119.9,41420.0,1121.35,1124.32,1118.38,1121.15,1122.65,1121.15,1121.81,1070.48,1072.67,1072.67,1072.67,132000
ICICIBANK-EQ_2024-05-14_13-25-00.png,2024-05-14_13-25-00,1119.85,1120.6,1119.5,1120.05,35121.0,1121.18,1124.01,1118.34,1121.6,1122.1,1120.3,1121.38,1072.67,1074.86,1074.86,1074.86,132500
ICICIBANK-EQ_2024-05-14_13-30-00.png,2024-05-14_13-30-00,1120.0,1120.75,1119.15,1120.2,136494.0,1121.05,1123.81,1118.29,1121.55,1121.55,1119.3,1120.36,1074.86,1072.67,1072.67,1072.67,133000
ICICIBANK-EQ_2024-05-14_13-35-00.png,2024-05-14_13-35-00,1120.1,1120.95,1119.35,1120.9,40968.0,1120.92,1123.43,1118.41,1120.35,1120.95,1119.3,1119.88,1072.67,1070.48,1070.48,1070.48,133500
ICICIBANK-EQ_2024-05-14_13-40-00.png,2024-05-14_13-40-00,1120.8,1121.25,1120.25,1121.0,38523.0,1120.78,1122.86,1118.69,1119.62,1120.75,1119.3,1119.82,1070.48,1068.29,1068.29,1068.29,134000
ICICIBANK-EQ_2024-05-14_13-45-00.png,2024-05-14_13-45-00,1121.05,1121.5,1120.3,1121.3,47090.0,1120.64,1122.15,1119.14,1119.62,1121.45,1119.62,1120.5,1068.29,1066.1,1066.1,1066.1,134500
ICICIBANK-EQ_2024-05-14_13-50-00.png,2024-05-14_13-50-00,1121.15,1121.9,1120.6,1121.5,43908.0,1120.58,1121.8,1119.36,1120.35,1121.05,1120.0,1120.56,1066.1,1063.91,1063.91,1063.91,135000
ICICIBANK-EQ_2024-05-14_13-55-00.png,2024-05-14_13-55-00,1121.55,1121.8,1120.85,1121.55,35291.0,1120.59,1121.84,1119.34,1120.6,1126.35,1120.6,1124.01,1063.91,1066.1,1066.1,1066.1,135500
ICICIBANK-EQ_2024-05-14_14-00-00.png,2024-05-14_14-00-00,1121.6,1122.55,1121.4,1122.5,54324.0,1120.65,1122.13,1119.17,1124.03,1125.4,1122.5,1124.03,1066.1,1068.29,1068.29,1068.29,140000
ICICIBANK-EQ_2024-05-14_14-05-00.png,2024-05-14_14-05-00,1122.35,1122.4,1121.05,1122.3,70364.0,1120.72,1122.38,1119.07,1124.1,1124.1,1120.2,1121.76,1068.29,1070.48,1070.48,1070.48,140500
ICICIBANK-EQ_2024-05-14_14-10-00.png,2024-05-14_14-10-00,1122.35,1122.55,1121.0,1121.55,51121.0,1120.77,1122.46,1119.08,1121.92,1121.92,1119.15,1120.38,1070.48,1072.67,1072.67,1072.67,141000
ICICIBANK-EQ_2024-05-14_14-15-00.png,2024-05-14_14-15-00,1121.4,1121.65,1119.0,1121.3,124225.0,1120.84,1122.5,1119.17,1120.55,1120.6,1118.65,1119.64,1072.67,1074.86,1074.86,1074.86,141500
ICICIBANK-EQ_2024-05-14_14-20-00.png,2024-05-14_14-20-00,1121.2,1121.8,1120.25,1121.65,125352.0,1120.95,1122.5,1119.4,1119.65,1121.6,1119.25,1120.26,1074.86,1077.05,1077.05,1077.05,142000
ICICIBANK-EQ_2024-05-14_14-25-00.png,2024-05-14_14-25-00,1121.7,1122.75,1121.45,1121.8,56383.0,1121.04,1122.58,1119.5,1120.1,1123.2,1120.1,1121.74,1077.05,1079.24,1079.24,1079.24,142500
ICICIBANK-EQ_2024-05-14_14-30-00.png,2024-05-14_14-30-00,1121.85,1121.9,1119.65,1120.25,114715.0,1121.01,1122.58,1119.43,1121.6,1122.6,1120.45,1121.61,1079.24,1081.43,1081.43,1081.43,143000
ICICIBANK-EQ_2024-05-14_14-35-00.png,2024-05-14_14-35-00,1120.05,1121.0,1119.55,1120.7,77506.0,1121.01,1122.58,1119.44,1121.7,1121.7,1118.0,1119.95,1081.43,1083.62,1083.62,1083.62,143500
ICICIBANK-EQ_2024-05-14_14-40-00.png,2024-05-14_14-40-00,1120.7,1121.25,1120.05,1120.8,61534.0,1121.01,1122.59,1119.44,1120.05,1120.05,1117.4,1118.56,1083.62,1081.43,1081.43,1081.43,144000
ICICIBANK-EQ_2024-05-14_14-45-00.png,2024-05-14_14-45-00,1120.7,1121.4,1120.15,1120.8,65596.0,1121.02,1122.59,1119.45,1118.68,1119.35,1116.0,1117.72,1081.43,1079.24,1079.24,1079.24,144500
ICICIBANK-EQ_2024-05-14_14-50-00.png,2024-05-14_14-50-00,1120.8,1121.5,1120.25,1121.5,56443.0,1121.05,1122.63,1119.48,1117.78,1118.5,1116.0,1117.61,1079.24,1077.05,1077.05,1077.05,145000
ICICIBANK-EQ_2024-05-14_14-55-00.png,2024-05-14_14-55-00,1121.5,1122.65,1121.4,1121.7,149446.0,1121.16,1122.59,1119.73,1117.97,1120.35,1116.0,1118.5,1077.05,1074.86,1074.86,1074.86,145500
ICICIBANK-EQ_2024-05-14_15-00-00.png,2024-05-14_15-00-00,1122.05,1122.1,1120.3,1121.05,396816.0,1121.22,1122.53,1119.91,1118.82,1120.1,1118.15,1119.25,1074.86,1072.67,1072.67,1072.67,150000
ICICIBANK-EQ_2024-05-14_15-05-00.png,2024-05-14_15-05-00,1121.1,1121.45,1119.3,1119.6,346729.0,1121.2,1122.6,1119.8,1119.38,1119.38,1115.6,1117.4,1072.67,1070.48,1070.48,1070.48,150500
ICICIBANK-EQ_2024-05-14_15-10-00.png,2024-05-14_15-10-00,1119.75,1120.95,1119.3,1119.5,214769.0,1121.16,1122.7,1119.63,1117.5,1118.3,1115.6,1116.9,1070.48,1068.29,1068.29,1068.29,151000
ICICIBANK-EQ_2024-05-14_15-15-00.png,2024-05-14_15-15-00,1119.5,1120.75,1119.3,1119.75,306147.0,1121.1,1122.76,1119.45,1116.85,1117.7,1115.8,1116.86,1068.29,1070.48,1070.48,1070.48,151500
ICICIBANK-EQ_2024-05-14_15-20-00.png,2024-05-14_15-20-00,1120.1,1121.45,1119.85,1120.6,241822.0,1121.08,1122.76,1119.41,1116.97,1117.1,1115.65,1116.39,1070.48,1072.67,1072.67,1072.67,152000
ICICIBANK-EQ_2024-05-14_15-25-00.png,2024-05-14_15-25-00,1120.6,1121.05,1120.0,1120.6,195364.0,1121.05,1122.73,1119.37,1116.4,1116.6,1114.7,1115.85,1072.67,1074.86,1074.86,1074.86,152500
ICICIBANK-EQ_2024-05-15_09-15-00.png,2024-05-15_09-15-00,1122.95,1126.35,1121.65,1125.1,167010.0,1121.23,1123.7,1118.76,1116.05,1117.25,1115.15,1116.41,1074.86,1077.05,1077.05,1077.05,91500
ICICIBANK-EQ_2024-05-15_09-20-00.png,2024-05-15_09-20-00,1125.4,1125.4,1122.5,1122.8,66155.0,1121.29,1123.86,1118.73,1116.62,1117.45,1115.6,1116.6,1077.05,1079.24,1079.24,1079.24,92000
ICICIBANK-EQ_2024-05-15_09-25-00.png,2024-05-15_09-25-00,1122.8,1123.0,1120.2,1121.05,75389.0,1121.22,1123.72,1118.72,1116.68,1118.95,1116.05,1117.29,1079.24,1081.43,1081.43,1081.43,92500
ICICIBANK-EQ_2024-05-15_09-30-00.png,2024-05-15_09-30-00,1121.05,1121.25,1119.15,1120.05,150632.0,1121.11,1123.61,1118.61,1117.07,1118.75,1116.55,1117.61,1081.43,1083.62,1083.62,1083.62,93000
ICICIBANK-EQ_2024-05-15_09-35-00.png,2024-05-15_09-35-00,1120.05,1120.6,1118.65,1119.25,136072.0,1120.99,1123.62,1118.37,1117.57,1118.2,1116.4,1117.35,1083.62,1085.81,1085.81,1085.81,93500
ICICIBANK-EQ_2024-05-15_09-40-00.png,2024-05-15_09-40-00,1119.25,1121.6,1119.25,1120.95,133817.0,1120.97,1123.6,1118.35,1117.4,1117.95,1116.2,1117.1,1085.81,1088.0,1088.0,1088.0,94000
ICICIBANK-EQ_2024-05-15_09-45-00.png,2024-05-15_09-45-00,1120.9,1123.2,1120.55,1122.3,145293.0,1121.01,1123.68,1118.34,1117.12,1118.0,1116.15,1117.08,1088.0,1085.81,1085.81,1085.81,94500
ICICIBANK-EQ_2024-05-15_09-50-00.png,2024-05-15_09-50-00,1122.45,1122.6,1120.45,1120.95,81345.0,1120.96,1123.61,1118.32,1117.08,1117.95,1114.8,1116.29,1085.81,1083.62,1083.62,1083.62,95000
ICICIBANK-EQ_2024-05-15_09-55-00.png,2024-05-15_09-55-00,1121.15,1121.7,1118.0,1118.95,146472.0,1120.9,1123.68,1118.12,1116.2,1116.2,1113.5,1114.62,1083.62,1081.43,1081.43,1081.43,95500
ICICIBANK-EQ_2024-05-15_10-00-00.png,2024-05-15_10-00-00,1119.1,1119.5,1117.4,1118.25,131876.0,1120.78,1123.8,1117.75,1114.8,1116.1,1114.2,1114.97,1081.43,1079.24,1079.24,1079.24,100000
ICICIBANK-EQ_2024-05-15_10-05-00.png,2024-05-15_10-05-00,1118.25,1119.35,1116.0,1117.3,216286.0,1120.6,1124.0,1117.2,1114.8,1115.35,1114.05,1114.93,1079.24,1077.05,1077.05,1077.05,100500
ICICIBANK-EQ_2024-05-15_10-10-00.png,2024-05-15_10-10-00,1117.7,1118.5,1116.0,1118.25,208219.0,1120.47,1124.03,1116.92,1115.15,1116.7,1114.85,1115.69,1077.05,1074.86,1074.86,1074.86,101000
ICICIBANK-EQ_2024-05-15_10-15-00.png,2024-05-15_10-15-00,1118.05,1120.35,1116.0,1119.6,202526.0,1120.38,1123.92,1116.84,1115.6,1116.55,1115.45,1115.94,1074.86,1072.67,1072.67,1072.67,101500
ICICIBANK-EQ_2024-05-15_10-20-00.png,2024-05-15_10-20-00,1119.95,1120.1,1118.15,1118.8,91768.0,1120.24,1123.79,1116.68,1115.88,1118.15,1115.8,1116.96,1072.67,1074.86,1074.86,1074.86,102000
ICICIBANK-EQ_2024-05-15_10-25-00.png,2024-05-15_10-25-00,1118.55,1119.0,1115.6,1116.45,90882.0,1120.0,1123.91,1116.1,1116.95,1118.35,1116.95,1117.77,1074.86,1077.05,1077.05,1077.05,102500
ICICIBANK-EQ_2024-05-15_10-30-00.png,2024-05-15_10-30-00,1116.55,1118.3,1115.6,1117.15,111930.0,1119.88,1123.99,1115.77,1117.75,1118.05,1117.0,1117.64,1077.05,1079.24,1079.24,1079.24,103000
ICICIBANK-EQ_2024-05-15_10-35-00.png,2024-05-15_10-35-00,1117.5,1117.7,1115.8,1116.45,75556.0,1119.73,1124.12,1115.34,1117.75,1118.35,1117.0,1117.61,1079.24,1081.43,1081.43,1081.43,103500
ICICIBANK-EQ_2024-05-15_10-40-00.png,2024-05-15_10-40-00,1116.8,1117.1,1115.65,1116.0,63498.0,1119.54,1124.23,1114.85,1117.55,1118.35,1117.0,1117.6,1081.43,1083.62,1083.62,1083.62,104000
ICICIBANK-EQ_2024-05-15_10-45-00.png,2024-05-15_10-45-00,1116.05,1116.6,1114.7,1116.05,84290.0,1119.32,1124.23,1114.4,1117.53,1118.25,1116.0,1117.3,1083.62,1085.81,1085.81,1085.81,104500
ICICIBANK-EQ_2024-05-15_10-50-00.png,2024-05-15_10-50-00,1116.2,1117.25,1115.15,1117.05,56415.0,1119.14,1124.11,1114.16,1117.47,1117.7,1116.5,1117.18,1085.81,1083.62,1083.62,1083.62,105000
ICICIBANK-EQ_2024-05-15_10-55-00.png,2024-05-15_10-55-00,1117.1,1117.45,1115.6,1116.25,48533.0,1118.7,1122.96,1114.43,1117.25,1118.6,1117.25,1117.84,1083.62,1081.43,1081.43,1081.43,105500
ICICIBANK-EQ_2024-05-15_11-00-00.png,2024-05-15_11-00-00,1116.05,1118.95,1116.05,1118.1,173286.0,1118.46,1122.26,1114.66,1117.7,1118.9,1117.35,1118.25,1081.43,1079.24,1079.24,1079.24,110000
ICICIBANK-EQ_2024-05-15_11-05-00.png,2024-05-15_11-05-00,1118.1,1118.75,1116.55,1117.05,74171.0,1118.26,1121.91,1114.61,1118.38,1119.35,1117.6,1118.36,1079.24,1077.05,1077.05,1077.05,110500
ICICIBANK-EQ_2024-05-15_11-10-00.png,2024-05-15_11-10-00,1117.05,1118.2,1116.4,1117.75,89120.0,1118.14,1121.7,1114.59,1118.25,1118.6,1117.45,1117.96,1077.05,1074.86,1074.86,1074.86,111000
ICICIBANK-EQ_2024-05-15_11-15-00.png,2024-05-15_11-15-00,1117.75,1117.95,1116.2,1116.5,42054.0,1118.01,1121.59,1114.42,1117.9,1119.0,1117.1,1118.04,1074.86,1072.67,1072.67,1072.67,111500
ICICIBANK-EQ_2024-05-15_11-20-00.png,2024-05-15_11-20-00,1116.7,1118.0,1116.15,1117.45,59525.0,1117.83,1121.15,1114.52,1118.03,1118.55,1116.05,1117.32,1072.67,1070.48,1070.48,1070.48,112000
ICICIBANK-EQ_2024-05-15_11-25-00.png,2024-05-15_11-25-00,1117.45,1117.95,1114.8,1114.95,161276.0,1117.46,1120.29,1114.64,1117.35,1118.6,1116.25,1117.47,1070.48,1072.67,1072.67,1072.67,112500
ICICIBANK-EQ_2024-05-15_11-30-00.png,2024-05-15_11-30-00,1115.0,1115.4,1113.5,1114.6,155970.0,1117.15,1119.74,1114.56,1117.53,1119.0,1117.53,1118.5,1072.67,1074.86,1074.86,1074.86,113000
ICICIBANK-EQ_2024-05-15_11-35-00.png,2024-05-15_11-35-00,1114.55,1116.1,1114.2,1115.05,146652.0,1116.95,1119.56,1114.35,1118.47,1118.9,1117.55,1118.28,1074.86,1077.05,1077.05,1077.05,113500
ICICIBANK-EQ_2024-05-15_11-40-00.png,2024-05-15_11-40-00,1115.15,1115.35,1114.05,1115.15,71667.0,1116.8,1119.45,1114.15,1118.32,1119.1,1117.5,1118.28,1077.05,1079.24,1079.24,1079.24,114000
ICICIBANK-EQ_2024-05-15_11-45-00.png,2024-05-15_11-45-00,1115.15,1116.7,1114.85,1116.05,100953.0,1116.74,1119.39,1114.08,1118.25,1119.8,1118.05,1118.76,1079.24,1081.43,1081.43,1081.43,114500
ICICIBANK-EQ_2024-05-15_11-50-00.png,2024-05-15_11-50-00,1116.05,1116.55,1115.45,1115.7,64603.0,1116.61,1119.2,1114.01,1118.6,1119.85,1117.9,1118.95,1081.43,1083.62,1083.62,1083.62,115000
ICICIBANK-EQ_2024-05-15_11-55-00.png,2024-05-15_11-55-00,1116.0,1118.15,1115.8,1117.9,162002.0,1116.52,1118.8,1114.25,1119.03,1119.25,1116.5,1118.06,1083.62,1085.81,1085.81,1085.81,115500
ICICIBANK-EQ_2024-05-15_12-00-00.png,2024-05-15_12-00-00,1117.8,1118.35,1117.25,1117.7,78135.0,1116.47,1118.56,1114.38,1118.25,1118.5,1117.05,1117.78,1085.81,1083.62,1083.62,1083.62,120000
ICICIBANK-EQ_2024-05-15_12-05-00.png,2024-05-15_12-05-00,1117.55,1118.05,1117.0,1117.95,94658.0,1116.54,1118.73,1114.35,1117.78,1118.8,1117.75,1118.38,1083.62,1081.43,1081.43,1081.43,120500
ICICIBANK-EQ_2024-05-15_12-10-00.png,2024-05-15_12-10-00,1117.95,1118.35,1117.0,1117.15,47421.0,1116.54,1118.73,1114.35,1118.47,1119.5,1117.9,1118.89,1081.43,1079.24,1079.24,1079.24,121000
ICICIBANK-EQ_2024-05-15_12-15-00.png,2024-05-15_12-15-00,1117.15,1118.35,1117.0,1117.9,68050.0,1116.62,1118.89,1114.34,1119.08,1120.0,1118.4,1119.32,1079.24,1077.05,1077.05,1077.05,121500
ICICIBANK-EQ_2024-05-15_12-20-00.png,2024-05-15_12-20-00,1117.9,1118.25,1116.0,1117.05,57598.0,1116.67,1118.93,1114.41,1119.45,1120.55,1118.75,1119.76,1077.05,1074.86,1074.86,1074.86,122000
ICICIBANK-EQ_2024-05-15_12-25-00.png,2024-05-15_12-25-00,1117.0,1117.7,1116.5,1117.5,60565.0,1116.74,1119.01,1114.47,1119.88,1121.85,1119.88,1120.88,1074.86,1072.67,1072.67,1072.67,122500
ICICIBANK-EQ_2024-05-15_12-30-00.png,2024-05-15_12-30-00,1117.45,1118.6,1117.35,1117.95,55257.0,1116.79,1119.12,1114.45,1120.82,1122.75,1120.82,1121.65,1072.67,1070.48,1070.48,1070.48,123000
ICICIBANK-EQ_2024-05-15_12-35-00.png,2024-05-15_12-35-00,1117.95,1118.9,1117.35,1118.8,67639.0,1116.91,1119.4,1114.43,1121.42,1123.55,1121.0,1121.96,1070.48,1072.67,1072.67,1072.67,123500
ICICIBANK-EQ_2024-05-15_12-40-00.png,2024-05-15_12-40-00,1118.8,1119.35,1117.6,1117.7,62268.0,1116.89,1119.34,1114.44,1121.65,1122.1,1121.0,1121.55,1072.67,1074.86,1074.86,1074.86,124000
ICICIBANK-EQ_2024-05-15_12-45-00.png,2024-05-15_12-45-00,1117.85,1118.6,1117.45,1117.95,46372.0,1116.94,1119.43,1114.44,1121.55,1121.8,1120.3,1121.1,1074.86,1077.05,1077.05,1077.05,124500
ICICIBANK-EQ_2024-05-15_12-50-00.png,2024-05-15_12-50-00,1117.95,1119.0,1117.1,1118.1,67478.0,1116.96,1119.48,1114.43,1121.15,1121.55,1119.25,1120.81,1077.05,1079.24,1079.24,1079.24,125000
ICICIBANK-EQ_2024-05-15_12-55-00.png,2024-05-15_12-55-00,1118.1,1118.55,1116.05,1116.6,56237.0,1116.96,1119.48,1114.44,1121.22,1122.1,1120.7,1121.46,1079.24,1077.05,1077.05,1077.05,125500
ICICIBANK-EQ_2024-05-15_13-00-00.png,2024-05-15_13-00-00,1116.6,1118.6,1116.25,1118.45,48264.0,1117.01,1119.61,1114.41,1121.53,1123.2,1121.25,1122.11,1077.05,1074.86,1074.86,1074.86,130000
ICICIBANK-EQ_2024-05-15_13-05-00.png,2024-05-15_13-05-00,1118.45,1119.0,1118.05,1118.5,42846.0,1117.19,1119.68,1114.7,1122.0,1122.65,1120.25,1121.49,1074.86,1072.67,1072.67,1072.67,130500
ICICIBANK-EQ_2024-05-15_13-10-00.png,2024-05-15_13-10-00,1118.5,1118.9,1117.55,1118.15,60585.0,1117.36,1119.57,1115.16,1121.53,1121.6,1119.4,1120.79,1072.67,1070.48,1070.48,1070.48,131000
ICICIBANK-EQ_2024-05-15_13-15-00.png,2024-05-15_13-15-00,1118.15,1119.1,1117.5,1118.35,44302.0,1117.53,1119.48,1115.58,1121.08,1122.55,1119.1,1121.3,1070.48,1068.29,1068.29,1068.29,131500
ICICIBANK-EQ_2024-05-15_13-20-00.png,2024-05-15_13-20-00,1118.4,1119.8,1118.05,1118.8,74265.0,1117.71,1119.39,1116.03,1121.78,1122.65,1120.15,1121.75,1068.29,1066.1,1066.1,1066.1,132000
ICICIBANK-EQ_2024-05-15_13-25-00.png,2024-05-15_13-25-00,1118.8,1119.85,1117.9,1119.25,84013.0,1117.87,1119.49,1116.25,1122.1,1122.95,1121.7,1122.34,1066.1,1068.29,1068.29,1068.29,132500
ICICIBANK-EQ_2024-05-15_13-30-00.png,2024-05-15_13-30-00,1119.25,1119.25,1116.5,1117.25,103901.0,1117.95,1119.25,1116.65,1122.35,1125.5,1121.85,1123.75,1068.29,1070.48,1070.48,1070.48,133000
ICICIBANK-EQ_2024-05-15_13-35-00.png,2024-05-15_13-35-00,1117.3,1118.5,1117.05,1118.25,33356.0,1117.97,1119.27,1116.66,1123.82,1125.8,1123.3,1124.71,1070.48,1072.67,1072.67,1072.67,133500
ICICIBANK-EQ_2024-05-15_13-40-00.png,2024-05-15_13-40-00,1118.3,1118.8,1117.75,1118.65,29498.0,1118.01,1119.35,1116.68,1124.88,1125.55,1123.0,1124.41,1072.67,1074.86,1074.86,1074.86,134000
ICICIBANK-EQ_2024-05-15_13-45-00.png,2024-05-15_13-45-00,1118.65,1119.5,1117.9,1119.5,59061.0,1118.09,1119.58,1116.6,1124.55,1126.0,1124.3,1125.09,1074.86,1072.67,1072.67,1072.67,134500
ICICIBANK-EQ_2024-05-15_13-50-00.png,2024-05-15_13-50-00,1119.25,1120.0,1118.4,1119.65,48866.0,1118.22,1119.79,1116.65,1125.03,1127.8,1124.35,1125.74,1072.67,1070.48,1070.48,1070.48,135000
ICICIBANK-EQ_2024-05-15_13-55-00.png,2024-05-15_13-55-00,1119.65,1120.55,1118.75,1120.1,61429.0,1118.33,1120.1,1116.55,1125.4,1135.0,1125.4,1132.64,1070.48,1072.67,1072.67,1072.67,135500
ICICIBANK-EQ_2024-05-15_14-00-00.png,2024-05-15_14-00-00,1120.1,1121.85,1120.0,1121.55,66744.0,1118.55,1120.74,1116.37,1132.38,1136.55,1132.38,1134.4,1072.67,1074.86,1074.86,1074.86,140000
ICICIBANK-EQ_2024-05-15_14-05-00.png,2024-05-15_14-05-00,1121.55,1122.75,1121.0,1121.3,203872.0,1118.74,1121.19,1116.3,1133.97,1135.95,1133.55,1134.74,1074.86,1077.05,1077.05,1077.05,140500
ICICIBANK-EQ_2024-05-15_14-10-00.png,2024-05-15_14-10-00,1121.45,1123.55,1121.0,1121.85,207566.0,1118.94,1121.72,1116.16,1134.72,1136.1,1128.85,1132.26,1077.05,1079.24,1079.24,1079.24,141000
ICICIBANK-EQ_2024-05-15_14-15-00.png,2024-05-15_14-15-00,1121.85,1122.1,1121.0,1121.25,174772.0,1119.06,1122.02,1116.1,1132.05,1132.05,1126.4,1128.36,1079.24,1081.43,1081.43,1081.43,141500
ICICIBANK-EQ_2024-05-15_14-20-00.png,2024-05-15_14-20-00,1121.4,1121.8,1120.3,1120.9,191550.0,1119.22,1122.22,1116.22,1128.53,1129.0,1126.35,1127.55,1081.43,1083.62,1083.62,1083.62,142000
ICICIBANK-EQ_2024-05-15_14-25-00.png,2024-05-15_14-25-00,1120.9,1121.55,1119.25,1121.55,266815.0,1119.4,1122.51,1116.29,1127.42,1130.35,1127.05,1128.54,1083.62,1081.43,1081.43,1081.43,142500
ICICIBANK-EQ_2024-05-15_14-30-00.png,2024-05-15_14-30-00,1121.15,1122.1,1120.7,1121.9,218386.0,1119.59,1122.83,1116.35,1128.38,1131.3,1128.38,1129.89,1081.43,1079.24,1079.24,1079.24,143000
ICICIBANK-EQ_2024-05-15_14-35-00.png,2024-05-15_14-35-00,1121.95,1123.2,1121.25,1122.05,152382.0,1119.86,1122.95,1116.77,1129.65,1131.4,1128.7,1129.9,1079.24,1077.05,1077.05,1077.05,143500
ICICIBANK-EQ_2024-05-15_14-40-00.png,2024-05-15_14-40-00,1122.15,1122.65,1120.25,1120.9,99264.0,1119.99,1123.03,1116.94,1129.75,1130.2,1127.05,1128.53,1077.05,1074.86,1074.86,1074.86,144000
ICICIBANK-EQ_2024-05-15_14-45-00.png,2024-05-15_14-45-00,1120.75,1121.6,1119.4,1121.4,101314.0,1120.13,1123.16,1117.1,1128.42,1129.4,1127.1,1128.34,1074.86,1077.05,1077.05,1077.05,144500
ICICIBANK-EQ_2024-05-15_14-50-00.png,2024-05-15_14-50-00,1121.1,1122.55,1119.1,1122.45,155267.0,1120.34,1123.39,1117.3,1128.43,1131.0,1128.43,1129.44,1077.05,1079.24,1079.24,1079.24,145000
ICICIBANK-EQ_2024-05-15_14-55-00.png,2024-05-15_14-55-00,1122.45,1122.65,1120.15,1121.75,221268.0,1120.52,1123.47,1117.56,1129.03,1129.5,1127.6,1128.59,1079.24,1081.43,1081.43,1081.43,145500
ICICIBANK-EQ_2024-05-15_15-00-00.png,2024-05-15_15-00-00,1121.75,1122.95,1121.7,1122.95,450737.0,1120.72,1123.75,1117.69,1128.62,1128.7,1123.2,1125.99,1081.43,1083.62,1083.62,1083.62,150000
ICICIBANK-EQ_2024-05-15_15-05-00.png,2024-05-15_15-05-00,1122.9,1125.5,1121.85,1124.75,534887.0,1121.0,1124.44,1117.56,1126.03,1126.03,1123.45,1124.06,1083.62,1081.43,1081.43,1081.43,150500
ICICIBANK-EQ_2024-05-15_15-10-00.png,2024-05-15_15-10-00,1125.0,1125.8,1123.3,1124.75,617361.0,1121.37,1124.72,1118.02,1123.55,1125.05,1123.3,1123.9,1081.43,1079.24,1079.24,1079.24,151000
ICICIBANK-EQ_2024-05-15_15-15-00.png,2024-05-15_15-15-00,1124.75,1125.55,1123.0,1124.35,786587.0,1121.68,1124.94,1118.41,1123.62,1124.25,1121.75,1123.05,1079.24,1081.43,1081.43,1081.43,151500
ICICIBANK-EQ_2024-05-15_15-20-00.png,2024-05-15_15-20-00,1124.35,1126.0,1124.3,1125.7,633749.0,1122.03,1125.44,1118.62,1123.1,1124.2,1121.8,1123.09,1081.43,1083.62,1083.62,1083.62,152000
ICICIBANK-EQ_2024-05-15_15-25-00.png,2024-05-15_15-25-00,1125.7,1127.8,1124.35,1125.1,375236.0,1122.31,1125.76,1118.86,1123.18,1124.7,1118.75,1121.61,1083.62,1085.81,1085.81,1085.81,152500
ICICIBANK-EQ_2024-05-16_09-15-00.png,2024-05-16_09-15-00,1131.65,1135.0,1130.8,1133.1,382376.0,1122.98,1128.73,1117.24,1121.5,1121.65,1118.75,1120.16,1085.81,1088.0,1088.0,1088.0,91500
ICICIBANK-EQ_2024-05-16_09-20-00.png,2024-05-16_09-20-00,1133.15,1136.55,1133.1,1134.8,174333.0,1123.72,1131.36,1116.07,1120.12,1121.55,1120.1,1120.9,1088.0,1090.19,1090.19,1090.19,92000
ICICIBANK-EQ_2024-05-16_09-25-00.png,2024-05-16_09-25-00,1135.05,1135.95,1133.55,1134.4,140142.0,1124.36,1133.29,1115.43,1120.97,1122.6,1120.25,1121.47,1090.19,1092.37,1092.37,1092.37,92500
ICICIBANK-EQ_2024-05-16_09-30-00.png,2024-05-16_09-30-00,1134.4,1136.1,1128.85,1129.7,215003.0,1124.78,1133.89,1115.67,1121.53,1122.3,1115.05,1118.69,1092.37,1090.19,1090.19,1090.19,93000
ICICIBANK-EQ_2024-05-16_09-35-00.png,2024-05-16_09-35-00,1129.55,1130.0,1126.4,1127.5,240160.0,1125.06,1134.14,1115.98,1118.7,1118.7,1113.75,1116.2,1090.19,1088.0,1088.0,1088.0,93500
ICICIBANK-EQ_2024-05-16_09-40-00.png,2024-05-16_09-40-00,1127.5,1129.0,1126.35,1127.35,411789.0,1125.37,1134.32,1116.42,1116.55,1117.9,1115.55,1117.09,1088.0,1085.81,1085.81,1085.81,94000
ICICIBANK-EQ_2024-05-16_09-45-00.png,2024-05-16_09-45-00,1127.35,1130.35,1127.05,1129.4,218162.0,1125.79,1134.65,1116.93,1117.45,1118.45,1116.05,1117.41,1085.81,1083.62,1083.62,1083.62,94500
ICICIBANK-EQ_2024-05-16_09-50-00.png,2024-05-16_09-50-00,1129.5,1131.3,1128.95,1129.8,199090.0,1126.2,1135.0,1117.41,1117.57,1118.65,1116.25,1117.36,1083.62,1081.43,1081.43,1081.43,95000
ICICIBANK-EQ_2024-05-16_09-55-00.png,2024-05-16_09-55-00,1129.9,1131.4,1128.7,1129.6,158596.0,1126.59,1135.27,1117.91,1117.28,1117.75,1116.25,1116.89,1081.43,1079.24,1079.24,1079.24,95500
ICICIBANK-EQ_2024-05-16_10-00-00.png,2024-05-16_10-00-00,1129.55,1130.2,1127.05,1127.3,180540.0,1126.85,1135.27,1118.44,1116.78,1117.4,1115.8,1116.85,1079.24,1081.43,1081.43,1081.43,100000
ICICIBANK-EQ_2024-05-16_10-05-00.png,2024-05-16_10-05-00,1127.7,1129.4,1127.1,1129.15,128805.0,1127.27,1135.25,1119.28,1117.1,1117.75,1116.0,1117.03,1081.43,1083.62,1083.62,1083.62,100500
ICICIBANK-EQ_2024-05-16_10-10-00.png,2024-05-16_10-10-00,1128.75,1131.0,1128.7,1129.3,158263.0,1127.66,1135.19,1120.13,1117.18,1117.9,1116.0,1117.1,1083.62,1085.81,1085.81,1085.81,101000
ICICIBANK-EQ_2024-05-16_10-15-00.png,2024-05-16_10-15-00,1129.25,1129.5,1127.6,1128.0,152151.0,1127.94,1135.06,1120.82,1117.25,1117.95,1116.55,1117.06,1085.81,1088.0,1088.0,1088.0,101500
ICICIBANK-EQ_2024-05-16_10-20-00.png,2024-05-16_10-20-00,1128.1,1128.7,1123.2,1123.95,435226.0,1128.05,1134.82,1121.27,1116.88,1117.6,1116.25,1117.03,1088.0,1090.19,1090.19,1090.19,102000
ICICIBANK-EQ_2024-05-16_10-25-00.png,2024-05-16_10-25-00,1123.65,1125.7,1123.45,1123.45,246508.0,1128.07,1134.77,1121.37,1117.12,1118.7,1116.55,1117.31,1090.19,1088.0,1088.0,1088.0,102500
ICICIBANK-EQ_2024-05-16_10-30-00.png,2024-05-16_10-30-00,1123.45,1125.05,1123.3,1123.8,195418.0,1128.03,1134.84,1121.21,1117.0,1122.7,1116.5,1119.49,1088.0,1085.81,1085.81,1085.81,103000
ICICIBANK-EQ_2024-05-16_10-35-00.png,2024-05-16_10-35-00,1124.0,1124.25,1121.75,1122.2,129754.0,1127.9,1135.05,1120.74,1119.38,1127.95,1119.38,1124.91,1085.81,1083.62,1083.62,1083.62,103500
ICICIBANK-EQ_2024-05-16_10-40-00.png,2024-05-16_10-40-00,1122.35,1124.2,1121.8,1124.0,83952.0,1127.88,1135.07,1120.69,1124.9,1128.6,1124.4,1126.3,1083.62,1081.43,1081.43,1081.43,104000
ICICIBANK-EQ_2024-05-16_10-45-00.png,2024-05-16_10-45-00,1124.0,1124.7,1118.75,1119.0,198623.0,1127.54,1135.72,1119.37,1126.1,1126.1,1123.2,1124.39,1081.43,1083.62,1083.62,1083.62,104500
ICICIBANK-EQ_2024-05-16_10-50-00.png,2024-05-16_10-50-00,1119.2,1121.65,1118.75,1121.05,100076.0,1127.34,1135.96,1118.72,1124.38,1124.4,1117.5,1121.11,1083.62,1085.81,1085.81,1085.81,105000
ICICIBANK-EQ_2024-05-16_10-55-00.png,2024-05-16_10-55-00,1121.05,1121.55,1120.1,1120.9,43039.0,1126.73,1135.37,1118.1,1121.28,1121.28,1116.65,1117.89,1085.81,1083.62,1083.62,1083.62,105500
ICICIBANK-EQ_2024-05-16_11-00-00.png,2024-05-16_11-00-00,1120.75,1122.6,1120.25,1122.3,78102.0,1126.11,1134.06,1118.15,1117.95,1119.45,1117.8,1118.55,1083.62,1081.43,1081.43,1081.43,110000
ICICIBANK-EQ_2024-05-16_11-05-00.png,2024-05-16_11-05-00,1122.15,1122.3,1115.05,1115.25,136912.0,1125.15,1133.5,1116.8,1118.47,1119.5,1118.35,1118.92,1081.43,1079.24,1079.24,1079.24,110500
ICICIBANK-EQ_2024-05-16_11-10-00.png,2024-05-16_11-10-00,1115.2,1117.95,1113.75,1117.9,82407.0,1124.56,1133.22,1115.9,1118.93,1119.0,1116.55,1117.75,1079.24,1077.05,1077.05,1077.05,111000
ICICIBANK-EQ_2024-05-16_11-15-00.png,2024-05-16_11-15-00,1117.9,1117.9,1115.55,1117.0,39276.0,1124.04,1133.2,1114.87,1117.72,1117.72,1116.05,1116.74,1077.05,1074.86,1074.86,1074.86,111500
ICICIBANK-EQ_2024-05-16_11-20-00.png,2024-05-16_11-20-00,1116.8,1118.45,1116.05,1118.35,34918.0,1123.58,1132.95,1114.22,1116.65,1117.55,1114.6,1116.26,1074.86,1077.05,1077.05,1077.05,112000
ICICIBANK-EQ_2024-05-16_11-25-00.png,2024-05-16_11-25-00,1118.1,1118.65,1116.25,1116.45,47917.0,1122.94,1132.4,1113.47,1116.45,1116.5,1114.35,1115.26,1077.05,1079.24,1079.24,1079.24,112500
ICICIBANK-EQ_2024-05-16_11-30-00.png,2024-05-16_11-30-00,1116.3,1117.75,1116.25,1117.25,78680.0,1122.31,1131.52,1113.1,1115.1,1115.95,1113.6,1114.79,1079.24,1081.43,1081.43,1081.43,113000
ICICIBANK-EQ_2024-05-16_11-35-00.png,2024-05-16_11-35-00,1117.25,1117.4,1115.8,1116.95,56141.0,1121.68,1130.51,1112.85,1114.8,1116.1,1114.8,1115.28,1081.43,1083.62,1083.62,1083.62,113500
ICICIBANK-EQ_2024-05-16_11-40-00.png,2024-05-16_11-40-00,1116.65,1117.75,1116.0,1117.7,94716.0,1121.2,1129.78,1112.61,1115.1,1115.55,1113.4,1114.7,1083.62,1085.81,1085.81,1085.81,114000
ICICIBANK-EQ_2024-05-16_11-45-00.png,2024-05-16_11-45-00,1117.7,1117.9,1116.0,1116.8,83220.0,1120.58,1128.51,1112.65,1114.92,1115.85,1113.65,1114.72,1085.81,1088.0,1088.0,1088.0,114500
ICICIBANK-EQ_2024-05-16_11-50-00.png,2024-05-16_11-50-00,1116.9,1117.95,1116.55,1116.85,63103.0,1119.96,1126.89,1113.02,1114.7,1115.8,1113.55,1114.45,1088.0,1085.81,1085.81,1085.81,115000
ICICIBANK-EQ_2024-05-16_11-55-00.png,2024-05-16_11-55-00,1116.95,1117.6,1116.25,1117.3,52155.0,1119.42,1125.32,1113.52,1114.22,1114.5,1112.8,1113.66,1085.81,1083.62,1083.62,1083.62,115500
ICICIBANK-EQ_2024-05-16_12-00-00.png,2024-05-16_12-00-00,1117.45,1118.7,1116.55,1116.55,45885.0,1119.05,1124.68,1113.43,1113.68,1115.65,1113.05,1114.26,1083.62,1081.43,1081.43,1081.43,120000
ICICIBANK-EQ_2024-05-16_12-05-00.png,2024-05-16_12-05-00,1116.55,1122.7,1116.5,1122.2,93338.0,1118.99,1124.43,1113.55,1114.18,1116.15,1114.0,1115.12,1081.43,1079.24,1079.24,1079.24,120500
ICICIBANK-EQ_2024-05-16_12-10-00.png,2024-05-16_12-10-00,1122.2,1127.95,1121.9,1127.6,144806.0,1119.18,1125.52,1112.84,1115.18,1115.6,1113.95,1114.95,1079.24,1077.05,1077.05,1077.05,121000
ICICIBANK-EQ_2024-05-16_12-15-00.png,2024-05-16_12-15-00,1127.65,1128.6,1124.4,1124.55,99118.0,1119.3,1125.95,1112.64,1115.12,1116.95,1114.15,1115.56,1077.05,1074.86,1074.86,1074.86,121500
ICICIBANK-EQ_2024-05-16_12-20-00.png,2024-05-16_12-20-00,1124.55,1125.6,1123.2,1124.2,31914.0,1119.31,1125.99,1112.62,1115.58,1117.75,1114.7,1116.1,1074.86,1072.67,1072.67,1072.67,122000
ICICIBANK-EQ_2024-05-16_12-25-00.png,2024-05-16_12-25-00,1124.3,1124.4,1117.5,1118.25,94015.0,1119.27,1125.97,1112.57,1115.97,1118.0,1115.5,1116.55,1072.67,1070.48,1070.48,1070.48,122500
ICICIBANK-EQ_2024-05-16_12-30-00.png,2024-05-16_12-30-00,1118.1,1119.0,1116.65,1117.8,137533.0,1119.11,1125.79,1112.43,1116.35,1116.7,1114.4,1115.59,1070.48,1068.29,1068.29,1068.29,123000
ICICIBANK-EQ_2024-05-16_12-35-00.png,2024-05-16_12-35-00,1117.8,1119.45,1117.8,1119.15,33304.0,1119.02,1125.64,1112.4,1115.62,1115.62,1113.15,1114.32,1068.29,1070.48,1070.48,1070.48,123500
ICICIBANK-EQ_2024-05-16_12-40-00.png,2024-05-16_12-40-00,1119.15,1119.5,1118.35,1118.7,53267.0,1118.84,1125.28,1112.4,1114.58,1116.05,1113.75,1114.79,1070.48,1072.67,1072.67,1072.67,124000
ICICIBANK-EQ_2024-05-16_12-45-00.png,2024-05-16_12-45-00,1118.7,1119.0,1116.55,1116.75,133304.0,1118.92,1125.21,1112.62,1114.68,1116.85,1114.15,1115.53,1072.67,1074.86,1074.86,1074.86,124500
ICICIBANK-EQ_2024-05-16_12-50-00.png,2024-05-16_12-50-00,1116.7,1117.6,1116.05,1116.6,52187.0,1118.85,1125.22,1112.48,1115.55,1117.5,1115.15,1116.53,1074.86,1077.05,1077.05,1077.05,125000
ICICIBANK-EQ_2024-05-16_12-55-00.png,2024-05-16_12-55-00,1116.6,1117.55,1114.6,1116.3,157964.0,1118.82,1125.24,1112.39,1116.72,1121.65,1116.1,1118.97,1077.05,1079.24,1079.24,1079.24,125500
ICICIBANK-EQ_2024-05-16_13-00-00.png,2024-05-16_13-00-00,1115.75,1116.5,1114.35,1114.45,110723.0,1118.62,1125.33,1111.91,1119.08,1122.7,1119.08,1121.5,1079.24,1081.43,1081.43,1081.43,130000
ICICIBANK-EQ_2024-05-16_13-05-00.png,2024-05-16_13-05-00,1114.45,1115.95,1113.6,1115.15,152048.0,1118.55,1125.38,1111.73,1121.88,1125.35,1121.65,1123.58,1081.43,1083.62,1083.62,1083.62,130500
ICICIBANK-EQ_2024-05-16_13-10-00.png,2024-05-16_13-10-00,1115.15,1116.1,1114.8,1115.05,85527.0,1118.45,1125.43,1111.46,1123.65,1126.0,1123.0,1124.79,1083.62,1085.81,1085.81,1085.81,131000
ICICIBANK-EQ_2024-05-16_13-15-00.png,2024-05-16_13-15-00,1115.05,1115.55,1113.4,1114.8,143640.0,1118.34,1125.48,1111.2,1125.08,1128.4,1124.3,1126.38,1085.81,1083.62,1083.62,1083.62,131500
ICICIBANK-EQ_2024-05-16_13-20-00.png,2024-05-16_13-20-00,1114.8,1115.85,1113.65,1114.6,149293.0,1118.18,1125.51,1110.85,1126.4,1130.6,1125.9,1128.54,1083.62,1081.43,1081.43,1081.43,132000
ICICIBANK-EQ_2024-05-16_13-25-00.png,2024-05-16_13-25-00,1114.45,1115.8,1113.55,1114.0,146823.0,1118.04,1125.59,1110.5,1128.82,1131.5,1128.82,1130.3,1081.43,1079.24,1079.24,1079.24,132500
ICICIBANK-EQ_2024-05-16_13-30-00.png,2024-05-16_13-30-00,1113.95,1114.5,1112.8,1113.4,196688.0,1117.87,1125.69,1110.05,1130.3,1132.55,1129.0,1130.54,1079.24,1077.05,1077.05,1077.05,133000
ICICIBANK-EQ_2024-05-16_13-35-00.png,2024-05-16_13-35-00,1113.2,1115.65,1113.05,1115.15,165202.0,1117.76,1125.67,1109.86,1130.3,1132.0,1129.9,1130.72,1077.05,1074.86,1074.86,1074.86,133500
ICICIBANK-EQ_2024-05-16_13-40-00.png,2024-05-16_13-40-00,1115.15,1116.15,1114.0,1115.2,159007.0,1117.7,1125.67,1109.72,1130.5,1133.0,1130.5,1131.94,1074.86,1072.67,1072.67,1072.67,134000
ICICIBANK-EQ_2024-05-16_13-45-00.png,2024-05-16_13-45-00,1114.85,1115.6,1113.95,1115.4,123465.0,1117.36,1125.1,1109.61,1131.85,1132.6,1131.0,1132.01,1072.67,1074.86,1074.86,1074.86,134500
ICICIBANK-EQ_2024-05-16_13-50-00.png,2024-05-16_13-50-00,1115.4,1116.95,1114.15,1115.75,271699.0,1116.76,1122.84,1110.69,1132.22,1132.22,1127.9,1130.15,1074.86,1077.05,1077.05,1077.05,135000
ICICIBANK-EQ_2024-05-16_13-55-00.png,2024-05-16_13-55-00,1115.6,1117.75,1114.7,1116.35,193372.0,1116.35,1121.19,1111.51,1130.4,1144.0,1123.7,1131.38,1077.05,1079.24,1079.24,1079.24,135500
ICICIBANK-EQ_2024-05-16_14-00-00.png,2024-05-16_14-00-00,1116.35,1118.0,1115.5,1116.35,182334.0,1115.96,1119.1,1112.82,1128.9,1128.9,1122.55,1124.78,1079.24,1081.43,1081.43,1081.43,140000
ICICIBANK-EQ_2024-05-16_14-05-00.png,2024-05-16_14-05-00,1116.3,1116.7,1114.4,1114.95,173497.0,1115.8,1118.77,1112.82,1125.18,1125.85,1123.6,1124.59,1081.43,1083.62,1083.62,1083.62,140500
ICICIBANK-EQ_2024-05-16_14-10-00.png,2024-05-16_14-10-00,1114.5,1115.0,1113.15,1114.65,121419.0,1115.64,1118.49,1112.78,1124.45,1126.6,1123.55,1124.61,1083.62,1085.81,1085.81,1085.81,141000
ICICIBANK-EQ_2024-05-16_14-15-00.png,2024-05-16_14-15-00,1114.4,1116.05,1113.75,1114.95,182507.0,1115.43,1117.77,1113.09,1124.15,1125.35,1123.25,1124.24,1085.81,1088.0,1088.0,1088.0,141500
ICICIBANK-EQ_2024-05-16_14-20-00.png,2024-05-16_14-20-00,1114.5,1116.85,1114.15,1116.6,150345.0,1115.32,1117.18,1113.46,1124.18,1125.35,1122.85,1123.99,1088.0,1090.19,1090.19,1090.19,142000
ICICIBANK-EQ_2024-05-16_14-25-00.png,2024-05-16_14-25-00,1116.55,1117.5,1115.15,1116.9,152603.0,1115.33,1117.22,1113.44,1123.88,1125.4,1123.15,1124.03,1090.19,1092.37,1092.37,1092.37,142500
ICICIBANK-EQ_2024-05-16_14-30-00.png,2024-05-16_14-30-00,1116.9,1121.65,1116.1,1121.25,295772.0,1115.56,1118.78,1112.34,1123.78,1125.5,1123.5,1124.58,1092.37,1094.56,1094.56,1094.56,143000
ICICIBANK-EQ_2024-05-16_14-35-00.png,2024-05-16_14-35-00,1121.25,1122.7,1119.55,1122.5,322996.0,1115.87,1120.34,1111.4,1124.65,1127.45,1124.0,1125.51,1094.56,1096.75,1096.75,1096.75,143500
ICICIBANK-EQ_2024-05-16_14-40-00.png,2024-05-16_14-40-00,1122.35,1125.35,1121.65,1124.95,598715.0,1116.4,1122.38,1110.42,1125.3,1127.2,1125.15,1126.23,1096.75,1098.94,1098.94,1098.94,144000
ICICIBANK-EQ_2024-05-16_14-45-00.png,2024-05-16_14-45-00,1124.95,1126.0,1123.0,1125.2,324572.0,1116.9,1124.02,1109.78,1126.28,1127.8,1120.6,1125.0,1098.94,1096.75,1096.75,1096.75,144500
ICICIBANK-EQ_2024-05-16_14-50-00.png,2024-05-16_14-50-00,1125.15,1128.4,1124.3,1127.65,374181.0,1117.53,1126.05,1109.01,1125.8,1125.8,1123.95,1124.88,1096.75,1094.56,1094.56,1094.56,145000
ICICIBANK-EQ_2024-05-16_14-55-00.png,2024-05-16_14-55-00,1127.65,1130.6,1125.9,1130.0,380993.0,1118.29,1128.36,1108.22,1124.95,1126.4,1124.0,1125.35,1094.56,1092.37,1092.37,1092.37,145500
ICICIBANK-EQ_2024-05-16_15-00-00.png,2024-05-16_15-00-00,1130.0,1131.5,1129.1,1130.6,660268.0,1119.09,1130.39,1107.79,1125.5,1127.55,1125.5,1126.6,1092.37,1090.19,1090.19,1090.19,150000
ICICIBANK-EQ_2024-05-16_15-05-00.png,2024-05-16_15-05-00,1130.65,1132.55,1129.0,1129.95,583517.0,1119.89,1131.9,1107.87,1126.53,1129.5,1126.53,1127.94,1090.19,1088.0,1088.0,1088.0,150500
ICICIBANK-EQ_2024-05-16_15-10-00.png,2024-05-16_15-10-00,1129.9,1132.0,1129.9,1131.1,485530.0,1120.77,1133.37,1108.18,1127.78,1129.45,1127.4,1128.46,1088.0,1085.81,1085.81,1085.81,151000
ICICIBANK-EQ_2024-05-16_15-15-00.png,2024-05-16_15-15-00,1131.1,1133.0,1131.05,1132.6,437254.0,1121.64,1135.0,1108.29,1128.5,1130.85,1126.8,1128.2,1085.81,1083.62,1083.62,1083.62,151500
ICICIBANK-EQ_2024-05-16_15-20-00.png,2024-05-16_15-20-00,1132.6,1132.6,1131.0,1131.85,385909.0,1122.48,1136.21,1108.75,1127.58,1128.85,1126.8,1127.85,1083.62,1085.81,1085.81,1085.81,152000
ICICIBANK-EQ_2024-05-16_15-25-00.png,2024-05-16_15-25-00,1131.8,1131.9,1127.9,1129.0,311812.0,1123.16,1136.76,1109.56,1127.88,1129.85,1127.75,1128.51,1085.81,1088.0,1088.0,1088.0,152500
ICICIBANK-EQ_2024-05-17_09-15-00.png,2024-05-17_09-15-00,1131.9,1144.0,1123.7,1125.9,764644.0,1123.66,1136.85,1110.48,1128.22,1129.65,1128.1,1128.84,1088.0,1090.19,1090.19,1090.19,91500
ICICIBANK-EQ_2024-05-17_09-20-00.png,2024-05-17_09-20-00,1125.9,1126.2,1122.55,1124.45,216463.0,1124.07,1136.8,1111.34,1128.8,1130.1,1128.8,1129.47,1090.19,1092.37,1092.37,1092.37,92000
ICICIBANK-EQ_2024-05-17_09-25-00.png,2024-05-17_09-25-00,1124.45,1125.85,1123.6,1124.45,148239.0,1124.47,1136.68,1112.27,1129.38,1129.95,1127.8,1129.15,1092.37,1094.56,1094.56,1094.56,92500
ICICIBANK-EQ_2024-05-17_09-30-00.png,2024-05-17_09-30-00,1124.45,1126.6,1123.55,1123.85,189559.0,1124.92,1136.28,1113.56,1129.43,1130.0,1128.15,1129.14,1094.56,1096.75,1096.75,1096.75,93000
ICICIBANK-EQ_2024-05-17_09-35-00.png,2024-05-17_09-35-00,1123.85,1125.35,1123.25,1124.5,104691.0,1125.41,1135.7,1115.12,1129.2,1130.35,1127.05,1128.99,1096.75,1098.94,1098.94,1098.94,93500
ICICIBANK-EQ_2024-05-17_09-40-00.png,2024-05-17_09-40-00,1124.5,1125.35,1122.85,1123.25,55119.0,1125.83,1134.94,1116.71,1129.28,1131.65,1129.28,1130.56,1098.94,1096.75,1096.75,1096.75,94000
ICICIBANK-EQ_2024-05-17_09-45-00.png,2024-05-17_09-45-00,1123.25,1125.4,1123.15,1124.3,47595.0,1126.21,1134.28,1118.15,1130.53,1131.0,1128.85,1130.06,1096.75,1094.56,1094.56,1094.56,94500
ICICIBANK-EQ_2024-05-17_09-50-00.png,2024-05-17_09-50-00,1124.4,1125.5,1123.5,1124.9,71957.0,1126.61,1133.43,1119.8,1130.2,1130.2,1126.7,1128.56,1094.56,1092.37,1092.37,1092.37,95000
ICICIBANK-EQ_2024-05-17_09-55-00.png,2024-05-17_09-55-00,1124.7,1127.45,1124.0,1125.9,126776.0,1126.84,1133.19,1120.5,1128.78,1129.4,1127.4,1128.41,1092.37,1090.19,1090.19,1090.19,95500
ICICIBANK-EQ_2024-05-17_10-00-00.png,2024-05-17_10-00-00,1125.9,1127.2,1125.15,1126.65,80863.0,1127.05,1133.06,1121.04,1128.43,1130.0,1128.4,1128.96,1090.19,1088.0,1088.0,1088.0,100000
ICICIBANK-EQ_2024-05-17_10-05-00.png,2024-05-17_10-05-00,1126.4,1127.8,1120.6,1125.2,152028.0,1127.06,1133.06,1121.07,1128.72,1130.15,1128.7,1129.43,1088.0,1085.81,1085.81,1085.81,100500
ICICIBANK-EQ_2024-05-17_10-10-00.png,2024-05-17_10-10-00,1125.15,1125.65,1123.95,1124.75,50691.0,1127.04,1133.07,1121.02,1129.43,1130.4,1129.0,1129.66,1085.81,1088.0,1088.0,1088.0,101000
ICICIBANK-EQ_2024-05-17_10-15-00.png,2024-05-17_10-15-00,1124.7,1126.4,1124.0,1126.3,68131.0,1126.97,1133.0,1120.95,1129.62,1131.45,1129.0,1130.19,1088.0,1090.19,1090.19,1090.19,101500
ICICIBANK-EQ_2024-05-17_10-20-00.png,2024-05-17_10-20-00,1126.1,1127.55,1125.8,1126.95,56949.0,1126.82,1132.68,1120.96,1130.15,1131.9,1129.3,1130.55,1090.19,1088.0,1088.0,1088.0,102000
ICICIBANK-EQ_2024-05-17_10-25-00.png,2024-05-17_10-25-00,1126.8,1129.5,1126.7,1128.75,87115.0,1126.73,1132.39,1121.07,1130.5,1130.5,1128.55,1129.24,1088.0,1085.81,1085.81,1085.81,102500
ICICIBANK-EQ_2024-05-17_10-30-00.png,2024-05-17_10-30-00,1128.8,1129.45,1127.4,1128.2,144403.0,1126.64,1132.15,1121.14,1129.2,1129.5,1128.6,1129.1,1085.81,1083.62,1083.62,1083.62,103000
ICICIBANK-EQ_2024-05-17_10-35-00.png,2024-05-17_10-35-00,1128.15,1130.85,1126.8,1127.0,270572.0,1126.44,1131.53,1121.34,1129.15,1129.35,1127.5,1128.49,1083.62,1081.43,1081.43,1081.43,103500
ICICIBANK-EQ_2024-05-17_10-40-00.png,2024-05-17_10-40-00,1127.15,1128.85,1126.8,1128.6,106032.0,1126.24,1130.57,1121.9,1128.55,1128.9,1127.65,1128.2,1081.43,1079.24,1079.24,1079.24,104000
ICICIBANK-EQ_2024-05-17_10-45-00.png,2024-05-17_10-45-00,1128.35,1129.85,1127.75,1128.1,85014.0,1126.05,1129.62,1122.48,1128.12,1129.5,1128.0,1128.71,1079.24,1077.05,1077.05,1077.05,104500
ICICIBANK-EQ_2024-05-17_10-50-00.png,2024-05-17_10-50-00,1128.1,1129.65,1128.1,1129.5,52305.0,1126.08,1129.74,1122.41,1128.68,1129.9,1128.68,1129.16,1077.05,1079.24,1079.24,1079.24,105000
ICICIBANK-EQ_2024-05-17_10-55-00.png,2024-05-17_10-55-00,1129.5,1130.1,1129.05,1129.25,66341.0,1126.24,1130.17,1122.32,1128.97,1130.0,1128.35,1129.16,1079.24,1077.05,1077.05,1077.05,105500
ICICIBANK-EQ_2024-05-17_11-00-00.png,2024-05-17_11-00-00,1129.2,1129.95,1127.8,1129.65,42217.0,1126.5,1130.61,1122.39,1129.15,1129.75,1128.5,1129.05,1077.05,1074.86,1074.86,1074.86,110000
ICICIBANK-EQ_2024-05-17_11-05-00.png,2024-05-17_11-05-00,1129.8,1130.0,1128.15,1128.6,44034.0,1126.71,1130.8,1122.62,1128.97,1129.8,1128.2,1128.88,1074.86,1072.67,1072.67,1072.67,110500
ICICIBANK-EQ_2024-05-17_11-10-00.png,2024-05-17_11-10-00,1128.6,1130.35,1127.05,1129.95,187934.0,1127.01,1131.12,1122.91,1128.75,1129.6,1128.1,1128.94,1072.67,1070.48,1070.48,1070.48,111000
ICICIBANK-EQ_2024-05-17_11-15-00.png,2024-05-17_11-15-00,1130.0,1131.65,1129.55,1131.05,158568.0,1127.34,1131.64,1123.04,1129.03,1129.75,1128.25,1128.9,1070.48,1068.29,1068.29,1068.29,111500
ICICIBANK-EQ_2024-05-17_11-20-00.png,2024-05-17_11-20-00,1130.9,1131.0,1128.85,1129.5,53009.0,1127.66,1131.6,1123.71,1128.8,1129.45,1127.7,1128.61,1068.29,1070.48,1070.48,1070.48,112000
ICICIBANK-EQ_2024-05-17_11-25-00.png,2024-05-17_11-25-00,1129.4,1130.0,1126.7,1128.15,34918.0,1127.85,1131.46,1124.23,1128.65,1129.45,1127.9,1128.81,1070.48,1072.67,1072.67,1072.67,112500
ICICIBANK-EQ_2024-05-17_11-30-00.png,2024-05-17_11-30-00,1128.15,1129.4,1127.4,1128.7,27143.0,1128.04,1131.39,1124.69,1128.95,1129.9,1128.45,1129.14,1072.67,1074.86,1074.86,1074.86,113000
ICICIBANK-EQ_2024-05-17_11-35-00.png,2024-05-17_11-35-00,1128.5,1130.0,1128.4,1128.95,29014.0,1128.19,1131.41,1124.97,1129.1,1130.0,1128.9,1129.32,1074.86,1077.05,1077.05,1077.05,113500
ICICIBANK-EQ_2024-05-17_11-40-00.png,2024-05-17_11-40-00,1128.95,1130.15,1128.7,1129.9,32090.0,1128.35,1131.57,1125.14,1129.2,1130.55,1128.95,1129.62,1077.05,1079.24,1079.24,1079.24,114000
ICICIBANK-EQ_2024-05-17_11-45-00.png,2024-05-17_11-45-00,1129.9,1130.4,1129.0,1129.35,40356.0,1128.56,1131.44,1125.68,1129.5,1130.0,1129.05,1129.51,1079.24,1081.43,1081.43,1081.43,114500
ICICIBANK-EQ_2024-05-17_11-50-00.png,2024-05-17_11-50-00,1129.3,1131.45,1129.0,1131.0,68833.0,1128.87,1131.34,1126.41,1129.5,1130.05,1129.1,1129.44,1081.43,1083.62,1083.62,1083.62,115000
ICICIBANK-EQ_2024-05-17_11-55-00.png,2024-05-17_11-55-00,1131.25,1131.9,1129.3,1129.75,102396.0,1129.04,1131.22,1126.87,1129.3,1131.55,1127.8,1130.06,1083.62,1085.81,1085.81,1085.81,115500
ICICIBANK-EQ_2024-05-17_12-00-00.png,2024-05-17_12-00-00,1129.75,1130.0,1128.55,1128.65,23661.0,1129.13,1131.08,1127.18,1130.45,1131.45,1129.15,1130.35,1085.81,1083.62,1083.62,1083.62,120000
ICICIBANK-EQ_2024-05-17_12-05-00.png,2024-05-17_12-05-00,1129.0,1129.5,1128.6,1129.3,30344.0,1129.16,1131.1,1127.22,1130.4,1130.4,1128.65,1129.34,1083.62,1081.43,1081.43,1081.43,120500
ICICIBANK-EQ_2024-05-17_12-10-00.png,2024-05-17_12-10-00,1129.25,1129.35,1127.5,1127.85,41835.0,1129.14,1131.12,1127.16,1129.25,1130.8,1129.0,1129.84,1081.43,1079.24,1079.24,1079.24,121000
ICICIBANK-EQ_2024-05-17_12-15-00.png,2024-05-17_12-15-00,1127.75,1128.9,1127.65,1128.5,29124.0,1129.21,1130.96,1127.47,1129.78,1130.6,1129.0,1129.99,1079.24,1077.05,1077.05,1077.05,121500
ICICIBANK-EQ_2024-05-17_12-20-00.png,2024-05-17_12-20-00,1128.35,1129.5,1128.0,1129.0,18250.0,1129.24,1130.95,1127.52,1130.18,1130.25,1129.2,1129.59,1077.05,1074.86,1074.86,1074.86,122000
ICICIBANK-EQ_2024-05-17_12-25-00.png,2024-05-17_12-25-00,1129.0,1129.9,1128.8,1128.95,19462.0,1129.28,1130.92,1127.64,1129.45,1131.45,1129.35,1130.28,1074.86,1077.05,1077.05,1077.05,122500
ICICIBANK-EQ_2024-05-17_12-30-00.png,2024-05-17_12-30-00,1128.95,1130.0,1128.35,1129.35,34621.0,1129.27,1130.91,1127.63,1130.15,1131.95,1130.15,1131.06,1077.05,1079.24,1079.24,1079.24,123000
ICICIBANK-EQ_2024-05-17_12-35-00.png,2024-05-17_12-35-00,1129.3,1129.75,1128.5,1128.65,22655.0,1129.24,1130.9,1127.58,1131.05,1132.55,1130.5,1131.32,1079.24,1081.43,1081.43,1081.43,123500
ICICIBANK-EQ_2024-05-17_12-40-00.png,2024-05-17_12-40-00,1128.65,1129.8,1128.2,1128.85,30628.0,1129.2,1130.86,1127.54,1131.12,1132.25,1130.8,1131.31,1081.43,1083.62,1083.62,1083.62,124000
ICICIBANK-EQ_2024-05-17_12-45-00.png,2024-05-17_12-45-00,1128.85,1129.6,1128.1,1129.2,22952.0,1129.23,1130.87,1127.59,1131.1,1133.05,1131.1,1131.8,1083.62,1085.81,1085.81,1085.81,124500
ICICIBANK-EQ_2024-05-17_12-50-00.png,2024-05-17_12-50-00,1129.2,1129.75,1128.25,1128.4,22793.0,1129.15,1130.79,1127.51,1131.5,1132.25,1131.05,1131.56,1085.81,1083.62,1083.62,1083.62,125000
ICICIBANK-EQ_2024-05-17_12-55-00.png,2024-05-17_12-55-00,1128.4,1129.45,1127.7,1128.9,42036.0,1129.04,1130.42,1127.67,1131.47,1132.65,1131.15,1131.78,1083.62,1081.43,1081.43,1081.43,125500
ICICIBANK-EQ_2024-05-17_13-00-00.png,2024-05-17_13-00-00,1128.9,1129.45,1127.9,1129.0,31316.0,1129.02,1130.38,1127.66,1131.65,1133.0,1131.65,1132.31,1081.43,1079.24,1079.24,1079.24,130000
ICICIBANK-EQ_2024-05-17_13-05-00.png,2024-05-17_13-05-00,1129.0,1129.9,1128.45,1129.2,19986.0,1129.07,1130.37,1127.78,1132.3,1133.25,1131.9,1132.39,1079.24,1081.43,1081.43,1081.43,130500
ICICIBANK-EQ_2024-05-17_13-10-00.png,2024-05-17_13-10-00,1129.0,1130.0,1128.9,1129.4,19211.0,1129.11,1130.4,1127.82,1132.2,1132.3,1130.65,1131.62,1081.43,1079.24,1079.24,1079.24,131000
ICICIBANK-EQ_2024-05-17_13-15-00.png,2024-05-17_13-15-00,1129.4,1130.55,1128.95,1129.6,26706.0,1129.14,1130.45,1127.83,1131.78,1132.2,1131.15,1131.69,1079.24,1077.05,1077.05,1077.05,131500
ICICIBANK-EQ_2024-05-17_13-20-00.png,2024-05-17_13-20-00,1129.7,1130.0,1129.05,1129.3,15102.0,1129.11,1130.37,1127.85,1131.7,1132.0,1130.5,1131.39,1077.05,1079.24,1079.24,1079.24,132000
ICICIBANK-EQ_2024-05-17_13-25-00.png,2024-05-17_13-25-00,1129.3,1130.05,1129.1,1129.3,23390.0,1129.11,1130.37,1127.85,1131.53,1131.53,1129.05,1130.21,1079.24,1081.43,1081.43,1081.43,132500
ICICIBANK-EQ_2024-05-17_13-30-00.png,2024-05-17_13-30-00,1129.45,1131.55,1127.8,1131.45,97900.0,1129.13,1130.54,1127.72,1130.28,1130.28,1128.1,1129.22,1081.43,1079.24,1079.24,1079.24,133000
ICICIBANK-EQ_2024-05-17_13-35-00.png,2024-05-17_13-35-00,1131.3,1131.45,1129.15,1129.5,44689.0,1129.12,1130.51,1127.73,1129.47,1131.1,1128.9,1130.05,1079.24,1077.05,1077.05,1077.05,133500
ICICIBANK-EQ_2024-05-17_13-40-00.png,2024-05-17_13-40-00,1129.5,1130.2,1128.65,1129.0,33623.0,1129.14,1130.51,1127.76,1130.1,1132.0,1130.1,1131.04,1077.05,1074.86,1074.86,1074.86,134000
ICICIBANK-EQ_2024-05-17_13-45-00.png,2024-05-17_13-45-00,1129.0,1130.8,1129.0,1130.55,29531.0,1129.2,1130.71,1127.68,1131.0,1131.5,1130.1,1130.92,1074.86,1072.67,1072.67,1072.67,134500
ICICIBANK-EQ_2024-05-17_13-50-00.png,2024-05-17_13-50-00,1130.55,1130.6,1129.0,1129.8,57630.0,1129.3,1130.69,1127.9,1131.05,1132.75,1129.75,1131.01,1072.67,1070.48,1070.48,1070.48,135000
ICICIBANK-EQ_2024-05-17_13-55-00.png,2024-05-17_13-55-00,1129.6,1130.25,1129.2,1129.3,37144.0,1129.34,1130.68,1127.99,1130.78,1133.0,1127.8,1130.69,1070.48,1068.29,1068.29,1068.29,135500
ICICIBANK-EQ_2024-05-17_14-00-00.png,2024-05-17_14-00-00,1129.35,1131.45,1129.35,1130.95,84036.0,1129.43,1130.95,1127.92,1130.97,1130.97,1128.6,1129.29,1068.29,1070.48,1070.48,1070.48,140000
ICICIBANK-EQ_2024-05-17_14-05-00.png,2024-05-17_14-05-00,1130.95,1131.95,1130.2,1131.15,44060.0,1129.54,1131.22,1127.87,1129.28,1129.75,1128.75,1129.14,1070.48,1072.67,1072.67,1072.67,140500
ICICIBANK-EQ_2024-05-17_14-10-00.png,2024-05-17_14-10-00,1131.05,1132.55,1130.5,1131.2,51203.0,1129.64,1131.46,1127.81,1129.03,1129.4,1128.65,1129.05,1072.67,1074.86,1074.86,1074.86,141000
ICICIBANK-EQ_2024-05-17_14-15-00.png,2024-05-17_14-15-00,1131.0,1132.25,1130.8,1131.2,119590.0,1129.76,1131.66,1127.87,1129.07,1129.15,1128.05,1128.76,1074.86,1077.05,1077.05,1077.05,141500
ICICIBANK-EQ_2024-05-17_14-20-00.png,2024-05-17_14-20-00,1131.2,1133.05,1131.15,1131.8,74573.0,1129.91,1131.96,1127.86,1128.93,1129.2,1128.65,1128.9,1077.05,1079.24,1079.24,1079.24,142000
ICICIBANK-EQ_2024-05-17_14-25-00.png,2024-05-17_14-25-00,1131.7,1132.25,1131.05,1131.25,65277.0,1130.01,1132.12,1127.91,1128.88,1129.05,1127.15,1128.06,1079.24,1081.43,1081.43,1081.43,142500
ICICIBANK-EQ_2024-05-17_14-30-00.png,2024-05-17_14-30-00,1131.25,1132.65,1131.15,1132.05,53029.0,1130.2,1132.34,1128.05,1128.03,1129.4,1127.2,1128.01,1081.43,1079.24,1079.24,1079.24,143000
ICICIBANK-EQ_2024-05-17_14-35-00.png,2024-05-17_14-35-00,1132.2,1133.0,1131.65,1132.4,938877.0,1130.37,1132.64,1128.1,1127.72,1129.4,1127.72,1128.5,1079.24,1077.05,1077.05,1077.05,143500
ICICIBANK-EQ_2024-05-17_14-40-00.png,2024-05-17_14-40-00,1132.45,1133.25,1131.9,1131.95,96450.0,1130.52,1132.8,1128.24,1128.3,1130.05,1126.9,1128.28,1077.05,1074.86,1074.86,1074.86,144000
ICICIBANK-EQ_2024-05-17_14-45-00.png,2024-05-17_14-45-00,1131.95,1132.3,1130.65,1131.6,81899.0,1130.64,1132.88,1128.4,1128.08,1129.5,1128.08,1129.1,1074.86,1072.67,1072.67,1072.67,144500
ICICIBANK-EQ_2024-05-17_14-50-00.png,2024-05-17_14-50-00,1131.6,1132.2,1131.15,1131.8,58885.0,1130.76,1132.97,1128.54,1129.18,1130.55,1129.05,1129.68,1072.67,1070.48,1070.48,1070.48,145000
ICICIBANK-EQ_2024-05-17_14-55-00.png,2024-05-17_14-55-00,1131.8,1132.0,1130.5,1131.25,126399.0,1130.84,1133.0,1128.68,1129.55,1130.4,1129.15,1129.6,1070.48,1068.29,1068.29,1068.29,145500
ICICIBANK-EQ_2024-05-17_15-00-00.png,2024-05-17_15-00-00,1131.25,1131.25,1129.05,1129.3,306071.0,1130.84,1133.0,1128.68,1129.42,1130.15,1129.0,1129.55,1068.29,1070.48,1070.48,1070.48,150000
ICICIBANK-EQ_2024-05-17_15-05-00.png,2024-05-17_15-05-00,1129.6,1129.85,1128.1,1129.35,262800.0,1130.84,1132.99,1128.69,1129.53,1129.95,1128.7,1129.31,1070.48,1072.67,1072.67,1072.67,150500
ICICIBANK-EQ_2024-05-17_15-10-00.png,2024-05-17_15-10-00,1129.4,1131.1,1128.9,1130.8,211678.0,1130.81,1132.94,1128.68,1129.3,1129.55,1128.7,1129.19,1072.67,1074.86,1074.86,1074.86,151000
ICICIBANK-EQ_2024-05-17_15-15-00.png,2024-05-17_15-15-00,1130.95,1132.0,1130.15,1131.05,265896.0,1130.89,1132.93,1128.85,1129.25,1129.4,1128.8,1129.21,1074.86,1077.05,1077.05,1077.05,151500
ICICIBANK-EQ_2024-05-17_15-20-00.png,2024-05-17_15-20-00,1131.05,1131.5,1130.1,1131.05,176287.0,1130.99,1132.83,1129.15,1129.32,1130.95,1129.0,1130.03,1077.05,1079.24,1079.24,1079.24,152000
ICICIBANK-EQ_2024-05-17_15-25-00.png,2024-05-17_15-25-00,1131.05,1132.75,1129.75,1130.5,341158.0,1130.99,1132.83,1129.15,1130.08,1130.9,1129.35,1130.46,1079.24,1081.43,1081.43,1081.43,152500
ICICIBANK-EQ_2024-05-18_09-15-00.png,2024-05-18_09-15-00,1132.1,1133.0,1127.8,1129.85,24483.0,1130.99,1132.82,1129.16,1130.8,1131.45,1129.8,1130.74,1081.43,1083.62,1083.62,1083.62,91500
ICICIBANK-EQ_2024-05-18_09-20-00.png,2024-05-18_09-20-00,1129.8,1130.0,1128.6,1128.75,11754.0,1130.96,1132.91,1129.01,1130.85,1132.0,1130.4,1131.35,1083.62,1085.81,1085.81,1085.81,92000
ICICIBANK-EQ_2024-05-18_09-25-00.png,2024-05-18_09-25-00,1128.75,1129.75,1128.75,1129.3,5936.0,1130.88,1132.97,1128.79,1131.5,1133.8,1116.25,1124.82,1085.81,1083.62,1083.62,1083.62,92500
ICICIBANK-EQ_2024-05-18_09-30-00.png,2024-05-18_09-30-00,1129.3,1129.4,1128.65,1128.85,5141.0,1130.76,1133.04,1128.49,1124.62,1128.15,1123.4,1125.5,1083.62,1081.43,1081.43,1081.43,93000
ICICIBANK-EQ_2024-05-18_09-35-00.png,2024-05-18_09-35-00,1128.95,1129.15,1128.05,1128.9,5205.0,1130.65,1133.06,1128.24,1125.22,1125.95,1123.4,1124.3,1081.43,1079.24,1079.24,1079.24,93500
ICICIBANK-EQ_2024-05-18_09-40-00.png,2024-05-18_09-40-00,1128.75,1129.2,1128.65,1129.0,3816.0,1130.54,1133.04,1128.04,1123.93,1124.65,1122.3,1123.35,1079.24,1077.05,1077.05,1077.05,94000
ICICIBANK-EQ_2024-05-18_09-45-00.png,2024-05-18_09-45-00,1128.9,1129.05,1127.15,1127.15,31229.0,1130.31,1133.16,1127.46,1123.22,1123.8,1122.2,1123.06,1077.05,1074.86,1074.86,1074.86,94500
ICICIBANK-EQ_2024-05-18_09-50-00.png,2024-05-18_09-50-00,1127.35,1129.4,1127.2,1128.1,32396.0,1130.15,1133.12,1127.18,1123.12,1123.7,1121.55,1122.72,1074.86,1077.05,1077.05,1077.05,95000
ICICIBANK-EQ_2024-05-18_09-55-00.png,2024-05-18_09-55-00,1128.1,1129.4,1128.0,1128.5,31715.0,1129.97,1132.89,1127.05,1122.82,1123.1,1121.5,1122.05,1077.05,1079.24,1079.24,1079.24,95500
ICICIBANK-EQ_2024-05-18_11-30-00.png,2024-05-18_11-30-00,1127.5,1130.05,1126.9,1128.65,13311.0,1129.79,1132.52,1127.05,1121.8,1122.7,1121.1,1121.82,1079.24,1081.43,1081.43,1081.43,113000
ICICIBANK-EQ_2024-05-18_11-35-00.png,2024-05-18_11-35-00,1129.0,1129.5,1128.55,1129.35,12036.0,1129.66,1132.2,1127.11,1121.75,1122.6,1120.4,1121.55,1081.43,1083.62,1083.62,1083.62,113500
ICICIBANK-EQ_2024-05-18_11-40-00.png,2024-05-18_11-40-00,1129.4,1130.55,1129.05,1129.7,12547.0,1129.56,1131.94,1127.18,1121.6,1122.6,1120.35,1121.69,1083.62,1085.81,1085.81,1085.81,114000
ICICIBANK-EQ_2024-05-18_11-45-00.png,2024-05-18_11-45-00,1129.35,1130.4,1129.15,1129.5,5170.0,1129.45,1131.58,1127.31,1121.9,1123.35,1121.4,1122.25,1085.81,1088.0,1088.0,1088.0,114500
ICICIBANK-EQ_2024-05-18_11-50-00.png,2024-05-18_11-50-00,1129.85,1130.15,1129.0,1129.2,6644.0,1129.34,1131.3,1127.39,1122.12,1122.12,1121.15,1121.65,1088.0,1085.81,1085.81,1085.81,115000
ICICIBANK-EQ_2024-05-18_11-55-00.png,2024-05-18_11-55-00,1129.2,1129.95,1128.7,1129.4,8899.0,1129.35,1131.3,1127.39,1121.72,1122.35,1120.5,1121.44,1085.81,1083.62,1083.62,1083.62,115500
ICICIBANK-EQ_2024-05-18_12-00-00.png,2024-05-18_12-00-00,1129.4,1129.55,1128.7,1129.1,3287.0,1129.34,1131.29,1127.38,1121.45,1122.05,1120.55,1121.4,1083.62,1081.43,1081.43,1081.43,120000
ICICIBANK-EQ_2024-05-18_12-05-00.png,2024-05-18_12-05-00,1129.4,1129.4,1128.8,1129.25,2611.0,1129.26,1131.09,1127.42,1121.5,1122.45,1121.3,1121.85,1081.43,1079.24,1079.24,1079.24,120500
ICICIBANK-EQ_2024-05-18_12-10-00.png,2024-05-18_12-10-00,1129.25,1130.95,1129.0,1130.9,23789.0,1129.25,1131.05,1127.45,1121.82,1122.0,1120.8,1121.61,1079.24,1077.05,1077.05,1077.05,121000
ICICIBANK-EQ_2024-05-18_12-15-00.png,2024-05-18_12-15-00,1130.9,1130.9,1129.35,1130.7,18861.0,1129.23,1130.97,1127.5,1121.82,1122.1,1121.3,1121.59,1077.05,1079.24,1079.24,1079.24,121500
ICICIBANK-EQ_2024-05-18_12-20-00.png,2024-05-18_12-20-00,1130.7,1131.45,1129.8,1131.0,19392.0,1129.26,1131.08,1127.43,1121.47,1122.0,1121.0,1121.5,1079.24,1081.43,1081.43,1081.43,122000
ICICIBANK-EQ_2024-05-18_12-25-00.png,2024-05-18_12-25-00,1131.0,1132.0,1130.4,1132.0,23882.0,1129.36,1131.55,1127.18,1121.5,1122.4,1121.0,1121.66,1081.43,1083.62,1083.62,1083.62,122500
ICICIBANK-EQ_2024-05-21_09-15-00.png,2024-05-21_09-15-00,1122.2,1133.8,1116.25,1127.05,720886.0,1129.28,1131.69,1126.87,1121.62,1122.5,1121.25,1121.86,1083.62,1081.43,1081.43,1081.43,91500
ICICIBANK-EQ_2024-05-21_09-20-00.png,2024-05-21_09-20-00,1127.0,1128.15,1123.4,1123.45,350814.0,1128.99,1132.54,1125.44,1121.85,1122.4,1120.65,1121.46,1081.43,1079.24,1079.24,1079.24,92000
ICICIBANK-EQ_2024-05-21_09-25-00.png,2024-05-21_09-25-00,1123.45,1125.95,1123.4,1124.4,127999.0,1128.77,1132.87,1124.66,1121.4,1123.0,1120.5,1121.6,1079.24,1077.05,1077.05,1077.05,92500
ICICIBANK-EQ_2024-05-21_09-30-00.png,2024-05-21_09-30-00,1123.9,1124.65,1122.3,1122.55,126080.0,1128.45,1133.4,1123.5,1121.45,1123.0,1121.45,1122.2,1077.05,1074.86,1074.86,1074.86,93000
ICICIBANK-EQ_2024-05-21_09-35-00.png,2024-05-21_09-35-00,1122.55,1123.8,1122.2,1123.7,85406.0,1128.18,1133.56,1122.81,1122.1,1123.5,1122.1,1122.7,1074.86,1077.05,1077.05,1077.05,93500
ICICIBANK-EQ_2024-05-21_09-40-00.png,2024-05-21_09-40-00,1123.7,1123.7,1121.55,1121.95,102591.0,1127.92,1133.97,1121.87,1122.6,1123.6,1122.6,1123.16,1077.05,1079.24,1079.24,1079.24,94000
ICICIBANK-EQ_2024-05-21_09-45-00.png,2024-05-21_09-45-00,1121.95,1123.1,1121.5,1121.65,123306.0,1127.6,1134.26,1120.94,1123.22,1123.65,1123.0,1123.28,1079.24,1077.05,1077.05,1077.05,94500
ICICIBANK-EQ_2024-05-21_09-50-00.png,2024-05-21_09-50-00,1121.8,1122.7,1121.1,1121.7,93610.0,1127.26,1134.41,1120.11,1123.22,1123.5,1122.7,1123.08,1077.05,1074.86,1074.86,1074.86,95000
ICICIBANK-EQ_2024-05-21_09-55-00.png,2024-05-21_09-55-00,1121.7,1122.6,1120.4,1121.5,105699.0,1126.9,1134.46,1119.34,1123.05,1123.05,1122.35,1122.71,1074.86,1072.67,1072.67,1072.67,95500
ICICIBANK-EQ_2024-05-21_10-00-00.png,2024-05-21_10-00-00,1121.5,1122.6,1120.35,1122.3,102286.0,1126.55,1134.28,1118.82,1122.72,1123.5,1122.25,1122.81,1072.67,1074.86,1074.86,1074.86,100000
ICICIBANK-EQ_2024-05-21_10-05-00.png,2024-05-21_10-05-00,1122.3,1123.35,1121.4,1121.95,87666.0,1126.16,1134.01,1118.32,1122.75,1124.8,1122.75,1123.81,1074.86,1077.05,1077.05,1077.05,100500
ICICIBANK-EQ_2024-05-21_10-10-00.png,2024-05-21_10-10-00,1121.9,1122.0,1121.15,1121.55,64622.0,1125.76,1133.7,1117.83,1123.7,1124.85,1123.7,1124.32,1077.05,1079.24,1079.24,1079.24,101000
ICICIBANK-EQ_2024-05-21_10-15-00.png,2024-05-21_10-15-00,1121.55,1122.35,1120.5,1121.35,91680.0,1125.37,1133.37,1117.37,1124.2,1124.7,1124.0,1124.31,1079.24,1077.05,1077.05,1077.05,101500
ICICIBANK-EQ_2024-05-21_10-20-00.png,2024-05-21_10-20-00,1121.35,1122.05,1120.55,1121.65,87032.0,1124.99,1132.91,1117.06,1124.28,1125.3,1124.28,1124.65,1077.05,1074.86,1074.86,1074.86,102000
ICICIBANK-EQ_2024-05-21_10-25-00.png,2024-05-21_10-25-00,1121.65,1122.45,1121.3,1122.0,76169.0,1124.63,1132.42,1116.84,1124.47,1125.45,1123.65,1124.56,1074.86,1072.67,1072.67,1072.67,102500
ICICIBANK-EQ_2024-05-21_10-30-00.png,2024-05-21_10-30-00,1122.0,1122.0,1120.8,1121.65,73007.0,1124.25,1131.83,1116.67,1124.58,1125.0,1124.1,1124.55,1072.67,1070.48,1070.48,1070.48,103000
ICICIBANK-EQ_2024-05-21_10-35-00.png,2024-05-21_10-35-00,1121.6,1122.1,1121.3,1121.35,81184.0,1123.77,1130.77,1116.78,1124.55,1125.15,1124.45,1124.75,1070.48,1072.67,1072.67,1072.67,103500
ICICIBANK-EQ_2024-05-21_10-40-00.png,2024-05-21_10-40-00,1121.35,1122.0,1121.0,1121.65,77295.0,1123.32,1129.56,1117.08,1124.7,1124.95,1124.05,1124.55,1072.67,1070.48,1070.48,1070.48,104000
ICICIBANK-EQ_2024-05-21_10-45-00.png,2024-05-21_10-45-00,1121.55,1122.4,1121.0,1121.7,64131.0,1122.86,1127.96,1117.75,1124.6,1124.6,1123.2,1123.9,1070.48,1068.29,1068.29,1068.29,104500
ICICIBANK-EQ_2024-05-21_10-50-00.png,2024-05-21_10-50-00,1121.7,1122.5,1121.25,1122.0,188588.0,1122.36,1125.11,1119.6,1124.05,1125.0,1123.65,1124.34,1068.29,1066.1,1066.1,1066.1,105000
ICICIBANK-EQ_2024-05-21_10-55-00.png,2024-05-21_10-55-00,1122.0,1122.4,1120.65,1120.8,92396.0,1122.04,1123.79,1120.29,1124.35,1126.85,1124.35,1125.8,1066.1,1063.91,1063.91,1063.91,105500
ICICIBANK-EQ_2024-05-21_11-00-00.png,2024-05-21_11-00-00,1120.8,1123.0,1120.5,1122.1,103093.0,1121.97,1123.59,1120.36,1125.72,1127.35,1125.72,1126.82,1063.91,1066.1,1066.1,1066.1,110000
ICICIBANK-EQ_2024-05-21_11-05-00.png,2024-05-21_11-05-00,1122.05,1123.0,1121.6,1122.15,135708.0,1121.86,1123.02,1120.71,1126.85,1128.0,1126.8,1127.31,1066.1,1068.29,1068.29,1068.29,110500
ICICIBANK-EQ_2024-05-21_11-10-00.png,2024-05-21_11-10-00,1122.15,1123.5,1122.1,1123.05,87970.0,1121.89,1123.13,1120.65,1127.22,1128.2,1127.1,1127.5,1068.29,1070.48,1070.48,1070.48,111000
ICICIBANK-EQ_2024-05-21_11-15-00.png,2024-05-21_11-15-00,1123.0,1123.6,1122.6,1123.45,121430.0,1121.88,1123.04,1120.71,1127.35,1127.75,1126.4,1127.09,1070.48,1072.67,1072.67,1072.67,111500
ICICIBANK-EQ_2024-05-21_11-20-00.png,2024-05-21_11-20-00,1123.4,1123.65,1123.0,1123.05,54423.0,1121.93,1123.21,1120.65,1127.1,1128.65,1126.7,1127.53,1072.67,1070.48,1070.48,1070.48,112000
ICICIBANK-EQ_2024-05-21_11-25-00.png,2024-05-21_11-25-00,1123.05,1123.5,1122.7,1123.05,93704.0,1122.0,1123.36,1120.64,1127.38,1128.9,1127.38,1128.36,1070.48,1068.29,1068.29,1068.29,112500
ICICIBANK-EQ_2024-05-21_11-30-00.png,2024-05-21_11-30-00,1123.05,1123.05,1122.35,1122.4,48936.0,1122.04,1123.4,1120.67,1128.35,1129.5,1127.8,1128.81,1068.29,1066.1,1066.1,1066.1,113000
ICICIBANK-EQ_2024-05-21_11-35-00.png,2024-05-21_11-35-00,1122.4,1123.5,1122.25,1123.1,64641.0,1122.12,1123.54,1120.69,1128.97,1129.7,1128.75,1129.26,1066.1,1063.91,1063.91,1063.91,113500
ICICIBANK-EQ_2024-05-21_11-40-00.png,2024-05-21_11-40-00,1123.05,1124.8,1123.05,1124.35,98358.0,1122.22,1123.95,1120.48,1129.3,1129.65,1128.75,1129.16,1063.91,1066.1,1066.1,1066.1,114000
ICICIBANK-EQ_2024-05-21_11-45-00.png,2024-05-21_11-45-00,1124.3,1124.85,1124.05,1124.1,71718.0,1122.32,1124.25,1120.4,1129.12,1129.4,1126.5,1128.05,1066.1,1068.29,1068.29,1068.29,114500
ICICIBANK-EQ_2024-05-21_11-50-00.png,2024-05-21_11-50-00,1124.1,1124.7,1124.0,1124.45,67133.0,1122.47,1124.58,1120.36,1128.15,1128.15,1125.0,1126.86,1068.29,1070.48,1070.48,1070.48,115000
ICICIBANK-EQ_2024-05-21_11-55-00.png,2024-05-21_11-55-00,1124.4,1125.3,1124.35,1124.55,86288.0,1122.63,1124.86,1120.4,1127.32,1129.0,1127.1,1128.01,1070.48,1072.67,1072.67,1072.67,115500
ICICIBANK-EQ_2024-05-21_12-00-00.png,2024-05-21_12-00-00,1124.5,1125.45,1123.65,1124.65,101263.0,1122.78,1125.13,1120.43,1127.97,1128.85,1127.05,1127.95,1072.67,1074.86,1074.86,1074.86,120000
ICICIBANK-EQ_2024-05-21_12-05-00.png,2024-05-21_12-05-00,1124.6,1125.0,1124.1,1124.5,69867.0,1122.9,1125.35,1120.46,1127.95,1128.45,1126.95,1127.62,1074.86,1072.67,1072.67,1072.67,120500
ICICIBANK-EQ_2024-05-21_12-10-00.png,2024-05-21_12-10-00,1124.5,1125.15,1124.45,1124.9,54550.0,1123.07,1125.59,1120.55,1127.55,1128.85,1127.55,1128.14,1072.67,1070.48,1070.48,1070.48,121000
ICICIBANK-EQ_2024-05-21_12-15-00.png,2024-05-21_12-15-00,1124.9,1124.95,1124.05,1124.3,74174.0,1123.21,1125.66,1120.77,1128.05,1128.7,1127.2,1127.9,1070.48,1072.67,1072.67,1072.67,121500
ICICIBANK-EQ_2024-05-21_12-20-00.png,2024-05-21_12-20-00,1124.3,1124.3,1123.2,1123.8,65240.0,1123.32,1125.66,1120.98,1127.85,1127.95,1126.4,1127.18,1072.67,1074.86,1074.86,1074.86,122000
ICICIBANK-EQ_2024-05-21_12-25-00.png,2024-05-21_12-25-00,1123.75,1125.0,1123.65,1124.95,56795.0,1123.49,1125.8,1121.17,1127.18,1127.2,1125.45,1126.35,1074.86,1072.67,1072.67,1072.67,122500
ICICIBANK-EQ_2024-05-21_12-30-00.png,2024-05-21_12-30-00,1124.9,1126.85,1124.9,1126.55,74937.0,1123.71,1126.29,1121.13,1126.38,1126.38,1124.45,1125.18,1072.67,1070.48,1070.48,1070.48,123000
ICICIBANK-EQ_2024-05-21_12-35-00.png,2024-05-21_12-35-00,1126.5,1127.35,1126.25,1127.2,61373.0,1124.03,1126.68,1121.39,1125.12,1125.12,1122.55,1123.68,1070.48,1072.67,1072.67,1072.67,123500
ICICIBANK-EQ_2024-05-21_12-40-00.png,2024-05-21_12-40-00,1127.15,1128.0,1126.8,1127.3,64911.0,1124.29,1127.15,1121.43,1123.78,1123.9,1122.0,1122.94,1072.67,1074.86,1074.86,1074.86,124000
ICICIBANK-EQ_2024-05-21_12-45-00.png,2024-05-21_12-45-00,1127.3,1128.2,1127.1,1127.4,50980.0,1124.55,1127.55,1121.56,1122.92,1123.55,1122.2,1122.92,1074.86,1072.67,1072.67,1072.67,124500
ICICIBANK-EQ_2024-05-21_12-50-00.png,2024-05-21_12-50-00,1127.4,1127.75,1126.4,1126.8,58655.0,1124.74,1127.81,1121.68,1122.97,1123.65,1122.7,1123.18,1072.67,1070.48,1070.48,1070.48,125000
ICICIBANK-EQ_2024-05-21_12-55-00.png,2024-05-21_12-55-00,1126.75,1128.65,1126.7,1128.0,108759.0,1124.97,1128.3,1121.64,1123.18,1123.65,1122.6,1123.16,1070.48,1068.29,1068.29,1068.29,125500
ICICIBANK-EQ_2024-05-21_13-00-00.png,2024-05-21_13-00-00,1128.0,1128.9,1127.85,1128.7,120702.0,1125.25,1128.84,1121.66,1123.2,1124.2,1122.9,1123.51,1068.29,1070.48,1070.48,1070.48,130000
ICICIBANK-EQ_2024-05-21_13-05-00.png,2024-05-21_13-05-00,1128.7,1129.5,1127.8,1129.25,85960.0,1125.56,1129.41,1121.71,1123.47,1124.7,1123.05,1123.75,1070.48,1072.67,1072.67,1072.67,130500
ICICIBANK-EQ_2024-05-21_13-10-00.png,2024-05-21_13-10-00,1129.25,1129.7,1128.75,1129.35,80595.0,1125.91,1129.81,1122.01,1123.62,1124.35,1122.1,1123.21,1072.67,1074.86,1074.86,1074.86,131000
ICICIBANK-EQ_2024-05-21_13-15-00.png,2024-05-21_13-15-00,1129.35,1129.65,1128.75,1128.9,80160.0,1126.2,1130.08,1122.32,1123.2,1123.45,1122.25,1122.73,1074.86,1077.05,1077.05,1077.05,131500
ICICIBANK-EQ_2024-05-21_13-20-00.png,2024-05-21_13-20-00,1128.95,1129.4,1126.5,1127.35,111316.0,1126.35,1130.16,1122.54,1122.6,1123.5,1122.0,1122.62,1077.05,1079.24,1079.24,1079.24,132000
ICICIBANK-EQ_2024-05-21_13-25-00.png,2024-05-21_13-25-00,1127.15,1127.8,1125.0,1127.5,118290.0,1126.52,1130.21,1122.83,1122.5,1122.5,1120.0,1121.7,1079.24,1081.43,1081.43,1081.43,132500
ICICIBANK-EQ_2024-05-21_13-30-00.png,2024-05-21_13-30-00,1127.5,1129.0,1127.1,1128.45,87553.0,1126.72,1130.37,1123.07,1122.15,1122.35,1120.6,1121.4,1081.43,1083.62,1083.62,1083.62,133000
ICICIBANK-EQ_2024-05-21_13-35-00.png,2024-05-21_13-35-00,1128.45,1128.85,1127.05,1127.45,110508.0,1126.86,1130.38,1123.35,1121.32,1121.75,1120.55,1120.94,1083.62,1085.81,1085.81,1085.81,133500
ICICIBANK-EQ_2024-05-21_13-40-00.png,2024-05-21_13-40-00,1127.4,1128.45,1126.95,1127.7,81858.0,1127.02,1130.39,1123.64,1120.72,1121.45,1120.5,1120.82,1085.81,1088.0,1088.0,1088.0,134000
ICICIBANK-EQ_2024-05-21_13-45-00.png,2024-05-21_13-45-00,1127.75,1128.85,1127.6,1128.35,109932.0,1127.21,1130.42,1124.0,1120.68,1121.0,1120.1,1120.64,1088.0,1090.19,1090.19,1090.19,134500
ICICIBANK-EQ_2024-05-21_13-50-00.png,2024-05-21_13-50-00,1128.35,1128.7,1127.2,1127.35,106495.0,1127.33,1130.35,1124.31,1120.72,1120.72,1118.55,1119.76,1090.19,1092.37,1092.37,1092.37,135000
ICICIBANK-EQ_2024-05-21_13-55-00.png,2024-05-21_13-55-00,1127.35,1127.95,1126.4,1127.0,125645.0,1127.47,1130.14,1124.8,1119.93,1125.9,1119.05,1122.74,1092.37,1094.56,1094.56,1094.56,135500
ICICIBANK-EQ_2024-05-21_14-00-00.png,2024-05-21_14-00-00,1127.05,1127.2,1125.45,1125.7,245217.0,1127.56,1129.78,1125.35,1123.0,1123.0,1116.5,1119.08,1094.56,1096.75,1096.75,1096.75,140000
ICICIBANK-EQ_2024-05-21_14-05-00.png,2024-05-21_14-05-00,1125.7,1126.0,1124.45,1124.55,224147.0,1127.54,1129.86,1125.22,1119.18,1119.3,1116.0,1117.4,1096.75,1098.94,1098.94,1098.94,140500
ICICIBANK-EQ_2024-05-21_14-10-00.png,2024-05-21_14-10-00,1124.55,1124.6,1122.55,1123.0,247137.0,1127.37,1130.43,1124.3,1117.15,1120.3,1117.05,1118.4,1098.94,1101.13,1101.13,1101.13,141000
ICICIBANK-EQ_2024-05-21_14-15-00.png,2024-05-21_14-15-00,1123.0,1123.9,1122.0,1122.85,192686.0,1127.15,1130.82,1123.48,1118.12,1119.2,1116.6,1117.9,1101.13,1103.32,1103.32,1103.32,141500
ICICIBANK-EQ_2024-05-21_14-20-00.png,2024-05-21_14-20-00,1122.85,1123.55,1122.2,1123.1,110974.0,1126.94,1131.03,1122.85,1117.9,1118.15,1115.45,1116.68,1103.32,1101.13,1101.13,1101.13,142000
ICICIBANK-EQ_2024-05-21_14-25-00.png,2024-05-21_14-25-00,1123.2,1123.65,1122.7,1123.15,117856.0,1126.72,1131.14,1122.31,1116.55,1116.55,1113.5,1114.97,1101.13,1098.94,1098.94,1098.94,142500
ICICIBANK-EQ_2024-05-21_14-30-00.png,2024-05-21_14-30-00,1123.1,1123.65,1122.6,1123.3,120786.0,1126.55,1131.22,1121.88,1115.05,1115.05,1113.25,1114.03,1098.94,1096.75,1096.75,1096.75,143000
ICICIBANK-EQ_2024-05-21_14-35-00.png,2024-05-21_14-35-00,1123.25,1124.2,1122.9,1123.7,149926.0,1126.34,1131.12,1121.55,1114.0,1115.45,1113.5,1114.22,1096.75,1094.56,1094.56,1094.56,143500
ICICIBANK-EQ_2024-05-21_14-40-00.png,2024-05-21_14-40-00,1123.65,1124.7,1123.05,1123.6,219931.0,1126.08,1130.88,1121.28,1113.97,1115.2,1113.2,1114.34,1094.56,1092.37,1092.37,1092.37,144000
ICICIBANK-EQ_2024-05-21_14-45-00.png,2024-05-21_14-45-00,1123.7,1124.35,1122.1,1122.7,178184.0,1125.75,1130.54,1120.97,1114.47,1114.65,1112.2,1113.4,1092.37,1090.19,1090.19,1090.19,144500
ICICIBANK-EQ_2024-05-21_14-50-00.png,2024-05-21_14-50-00,1122.65,1123.45,1122.25,1122.55,141142.0,1125.41,1130.08,1120.74,1113.38,1113.9,1112.35,1112.95,1090.19,1088.0,1088.0,1088.0,145000
ICICIBANK-EQ_2024-05-21_14-55-00.png,2024-05-21_14-55-00,1122.5,1123.5,1122.0,1122.5,119726.0,1125.09,1129.63,1120.55,1112.78,1114.8,1112.55,1113.69,1088.0,1085.81,1085.81,1085.81,145500
ICICIBANK-EQ_2024-05-21_15-00-00.png,2024-05-21_15-00-00,1122.5,1122.5,1120.0,1121.8,498269.0,1124.82,1129.45,1120.18,1113.7,1114.35,1112.5,1113.49,1085.81,1083.62,1083.62,1083.62,150000
ICICIBANK-EQ_2024-05-21_15-05-00.png,2024-05-21_15-05-00,1121.8,1122.35,1120.6,1120.85,289767.0,1124.48,1129.26,1119.7,1113.55,1113.55,1110.0,1111.66,1083.62,1081.43,1081.43,1081.43,150500
ICICIBANK-EQ_2024-05-21_15-10-00.png,2024-05-21_15-10-00,1120.8,1121.75,1120.55,1120.65,316074.0,1124.09,1128.78,1119.4,1111.72,1111.8,1110.25,1111.04,1081.43,1079.24,1079.24,1079.24,151000
ICICIBANK-EQ_2024-05-21_15-15-00.png,2024-05-21_15-15-00,1120.55,1121.45,1120.5,1120.8,317618.0,1123.76,1128.39,1119.13,1111.05,1111.55,1110.0,1110.75,1079.24,1077.05,1077.05,1077.05,151500
ICICIBANK-EQ_2024-05-21_15-20-00.png,2024-05-21_15-20-00,1120.85,1121.0,1120.1,1120.6,321416.0,1123.4,1127.85,1118.96,1110.72,1110.95,1109.85,1110.38,1077.05,1074.86,1074.86,1074.86,152000
ICICIBANK-EQ_2024-05-21_15-25-00.png,2024-05-21_15-25-00,1120.65,1120.65,1118.55,1119.2,296064.0,1122.95,1127.12,1118.77,1110.35,1110.8,1109.3,1110.14,1074.86,1072.67,1072.67,1072.67,152500
ICICIBANK-EQ_2024-05-22_09-15-00.png,2024-05-22_09-15-00,1124.95,1125.9,1119.05,1121.05,747676.0,1122.63,1126.33,1118.93,1110.22,1111.85,1109.85,1110.69,1072.67,1074.86,1074.86,1074.86,91500
ICICIBANK-EQ_2024-05-22_09-20-00.png,2024-05-22_09-20-00,1121.05,1121.45,1116.5,1117.3,356806.0,1122.15,1125.98,1118.32,1110.53,1111.4,1110.25,1110.78,1074.86,1077.05,1077.05,1077.05,92000
ICICIBANK-EQ_2024-05-22_09-25-00.png,2024-05-22_09-25-00,1117.05,1119.3,1116.0,1117.25,456407.0,1121.72,1125.76,1117.69,1110.72,1110.75,1107.15,1109.06,1077.05,1079.24,1079.24,1079.24,92500
ICICIBANK-EQ_2024-05-22_09-30-00.png,2024-05-22_09-30-00,1117.25,1120.3,1117.05,1119.0,321014.0,1121.45,1125.43,1117.47,1109.18,1109.18,1107.6,1108.31,1079.24,1081.43,1081.43,1081.43,93000
ICICIBANK-EQ_2024-05-22_09-35-00.png,2024-05-22_09-35-00,1118.65,1119.2,1116.6,1117.15,172806.0,1121.16,1125.5,1116.81,1108.43,1109.35,1107.9,1108.51,1081.43,1083.62,1083.62,1083.62,93500
ICICIBANK-EQ_2024-05-22_09-40-00.png,2024-05-22_09-40-00,1117.35,1118.15,1115.45,1115.75,309489.0,1120.8,1125.69,1115.91,1108.4,1108.65,1107.3,1108.09,1083.62,1085.81,1085.81,1085.81,94000
ICICIBANK-EQ_2024-05-22_09-45-00.png,2024-05-22_09-45-00,1115.75,1116.3,1113.5,1114.35,461827.0,1120.36,1125.91,1114.82,1108.2,1108.45,1105.95,1107.34,1085.81,1083.62,1083.62,1083.62,94500
ICICIBANK-EQ_2024-05-22_09-50-00.png,2024-05-22_09-50-00,1114.35,1114.85,1113.25,1113.65,292333.0,1119.89,1126.02,1113.75,1107.47,1109.6,1106.6,1108.01,1083.62,1081.43,1081.43,1081.43,95000
ICICIBANK-EQ_2024-05-22_09-55-00.png,2024-05-22_09-55-00,1113.8,1115.45,1113.5,1114.15,146472.0,1119.43,1125.85,1113.01,1107.93,1109.95,1107.93,1109.08,1081.43,1079.24,1079.24,1079.24,95500
ICICIBANK-EQ_2024-05-22_10-00-00.png,2024-05-22_10-00-00,1114.55,1115.2,1113.2,1114.4,116198.0,1118.96,1125.43,1112.5,1109.0,1109.5,1107.75,1108.85,1079.24,1077.05,1077.05,1077.05,100000
ICICIBANK-EQ_2024-05-22_10-05-00.png,2024-05-22_10-05-00,1114.25,1114.65,1112.2,1112.5,187063.0,1118.41,1125.1,1111.72,1109.07,1110.05,1108.75,1109.31,1077.05,1074.86,1074.86,1074.86,100500
ICICIBANK-EQ_2024-05-22_10-10-00.png,2024-05-22_10-10-00,1112.45,1113.9,1112.35,1113.1,100807.0,1117.93,1124.7,1111.16,1109.22,1111.1,1109.1,1110.18,1074.86,1072.67,1072.67,1072.67,101000
ICICIBANK-EQ_2024-05-22_10-15-00.png,2024-05-22_10-15-00,1113.0,1114.8,1112.55,1114.4,115700.0,1117.52,1124.1,1110.94,1110.25,1111.65,1110.0,1110.8,1072.67,1070.48,1070.48,1070.48,101500
ICICIBANK-EQ_2024-05-22_10-20-00.png,2024-05-22_10-20-00,1114.35,1114.35,1112.5,1112.75,161788.0,1117.04,1123.51,1110.56,1110.78,1111.45,1110.15,1110.91,1070.48,1068.29,1068.29,1068.29,102000
ICICIBANK-EQ_2024-05-22_10-25-00.png,2024-05-22_10-25-00,1112.75,1113.2,1110.0,1110.7,239341.0,1116.48,1123.13,1109.83,1111.03,1111.35,1110.6,1110.92,1068.29,1066.1,1066.1,1066.1,102500
ICICIBANK-EQ_2024-05-22_10-30-00.png,2024-05-22_10-30-00,1110.9,1111.8,1110.25,1111.2,172613.0,1116.0,1122.71,1109.28,1110.88,1111.2,1110.0,1110.64,1066.1,1063.91,1063.91,1063.91,103000
ICICIBANK-EQ_2024-05-22_10-35-00.png,2024-05-22_10-35-00,1111.35,1111.55,1110.0,1110.1,91965.0,1115.47,1122.31,1108.63,1110.68,1111.05,1109.0,1110.02,1063.91,1061.73,1061.73,1061.73,103500
ICICIBANK-EQ_2024-05-22_10-40-00.png,2024-05-22_10-40-00,1110.25,1110.95,1109.85,1110.45,124355.0,1114.95,1121.65,1108.25,1110.03,1110.4,1109.4,1109.75,1061.73,1063.91,1063.91,1063.91,104000
ICICIBANK-EQ_2024-05-22_10-45-00.png,2024-05-22_10-45-00,1110.4,1110.8,1109.3,1110.05,144852.0,1114.42,1120.91,1107.94,1109.6,1110.1,1109.0,1109.66,1063.91,1066.1,1066.1,1066.1,104500
ICICIBANK-EQ_2024-05-22_10-50-00.png,2024-05-22_10-50-00,1110.05,1111.85,1109.85,1111.0,108941.0,1114.01,1120.26,1107.77,1109.78,1110.15,1109.4,1109.86,1066.1,1068.29,1068.29,1068.29,105000
ICICIBANK-EQ_2024-05-22_10-55-00.png,2024-05-22_10-55-00,1111.0,1111.4,1110.25,1110.45,99698.0,1113.49,1118.97,1108.0,1109.95,1111.2,1108.85,1110.19,1068.29,1070.48,1070.48,1070.48,105500
ICICIBANK-EQ_2024-05-22_11-00-00.png,2024-05-22_11-00-00,1110.3,1110.75,1107.15,1108.05,327229.0,1113.02,1118.71,1107.33,1110.35,1111.2,1108.95,1110.14,1070.48,1072.67,1072.67,1072.67,110000
ICICIBANK-EQ_2024-05-22_11-05-00.png,2024-05-22_11-05-00,1108.4,1108.8,1107.6,1108.45,128095.0,1112.58,1118.26,1106.91,1110.2,1110.2,1108.45,1109.55,1072.67,1070.48,1070.48,1070.48,110500
ICICIBANK-EQ_2024-05-22_11-10-00.png,2024-05-22_11-10-00,1108.4,1109.35,1107.9,1108.4,118129.0,1112.05,1117.15,1106.95,1109.82,1110.0,1108.5,1109.56,1070.48,1068.29,1068.29,1068.29,111000
ICICIBANK-EQ_2024-05-22_11-15-00.png,2024-05-22_11-15-00,1108.4,1108.65,1107.3,1108.0,105080.0,1111.6,1116.41,1106.78,1109.88,1109.9,1108.25,1109.22,1068.29,1066.1,1066.1,1066.1,111500
ICICIBANK-EQ_2024-05-22_11-20-00.png,2024-05-22_11-20-00,1108.05,1108.45,1105.95,1106.9,231458.0,1111.15,1115.98,1106.32,1109.38,1109.8,1107.8,1108.79,1066.1,1063.91,1063.91,1063.91,112000
ICICIBANK-EQ_2024-05-22_11-25-00.png,2024-05-22_11-25-00,1106.9,1109.6,1106.6,1108.95,99701.0,1110.88,1115.56,1106.2,1108.78,1109.0,1108.0,1108.65,1063.91,1061.73,1061.73,1061.73,112500
ICICIBANK-EQ_2024-05-22_11-30-00.png,2024-05-22_11-30-00,1108.95,1109.95,1108.35,1109.05,120604.0,1110.65,1115.21,1106.1,1108.8,1108.95,1107.9,1108.59,1061.73,1063.91,1063.91,1063.91,113000
ICICIBANK-EQ_2024-05-22_11-35-00.png,2024-05-22_11-35-00,1109.3,1109.5,1107.75,1108.85,69106.0,1110.39,1114.7,1106.08,1108.75,1108.9,1108.1,1108.62,1063.91,1066.1,1066.1,1066.1,113500
ICICIBANK-EQ_2024-05-22_11-40-00.png,2024-05-22_11-40-00,1108.8,1110.05,1108.75,1109.65,62216.0,1110.15,1114.03,1106.27,1108.75,1109.9,1108.6,1109.2,1066.1,1068.29,1068.29,1068.29,114000
ICICIBANK-EQ_2024-05-22_11-45-00.png,2024-05-22_11-45-00,1109.65,1111.1,1109.1,1110.85,110528.0,1110.07,1113.8,1106.33,1109.15,1110.5,1107.95,1109.36,1068.29,1070.48,1070.48,1070.48,114500
ICICIBANK-EQ_2024-05-22_11-50-00.png,2024-05-22_11-50-00,1110.45,1111.65,1110.0,1111.1,74051.0,1109.97,1113.46,1106.47,1109.5,1111.45,1108.95,1110.03,1070.48,1072.67,1072.67,1072.67,115000
ICICIBANK-EQ_2024-05-22_11-55-00.png,2024-05-22_11-55-00,1111.1,1111.45,1110.15,1110.95,106488.0,1109.8,1112.65,1106.94,1109.85,1111.0,1109.8,1110.34,1072.67,1070.48,1070.48,1070.48,115500
ICICIBANK-EQ_2024-05-22_12-00-00.png,2024-05-22_12-00-00,1110.95,1111.35,1110.6,1110.8,42929.0,1109.7,1112.24,1107.15,1110.28,1110.7,1109.1,1110.09,1070.48,1068.29,1068.29,1068.29,120000
ICICIBANK-EQ_2024-05-22_12-05-00.png,2024-05-22_12-05-00,1110.7,1111.2,1110.0,1110.65,43675.0,1109.7,1112.24,1107.15,1110.28,1110.9,1109.55,1109.97,1068.29,1070.48,1070.48,1070.48,120500
ICICIBANK-EQ_2024-05-22_12-10-00.png,2024-05-22_12-10-00,1110.6,1111.05,1109.0,1109.45,101487.0,1109.61,1112.05,1107.16,1109.72,1110.95,1109.1,1110.0,1070.48,1072.67,1072.67,1072.67,121000
ICICIBANK-EQ_2024-05-22_12-15-00.png,2024-05-22_12-15-00,1109.45,1110.4,1109.4,1109.75,75606.0,1109.59,1112.02,1107.16,1109.97,1111.45,1109.9,1110.64,1072.67,1074.86,1074.86,1074.86,121500
ICICIBANK-EQ_2024-05-22_12-20-00.png,2024-05-22_12-20-00,1109.65,1110.1,1109.0,1109.9,125230.0,1109.56,1111.97,1107.16,1110.6,1111.3,1109.0,1110.21,1074.86,1072.67,1072.67,1072.67,122000
ICICIBANK-EQ_2024-05-22_12-25-00.png,2024-05-22_12-25-00,1109.9,1110.15,1109.4,1110.0,128084.0,1109.56,1111.96,1107.16,1110.28,1111.3,1109.55,1110.32,1072.67,1070.48,1070.48,1070.48,122500
ICICIBANK-EQ_2024-05-22_12-30-00.png,2024-05-22_12-30-00,1110.0,1111.2,1108.85,1110.7,201200.0,1109.54,1111.91,1107.18,1110.22,1111.0,1109.7,1110.31,1070.48,1072.67,1072.67,1072.67,123000
ICICIBANK-EQ_2024-05-22_12-35-00.png,2024-05-22_12-35-00,1110.7,1111.2,1108.95,1109.7,152862.0,1109.51,1111.84,1107.18,1110.28,1110.28,1109.1,1109.72,1072.67,1070.48,1070.48,1070.48,123500
ICICIBANK-EQ_2024-05-22_12-40-00.png,2024-05-22_12-40-00,1109.8,1110.1,1108.45,1109.85,327991.0,1109.6,1111.83,1107.37,1109.82,1110.35,1109.15,1109.78,1070.48,1068.29,1068.29,1068.29,124000
ICICIBANK-EQ_2024-05-22_12-45-00.png,2024-05-22_12-45-00,1109.85,1110.0,1108.5,1109.9,79551.0,1109.67,1111.84,1107.5,1109.8,1110.05,1109.3,1109.73,1068.29,1066.1,1066.1,1066.1,124500
ICICIBANK-EQ_2024-05-22_12-50-00.png,2024-05-22_12-50-00,1109.9,1109.9,1108.25,1108.85,110325.0,1109.69,1111.81,1107.57,1109.78,1110.0,1108.6,1109.32,1066.1,1063.91,1063.91,1063.91,125000
ICICIBANK-EQ_2024-05-22_12-55-00.png,2024-05-22_12-55-00,1108.85,1109.8,1107.8,1108.7,96541.0,1109.73,1111.75,1107.7,1109.35,1110.0,1108.6,1109.28,1063.91,1066.1,1066.1,1066.1,125500
ICICIBANK-EQ_2024-05-22_13-00-00.png,2024-05-22_13-00-00,1108.7,1109.0,1108.0,1108.9,63447.0,1109.83,1111.41,1108.24,1109.25,1109.7,1105.6,1107.97,1066.1,1063.91,1063.91,1063.91,130000
ICICIBANK-EQ_2024-05-22_13-05-00.png,2024-05-22_13-05-00,1108.9,1108.95,1107.9,1108.6,83335.0,1109.81,1111.44,1108.18,1108.3,1108.6,1106.3,1107.47,1063.91,1061.73,1061.73,1061.73,130500
ICICIBANK-EQ_2024-05-22_13-10-00.png,2024-05-22_13-10-00,1108.6,1108.9,1108.1,1108.9,70048.0,1109.8,1111.45,1108.15,1107.5,1108.65,1107.45,1107.99,1061.73,1059.54,1059.54,1059.54,131000
ICICIBANK-EQ_2024-05-22_13-15-00.png,2024-05-22_13-15-00,1108.9,1109.9,1108.6,1109.4,71025.0,1109.83,1111.43,1108.23,1107.93,1108.1,1104.1,1106.07,1059.54,1057.35,1057.35,1057.35,131500
ICICIBANK-EQ_2024-05-22_13-20-00.png,2024-05-22_13-20-00,1109.4,1110.5,1107.95,1109.6,328836.0,1109.83,1111.43,1108.22,1106.05,1106.05,1098.1,1103.05,1057.35,1055.16,1055.16,1055.16,132000
ICICIBANK-EQ_2024-05-22_13-25-00.png,2024-05-22_13-25-00,1109.6,1111.45,1108.95,1110.1,160910.0,1109.79,1111.33,1108.25,1104.35,1108.25,1103.3,1105.6,1055.16,1057.35,1057.35,1057.35,132500
ICICIBANK-EQ_2024-05-22_13-30-00.png,2024-05-22_13-30-00,1110.05,1111.0,1109.8,1110.5,195864.0,1109.76,1111.21,1108.31,1105.43,1111.25,1105.43,1109.25,1057.35,1059.54,1059.54,1059.54,133000
ICICIBANK-EQ_2024-05-22_13-35-00.png,2024-05-22_13-35-00,1110.5,1110.7,1109.1,1110.05,161661.0,1109.71,1111.06,1108.37,1109.15,1114.0,1109.15,1112.32,1059.54,1057.35,1057.35,1057.35,133500
ICICIBANK-EQ_2024-05-22_13-40-00.png,2024-05-22_13-40-00,1109.85,1110.9,1109.55,1109.6,167953.0,1109.66,1110.9,1108.41,1112.3,1117.65,1112.3,1115.41,1057.35,1055.16,1055.16,1055.16,134000
ICICIBANK-EQ_2024-05-22_13-45-00.png,2024-05-22_13-45-00,1109.6,1110.95,1109.1,1110.35,223954.0,1109.64,1110.84,1108.44,1115.22,1117.0,1115.22,1116.38,1055.16,1052.97,1052.97,1052.97,134500
ICICIBANK-EQ_2024-05-22_13-50-00.png,2024-05-22_13-50-00,1110.35,1111.45,1109.9,1110.85,258826.0,1109.71,1111.02,1108.4,1116.53,1116.8,1114.05,1115.45,1052.97,1055.16,1055.16,1055.16,135000
ICICIBANK-EQ_2024-05-22_13-55-00.png,2024-05-22_13-55-00,1110.7,1111.3,1109.0,1109.85,424796.0,1109.72,1111.03,1108.4,1115.47,1117.7,1113.05,1115.71,1055.16,1052.97,1052.97,1052.97,135500
ICICIBANK-EQ_2024-05-22_14-00-00.png,2024-05-22_14-00-00,1109.8,1111.3,1109.55,1110.65,266167.0,1109.75,1111.13,1108.38,1116.05,1117.5,1114.75,1116.21,1052.97,1055.16,1055.16,1055.16,140000
ICICIBANK-EQ_2024-05-22_14-05-00.png,2024-05-22_14-05-00,1110.65,1111.0,1109.7,1109.9,116924.0,1109.75,1111.12,1108.37,1116.3,1116.9,1112.0,1114.39,1055.16,1057.35,1057.35,1057.35,140500
ICICIBANK-EQ_2024-05-22_14-10-00.png,2024-05-22_14-10-00,1109.8,1110.15,1109.1,1109.85,77261.0,1109.7,1111.01,1108.4,1114.32,1114.35,1111.4,1113.08,1057.35,1059.54,1059.54,1059.54,141000
ICICIBANK-EQ_2024-05-22_14-15-00.png,2024-05-22_14-15-00,1109.85,1110.35,1109.15,1109.75,72454.0,1109.71,1111.01,1108.41,1113.28,1115.7,1113.28,1114.64,1059.54,1061.73,1061.73,1061.73,141500
ICICIBANK-EQ_2024-05-22_14-20-00.png,2024-05-22_14-20-00,1109.75,1110.05,1109.3,1109.8,64923.0,1109.7,1111.01,1108.4,1114.53,1119.3,1114.5,1116.82,1061.73,1059.54,1059.54,1059.54,142000
ICICIBANK-EQ_2024-05-22_14-25-00.png,2024-05-22_14-25-00,1109.85,1110.0,1108.6,1108.85,108543.0,1109.65,1111.0,1108.3,1116.75,1120.85,1116.75,1119.34,1059.54,1057.35,1057.35,1057.35,142500
ICICIBANK-EQ_2024-05-22_14-30-00.png,2024-05-22_14-30-00,1108.9,1110.0,1108.6,1109.6,115157.0,1109.69,1110.99,1108.39,1119.35,1122.85,1119.35,1121.55,1057.35,1055.16,1055.16,1055.16,143000
ICICIBANK-EQ_2024-05-22_14-35-00.png,2024-05-22_14-35-00,1109.6,1109.7,1105.6,1107.0,374239.0,1109.6,1111.33,1107.88,1121.47,1123.3,1121.1,1122.5,1055.16,1057.35,1057.35,1057.35,143500
ICICIBANK-EQ_2024-05-22_14-40-00.png,2024-05-22_14-40-00,1106.85,1108.6,1106.3,1108.15,118954.0,1109.57,1111.39,1107.75,1122.8,1123.45,1121.8,1122.6,1057.35,1059.54,1059.54,1059.54,144000
ICICIBANK-EQ_2024-05-22_14-45-00.png,2024-05-22_14-45-00,1108.15,1108.65,1107.45,1107.7,79651.0,1109.52,1111.48,1107.56,1122.57,1124.05,1121.75,1122.74,1059.54,1061.73,1061.73,1061.73,144500
ICICIBANK-EQ_2024-05-22_14-50-00.png,2024-05-22_14-50-00,1107.8,1108.1,1104.1,1104.3,170871.0,1109.29,1112.34,1106.25,1122.57,1125.0,1122.57,1124.09,1061.73,1063.91,1063.91,1063.91,145000
ICICIBANK-EQ_2024-05-22_14-55-00.png,2024-05-22_14-55-00,1104.7,1105.4,1098.1,1104.0,532732.0,1109.02,1112.88,1105.17,1124.2,1126.5,1124.2,1125.54,1063.91,1061.73,1061.73,1061.73,145500
ICICIBANK-EQ_2024-05-22_15-00-00.png,2024-05-22_15-00-00,1103.4,1108.25,1103.3,1107.45,1433741.0,1108.92,1112.82,1105.01,1125.53,1129.9,1125.53,1127.51,1061.73,1063.91,1063.91,1063.91,150000
ICICIBANK-EQ_2024-05-22_15-05-00.png,2024-05-22_15-05-00,1107.45,1111.25,1107.45,1110.85,1314267.0,1108.95,1112.92,1104.98,1127.25,1129.5,1127.25,1128.36,1063.91,1061.73,1061.73,1061.73,150500
ICICIBANK-EQ_2024-05-22_15-10-00.png,2024-05-22_15-10-00,1110.85,1114.0,1110.7,1113.75,772008.0,1109.12,1113.58,1104.65,1128.12,1128.4,1125.35,1126.88,1061.73,1059.54,1059.54,1059.54,151000
ICICIBANK-EQ_2024-05-22_15-15-00.png,2024-05-22_15-15-00,1113.7,1117.65,1113.55,1116.75,593983.0,1109.45,1115.07,1103.83,1126.88,1127.0,1125.6,1126.18,1059.54,1057.35,1057.35,1057.35,151500
ICICIBANK-EQ_2024-05-22_15-20-00.png,2024-05-22_15-20-00,1116.75,1117.0,1115.45,1116.3,593097.0,1109.79,1116.19,1103.38,1126.05,1126.4,1122.75,1125.03,1057.35,1059.54,1059.54,1059.54,152000
ICICIBANK-EQ_2024-05-22_15-25-00.png,2024-05-22_15-25-00,1116.3,1116.8,1114.05,1114.65,490104.0,1110.0,1116.76,1103.24,1125.47,1125.55,1124.15,1124.88,1059.54,1057.35,1057.35,1057.35,152500
ICICIBANK-EQ_2024-05-23_09-15-00.png,2024-05-23_09-15-00,1115.75,1117.7,1113.05,1116.35,395439.0,1110.28,1117.61,1102.94,1124.9,1126.65,1124.3,1125.2,1057.35,1055.16,1055.16,1055.16,91500
ICICIBANK-EQ_2024-05-23_09-20-00.png,2024-05-23_09-20-00,1116.35,1117.5,1114.75,1116.25,172455.0,1110.59,1118.39,1102.8,1124.93,1125.7,1124.0,1124.89,1055.16,1057.35,1057.35,1057.35,92000
ICICIBANK-EQ_2024-05-23_09-25-00.png,2024-05-23_09-25-00,1116.2,1116.9,1112.0,1112.45,220176.0,1110.68,1118.53,1102.84,1124.92,1128.0,1124.75,1126.12,1057.35,1059.54,1059.54,1059.54,92500
ICICIBANK-EQ_2024-05-23_09-30-00.png,2024-05-23_09-30-00,1112.5,1114.35,1111.4,1114.05,167170.0,1110.89,1118.86,1102.92,1125.88,1127.65,1125.55,1126.56,1059.54,1061.73,1061.73,1061.73,93000
ICICIBANK-EQ_2024-05-23_09-35-00.png,2024-05-23_09-35-00,1114.05,1115.7,1113.8,1115.0,272245.0,1111.15,1119.31,1102.99,1126.53,1126.53,1124.15,1125.32,1061.73,1059.54,1059.54,1059.54,93500
ICICIBANK-EQ_2024-05-23_09-40-00.png,2024-05-23_09-40-00,1115.3,1119.3,1114.5,1118.2,338987.0,1111.57,1120.28,1102.86,1125.45,1126.0,1124.4,1125.12,1059.54,1057.35,1057.35,1057.35,94000
ICICIBANK-EQ_2024-05-23_09-45-00.png,2024-05-23_09-45-00,1118.25,1120.85,1117.8,1120.45,168825.0,1112.1,1121.62,1102.59,1125.05,1127.4,1125.05,1125.94,1057.35,1059.54,1059.54,1059.54,94500
ICICIBANK-EQ_2024-05-23_09-50-00.png,2024-05-23_09-50-00,1120.45,1122.85,1120.4,1122.5,163866.0,1112.79,1123.24,1102.34,1125.58,1127.25,1125.5,1126.25,1059.54,1061.73,1061.73,1061.73,95000
ICICIBANK-EQ_2024-05-23_09-55-00.png,2024-05-23_09-55-00,1122.35,1123.3,1121.1,1123.25,113721.0,1113.47,1124.79,1102.15,1126.12,1127.5,1125.6,1126.32,1061.73,1063.91,1063.91,1063.91,95500
ICICIBANK-EQ_2024-05-23_10-00-00.png,2024-05-23_10-00-00,1123.1,1123.45,1121.8,1122.05,70934.0,1114.22,1125.73,1102.71,1126.1,1126.85,1125.05,1125.76,1063.91,1061.73,1061.73,1061.73,100000
ICICIBANK-EQ_2024-05-23_10-05-00.png,2024-05-23_10-05-00,1122.05,1124.05,1121.75,1123.1,59048.0,1114.97,1126.76,1103.18,1125.57,1126.0,1125.0,1125.46,1061.73,1063.91,1063.91,1063.91,100500
ICICIBANK-EQ_2024-05-23_10-10-00.png,2024-05-23_10-10-00,1123.4,1125.0,1122.95,1125.0,96339.0,1115.83,1127.91,1103.76,1125.42,1126.9,1123.7,1125.53,1063.91,1066.1,1066.1,1066.1,101000
ICICIBANK-EQ_2024-05-23_10-15-00.png,2024-05-23_10-15-00,1124.95,1126.5,1124.6,1126.1,141372.0,1116.92,1128.54,1105.31,1125.75,1127.0,1124.45,1125.74,1066.1,1063.91,1063.91,1063.91,101500
ICICIBANK-EQ_2024-05-23_10-20-00.png,2024-05-23_10-20-00,1126.1,1129.9,1125.65,1128.4,262315.0,1118.14,1129.16,1107.13,1125.75,1127.5,1125.45,1126.26,1063.91,1066.1,1066.1,1066.1,102000
ICICIBANK-EQ_2024-05-23_10-25-00.png,2024-05-23_10-25-00,1128.4,1129.5,1127.7,1127.85,125471.0,1119.16,1129.78,1108.55,1126.05,1127.45,1124.25,1125.69,1066.1,1068.29,1068.29,1068.29,102500
ICICIBANK-EQ_2024-05-23_10-30-00.png,2024-05-23_10-30-00,1127.75,1128.4,1125.35,1126.0,145164.0,1119.92,1130.19,1109.65,1125.53,1125.53,1124.45,1124.94,1068.29,1066.1,1066.1,1066.1,103000
ICICIBANK-EQ_2024-05-23_10-35-00.png,2024-05-23_10-35-00,1126.0,1127.0,1125.6,1126.1,121573.0,1120.54,1130.73,1110.35,1124.9,1125.5,1124.15,1124.86,1066.1,1068.29,1068.29,1068.29,103500
ICICIBANK-EQ_2024-05-23_10-40-00.png,2024-05-23_10-40-00,1126.05,1126.4,1122.75,1124.9,183062.0,1120.95,1131.15,1110.74,1124.9,1126.0,1124.6,1125.08,1068.29,1070.48,1070.48,1070.48,104000
ICICIBANK-EQ_2024-05-23_10-45-00.png,2024-05-23_10-45-00,1124.9,1125.55,1124.15,1124.9,164678.0,1121.38,1131.48,1111.27,1124.85,1125.45,1124.55,1124.92,1070.48,1068.29,1068.29,1068.29,104500
ICICIBANK-EQ_2024-05-23_10-50-00.png,2024-05-23_10-50-00,1124.9,1126.65,1124.3,1124.95,285760.0,1121.89,1131.6,1112.19,1124.85,1126.0,1124.55,1125.31,1068.29,1066.1,1066.1,1066.1,105000
ICICIBANK-EQ_2024-05-23_10-55-00.png,2024-05-23_10-55-00,1124.85,1125.7,1124.0,1125.0,187320.0,1122.32,1131.76,1112.89,1125.35,1126.5,1125.1,1125.97,1066.1,1063.91,1063.91,1063.91,105500
ICICIBANK-EQ_2024-05-23_11-00-00.png,2024-05-23_11-00-00,1125.0,1128.0,1124.75,1126.75,93875.0,1122.85,1132.02,1113.68,1126.15,1130.0,1125.2,1127.61,1063.91,1066.1,1066.1,1066.1,110000
ICICIBANK-EQ_2024-05-23_11-05-00.png,2024-05-23_11-05-00,1126.8,1127.65,1125.55,1126.25,31234.0,1123.54,1131.4,1115.68,1127.62,1129.75,1127.62,1129.11,1066.1,1068.29,1068.29,1068.29,110500
ICICIBANK-EQ_2024-05-23_11-10-00.png,2024-05-23_11-10-00,1126.25,1126.25,1124.15,1124.65,61993.0,1124.07,1130.54,1117.6,1129.25,1131.75,1129.25,1130.61,1068.29,1070.48,1070.48,1070.48,111000
ICICIBANK-EQ_2024-05-23_11-15-00.png,2024-05-23_11-15-00,1124.7,1126.0,1124.4,1125.4,38796.0,1124.59,1129.47,1119.71,1130.62,1132.0,1128.45,1130.26,1070.48,1072.67,1072.67,1072.67,111500
ICICIBANK-EQ_2024-05-23_11-20-00.png,2024-05-23_11-20-00,1125.4,1127.4,1125.2,1125.75,67931.0,1124.97,1128.83,1121.1,1130.3,1130.75,1128.5,1129.49,1072.67,1074.86,1074.86,1074.86,112000
ICICIBANK-EQ_2024-05-23_11-25-00.png,2024-05-23_11-25-00,1125.75,1127.25,1125.5,1126.5,41856.0,1125.27,1128.55,1121.99,1129.35,1133.0,1129.35,1130.74,1074.86,1072.67,1072.67,1072.67,112500
ICICIBANK-EQ_2024-05-23_11-30-00.png,2024-05-23_11-30-00,1126.45,1127.5,1125.6,1125.75,74740.0,1125.43,1128.44,1122.42,1130.3,1133.2,1130.3,1131.81,1072.67,1074.86,1074.86,1074.86,113000
ICICIBANK-EQ_2024-05-23_11-35-00.png,2024-05-23_11-35-00,1125.8,1126.85,1125.05,1125.35,48739.0,1125.54,1128.37,1122.71,1131.7,1132.9,1128.45,1131.04,1074.86,1077.05,1077.05,1077.05,113500
ICICIBANK-EQ_2024-05-23_11-40-00.png,2024-05-23_11-40-00,1125.35,1126.0,1125.0,1125.5,48335.0,1125.71,1128.02,1123.4,1131.4,1131.4,1126.1,1128.36,1077.05,1079.24,1079.24,1079.24,114000
ICICIBANK-EQ_2024-05-23_11-45-00.png,2024-05-23_11-45-00,1125.5,1126.9,1123.7,1126.0,484391.0,1125.86,1127.81,1123.9,1128.42,1128.45,1125.75,1127.08,1079.24,1077.05,1077.05,1077.05,114500
ICICIBANK-EQ_2024-05-23_11-50-00.png,2024-05-23_11-50-00,1126.0,1127.0,1124.45,1125.5,84761.0,1125.88,1127.8,1123.96,1127.05,1130.55,1126.95,1128.22,1077.05,1079.24,1079.24,1079.24,115000
ICICIBANK-EQ_2024-05-23_11-55-00.png,2024-05-23_11-55-00,1125.8,1127.5,1125.45,1126.3,95417.0,1125.89,1127.82,1123.96,1127.7,1128.95,1126.25,1127.44,1079.24,1081.43,1081.43,1081.43,115500
ICICIBANK-EQ_2024-05-23_12-00-00.png,2024-05-23_12-00-00,1126.2,1127.45,1124.25,1124.85,671719.0,1125.71,1127.29,1124.14,1127.28,1127.35,1125.45,1126.42,1081.43,1083.62,1083.62,1083.62,120000
ICICIBANK-EQ_2024-05-23_12-05-00.png,2024-05-23_12-05-00,1124.8,1125.5,1124.45,1125.0,63242.0,1125.57,1126.81,1124.33,1126.45,1128.3,1126.05,1126.78,1083.62,1085.81,1085.81,1085.81,120500
ICICIBANK-EQ_2024-05-23_12-10-00.png,2024-05-23_12-10-00,1125.0,1125.5,1124.15,1124.8,68814.0,1125.51,1126.78,1124.24,1126.38,1128.35,1125.5,1126.96,1085.81,1088.0,1088.0,1088.0,121000
ICICIBANK-EQ_2024-05-23_12-15-00.png,2024-05-23_12-15-00,1124.8,1126.0,1124.6,1124.9,115715.0,1125.45,1126.72,1124.18,1127.0,1129.15,1127.0,1128.11,1088.0,1085.81,1085.81,1085.81,121500
ICICIBANK-EQ_2024-05-23_12-20-00.png,2024-05-23_12-20-00,1125.0,1125.45,1124.55,1124.7,70256.0,1125.44,1126.73,1124.15,1128.12,1129.7,1127.9,1128.7,1085.81,1083.62,1083.62,1083.62,122000
ICICIBANK-EQ_2024-05-23_12-25-00.png,2024-05-23_12-25-00,1124.7,1126.0,1124.55,1126.0,80981.0,1125.5,1126.78,1124.21,1128.6,1130.95,1128.25,1129.46,1083.62,1081.43,1081.43,1081.43,122500
ICICIBANK-EQ_2024-05-23_12-30-00.png,2024-05-23_12-30-00,1125.9,1126.5,1125.1,1126.4,168768.0,1125.57,1126.89,1124.25,1129.32,1131.9,1129.32,1130.51,1081.43,1083.62,1083.62,1083.62,123000
ICICIBANK-EQ_2024-05-23_12-35-00.png,2024-05-23_12-35-00,1126.25,1130.0,1125.2,1129.0,272766.0,1125.77,1127.76,1123.77,1130.3,1133.0,1130.3,1131.64,1083.62,1085.81,1085.81,1085.81,123500
ICICIBANK-EQ_2024-05-23_12-40-00.png,2024-05-23_12-40-00,1129.0,1129.75,1128.2,1129.5,71380.0,1125.91,1128.48,1123.33,1131.62,1135.4,1131.62,1133.69,1085.81,1088.0,1088.0,1088.0,124000
ICICIBANK-EQ_2024-05-23_12-45-00.png,2024-05-23_12-45-00,1129.5,1131.75,1129.45,1131.75,207380.0,1126.18,1129.85,1122.51,1133.58,1135.3,1133.4,1134.49,1088.0,1085.81,1085.81,1085.81,124500
ICICIBANK-EQ_2024-05-23_12-50-00.png,2024-05-23_12-50-00,1131.75,1132.0,1128.45,1128.85,102381.0,1126.39,1130.17,1122.61,1134.62,1135.9,1132.55,1134.44,1085.81,1083.62,1083.62,1083.62,125000
ICICIBANK-EQ_2024-05-23_12-55-00.png,2024-05-23_12-55-00,1128.8,1130.75,1128.5,1129.9,129508.0,1126.62,1130.67,1122.56,1134.65,1134.65,1131.25,1132.99,1083.62,1081.43,1081.43,1081.43,125500
ICICIBANK-EQ_2024-05-23_13-00-00.png,2024-05-23_13-00-00,1129.9,1133.0,1129.35,1130.7,193659.0,1126.86,1131.29,1122.44,1133.28,1133.7,1131.0,1132.55,1081.43,1083.62,1083.62,1083.62,130000
ICICIBANK-EQ_2024-05-23_13-05-00.png,2024-05-23_13-05-00,1130.85,1133.2,1130.65,1132.55,149468.0,1127.17,1132.26,1122.07,1132.75,1134.9,1132.75,1133.6,1083.62,1085.81,1085.81,1085.81,130500
ICICIBANK-EQ_2024-05-23_13-10-00.png,2024-05-23_13-10-00,1132.55,1132.9,1128.45,1130.25,164401.0,1127.39,1132.62,1122.16,1133.32,1134.6,1132.05,1133.18,1085.81,1088.0,1088.0,1088.0,131000
ICICIBANK-EQ_2024-05-23_13-15-00.png,2024-05-23_13-15-00,1130.25,1130.5,1126.1,1126.6,203813.0,1127.45,1132.61,1122.3,1133.03,1133.03,1129.7,1131.77,1088.0,1085.81,1085.81,1085.81,131500
ICICIBANK-EQ_2024-05-23_13-20-00.png,2024-05-23_13-20-00,1126.65,1128.45,1125.75,1127.45,233180.0,1127.55,1132.62,1122.48,1132.4,1133.0,1130.45,1131.76,1085.81,1083.62,1083.62,1083.62,132000
ICICIBANK-EQ_2024-05-23_13-25-00.png,2024-05-23_13-25-00,1127.25,1130.55,1126.95,1128.15,178455.0,1127.66,1132.68,1122.63,1131.8,1134.95,1130.6,1132.64,1083.62,1085.81,1085.81,1085.81,132500
ICICIBANK-EQ_2024-05-23_13-30-00.png,2024-05-23_13-30-00,1128.1,1128.95,1126.25,1126.45,238794.0,1127.7,1132.66,1122.75,1132.5,1135.9,1132.5,1134.89,1085.81,1088.0,1088.0,1088.0,133000
ICICIBANK-EQ_2024-05-23_13-35-00.png,2024-05-23_13-35-00,1126.45,1127.35,1125.45,1126.45,242630.0,1127.71,1132.66,1122.76,1134.97,1136.75,1134.97,1135.96,1088.0,1090.19,1090.19,1090.19,133500
ICICIBANK-EQ_2024-05-23_13-40-00.png,2024-05-23_13-40-00,1126.35,1128.3,1126.05,1126.4,256445.0,1127.79,1132.6,1122.98,1135.93,1136.6,1134.0,1135.16,1090.19,1088.0,1088.0,1088.0,134000
ICICIBANK-EQ_2024-05-23_13-45-00.png,2024-05-23_13-45-00,1126.4,1128.35,1125.5,1127.6,261229.0,1127.92,1132.55,1123.29,1135.03,1135.8,1132.8,1134.55,1088.0,1085.81,1085.81,1085.81,134500
ICICIBANK-EQ_2024-05-23_13-50-00.png,2024-05-23_13-50-00,1127.65,1129.15,1127.05,1128.6,199827.0,1128.11,1132.5,1123.72,1134.8,1137.0,1133.8,1135.69,1085.81,1088.0,1088.0,1088.0,135000
ICICIBANK-EQ_2024-05-23_13-55-00.png,2024-05-23_13-55-00,1128.6,1129.7,1127.9,1128.6,201018.0,1128.3,1132.42,1124.17,1135.97,1135.97,1128.15,1131.39,1088.0,1085.81,1085.81,1085.81,135500
ICICIBANK-EQ_2024-05-23_14-00-00.png,2024-05-23_14-00-00,1128.6,1130.95,1128.25,1130.05,194802.0,1128.56,1132.39,1124.73,1131.75,1135.0,1131.75,1133.53,1085.81,1083.62,1083.62,1083.62,140000
ICICIBANK-EQ_2024-05-23_14-05-00.png,2024-05-23_14-05-00,1130.3,1131.9,1129.55,1130.3,191604.0,1128.78,1132.48,1125.07,1133.68,1134.1,1131.45,1133.14,1083.62,1085.81,1085.81,1085.81,140500
ICICIBANK-EQ_2024-05-23_14-10-00.png,2024-05-23_14-10-00,1130.3,1133.0,1130.3,1132.95,204139.0,1129.1,1133.07,1125.14,1133.5,1133.6,1128.4,1131.4,1085.81,1088.0,1088.0,1088.0,141000
ICICIBANK-EQ_2024-05-23_14-15-00.png,2024-05-23_14-15-00,1132.95,1135.4,1132.2,1134.2,339907.0,1129.36,1133.94,1124.79,1131.8,1131.8,1126.4,1129.19,1088.0,1085.81,1085.81,1085.81,141500
ICICIBANK-EQ_2024-05-23_14-20-00.png,2024-05-23_14-20-00,1134.2,1135.3,1133.4,1135.05,281064.0,1129.64,1134.88,1124.41,1129.42,1129.7,1127.0,1128.39,1085.81,1083.62,1083.62,1083.62,142000
ICICIBANK-EQ_2024-05-23_14-25-00.png,2024-05-23_14-25-00,1135.2,1135.9,1132.55,1134.1,273061.0,1129.76,1135.29,1124.23,1128.42,1130.8,1127.0,1128.7,1083.62,1081.43,1081.43,1081.43,142500
ICICIBANK-EQ_2024-05-23_14-30-00.png,2024-05-23_14-30-00,1134.05,1134.15,1131.25,1132.5,120492.0,1129.94,1135.59,1124.3,1128.5,1128.5,1125.0,1127.15,1081.43,1079.24,1079.24,1079.24,143000
ICICIBANK-EQ_2024-05-23_14-35-00.png,2024-05-23_14-35-00,1132.55,1133.7,1131.0,1132.95,111730.0,1130.09,1135.9,1124.29,1127.68,1128.6,1125.5,1126.99,1079.24,1081.43,1081.43,1081.43,143500
ICICIBANK-EQ_2024-05-23_14-40-00.png,2024-05-23_14-40-00,1133.0,1134.9,1132.85,1133.65,121937.0,1130.24,1136.26,1124.23,1126.92,1129.8,1124.3,1127.04,1081.43,1079.24,1079.24,1079.24,144000
ICICIBANK-EQ_2024-05-23_14-45-00.png,2024-05-23_14-45-00,1133.7,1134.6,1132.05,1132.35,125625.0,1130.23,1136.23,1124.24,1127.03,1128.1,1125.75,1126.97,1079.24,1077.05,1077.05,1077.05,144500
ICICIBANK-EQ_2024-05-23_14-50-00.png,2024-05-23_14-50-00,1132.35,1132.6,1129.7,1132.45,201911.0,1130.34,1136.42,1124.26,1127.03,1127.03,1125.15,1126.05,1077.05,1074.86,1074.86,1074.86,145000
ICICIBANK-EQ_2024-05-23_14-55-00.png,2024-05-23_14-55-00,1132.6,1133.0,1130.45,1131.0,180394.0,1130.56,1136.38,1124.74,1126.03,1126.5,1124.15,1125.3,1074.86,1077.05,1077.05,1077.05,145500
ICICIBANK-EQ_2024-05-23_15-00-00.png,2024-05-23_15-00-00,1130.65,1134.95,1130.6,1134.35,415830.0,1130.91,1136.77,1125.04,1125.28,1128.5,1125.1,1126.64,1077.05,1074.86,1074.86,1074.86,150000
ICICIBANK-EQ_2024-05-23_15-05-00.png,2024-05-23_15-05-00,1134.35,1135.9,1133.7,1135.6,390796.0,1131.28,1137.35,1125.21,1126.47,1128.05,1125.0,1126.5,1074.86,1077.05,1077.05,1077.05,150500
ICICIBANK-EQ_2024-05-23_15-10-00.png,2024-05-23_15-10-00,1135.9,1136.75,1135.25,1135.95,341508.0,1131.75,1137.72,1125.79,1126.47,1126.47,1124.5,1124.91,1077.05,1079.24,1079.24,1079.24,151000
ICICIBANK-EQ_2024-05-23_15-15-00.png,2024-05-23_15-15-00,1135.9,1136.6,1134.0,1134.15,291148.0,1132.14,1137.64,1126.64,1124.88,1126.15,1124.5,1124.99,1079.24,1081.43,1081.43,1081.43,151500
ICICIBANK-EQ_2024-05-23_15-20-00.png,2024-05-23_15-20-00,1134.15,1135.8,1132.8,1135.45,219363.0,1132.59,1137.56,1127.62,1124.65,1125.85,1124.5,1124.97,1081.43,1079.24,1079.24,1079.24,152000
ICICIBANK-EQ_2024-05-23_15-25-00.png,2024-05-23_15-25-00,1135.45,1137.0,1133.8,1136.5,151109.0,1133.04,1137.71,1128.36,1124.78,1126.5,1124.78,1125.69,1079.24,1077.05,1077.05,1077.05,152500
ICICIBANK-EQ_2024-05-24_09-15-00.png,2024-05-24_09-15-00,1129.95,1133.9,1128.15,1133.55,243786.0,1133.29,1137.47,1129.1,1125.65,1129.5,1125.65,1127.56,1077.05,1079.24,1079.24,1079.24,91500
ICICIBANK-EQ_2024-05-24_09-20-00.png,2024-05-24_09-20-00,1133.5,1135.0,1131.75,1133.85,105798.0,1133.55,1137.11,1129.99,1127.42,1129.1,1126.9,1128.3,1079.24,1081.43,1081.43,1081.43,92000
ICICIBANK-EQ_2024-05-24_09-25-00.png,2024-05-24_09-25-00,1134.0,1134.1,1131.45,1133.0,56424.0,1133.7,1136.87,1130.52,1128.6,1130.45,1127.6,1128.95,1081.43,1079.24,1079.24,1079.24,92500
ICICIBANK-EQ_2024-05-24_09-30-00.png,2024-05-24_09-30-00,1132.75,1133.6,1128.4,1130.85,68512.0,1133.72,1136.78,1130.67,1128.88,1129.7,1128.05,1128.82,1079.24,1081.43,1081.43,1081.43,93000
ICICIBANK-EQ_2024-05-24_09-35-00.png,2024-05-24_09-35-00,1130.8,1131.5,1126.4,1128.05,93399.0,1133.48,1137.44,1129.51,1128.78,1128.78,1125.5,1127.19,1081.43,1083.62,1083.62,1083.62,93500
ICICIBANK-EQ_2024-05-24_09-40-00.png,2024-05-24_09-40-00,1128.0,1129.7,1127.0,1128.85,58139.0,1133.21,1137.66,1128.76,1127.25,1127.5,1125.85,1126.7,1083.62,1081.43,1081.43,1081.43,94000
ICICIBANK-EQ_2024-05-24_09-45-00.png,2024-05-24_09-45-00,1128.85,1130.8,1127.0,1128.15,91042.0,1132.86,1137.76,1127.97,1126.72,1128.05,1126.72,1127.49,1081.43,1083.62,1083.62,1083.62,94500
ICICIBANK-EQ_2024-05-24_09-50-00.png,2024-05-24_09-50-00,1128.2,1128.25,1125.0,1127.15,107216.0,1132.52,1138.0,1127.04,1127.45,1128.45,1126.8,1127.41,1083.62,1085.81,1085.81,1085.81,95000
ICICIBANK-EQ_2024-05-24_09-55-00.png,2024-05-24_09-55-00,1127.1,1128.6,1125.5,1126.75,183902.0,1132.23,1138.29,1126.17,1127.2,1127.2,1126.0,1126.53,1085.81,1088.0,1088.0,1088.0,95500
ICICIBANK-EQ_2024-05-24_10-00-00.png,2024-05-24_10-00-00,1126.45,1129.8,1124.3,1127.6,248091.0,1131.96,1138.35,1125.57,1126.55,1127.0,1125.65,1126.32,1088.0,1090.19,1090.19,1090.19,100000
ICICIBANK-EQ_2024-05-24_10-05-00.png,2024-05-24_10-05-00,1127.25,1128.1,1125.75,1126.8,71150.0,1131.62,1138.35,1124.89,1126.32,1128.4,1126.32,1127.42,1090.19,1088.0,1088.0,1088.0,100500
ICICIBANK-EQ_2024-05-24_10-10-00.png,2024-05-24_10-10-00,1126.8,1127.0,1125.15,1125.25,117463.0,1131.26,1138.56,1123.97,1127.4,1128.65,1127.25,1128.01,1088.0,1085.81,1085.81,1085.81,101000
ICICIBANK-EQ_2024-05-24_10-15-00.png,2024-05-24_10-15-00,1125.15,1126.5,1124.15,1125.4,67961.0,1130.91,1138.64,1123.19,1128.07,1129.05,1127.5,1128.32,1085.81,1088.0,1088.0,1088.0,101500
ICICIBANK-EQ_2024-05-24_10-20-00.png,2024-05-24_10-20-00,1125.4,1128.5,1125.1,1127.55,60365.0,1130.74,1138.61,1122.87,1128.38,1128.75,1127.5,1128.35,1088.0,1090.19,1090.19,1090.19,102000
ICICIBANK-EQ_2024-05-24_10-25-00.png,2024-05-24_10-25-00,1127.55,1128.05,1125.0,1125.4,41376.0,1130.29,1138.31,1122.27,1128.58,1129.15,1128.0,1128.4,1090.19,1088.0,1088.0,1088.0,102500
ICICIBANK-EQ_2024-05-24_10-30-00.png,2024-05-24_10-30-00,1125.05,1125.4,1124.5,1124.7,42538.0,1129.75,1137.73,1121.77,1128.22,1128.25,1127.5,1127.84,1088.0,1085.81,1085.81,1085.81,103000
ICICIBANK-EQ_2024-05-24_10-35-00.png,2024-05-24_10-35-00,1124.7,1126.15,1124.5,1124.6,46094.0,1129.18,1136.92,1121.44,1127.8,1127.95,1126.35,1127.41,1085.81,1088.0,1088.0,1088.0,103500
ICICIBANK-EQ_2024-05-24_10-40-00.png,2024-05-24_10-40-00,1124.55,1125.85,1124.5,1125.0,31223.0,1128.72,1136.3,1121.14,1127.68,1127.8,1125.75,1126.88,1088.0,1085.81,1085.81,1085.81,104000
ICICIBANK-EQ_2024-05-24_10-45-00.png,2024-05-24_10-45-00,1125.05,1126.5,1124.95,1126.25,35928.0,1128.26,1135.21,1121.31,1126.97,1126.97,1125.4,1126.01,1085.81,1083.62,1083.62,1083.62,104500
ICICIBANK-EQ_2024-05-24_10-50-00.png,2024-05-24_10-50-00,1126.25,1129.5,1125.9,1128.6,97928.0,1127.87,1133.65,1122.09,1125.85,1126.55,1125.3,1125.76,1083.62,1085.81,1085.81,1085.81,105000
ICICIBANK-EQ_2024-05-24_10-55-00.png,2024-05-24_10-55-00,1128.55,1129.1,1126.9,1128.65,91291.0,1127.62,1132.77,1122.48,1125.6,1125.9,1125.0,1125.38,1085.81,1088.0,1088.0,1088.0,105500
ICICIBANK-EQ_2024-05-24_11-00-00.png,2024-05-24_11-00-00,1128.45,1130.45,1127.6,1129.3,72964.0,1127.4,1131.72,1123.07,1125.3,1126.2,1125.0,1125.55,1088.0,1085.81,1085.81,1085.81,110000
ICICIBANK-EQ_2024-05-24_11-05-00.png,2024-05-24_11-05-00,1129.25,1129.7,1128.05,1128.3,66175.0,1127.16,1130.62,1123.7,1125.5,1126.2,1125.5,1125.96,1085.81,1083.62,1083.62,1083.62,110500
ICICIBANK-EQ_2024-05-24_11-10-00.png,2024-05-24_11-10-00,1128.55,1128.75,1125.5,1125.95,71194.0,1126.92,1129.95,1123.88,1126.08,1126.5,1125.25,1125.91,1083.62,1081.43,1081.43,1081.43,111000
ICICIBANK-EQ_2024-05-24_11-15-00.png,2024-05-24_11-15-00,1126.0,1127.5,1125.85,1127.45,28363.0,1126.88,1129.88,1123.89,1125.95,1126.65,1125.35,1125.91,1081.43,1083.62,1083.62,1083.62,111500
ICICIBANK-EQ_2024-05-24_11-20-00.png,2024-05-24_11-20-00,1127.4,1128.05,1127.0,1127.5,57487.0,1126.82,1129.68,1123.95,1125.82,1128.0,1125.5,1126.65,1083.62,1085.81,1085.81,1085.81,112000
ICICIBANK-EQ_2024-05-24_11-25-00.png,2024-05-24_11-25-00,1127.55,1128.45,1126.8,1126.85,79069.0,1126.75,1129.55,1123.95,1126.55,1129.0,1126.55,1128.03,1085.81,1088.0,1088.0,1088.0,112500
ICICIBANK-EQ_2024-05-24_11-30-00.png,2024-05-24_11-30-00,1126.8,1127.0,1126.0,1126.3,84949.0,1126.71,1129.51,1123.91,1127.92,1129.9,1127.92,1129.01,1088.0,1090.19,1090.19,1090.19,113000
ICICIBANK-EQ_2024-05-24_11-35-00.png,2024-05-24_11-35-00,1126.1,1127.0,1125.65,1126.55,84276.0,1126.7,1129.5,1123.9,1128.97,1129.8,1126.45,1128.25,1090.19,1092.37,1092.37,1092.37,113500
ICICIBANK-EQ_2024-05-24_11-40-00.png,2024-05-24_11-40-00,1126.55,1128.4,1126.5,1128.25,72943.0,1126.73,1129.59,1123.87,1128.38,1128.38,1126.5,1127.45,1092.37,1094.56,1094.56,1094.56,114000
ICICIBANK-EQ_2024-05-24_11-45-00.png,2024-05-24_11-45-00,1128.1,1128.65,1127.25,1128.05,41748.0,1126.8,1129.71,1123.88,1127.58,1128.9,1127.0,1128.0,1094.56,1092.37,1092.37,1092.37,114500
ICICIBANK-EQ_2024-05-24_11-50-00.png,2024-05-24_11-50-00,1128.0,1129.05,1127.5,1128.75,71362.0,1126.97,1129.92,1124.02,1128.05,1128.9,1127.6,1128.36,1092.37,1090.19,1090.19,1090.19,115000
ICICIBANK-EQ_2024-05-24_11-55-00.png,2024-05-24_11-55-00,1128.75,1128.75,1127.5,1128.4,25716.0,1127.12,1130.04,1124.2,1128.47,1128.9,1127.45,1128.31,1090.19,1088.0,1088.0,1088.0,115500
ICICIBANK-EQ_2024-05-24_12-00-00.png,2024-05-24_12-00-00,1128.35,1129.15,1128.0,1128.1,29584.0,1127.15,1130.09,1124.2,1128.45,1129.0,1127.6,1128.36,1088.0,1090.19,1090.19,1090.19,120000
ICICIBANK-EQ_2024-05-24_12-05-00.png,2024-05-24_12-05-00,1128.05,1128.25,1127.5,1127.55,39510.0,1127.25,1130.09,1124.42,1128.43,1128.9,1127.5,1128.24,1090.19,1092.37,1092.37,1092.37,120500
ICICIBANK-EQ_2024-05-24_12-10-00.png,2024-05-24_12-10-00,1127.6,1127.95,1126.35,1127.75,49544.0,1127.41,1129.97,1124.84,1128.28,1128.28,1127.1,1127.56,1092.37,1094.56,1094.56,1094.56,121000
ICICIBANK-EQ_2024-05-24_12-15-00.png,2024-05-24_12-15-00,1127.7,1127.8,1125.75,1126.25,41270.0,1127.49,1129.77,1125.21,1127.47,1127.55,1125.95,1126.65,1094.56,1096.75,1096.75,1096.75,121500
ICICIBANK-EQ_2024-05-24_12-20-00.png,2024-05-24_12-20-00,1126.2,1126.95,1125.4,1125.5,50633.0,1127.51,1129.68,1125.35,1126.55,1128.0,1125.65,1126.89,1096.75,1094.56,1094.56,1094.56,122000
ICICIBANK-EQ_2024-05-24_12-25-00.png,2024-05-24_12-25-00,1125.5,1126.55,1125.3,1125.7,45332.0,1127.49,1129.74,1125.24,1126.95,1128.4,1126.95,1127.84,1094.56,1092.37,1092.37,1092.37,122500
ICICIBANK-EQ_2024-05-24_12-30-00.png,2024-05-24_12-30-00,1125.6,1125.9,1125.0,1125.0,51748.0,1127.31,1129.75,1124.86,1127.82,1128.1,1127.05,1127.51,1092.37,1094.56,1094.56,1094.56,123000
ICICIBANK-EQ_2024-05-24_12-35-00.png,2024-05-24_12-35-00,1125.0,1126.2,1125.0,1126.0,60771.0,1127.18,1129.6,1124.75,1127.45,1128.3,1127.0,1127.76,1094.56,1096.75,1096.75,1096.75,123500
ICICIBANK-EQ_2024-05-24_12-40-00.png,2024-05-24_12-40-00,1125.95,1126.2,1125.5,1126.2,43375.0,1127.02,1129.26,1124.78,1127.88,1128.9,1127.55,1128.34,1096.75,1094.56,1094.56,1094.56,124000
ICICIBANK-EQ_2024-05-24_12-45-00.png,2024-05-24_12-45-00,1126.15,1126.5,1125.25,1125.75,49499.0,1126.89,1129.12,1124.67,1128.45,1130.0,1128.3,1128.94,1094.56,1096.75,1096.75,1096.75,124500
ICICIBANK-EQ_2024-05-24_12-50-00.png,2024-05-24_12-50-00,1125.8,1126.65,1125.35,1125.85,39011.0,1126.89,1129.12,1124.65,1128.72,1128.95,1126.65,1127.91,1096.75,1098.94,1098.94,1098.94,125000
ICICIBANK-EQ_2024-05-24_12-55-00.png,2024-05-24_12-55-00,1125.6,1128.0,1125.5,1127.5,40093.0,1126.89,1129.13,1124.65,1128.03,1128.95,1126.5,1127.81,1098.94,1096.75,1096.75,1096.75,125500
ICICIBANK-EQ_2024-05-24_13-00-00.png,2024-05-24_13-00-00,1127.3,1129.0,1127.25,1128.55,105192.0,1126.94,1129.29,1124.6,1127.9,1130.5,1127.9,1129.35,1096.75,1094.56,1094.56,1094.56,130000
ICICIBANK-EQ_2024-05-24_13-05-00.png,2024-05-24_13-05-00,1128.55,1129.9,1128.2,1129.4,88239.0,1127.07,1129.66,1124.48,1129.43,1131.5,1129.43,1130.76,1094.56,1092.37,1092.37,1092.37,130500
ICICIBANK-EQ_2024-05-24_13-10-00.png,2024-05-24_13-10-00,1129.4,1129.8,1126.45,1127.35,73236.0,1127.12,1129.69,1124.56,1130.85,1131.4,1130.15,1130.84,1092.37,1094.56,1094.56,1094.56,131000
ICICIBANK-EQ_2024-05-24_13-15-00.png,2024-05-24_13-15-00,1127.25,1128.15,1126.5,1127.9,43608.0,1127.19,1129.76,1124.62,1130.9,1131.85,1129.75,1130.99,1094.56,1096.75,1096.75,1096.75,131500
ICICIBANK-EQ_2024-05-24_13-20-00.png,2024-05-24_13-20-00,1128.15,1128.9,1127.0,1127.95,57351.0,1127.18,1129.72,1124.63,1131.18,1133.0,1131.0,1132.1,1096.75,1094.56,1094.56,1094.56,132000
ICICIBANK-EQ_2024-05-24_13-25-00.png,2024-05-24_13-25-00,1128.25,1128.9,1127.6,1128.7,41925.0,1127.21,1129.82,1124.6,1132.2,1132.65,1127.55,1130.69,1094.56,1096.75,1096.75,1096.75,132500
ICICIBANK-EQ_2024-05-24_13-30-00.png,2024-05-24_13-30-00,1128.9,1128.9,1127.45,1128.0,37447.0,1127.17,1129.71,1124.63,1131.28,1133.4,1129.0,1131.4,1096.75,1094.56,1094.56,1094.56,133000
ICICIBANK-EQ_2024-05-24_13-35-00.png,2024-05-24_13-35-00,1128.2,1129.0,1127.6,1128.65,32395.0,1127.18,1129.75,1124.62,1131.6,1134.5,1130.85,1132.41,1094.56,1096.75,1096.75,1096.75,133500
ICICIBANK-EQ_2024-05-24_13-40-00.png,2024-05-24_13-40-00,1128.7,1128.9,1127.5,1127.85,33645.0,1127.17,1129.72,1124.62,1132.15,1133.0,1130.6,1131.88,1096.75,1098.94,1098.94,1098.94,134000
ICICIBANK-EQ_2024-05-24_13-45-00.png,2024-05-24_13-45-00,1127.85,1128.2,1127.1,1127.1,44843.0,1127.15,1129.69,1124.6,1131.95,1133.85,1131.95,1132.85,1098.94,1096.75,1096.75,1096.75,134500
ICICIBANK-EQ_2024-05-24_13-50-00.png,2024-05-24_13-50-00,1127.1,1127.55,1125.95,1126.0,65997.0,1127.06,1129.64,1124.48,1132.7,1133.8,1131.0,1132.51,1096.75,1098.94,1098.94,1098.94,135000
ICICIBANK-EQ_2024-05-24_13-55-00.png,2024-05-24_13-55-00,1126.05,1128.0,1125.65,1127.85,80027.0,1127.14,1129.71,1124.57,1132.62,1134.35,1130.45,1132.61,1098.94,1096.75,1096.75,1096.75,135500
ICICIBANK-EQ_2024-05-24_14-00-00.png,2024-05-24_14-00-00,1127.85,1128.4,1127.3,1127.8,29536.0,1127.25,1129.72,1124.79,1132.82,1136.0,1132.82,1134.53,1096.75,1094.56,1094.56,1094.56,140000
ICICIBANK-EQ_2024-05-24_14-05-00.png,2024-05-24_14-05-00,1127.6,1128.1,1127.05,1127.3,24777.0,1127.34,1129.69,1124.98,1134.47,1135.45,1131.45,1133.54,1094.56,1092.37,1092.37,1092.37,140500
ICICIBANK-EQ_2024-05-24_14-10-00.png,2024-05-24_14-10-00,1127.6,1128.3,1127.0,1128.15,39092.0,1127.49,1129.6,1125.39,1133.62,1133.62,1129.8,1130.92,1092.37,1094.56,1094.56,1094.56,141000
ICICIBANK-EQ_2024-05-24_14-15-00.png,2024-05-24_14-15-00,1128.15,1128.9,1127.55,1128.75,35621.0,1127.63,1129.68,1125.58,1130.8,1132.8,1129.8,1131.14,1094.56,1096.75,1096.75,1096.75,141500
ICICIBANK-EQ_2024-05-24_14-20-00.png,2024-05-24_14-20-00,1128.75,1130.0,1128.3,1128.7,82791.0,1127.75,1129.74,1125.77,1130.97,1133.45,1130.97,1132.19,1096.75,1094.56,1094.56,1094.56,142000
ICICIBANK-EQ_2024-05-24_14-25-00.png,2024-05-24_14-25-00,1128.7,1128.95,1126.65,1127.35,37276.0,1127.83,1129.6,1126.07,1131.97,1135.8,1131.75,1133.76,1094.56,1096.75,1096.75,1096.75,142500
ICICIBANK-EQ_2024-05-24_14-30-00.png,2024-05-24_14-30-00,1127.35,1128.95,1126.5,1128.45,86849.0,1127.96,1129.48,1126.45,1133.75,1135.95,1133.1,1134.59,1096.75,1098.94,1098.94,1098.94,143000
ICICIBANK-EQ_2024-05-24_14-35-00.png,2024-05-24_14-35-00,1128.4,1130.5,1128.05,1130.45,118029.0,1128.11,1129.97,1126.25,1134.65,1136.55,1133.65,1135.04,1098.94,1096.75,1096.75,1096.75,143500
ICICIBANK-EQ_2024-05-24_14-40-00.png,2024-05-24_14-40-00,1130.45,1131.5,1129.85,1131.25,98726.0,1128.25,1130.58,1125.92,1134.97,1136.5,1133.05,1134.82,1096.75,1098.94,1098.94,1098.94,144000
ICICIBANK-EQ_2024-05-24_14-45-00.png,2024-05-24_14-45-00,1131.25,1131.4,1130.15,1130.55,79952.0,1128.3,1130.8,1125.81,1134.88,1135.2,1133.5,1134.22,1098.94,1101.13,1101.13,1101.13,144500
ICICIBANK-EQ_2024-05-24_14-50-00.png,2024-05-24_14-50-00,1130.55,1131.85,1129.75,1131.8,98999.0,1128.53,1131.43,1125.63,1134.1,1135.75,1134.1,1134.7,1101.13,1098.94,1098.94,1098.94,145000
ICICIBANK-EQ_2024-05-24_14-55-00.png,2024-05-24_14-55-00,1131.8,1133.0,1131.0,1132.6,124048.0,1128.76,1132.17,1125.36,1134.45,1134.5,1133.0,1133.7,1098.94,1101.13,1101.13,1101.13,145500
ICICIBANK-EQ_2024-05-24_15-00-00.png,2024-05-24_15-00-00,1132.6,1132.65,1127.55,1129.95,296763.0,1128.86,1132.28,1125.44,1133.65,1133.7,1132.1,1133.12,1101.13,1103.32,1103.32,1103.32,150000
ICICIBANK-EQ_2024-05-24_15-05-00.png,2024-05-24_15-05-00,1130.0,1133.4,1129.0,1133.2,208519.0,1129.09,1133.02,1125.16,1133.35,1135.0,1133.35,1134.14,1103.32,1105.51,1105.51,1105.51,150500
ICICIBANK-EQ_2024-05-24_15-10-00.png,2024-05-24_15-10-00,1133.15,1134.5,1130.85,1131.15,258051.0,1129.25,1133.24,1125.25,1134.1,1136.0,1133.9,1135.06,1105.51,1103.32,1103.32,1103.32,151000
ICICIBANK-EQ_2024-05-24_15-15-00.png,2024-05-24_15-15-00,1131.2,1133.0,1130.6,1132.7,208177.0,1129.45,1133.72,1125.18,1135.18,1136.7,1135.15,1136.03,1103.32,1101.13,1101.13,1101.13,151500
ICICIBANK-EQ_2024-05-24_15-20-00.png,2024-05-24_15-20-00,1132.6,1133.85,1132.15,1132.8,240319.0,1129.7,1134.15,1125.24,1136.12,1137.45,1136.1,1136.64,1101.13,1103.32,1103.32,1103.32,152000
ICICIBANK-EQ_2024-05-24_15-25-00.png,2024-05-24_15-25-00,1132.85,1133.8,1131.0,1132.4,199585.0,1129.96,1134.39,1125.53,1136.5,1139.55,1135.95,1137.88,1103.32,1101.13,1101.13,1101.13,152500
ICICIBANK-EQ_2024-05-27_09-15-00.png,2024-05-27_09-15-00,1131.9,1134.35,1130.45,1133.75,219762.0,1130.35,1134.68,1126.02,1138.0,1139.5,1137.95,1138.79,1101.13,1103.32,1103.32,1103.32,91500
ICICIBANK-EQ_2024-05-27_09-20-00.png,2024-05-27_09-20-00,1133.75,1136.0,1133.15,1135.2,96565.0,1130.71,1135.39,1126.04,1138.85,1139.35,1138.2,1138.8,1103.32,1105.51,1105.51,1105.51,92000
ICICIBANK-EQ_2024-05-27_09-25-00.png,2024-05-27_09-25-00,1135.25,1135.45,1131.45,1132.0,108832.0,1130.92,1135.42,1126.43,1138.82,1139.25,1135.55,1137.41,1105.51,1107.7,1107.7,1107.7,92500
ICICIBANK-EQ_2024-05-27_09-30-00.png,2024-05-27_09-30-00,1131.8,1132.3,1129.8,1129.8,98518.0,1131.05,1135.25,1126.85,1137.42,1137.5,1134.65,1136.32,1107.7,1105.51,1105.51,1105.51,93000
ICICIBANK-EQ_2024-05-27_09-35-00.png,2024-05-27_09-35-00,1129.9,1132.8,1129.8,1132.05,148204.0,1131.25,1135.23,1127.26,1136.57,1137.4,1135.7,1136.72,1105.51,1103.32,1103.32,1103.32,93500
ICICIBANK-EQ_2024-05-27_09-40-00.png,2024-05-27_09-40-00,1132.05,1133.45,1131.35,1131.9,166853.0,1131.4,1135.22,1127.58,1136.9,1137.4,1136.3,1136.76,1103.32,1101.13,1101.13,1101.13,94000
ICICIBANK-EQ_2024-05-27_09-45-00.png,2024-05-27_09-45-00,1132.0,1135.8,1131.75,1135.5,144082.0,1131.74,1135.75,1127.73,1136.68,1137.3,1135.85,1136.51,1101.13,1103.32,1103.32,1103.32,94500
ICICIBANK-EQ_2024-05-27_09-50-00.png,2024-05-27_09-50-00,1135.6,1135.95,1133.1,1133.7,136653.0,1132.06,1135.58,1128.54,1136.45,1137.0,1135.9,1136.43,1103.32,1105.51,1105.51,1105.51,95000
ICICIBANK-EQ_2024-05-27_09-55-00.png,2024-05-27_09-55-00,1133.75,1136.55,1133.65,1136.2,135542.0,1132.45,1136.0,1128.89,1136.4,1137.75,1136.4,1137.1,1105.51,1107.7,1107.7,1107.7,95500
ICICIBANK-EQ_2024-05-27_10-00-00.png,2024-05-27_10-00-00,1136.1,1136.5,1133.05,1133.65,117027.0,1132.61,1136.07,1129.14,1137.1,1138.75,1137.1,1138.12,1107.7,1109.89,1109.89,1109.89,100000
ICICIBANK-EQ_2024-05-27_10-05-00.png,2024-05-27_10-05-00,1133.5,1135.2,1133.5,1134.7,147838.0,1132.78,1136.3,1129.26,1138.12,1139.3,1137.9,1138.64,1109.89,1112.08,1112.08,1112.08,100500
ICICIBANK-EQ_2024-05-27_10-10-00.png,2024-05-27_10-10-00,1134.65,1135.75,1134.15,1134.25,88412.0,1132.97,1136.38,1129.55,1138.68,1138.9,1138.0,1138.51,1112.08,1109.89,1109.89,1109.89,101000
ICICIBANK-EQ_2024-05-27_10-15-00.png,2024-05-27_10-15-00,1134.25,1134.5,1133.0,1133.05,83029.0,1133.03,1136.4,1129.66,1138.58,1140.0,1137.7,1139.03,1109.89,1107.7,1107.7,1107.7,101500
ICICIBANK-EQ_2024-05-27_10-20-00.png,2024-05-27_10-20-00,1133.05,1133.7,1132.1,1133.65,85921.0,1133.08,1136.46,1129.7,1139.2,1143.0,1139.2,1141.2,1107.7,1109.89,1109.89,1109.89,102000
ICICIBANK-EQ_2024-05-27_10-25-00.png,2024-05-27_10-25-00,1133.7,1135.0,1133.35,1134.5,68635.0,1133.31,1136.4,1130.22,1141.12,1144.25,1141.12,1142.75,1109.89,1112.08,1112.08,1112.08,102500
ICICIBANK-EQ_2024-05-27_10-30-00.png,2024-05-27_10-30-00,1134.45,1136.0,1133.9,1135.9,112093.0,1133.44,1136.74,1130.14,1142.5,1143.55,1142.0,1142.8,1112.08,1114.27,1114.27,1114.27,103000
ICICIBANK-EQ_2024-05-27_10-35-00.png,2024-05-27_10-35-00,1135.95,1136.7,1135.15,1136.3,102721.0,1133.7,1137.05,1130.35,1142.82,1144.05,1142.8,1143.35,1114.27,1112.08,1112.08,1112.08,103500
ICICIBANK-EQ_2024-05-27_10-40-00.png,2024-05-27_10-40-00,1136.3,1137.45,1136.1,1136.7,124964.0,1133.9,1137.47,1130.33,1143.28,1145.0,1143.28,1144.28,1112.08,1109.89,1109.89,1109.89,104000
ICICIBANK-EQ_2024-05-27_10-45-00.png,2024-05-27_10-45-00,1136.65,1139.55,1135.95,1139.35,227448.0,1134.23,1138.5,1129.95,1144.25,1146.2,1144.25,1145.29,1109.89,1112.08,1112.08,1112.08,104500
ICICIBANK-EQ_2024-05-27_10-50-00.png,2024-05-27_10-50-00,1139.0,1139.5,1137.95,1138.7,247223.0,1134.54,1139.17,1129.92,1145.32,1147.8,1144.1,1145.91,1112.08,1114.27,1114.27,1114.27,105000
ICICIBANK-EQ_2024-05-27_10-55-00.png,2024-05-27_10-55-00,1138.7,1139.35,1138.2,1138.95,105672.0,1134.8,1139.81,1129.8,1145.88,1146.95,1145.2,1145.97,1114.27,1116.46,1116.46,1116.46,105500
ICICIBANK-EQ_2024-05-27_11-00-00.png,2024-05-27_11-00-00,1139.0,1139.25,1135.55,1135.85,126025.0,1134.84,1139.86,1129.81,1145.88,1146.15,1144.7,1145.61,1116.46,1118.65,1118.65,1118.65,110000
ICICIBANK-EQ_2024-05-27_11-05-00.png,2024-05-27_11-05-00,1135.85,1137.5,1134.65,1137.3,131227.0,1135.1,1140.05,1130.15,1145.8,1146.0,1144.15,1145.04,1118.65,1120.84,1120.84,1120.84,110500
ICICIBANK-EQ_2024-05-27_11-10-00.png,2024-05-27_11-10-00,1137.1,1137.4,1135.7,1136.7,63222.0,1135.44,1139.76,1131.13,1145.0,1145.1,1142.65,1144.15,1120.84,1123.02,1123.02,1123.02,111000
ICICIBANK-EQ_2024-05-27_11-15-00.png,2024-05-27_11-15-00,1136.6,1137.4,1136.3,1136.75,45429.0,1135.68,1139.72,1131.64,1144.43,1144.9,1143.05,1144.14,1123.02,1120.84,1120.84,1120.84,111500
ICICIBANK-EQ_2024-05-27_11-20-00.png,2024-05-27_11-20-00,1136.75,1137.3,1135.85,1136.15,52374.0,1135.89,1139.53,1132.26,1144.3,1144.3,1141.45,1143.03,1120.84,1118.65,1118.65,1118.65,112000
ICICIBANK-EQ_2024-05-27_11-25-00.png,2024-05-27_11-25-00,1136.15,1137.0,1135.9,1136.65,46441.0,1135.95,1139.59,1132.31,1143.25,1143.25,1141.95,1142.56,1118.65,1116.46,1116.46,1116.46,112500
ICICIBANK-EQ_2024-05-27_11-30-00.png,2024-05-27_11-30-00,1136.65,1137.75,1136.45,1137.55,75957.0,1136.14,1139.69,1132.59,1142.65,1144.6,1142.4,1143.24,1116.46,1114.27,1114.27,1114.27,113000
ICICIBANK-EQ_2024-05-27_11-35-00.png,2024-05-27_11-35-00,1137.7,1138.75,1137.5,1138.55,57693.0,1136.26,1139.97,1132.55,1142.97,1143.95,1142.55,1143.23,1114.27,1116.46,1116.46,1116.46,113500
ICICIBANK-EQ_2024-05-27_11-40-00.png,2024-05-27_11-40-00,1138.6,1139.3,1137.9,1138.75,82606.0,1136.51,1140.17,1132.86,1143.2,1143.7,1142.65,1143.31,1116.46,1118.65,1118.65,1118.65,114000
ICICIBANK-EQ_2024-05-27_11-45-00.png,2024-05-27_11-45-00,1138.75,1138.9,1138.0,1138.4,58910.0,1136.7,1140.34,1133.06,1143.45,1144.55,1143.1,1143.82,1118.65,1120.84,1120.84,1120.84,114500
ICICIBANK-EQ_2024-05-27_11-50-00.png,2024-05-27_11-50-00,1138.4,1140.0,1137.7,1140.0,90397.0,1136.99,1140.72,1133.25,1143.82,1144.5,1143.35,1144.09,1120.84,1123.02,1123.02,1123.02,115000
ICICIBANK-EQ_2024-05-27_11-55-00.png,2024-05-27_11-55-00,1140.0,1143.0,1139.55,1142.25,361738.0,1137.45,1141.4,1133.5,1144.25,1144.5,1142.75,1143.62,1123.02,1120.84,1120.84,1120.84,115500
ICICIBANK-EQ_2024-05-27_12-00-00.png,2024-05-27_12-00-00,1142.25,1144.25,1141.75,1142.75,220727.0,1137.9,1142.1,1133.7,1143.62,1143.62,1142.15,1142.71,1120.84,1118.65,1118.65,1118.65,120000
ICICIBANK-EQ_2024-05-27_12-05-00.png,2024-05-27_12-05-00,1142.9,1143.55,1142.0,1142.75,114881.0,1138.32,1142.72,1133.91,1142.78,1142.9,1141.0,1142.06,1118.65,1120.84,1120.84,1120.84,120500
ICICIBANK-EQ_2024-05-27_12-10-00.png,2024-05-27_12-10-00,1142.85,1144.05,1142.8,1143.7,87978.0,1138.7,1143.57,1133.84,1142.18,1142.18,1140.3,1141.31,1120.84,1123.02,1123.02,1123.02,121000
ICICIBANK-EQ_2024-05-27_12-15-00.png,2024-05-27_12-15-00,1143.9,1145.0,1143.6,1144.6,167008.0,1139.12,1144.51,1133.73,1141.45,1141.65,1139.3,1140.76,1123.02,1120.84,1120.84,1120.84,121500
ICICIBANK-EQ_2024-05-27_12-20-00.png,2024-05-27_12-20-00,1144.55,1146.2,1144.3,1146.1,209158.0,1139.59,1145.68,1133.5,1141.05,1141.7,1140.2,1140.97,1120.84,1118.65,1118.65,1118.65,122000
ICICIBANK-EQ_2024-05-27_12-25-00.png,2024-05-27_12-25-00,1146.15,1147.8,1144.1,1145.6,258356.0,1139.9,1146.56,1133.25,1141.0,1142.15,1140.7,1141.34,1118.65,1116.46,1116.46,1116.46,122500
ICICIBANK-EQ_2024-05-27_12-30-00.png,2024-05-27_12-30-00,1145.85,1146.95,1145.2,1145.9,99643.0,1140.26,1147.41,1133.12,1141.25,1141.9,1140.7,1141.31,1116.46,1114.27,1114.27,1114.27,123000
ICICIBANK-EQ_2024-05-27_12-35-00.png,2024-05-27_12-35-00,1146.0,1146.15,1144.7,1145.6,193315.0,1140.6,1148.09,1133.1,1141.32,1142.0,1140.25,1141.3,1114.27,1112.08,1112.08,1112.08,123500
ICICIBANK-EQ_2024-05-27_12-40-00.png,2024-05-27_12-40-00,1145.8,1146.0,1144.15,1144.2,77881.0,1141.01,1148.32,1133.7,1141.47,1141.85,1140.7,1141.31,1112.08,1114.27,1114.27,1114.27,124000
ICICIBANK-EQ_2024-05-27_12-45-00.png,2024-05-27_12-45-00,1144.2,1145.1,1142.65,1144.65,84480.0,1141.38,1148.64,1134.12,1141.35,1142.0,1140.05,1140.84,1114.27,1116.46,1116.46,1116.46,124500
ICICIBANK-EQ_2024-05-27_12-50-00.png,2024-05-27_12-50-00,1144.65,1144.9,1143.05,1143.95,74235.0,1141.74,1148.74,1134.74,1140.65,1140.8,1139.55,1140.1,1116.46,1114.27,1114.27,1114.27,125000
ICICIBANK-EQ_2024-05-27_12-55-00.png,2024-05-27_12-55-00,1144.0,1144.15,1141.45,1142.5,113641.0,1142.03,1148.63,1135.43,1140.03,1140.6,1139.9,1140.18,1114.27,1112.08,1112.08,1112.08,125500
ICICIBANK-EQ_2024-05-27_13-00-00.png,2024-05-27_13-00-00,1142.5,1143.0,1141.95,1142.8,63573.0,1142.36,1148.35,1136.37,1140.1,1140.3,1138.4,1139.38,1112.08,1109.89,1109.89,1109.89,130000
ICICIBANK-EQ_2024-05-27_13-05-00.png,2024-05-27_13-05-00,1142.8,1144.6,1142.4,1143.15,82372.0,1142.69,1148.05,1137.33,1139.4,1139.55,1137.25,1138.22,1109.89,1112.08,1112.08,1112.08,130500
ICICIBANK-EQ_2024-05-27_13-10-00.png,2024-05-27_13-10-00,1143.4,1143.95,1142.55,1143.0,71726.0,1142.96,1147.74,1138.18,1138.05,1138.65,1135.55,1136.98,1112.08,1109.89,1109.89,1109.89,131000
ICICIBANK-EQ_2024-05-27_13-15-00.png,2024-05-27_13-15-00,1143.3,1143.7,1142.65,1143.6,59406.0,1143.21,1147.52,1138.9,1136.85,1136.85,1130.3,1133.56,1109.89,1112.08,1112.08,1112.08,131500
ICICIBANK-EQ_2024-05-27_13-20-00.png,2024-05-27_13-20-00,1143.7,1144.55,1143.1,1143.95,53977.0,1143.47,1147.25,1139.7,1133.55,1133.55,1129.3,1130.68,1112.08,1109.89,1109.89,1109.89,132000
ICICIBANK-EQ_2024-05-27_13-25-00.png,2024-05-27_13-25-00,1144.15,1144.5,1143.35,1144.35,42267.0,1143.77,1146.7,1140.84,1130.6,1135.3,1121.55,1129.21,1109.89,1112.08,1112.08,1112.08,132500
ICICIBANK-EQ_2024-05-27_13-30-00.png,2024-05-27_13-30-00,1144.5,1144.5,1142.75,1142.75,81365.0,1143.91,1146.31,1141.51,1130.0,1132.15,1129.7,1130.88,1112.08,1109.89,1109.89,1109.89,133000
ICICIBANK-EQ_2024-05-27_13-35-00.png,2024-05-27_13-35-00,1143.1,1143.15,1142.15,1142.45,76881.0,1143.92,1146.29,1141.55,1130.82,1131.5,1129.15,1130.46,1109.89,1107.7,1107.7,1107.7,133500
ICICIBANK-EQ_2024-05-27_13-40-00.png,2024-05-27_13-40-00,1142.5,1142.9,1141.0,1141.85,93286.0,1143.87,1146.37,1141.38,1130.6,1130.6,1128.0,1129.54,1107.7,1109.89,1109.89,1109.89,134000
ICICIBANK-EQ_2024-05-27_13-45-00.png,2024-05-27_13-45-00,1141.9,1142.05,1140.3,1141.0,82440.0,1143.78,1146.55,1141.02,1129.88,1132.15,1128.9,1130.4,1109.89,1107.7,1107.7,1107.7,134500
ICICIBANK-EQ_2024-05-27_13-50-00.png,2024-05-27_13-50-00,1141.2,1141.65,1139.3,1140.9,276878.0,1143.64,1146.7,1140.59,1130.28,1131.7,1128.7,1130.25,1107.7,1105.51,1105.51,1105.51,135000
ICICIBANK-EQ_2024-05-27_13-55-00.png,2024-05-27_13-55-00,1140.85,1141.7,1140.2,1141.15,54570.0,1143.47,1146.69,1140.26,1130.3,1134.8,1129.85,1132.59,1105.51,1103.32,1103.32,1103.32,135500
ICICIBANK-EQ_2024-05-27_14-00-00.png,2024-05-27_14-00-00,1141.4,1142.15,1140.7,1141.1,103834.0,1143.22,1146.35,1140.09,1132.85,1135.2,1132.5,1133.68,1103.32,1101.13,1101.13,1101.13,140000
ICICIBANK-EQ_2024-05-27_14-05-00.png,2024-05-27_14-05-00,1141.05,1141.9,1140.7,1141.6,55052.0,1143.02,1146.02,1140.02,1133.5,1134.0,1132.0,1133.16,1101.13,1103.32,1103.32,1103.32,140500
ICICIBANK-EQ_2024-05-27_14-10-00.png,2024-05-27_14-10-00,1141.5,1142.0,1140.25,1141.45,108110.0,1142.8,1145.55,1140.05,1133.32,1133.32,1129.0,1131.01,1103.32,1105.51,1105.51,1105.51,141000
ICICIBANK-EQ_2024-05-27_14-15-00.png,2024-05-27_14-15-00,1141.4,1141.85,1140.7,1141.3,81265.0,1142.58,1145.07,1140.1,1131.2,1131.2,1128.1,1129.44,1105.51,1107.7,1107.7,1107.7,141500
ICICIBANK-EQ_2024-05-27_14-20-00.png,2024-05-27_14-20-00,1141.25,1142.0,1140.05,1140.05,52394.0,1142.38,1144.99,1139.77,1129.68,1130.05,1128.45,1129.26,1107.7,1109.89,1109.89,1109.89,142000
ICICIBANK-EQ_2024-05-27_14-25-00.png,2024-05-27_14-25-00,1140.05,1140.8,1139.55,1140.0,98826.0,1142.14,1144.73,1139.56,1129.28,1129.9,1128.15,1128.91,1109.89,1112.08,1112.08,1112.08,142500
ICICIBANK-EQ_2024-05-27_14-30-00.png,2024-05-27_14-30-00,1140.0,1140.6,1139.9,1140.2,154721.0,1141.96,1144.54,1139.38,1128.8,1128.9,1126.2,1127.59,1112.08,1114.27,1114.27,1114.27,143000
ICICIBANK-EQ_2024-05-27_14-35-00.png,2024-05-27_14-35-00,1140.1,1140.3,1138.4,1138.7,173009.0,1141.77,1144.71,1138.82,1127.62,1128.75,1126.25,1127.45,1114.27,1116.46,1116.46,1116.46,143500
ICICIBANK-EQ_2024-05-27_14-40-00.png,2024-05-27_14-40-00,1138.7,1139.55,1137.25,1137.4,149913.0,1141.5,1144.98,1138.01,1127.4,1130.8,1127.4,1128.7,1116.46,1114.27,1114.27,1114.27,144000
ICICIBANK-EQ_2024-05-27_14-45-00.png,2024-05-27_14-45-00,1137.45,1138.65,1135.55,1136.25,215487.0,1141.15,1145.26,1137.04,1128.22,1130.0,1128.22,1128.92,1114.27,1112.08,1112.08,1112.08,144500
ICICIBANK-EQ_2024-05-27_14-50-00.png,2024-05-27_14-50-00,1135.85,1136.85,1130.3,1131.25,804686.0,1140.56,1146.51,1134.62,1128.72,1130.35,1128.72,1129.4,1112.08,1109.89,1109.89,1109.89,145000
ICICIBANK-EQ_2024-05-27_14-55-00.png,2024-05-27_14-55-00,1131.5,1132.2,1129.3,1129.7,476692.0,1139.87,1147.37,1132.37,1129.25,1130.05,1128.0,1128.95,1109.89,1107.7,1107.7,1107.7,145500
ICICIBANK-EQ_2024-05-27_15-00-00.png,2024-05-27_15-00-00,1129.6,1135.3,1121.55,1130.4,668907.0,1139.19,1147.54,1130.85,1128.88,1130.35,1128.4,1129.19,1107.7,1105.51,1105.51,1105.51,150000
ICICIBANK-EQ_2024-05-27_15-05-00.png,2024-05-27_15-05-00,1130.45,1132.15,1129.7,1131.2,372774.0,1138.54,1147.24,1129.83,1129.0,1130.0,1129.0,1129.5,1105.51,1107.7,1107.7,1107.7,150500
ICICIBANK-EQ_2024-05-27_15-10-00.png,2024-05-27_15-10-00,1130.95,1131.5,1129.15,1130.25,423495.0,1137.91,1147.12,1128.7,1129.5,1129.5,1128.05,1128.66,1107.7,1109.89,1109.89,1109.89,151000
ICICIBANK-EQ_2024-05-27_15-15-00.png,2024-05-27_15-15-00,1130.25,1130.4,1128.0,1129.5,309147.0,1137.26,1146.93,1127.59,1128.72,1129.8,1127.95,1128.47,1109.89,1112.08,1112.08,1112.08,151500
ICICIBANK-EQ_2024-05-27_15-20-00.png,2024-05-27_15-20-00,1129.45,1132.15,1128.9,1131.1,313751.0,1136.72,1146.52,1126.93,1128.08,1128.55,1127.15,1127.71,1112.08,1109.89,1109.89,1109.89,152000
ICICIBANK-EQ_2024-05-27_15-25-00.png,2024-05-27_15-25-00,1131.05,1131.7,1128.7,1129.55,267323.0,1136.15,1146.23,1126.08,1127.58,1128.05,1126.25,1127.38,1109.89,1112.08,1112.08,1112.08,152500
ICICIBANK-EQ_2024-05-28_09-15-00.png,2024-05-28_09-15-00,1132.5,1134.8,1129.85,1133.2,186561.0,1135.77,1145.67,1125.87,1127.6,1128.6,1127.6,1128.09,1112.08,1109.89,1109.89,1109.89,91500
ICICIBANK-EQ_2024-05-28_09-20-00.png,2024-05-28_09-20-00,1133.2,1135.2,1132.5,1133.8,103096.0,1135.4,1145.0,1125.8,1128.08,1129.25,1127.75,1128.28,1109.89,1107.7,1107.7,1107.7,92000
ICICIBANK-EQ_2024-05-28_09-25-00.png,2024-05-28_09-25-00,1134.0,1134.0,1132.0,1132.65,55749.0,1134.98,1144.26,1125.7,1128.05,1128.35,1126.85,1127.55,1107.7,1109.89,1109.89,1109.89,92500
ICICIBANK-EQ_2024-05-28_09-30-00.png,2024-05-28_09-30-00,1132.65,1132.65,1129.0,1129.75,80205.0,1134.38,1143.39,1125.38,1127.5,1128.6,1125.45,1126.82,1109.89,1107.7,1107.7,1107.7,93000
ICICIBANK-EQ_2024-05-28_09-35-00.png,2024-05-28_09-35-00,1129.8,1130.3,1128.1,1129.55,92957.0,1133.79,1142.4,1125.18,1126.62,1127.3,1125.6,1126.38,1107.7,1109.89,1109.89,1109.89,93500
ICICIBANK-EQ_2024-05-28_09-40-00.png,2024-05-28_09-40-00,1129.55,1130.05,1128.45,1129.0,58593.0,1133.18,1141.27,1125.08,1126.3,1126.8,1125.95,1126.34,1109.89,1107.7,1107.7,1107.7,94000
ICICIBANK-EQ_2024-05-28_09-45-00.png,2024-05-28_09-45-00,1129.05,1129.9,1128.15,1128.55,72358.0,1132.6,1140.26,1124.94,1126.3,1126.65,1125.9,1126.26,1107.7,1105.51,1105.51,1105.51,94500
ICICIBANK-EQ_2024-05-28_09-50-00.png,2024-05-28_09-50-00,1128.65,1128.9,1126.2,1126.6,72579.0,1131.93,1139.19,1124.67,1126.25,1127.55,1125.5,1126.6,1105.51,1103.32,1103.32,1103.32,95000
ICICIBANK-EQ_2024-05-28_09-55-00.png,2024-05-28_09-55-00,1126.5,1128.75,1126.25,1128.3,57188.0,1131.34,1137.63,1125.04,1126.68,1127.7,1126.1,1127.19,1103.32,1105.51,1105.51,1105.51,95500
ICICIBANK-EQ_2024-05-28_10-00-00.png,2024-05-28_10-00-00,1128.1,1130.8,1127.55,1128.35,110286.0,1130.82,1136.2,1125.43,1127.47,1128.4,1126.8,1127.44,1105.51,1107.7,1107.7,1107.7,100000
ICICIBANK-EQ_2024-05-28_10-05-00.png,2024-05-28_10-05-00,1128.35,1130.0,1128.25,1129.1,61205.0,1130.4,1134.85,1125.96,1127.28,1128.6,1127.05,1127.74,1107.7,1105.51,1105.51,1105.51,100500
ICICIBANK-EQ_2024-05-28_10-10-00.png,2024-05-28_10-10-00,1129.05,1130.35,1128.75,1129.45,65036.0,1130.06,1133.56,1126.56,1127.65,1128.3,1126.55,1127.59,1105.51,1107.7,1107.7,1107.7,101000
ICICIBANK-EQ_2024-05-28_10-15-00.png,2024-05-28_10-15-00,1129.3,1130.05,1128.0,1128.45,48534.0,1129.92,1133.45,1126.4,1127.75,1128.55,1127.45,1127.88,1107.7,1105.51,1105.51,1105.51,101500
ICICIBANK-EQ_2024-05-28_10-20-00.png,2024-05-28_10-20-00,1128.45,1130.35,1128.4,1129.55,61699.0,1129.92,1133.44,1126.39,1127.75,1128.15,1127.5,1127.91,1105.51,1107.7,1107.7,1107.7,102000
ICICIBANK-EQ_2024-05-28_10-25-00.png,2024-05-28_10-25-00,1129.9,1130.0,1129.0,1129.1,57372.0,1129.85,1133.39,1126.31,1128.0,1129.1,1127.85,1128.27,1107.7,1109.89,1109.89,1109.89,102500
ICICIBANK-EQ_2024-05-28_10-30-00.png,2024-05-28_10-30-00,1129.1,1129.15,1128.05,1128.35,32619.0,1129.71,1133.25,1126.17,1128.07,1128.3,1127.25,1127.96,1109.89,1107.7,1107.7,1107.7,103000
ICICIBANK-EQ_2024-05-28_10-35-00.png,2024-05-28_10-35-00,1128.2,1129.8,1127.95,1127.95,85444.0,1129.59,1133.21,1125.98,1128.15,1128.15,1126.65,1127.4,1107.7,1109.89,1109.89,1109.89,103500
ICICIBANK-EQ_2024-05-28_10-40-00.png,2024-05-28_10-40-00,1127.95,1128.55,1127.15,1127.2,72340.0,1129.48,1133.25,1125.71,1127.47,1128.35,1126.85,1127.55,1109.89,1112.08,1112.08,1112.08,104000
ICICIBANK-EQ_2024-05-28_10-45-00.png,2024-05-28_10-45-00,1127.2,1128.05,1126.25,1128.0,60718.0,1129.32,1133.07,1125.58,1127.5,1128.15,1126.45,1127.38,1112.08,1114.27,1114.27,1114.27,104500
ICICIBANK-EQ_2024-05-28_10-50-00.png,2024-05-28_10-50-00,1127.9,1128.6,1127.6,1128.25,69867.0,1129.26,1133.03,1125.49,1127.45,1128.0,1126.5,1127.07,1114.27,1112.08,1112.08,1112.08,105000
ICICIBANK-EQ_2024-05-28_10-55-00.png,2024-05-28_10-55-00,1128.25,1129.25,1127.75,1127.85,103225.0,1128.99,1132.32,1125.66,1126.9,1130.35,1126.75,1128.4,1112.08,1114.27,1114.27,1114.27,105500
ICICIBANK-EQ_2024-05-28_11-00-00.png,2024-05-28_11-00-00,1127.85,1128.35,1126.85,1127.15,152558.0,1128.66,1131.2,1126.12,1128.25,1130.0,1128.1,1129.31,1114.27,1112.08,1112.08,1112.08,110000
ICICIBANK-EQ_2024-05-28_11-05-00.png,2024-05-28_11-05-00,1127.15,1128.6,1125.45,1126.1,207781.0,1128.33,1130.33,1126.33,1129.58,1131.0,1128.5,1129.54,1112.08,1114.27,1114.27,1114.27,110500
ICICIBANK-EQ_2024-05-28_11-10-00.png,2024-05-28_11-10-00,1126.1,1127.3,1125.6,1126.5,116039.0,1128.17,1130.21,1126.12,1129.32,1130.35,1129.1,1129.7,1114.27,1116.46,1116.46,1116.46,111000
ICICIBANK-EQ_2024-05-28_11-15-00.png,2024-05-28_11-15-00,1126.35,1126.8,1125.95,1126.25,58347.0,1128.0,1130.11,1125.9,1129.68,1134.2,1129.68,1131.76,1116.46,1114.27,1114.27,1114.27,111500
ICICIBANK-EQ_2024-05-28_11-20-00.png,2024-05-28_11-20-00,1126.25,1126.65,1125.9,1126.25,45424.0,1127.86,1130.06,1125.67,1131.4,1132.9,1130.45,1131.68,1114.27,1116.46,1116.46,1116.46,112000
ICICIBANK-EQ_2024-05-28_11-25-00.png,2024-05-28_11-25-00,1126.0,1127.55,1125.5,1127.35,49047.0,1127.8,1129.98,1125.63,1131.68,1131.68,1129.15,1130.12,1116.46,1114.27,1114.27,1114.27,112500
ICICIBANK-EQ_2024-05-28_11-30-00.png,2024-05-28_11-30-00,1127.5,1127.7,1126.1,1127.45,72422.0,1127.85,1129.96,1125.74,1130.3,1131.1,1129.55,1130.05,1114.27,1112.08,1112.08,1112.08,113000
ICICIBANK-EQ_2024-05-28_11-35-00.png,2024-05-28_11-35-00,1127.45,1128.4,1126.8,1127.1,73781.0,1127.79,1129.91,1125.66,1129.78,1131.4,1129.5,1130.36,1112.08,1109.89,1109.89,1109.89,113500
ICICIBANK-EQ_2024-05-28_11-40-00.png,2024-05-28_11-40-00,1127.3,1128.6,1127.05,1128.0,67280.0,1127.77,1129.88,1125.66,1130.28,1131.5,1130.28,1131.0,1109.89,1112.08,1112.08,1112.08,114000
ICICIBANK-EQ_2024-05-28_11-45-00.png,2024-05-28_11-45-00,1128.0,1128.3,1126.55,1127.5,52445.0,1127.69,1129.71,1125.67,1131.1,1132.0,1130.0,1131.01,1112.08,1114.27,1114.27,1114.27,114500
ICICIBANK-EQ_2024-05-28_11-50-00.png,2024-05-28_11-50-00,1127.55,1128.55,1127.45,1127.95,61398.0,1127.62,1129.46,1125.77,1131.03,1131.35,1130.05,1130.82,1114.27,1112.08,1112.08,1112.08,115000
ICICIBANK-EQ_2024-05-28_11-55-00.png,2024-05-28_11-55-00,1128.0,1128.15,1127.5,1128.0,47011.0,1127.59,1129.41,1125.78,1130.95,1131.5,1128.95,1130.14,1112.08,1114.27,1114.27,1114.27,115500
ICICIBANK-EQ_2024-05-28_12-00-00.png,2024-05-28_12-00-00,1127.85,1129.1,1127.85,1128.3,120324.0,1127.53,1129.13,1125.93,1130.05,1131.85,1129.0,1130.44,1114.27,1112.08,1112.08,1112.08,120000
ICICIBANK-EQ_2024-05-28_12-05-00.png,2024-05-28_12-05-00,1128.3,1128.3,1127.25,1128.0,92822.0,1127.47,1128.92,1126.03,1130.45,1132.4,1130.35,1131.54,1112.08,1114.27,1114.27,1114.27,120500
ICICIBANK-EQ_2024-05-28_12-10-00.png,2024-05-28_12-10-00,1128.0,1128.0,1126.65,1126.95,93401.0,1127.41,1128.81,1126.0,1131.7,1132.0,1130.0,1131.03,1114.27,1116.46,1116.46,1116.46,121000
ICICIBANK-EQ_2024-05-28_12-15-00.png,2024-05-28_12-15-00,1126.95,1128.35,1126.85,1128.05,77041.0,1127.41,1128.82,1126.0,1131.05,1131.45,1130.1,1130.61,1116.46,1114.27,1114.27,1114.27,121500
ICICIBANK-EQ_2024-05-28_12-20-00.png,2024-05-28_12-20-00,1128.05,1128.15,1126.45,1126.85,157596.0,1127.39,1128.82,1125.96,1130.45,1131.0,1130.0,1130.58,1114.27,1112.08,1112.08,1112.08,122000
ICICIBANK-EQ_2024-05-28_12-25-00.png,2024-05-28_12-25-00,1126.95,1128.0,1126.5,1126.85,114010.0,1127.34,1128.75,1125.92,1130.65,1132.0,1130.5,1131.01,1112.08,1114.27,1114.27,1114.27,122500
ICICIBANK-EQ_2024-05-28_12-30-00.png,2024-05-28_12-30-00,1126.85,1130.35,1126.75,1129.65,116893.0,1127.4,1129.12,1125.69,1130.78,1131.25,1130.0,1130.74,1114.27,1112.08,1112.08,1112.08,123000
ICICIBANK-EQ_2024-05-28_12-35-00.png,2024-05-28_12-35-00,1129.65,1130.0,1128.1,1129.5,95678.0,1127.49,1129.44,1125.54,1130.85,1131.9,1130.15,1131.06,1112.08,1109.89,1109.89,1109.89,123500
ICICIBANK-EQ_2024-05-28_12-40-00.png,2024-05-28_12-40-00,1129.45,1131.0,1128.5,1129.2,80109.0,1127.59,1129.68,1125.5,1131.1,1132.4,1130.9,1131.74,1109.89,1112.08,1112.08,1112.08,124000
ICICIBANK-EQ_2024-05-28_12-45-00.png,2024-05-28_12-45-00,1129.15,1130.35,1129.1,1130.2,87422.0,1127.8,1130.06,1125.53,1131.82,1132.15,1131.1,1131.68,1112.08,1109.89,1109.89,1109.89,124500
ICICIBANK-EQ_2024-05-28_12-50-00.png,2024-05-28_12-50-00,1130.15,1134.2,1130.05,1132.65,173072.0,1128.1,1131.16,1125.04,1131.72,1132.0,1130.05,1131.2,1109.89,1107.7,1107.7,1107.7,125000
ICICIBANK-EQ_2024-05-28_12-55-00.png,2024-05-28_12-55-00,1132.6,1132.9,1130.45,1130.75,125833.0,1128.33,1131.47,1125.18,1131.38,1131.4,1129.5,1130.54,1107.7,1105.51,1105.51,1105.51,125500
ICICIBANK-EQ_2024-05-28_13-00-00.png,2024-05-28_13-00-00,1130.7,1130.75,1129.15,1129.9,73147.0,1128.51,1131.57,1125.45,1130.62,1131.55,1130.1,1130.7,1105.51,1107.7,1107.7,1107.7,130000
ICICIBANK-EQ_2024-05-28_13-05-00.png,2024-05-28_13-05-00,1129.9,1131.1,1129.55,1129.65,76672.0,1128.62,1131.67,1125.58,1130.58,1131.9,1130.45,1131.04,1107.7,1109.89,1109.89,1109.89,130500
ICICIBANK-EQ_2024-05-28_13-10-00.png,2024-05-28_13-10-00,1129.65,1131.4,1129.5,1130.9,63439.0,1128.8,1131.96,1125.64,1130.9,1131.4,1129.8,1130.56,1109.89,1107.7,1107.7,1107.7,131000
ICICIBANK-EQ_2024-05-28_13-15-00.png,2024-05-28_13-15-00,1130.9,1131.5,1130.3,1131.3,64904.0,1129.01,1132.25,1125.77,1130.53,1130.53,1127.5,1128.95,1107.7,1105.51,1105.51,1105.51,131500
ICICIBANK-EQ_2024-05-28_13-20-00.png,2024-05-28_13-20-00,1131.3,1132.0,1130.0,1130.75,76109.0,1129.14,1132.44,1125.85,1128.95,1130.3,1128.0,1128.79,1105.51,1107.7,1107.7,1107.7,132000
ICICIBANK-EQ_2024-05-28_13-25-00.png,2024-05-28_13-25-00,1130.8,1131.35,1130.05,1131.1,96730.0,1129.32,1132.63,1126.02,1128.42,1130.2,1127.45,1128.77,1107.7,1109.89,1109.89,1109.89,132500
ICICIBANK-EQ_2024-05-28_13-30-00.png,2024-05-28_13-30-00,1131.05,1131.5,1128.95,1129.05,85580.0,1129.38,1132.63,1126.13,1128.72,1129.0,1125.85,1127.51,1109.89,1107.7,1107.7,1107.7,133000
ICICIBANK-EQ_2024-05-28_13-35-00.png,2024-05-28_13-35-00,1129.05,1131.85,1129.0,1131.85,104220.0,1129.57,1132.93,1126.21,1127.6,1127.6,1125.05,1126.4,1107.7,1105.51,1105.51,1105.51,133500
ICICIBANK-EQ_2024-05-28_13-40-00.png,2024-05-28_13-40-00,1131.85,1132.4,1130.35,1131.55,78211.0,1129.74,1133.15,1126.32,1126.68,1128.35,1126.35,1126.92,1105.51,1107.7,1107.7,1107.7,134000
ICICIBANK-EQ_2024-05-28_13-45-00.png,2024-05-28_13-45-00,1131.45,1132.0,1130.0,1130.65,81808.0,1129.87,1133.2,1126.53,1126.5,1127.75,1125.05,1126.45,1107.7,1105.51,1105.51,1105.51,134500
ICICIBANK-EQ_2024-05-28_13-50-00.png,2024-05-28_13-50-00,1130.25,1131.45,1130.1,1130.65,58736.0,1130.05,1133.1,1127.0,1126.5,1127.7,1125.0,1126.32,1105.51,1103.32,1103.32,1103.32,135000
ICICIBANK-EQ_2024-05-28_13-55-00.png,2024-05-28_13-55-00,1130.65,1131.0,1130.0,1130.65,62384.0,1130.18,1133.09,1127.27,1126.3,1126.3,1115.9,1119.24,1103.32,1105.51,1105.51,1105.51,135500
ICICIBANK-EQ_2024-05-28_14-00-00.png,2024-05-28_14-00-00,1130.65,1132.0,1130.5,1130.9,73568.0,1130.38,1132.85,1127.92,1118.75,1121.9,1118.3,1120.41,1105.51,1103.32,1103.32,1103.32,140000
ICICIBANK-EQ_2024-05-28_14-05-00.png,2024-05-28_14-05-00,1130.8,1131.25,1130.0,1130.9,86367.0,1130.59,1132.41,1128.77,1120.72,1120.72,1117.7,1118.86,1103.32,1105.51,1105.51,1105.51,140500
ICICIBANK-EQ_2024-05-28_14-10-00.png,2024-05-28_14-10-00,1130.75,1131.9,1130.15,1131.45,62066.0,1130.68,1132.48,1128.87,1118.68,1118.68,1117.0,1117.76,1105.51,1103.32,1103.32,1103.32,141000
ICICIBANK-EQ_2024-05-28_14-15-00.png,2024-05-28_14-15-00,1131.8,1132.4,1130.9,1131.85,92101.0,1130.8,1132.58,1129.01,1117.82,1118.1,1115.55,1116.99,1103.32,1101.13,1101.13,1101.13,141500
ICICIBANK-EQ_2024-05-28_14-20-00.png,2024-05-28_14-20-00,1131.6,1132.15,1131.1,1131.85,76012.0,1130.93,1132.61,1129.25,1117.15,1117.15,1114.55,1115.5,1101.13,1098.94,1098.94,1098.94,142000
ICICIBANK-EQ_2024-05-28_14-25-00.png,2024-05-28_14-25-00,1131.85,1132.0,1130.05,1130.9,59461.0,1130.96,1132.61,1129.32,1115.55,1115.55,1112.0,1113.64,1098.94,1101.13,1101.13,1101.13,142500
ICICIBANK-EQ_2024-05-28_14-30-00.png,2024-05-28_14-30-00,1130.75,1131.4,1129.5,1130.5,104624.0,1130.86,1132.3,1129.41,1113.65,1114.2,1112.0,1113.0,1101.13,1098.94,1098.94,1098.94,143000
ICICIBANK-EQ_2024-05-28_14-35-00.png,2024-05-28_14-35-00,1130.45,1131.55,1130.1,1130.7,86116.0,1130.85,1132.3,1129.4,1112.9,1113.45,1111.7,1112.86,1098.94,1096.75,1096.75,1096.75,143500
ICICIBANK-EQ_2024-05-28_14-40-00.png,2024-05-28_14-40-00,1130.7,1131.9,1130.45,1131.1,76241.0,1130.91,1132.29,1129.53,1113.15,1114.6,1112.0,1113.04,1096.75,1098.94,1098.94,1098.94,144000
ICICIBANK-EQ_2024-05-28_14-45-00.png,2024-05-28_14-45-00,1131.1,1131.4,1129.8,1129.95,110226.0,1130.93,1132.26,1129.6,1112.78,1114.8,1112.0,1113.55,1098.94,1101.13,1101.13,1101.13,144500
ICICIBANK-EQ_2024-05-28_14-50-00.png,2024-05-28_14-50-00,1129.9,1130.4,1127.5,1128.0,140190.0,1130.78,1132.65,1128.92,1113.7,1114.8,1112.4,1113.6,1101.13,1103.32,1103.32,1103.32,145000
ICICIBANK-EQ_2024-05-28_14-55-00.png,2024-05-28_14-55-00,1128.0,1130.3,1128.0,1128.85,97333.0,1130.66,1132.7,1128.62,1113.6,1113.6,1111.0,1112.01,1103.32,1101.13,1101.13,1101.13,145500
ICICIBANK-EQ_2024-05-28_15-00-00.png,2024-05-28_15-00-00,1128.75,1130.2,1127.45,1128.7,620033.0,1130.56,1132.77,1128.34,1112.03,1112.55,1109.0,1110.68,1101.13,1103.32,1103.32,1103.32,150000
ICICIBANK-EQ_2024-05-28_15-05-00.png,2024-05-28_15-05-00,1128.25,1129.0,1125.85,1126.95,573736.0,1130.35,1133.07,1127.63,1110.57,1110.85,1108.1,1109.41,1103.32,1105.51,1105.51,1105.51,150500
ICICIBANK-EQ_2024-05-28_15-10-00.png,2024-05-28_15-10-00,1126.95,1127.2,1125.05,1126.4,549771.0,1130.22,1133.42,1127.01,1109.35,1110.3,1108.1,1109.11,1105.51,1107.7,1107.7,1107.7,151000
ICICIBANK-EQ_2024-05-28_15-15-00.png,2024-05-28_15-15-00,1126.45,1128.35,1126.35,1126.55,563472.0,1129.95,1133.45,1126.45,1109.03,1110.4,1108.8,1109.56,1107.7,1105.51,1105.51,1105.51,151500
ICICIBANK-EQ_2024-05-28_15-20-00.png,2024-05-28_15-20-00,1126.4,1127.75,1125.05,1126.6,553188.0,1129.7,1133.42,1125.99,1109.53,1111.35,1109.15,1110.36,1105.51,1103.32,1103.32,1103.32,152000
ICICIBANK-EQ_2024-05-28_15-25-00.png,2024-05-28_15-25-00,1126.6,1127.7,1125.0,1126.0,478243.0,1129.47,1133.51,1125.44,1110.47,1111.6,1109.35,1110.3,1103.32,1105.51,1105.51,1105.51,152500
ICICIBANK-EQ_2024-05-29_09-15-00.png,2024-05-29_09-15-00,1115.9,1123.55,1115.9,1121.6,580018.0,1129.02,1134.33,1123.71,1110.12,1110.12,1108.0,1108.91,1105.51,1107.7,1107.7,1107.7,91500
ICICIBANK-EQ_2024-05-29_09-20-00.png,2024-05-29_09-20-00,1121.6,1121.9,1118.3,1119.85,253766.0,1128.48,1135.12,1121.84,1108.82,1109.55,1107.35,1108.41,1107.7,1109.89,1109.89,1109.89,92000
ICICIBANK-EQ_2024-05-29_09-25-00.png,2024-05-29_09-25-00,1119.5,1120.4,1117.7,1117.85,153792.0,1127.83,1135.88,1119.77,1108.38,1109.25,1107.95,1108.61,1109.89,1107.7,1107.7,1107.7,92500
ICICIBANK-EQ_2024-05-29_09-30-00.png,2024-05-29_09-30-00,1117.9,1118.4,1117.0,1117.75,114140.0,1127.17,1136.25,1118.09,1108.62,1108.62,1107.2,1107.94,1107.7,1109.89,1109.89,1109.89,93000
ICICIBANK-EQ_2024-05-29_09-35-00.png,2024-05-29_09-35-00,1118.0,1118.1,1115.55,1116.3,136583.0,1126.41,1136.46,1116.36,1107.97,1108.05,1106.25,1107.1,1109.89,1107.7,1107.7,1107.7,93500
ICICIBANK-EQ_2024-05-29_09-40-00.png,2024-05-29_09-40-00,1116.2,1116.35,1114.55,1114.9,118631.0,1125.56,1136.51,1114.62,1107.05,1107.15,1104.2,1105.81,1107.7,1105.51,1105.51,1105.51,94000
ICICIBANK-EQ_2024-05-29_09-45-00.png,2024-05-29_09-45-00,1114.9,1115.25,1112.0,1112.4,177126.0,1124.59,1136.59,1112.6,1105.95,1107.1,1104.55,1105.9,1105.51,1103.32,1103.32,1103.32,94500
ICICIBANK-EQ_2024-05-29_09-50-00.png,2024-05-29_09-50-00,1112.4,1114.2,1112.0,1113.4,129363.0,1123.72,1136.31,1111.12,1105.97,1107.35,1105.25,1106.24,1103.32,1105.51,1105.51,1105.51,95000
ICICIBANK-EQ_2024-05-29_09-55-00.png,2024-05-29_09-55-00,1113.35,1113.45,1111.7,1112.95,149072.0,1122.84,1135.88,1109.8,1106.18,1106.18,1103.4,1104.66,1105.51,1103.32,1103.32,1103.32,95500
ICICIBANK-EQ_2024-05-29_10-00-00.png,2024-05-29_10-00-00,1112.95,1114.6,1112.0,1112.6,268525.0,1121.94,1135.19,1108.68,1104.68,1104.68,1103.25,1103.99,1103.32,1101.13,1101.13,1101.13,100000
ICICIBANK-EQ_2024-05-29_10-05-00.png,2024-05-29_10-05-00,1112.65,1114.8,1112.0,1114.75,210815.0,1121.12,1134.01,1108.23,1104.1,1104.35,1103.2,1103.89,1101.13,1098.94,1098.94,1098.94,100500
ICICIBANK-EQ_2024-05-29_10-10-00.png,2024-05-29_10-10-00,1114.8,1114.8,1112.4,1112.4,145760.0,1120.24,1132.99,1107.49,1104.0,1104.0,1103.0,1103.55,1098.94,1101.13,1101.13,1101.13,101000
ICICIBANK-EQ_2024-05-29_10-15-00.png,2024-05-29_10-15-00,1112.5,1113.0,1111.0,1111.55,229840.0,1119.42,1132.18,1106.66,1103.6,1103.6,1103.0,1103.31,1101.13,1103.32,1103.32,1103.32,101500
ICICIBANK-EQ_2024-05-29_10-20-00.png,2024-05-29_10-20-00,1111.85,1112.55,1109.0,1109.3,214089.0,1118.44,1131.15,1105.73,1103.38,1104.95,1103.15,1103.79,1103.32,1101.13,1101.13,1101.13,102000
ICICIBANK-EQ_2024-05-29_10-25-00.png,2024-05-29_10-25-00,1109.55,1110.85,1108.1,1109.15,93035.0,1117.46,1129.86,1105.07,1103.53,1104.4,1103.3,1103.96,1101.13,1103.32,1103.32,1103.32,102500
ICICIBANK-EQ_2024-05-29_10-30-00.png,2024-05-29_10-30-00,1109.15,1110.3,1108.1,1108.9,124143.0,1116.56,1128.67,1104.45,1104.07,1105.0,1104.07,1104.6,1103.32,1105.51,1105.51,1105.51,103000
ICICIBANK-EQ_2024-05-29_10-35-00.png,2024-05-29_10-35-00,1108.9,1110.4,1108.8,1110.15,178902.0,1115.75,1127.24,1104.25,1104.62,1106.15,1104.55,1105.26,1105.51,1103.32,1103.32,1103.32,103500
ICICIBANK-EQ_2024-05-29_10-40-00.png,2024-05-29_10-40-00,1110.15,1111.35,1109.15,1110.8,166632.0,1114.96,1125.45,1104.47,1105.18,1105.7,1103.6,1104.72,1103.32,1105.51,1105.51,1105.51,104000
ICICIBANK-EQ_2024-05-29_10-45-00.png,2024-05-29_10-45-00,1110.85,1111.6,1109.35,1109.4,128991.0,1114.1,1123.32,1104.88,1104.8,1104.8,1103.9,1104.24,1105.51,1103.32,1103.32,1103.32,104500
ICICIBANK-EQ_2024-05-29_10-50-00.png,2024-05-29_10-50-00,1109.5,1110.0,1108.0,1108.15,129078.0,1113.21,1120.91,1105.51,1104.12,1104.45,1103.5,1103.95,1103.32,1105.51,1105.51,1105.51,105000
ICICIBANK-EQ_2024-05-29_10-55-00.png,2024-05-29_10-55-00,1108.25,1109.55,1107.35,1108.5,161510.0,1112.55,1119.43,1105.67,1103.93,1104.45,1103.55,1103.98,1105.51,1107.7,1107.7,1107.7,105500
ICICIBANK-EQ_2024-05-29_11-00-00.png,2024-05-29_11-00-00,1108.75,1109.25,1107.95,1108.5,197874.0,1111.99,1118.17,1105.8,1103.95,1104.6,1103.95,1104.35,1107.7,1109.89,1109.89,1109.89,110000
ICICIBANK-EQ_2024-05-29_11-05-00.png,2024-05-29_11-05-00,1108.6,1108.6,1107.2,1107.35,100817.0,1111.46,1117.32,1105.6,1104.38,1104.6,1103.9,1104.31,1109.89,1107.7,1107.7,1107.7,110500
ICICIBANK-EQ_2024-05-29_11-10-00.png,2024-05-29_11-10-00,1107.35,1108.05,1106.25,1106.75,174157.0,1110.91,1116.33,1105.49,1104.38,1106.0,1104.15,1104.99,1107.7,1109.89,1109.89,1109.89,111000
ICICIBANK-EQ_2024-05-29_11-15-00.png,2024-05-29_11-15-00,1106.7,1107.15,1104.2,1105.2,206133.0,1110.36,1115.73,1104.98,1104.9,1105.9,1104.2,1104.96,1109.89,1112.08,1112.08,1112.08,111500
ICICIBANK-EQ_2024-05-29_11-20-00.png,2024-05-29_11-20-00,1105.25,1107.1,1104.55,1106.7,151396.0,1109.95,1115.1,1104.79,1104.88,1104.88,1103.25,1103.96,1112.08,1109.89,1109.89,1109.89,112000
ICICIBANK-EQ_2024-05-29_11-25-00.png,2024-05-29_11-25-00,1106.65,1107.35,1105.25,1105.7,129977.0,1109.61,1114.96,1104.26,1103.9,1103.95,1101.75,1102.84,1109.89,1107.7,1107.7,1107.7,112500
ICICIBANK-EQ_2024-05-29_11-30-00.png,2024-05-29_11-30-00,1105.5,1105.9,1103.4,1103.85,93298.0,1109.13,1114.76,1103.51,1102.82,1102.95,1101.6,1102.44,1107.7,1109.89,1109.89,1109.89,113000
ICICIBANK-EQ_2024-05-29_11-35-00.png,2024-05-29_11-35-00,1103.85,1104.5,1103.25,1104.35,114536.0,1108.7,1114.41,1102.99,1102.6,1103.6,1101.6,1102.71,1109.89,1112.08,1112.08,1112.08,113500
ICICIBANK-EQ_2024-05-29_11-40-00.png,2024-05-29_11-40-00,1104.25,1104.35,1103.2,1103.75,71441.0,1108.26,1114.07,1102.45,1102.82,1103.7,1102.3,1103.11,1112.08,1109.89,1109.89,1109.89,114000
ICICIBANK-EQ_2024-05-29_11-45-00.png,2024-05-29_11-45-00,1103.75,1104.0,1103.0,1103.45,79132.0,1107.7,1113.03,1102.36,1103.22,1104.0,1102.5,1103.32,1109.89,1112.08,1112.08,1112.08,114500
ICICIBANK-EQ_2024-05-29_11-50-00.png,2024-05-29_11-50-00,1103.45,1103.5,1103.0,1103.3,74332.0,1107.24,1112.43,1102.05,1103.4,1104.0,1102.1,1102.97,1112.08,1109.89,1109.89,1109.89,115000
ICICIBANK-EQ_2024-05-29_11-55-00.png,2024-05-29_11-55-00,1103.2,1104.95,1103.15,1103.85,90189.0,1106.86,1111.84,1101.87,1102.9,1104.6,1102.15,1103.19,1109.89,1107.7,1107.7,1107.7,115500
ICICIBANK-EQ_2024-05-29_12-00-00.png,2024-05-29_12-00-00,1103.85,1104.4,1103.3,1104.3,74272.0,1106.6,1111.57,1101.64,1103.0,1105.0,1102.6,1103.61,1107.7,1105.51,1105.51,1105.51,120000
ICICIBANK-EQ_2024-05-29_12-05-00.png,2024-05-29_12-05-00,1104.3,1105.0,1104.15,1104.95,60110.0,1106.4,1111.26,1101.53,1103.42,1103.75,1102.55,1103.16,1105.51,1107.7,1107.7,1107.7,120500
ICICIBANK-EQ_2024-05-29_12-10-00.png,2024-05-29_12-10-00,1104.9,1106.15,1104.55,1105.45,85740.0,1106.22,1110.96,1101.48,1103.18,1104.5,1102.6,1103.74,1107.7,1109.89,1109.89,1109.89,121000
ICICIBANK-EQ_2024-05-29_12-15-00.png,2024-05-29_12-15-00,1105.45,1105.7,1103.6,1104.15,146619.0,1105.92,1110.37,1101.48,1103.92,1105.0,1103.25,1104.14,1109.89,1112.08,1112.08,1112.08,121500
ICICIBANK-EQ_2024-05-29_12-20-00.png,2024-05-29_12-20-00,1104.15,1104.8,1103.9,1104.1,57365.0,1105.59,1109.45,1101.72,1104.15,1104.15,1100.7,1102.62,1112.08,1109.89,1109.89,1109.89,122000
ICICIBANK-EQ_2024-05-29_12-25-00.png,2024-05-29_12-25-00,1104.2,1104.45,1103.5,1103.65,64020.0,1105.3,1108.81,1101.79,1102.9,1102.9,1099.1,1100.55,1109.89,1112.08,1112.08,1112.08,122500
ICICIBANK-EQ_2024-05-29_12-30-00.png,2024-05-29_12-30-00,1103.65,1104.45,1103.55,1104.25,66860.0,1105.1,1108.38,1101.83,1100.55,1101.1,1099.15,1100.15,1112.08,1114.27,1114.27,1114.27,123000
ICICIBANK-EQ_2024-05-29_12-35-00.png,2024-05-29_12-35-00,1104.35,1104.6,1104.05,1104.4,74625.0,1104.9,1107.76,1102.04,1100.18,1101.3,1098.5,1100.4,1114.27,1112.08,1112.08,1112.08,123500
ICICIBANK-EQ_2024-05-29_12-40-00.png,2024-05-29_12-40-00,1104.4,1104.6,1103.9,1104.35,69618.0,1104.69,1107.01,1102.38,1100.9,1101.95,1100.7,1101.35,1112.08,1114.27,1114.27,1114.27,124000
ICICIBANK-EQ_2024-05-29_12-45-00.png,2024-05-29_12-45-00,1104.35,1106.0,1104.15,1105.45,175208.0,1104.6,1106.58,1102.61,1101.38,1103.0,1101.05,1101.92,1114.27,1116.46,1116.46,1116.46,124500
ICICIBANK-EQ_2024-05-29_12-50-00.png,2024-05-29_12-50-00,1105.45,1105.9,1104.2,1104.3,126521.0,1104.47,1106.19,1102.76,1101.82,1102.75,1101.05,1102.09,1116.46,1114.27,1114.27,1114.27,125000
ICICIBANK-EQ_2024-05-29_12-55-00.png,2024-05-29_12-55-00,1104.3,1104.8,1103.25,1103.5,127023.0,1104.39,1106.12,1102.66,1102.28,1104.0,1101.15,1102.72,1114.27,1116.46,1116.46,1116.46,125500
ICICIBANK-EQ_2024-05-29_13-00-00.png,2024-05-29_13-00-00,1103.45,1103.95,1101.75,1102.2,199929.0,1104.16,1105.8,1102.53,1102.88,1104.8,1102.88,1104.03,1116.46,1114.27,1114.27,1114.27,130000
ICICIBANK-EQ_2024-05-29_13-05-00.png,2024-05-29_13-05-00,1102.35,1102.95,1101.6,1102.85,98291.0,1104.02,1105.59,1102.46,1103.9,1104.8,1103.6,1104.24,1114.27,1116.46,1116.46,1116.46,130500
ICICIBANK-EQ_2024-05-29_13-10-00.png,2024-05-29_13-10-00,1102.85,1103.6,1101.6,1102.8,137171.0,1103.97,1105.63,1102.31,1104.28,1107.0,1104.15,1105.69,1116.46,1114.27,1114.27,1114.27,131000
ICICIBANK-EQ_2024-05-29_13-15-00.png,2024-05-29_13-15-00,1102.8,1103.7,1102.3,1103.65,78513.0,1103.94,1105.59,1102.28,1105.8,1107.0,1102.25,1104.82,1114.27,1112.08,1112.08,1112.08,131500
ICICIBANK-EQ_2024-05-29_13-20-00.png,2024-05-29_13-20-00,1103.6,1104.0,1102.5,1103.2,107117.0,1103.91,1105.59,1102.22,1105.03,1105.03,1099.45,1101.62,1112.08,1114.27,1114.27,1114.27,132000
ICICIBANK-EQ_2024-05-29_13-25-00.png,2024-05-29_13-25-00,1103.0,1104.0,1102.1,1102.8,157325.0,1103.88,1105.62,1102.13,1101.78,1102.25,1099.75,1100.92,1114.27,1116.46,1116.46,1116.46,132500
ICICIBANK-EQ_2024-05-29_13-30-00.png,2024-05-29_13-30-00,1102.4,1104.6,1102.15,1103.6,282483.0,1103.89,1105.62,1102.16,1100.85,1102.5,1100.0,1101.12,1116.46,1118.65,1118.65,1118.65,133000
ICICIBANK-EQ_2024-05-29_13-35-00.png,2024-05-29_13-35-00,1103.8,1105.0,1102.6,1103.05,214573.0,1103.85,1105.62,1102.08,1101.0,1102.95,1100.5,1101.86,1118.65,1116.46,1116.46,1116.46,133500
ICICIBANK-EQ_2024-05-29_13-40-00.png,2024-05-29_13-40-00,1103.2,1103.75,1102.55,1103.15,274096.0,1103.79,1105.57,1102.01,1102.0,1102.9,1100.5,1101.84,1116.46,1118.65,1118.65,1118.65,134000
ICICIBANK-EQ_2024-05-29_13-45-00.png,2024-05-29_13-45-00,1103.35,1104.5,1102.6,1104.5,279977.0,1103.77,1105.5,1102.04,1101.97,1105.2,1101.6,1103.44,1118.65,1120.84,1120.84,1120.84,134500
ICICIBANK-EQ_2024-05-29_13-50-00.png,2024-05-29_13-50-00,1104.45,1105.0,1103.25,1103.85,288031.0,1103.69,1105.23,1102.15,1103.47,1105.5,1103.47,1104.53,1120.84,1118.65,1118.65,1118.65,135000
ICICIBANK-EQ_2024-05-29_13-55-00.png,2024-05-29_13-55-00,1103.95,1104.0,1100.7,1101.85,786883.0,1103.58,1105.3,1101.85,1104.55,1110.6,1096.9,1103.19,1118.65,1120.84,1120.84,1120.84,135500
ICICIBANK-EQ_2024-05-29_14-00-00.png,2024-05-29_14-00-00,1101.5,1102.0,1099.1,1099.6,550737.0,1103.35,1105.81,1100.89,1102.62,1112.5,1102.62,1110.05,1120.84,1123.02,1123.02,1123.02,140000
ICICIBANK-EQ_2024-05-29_14-05-00.png,2024-05-29_14-05-00,1099.7,1101.1,1099.15,1100.65,325550.0,1103.2,1105.93,1100.47,1109.97,1112.85,1109.15,1111.41,1123.02,1125.21,1125.21,1125.21,140500
ICICIBANK-EQ_2024-05-29_14-10-00.png,2024-05-29_14-10-00,1100.65,1101.3,1098.5,1101.15,211441.0,1103.04,1105.88,1100.21,1111.82,1115.5,1111.82,1113.53,1125.21,1127.4,1127.4,1127.4,141000
ICICIBANK-EQ_2024-05-29_14-15-00.png,2024-05-29_14-15-00,1101.3,1101.95,1100.7,1101.45,113106.0,1102.9,1105.74,1100.06,1113.3,1114.8,1110.5,1112.61,1127.4,1125.21,1125.21,1125.21,141500
ICICIBANK-EQ_2024-05-29_14-20-00.png,2024-05-29_14-20-00,1101.45,1103.0,1101.05,1102.2,170455.0,1102.79,1105.56,1100.02,1112.58,1112.58,1110.05,1110.86,1125.21,1123.02,1123.02,1123.02,142000
ICICIBANK-EQ_2024-05-29_14-25-00.png,2024-05-29_14-25-00,1102.55,1102.75,1101.05,1102.0,141714.0,1102.62,1105.11,1100.13,1110.8,1112.25,1109.15,1110.41,1123.02,1120.84,1120.84,1120.84,142500
ICICIBANK-EQ_2024-05-29_14-30-00.png,2024-05-29_14-30-00,1102.0,1104.0,1101.15,1103.75,213923.0,1102.59,1105.01,1100.17,1110.12,1110.12,1108.0,1109.15,1120.84,1123.02,1123.02,1123.02,143000
ICICIBANK-EQ_2024-05-29_14-35-00.png,2024-05-29_14-35-00,1103.95,1104.8,1103.5,1103.85,165608.0,1102.61,1105.06,1100.15,1109.43,1110.0,1107.45,1108.74,1123.02,1120.84,1120.84,1120.84,143500
ICICIBANK-EQ_2024-05-29_14-40-00.png,2024-05-29_14-40-00,1103.85,1104.8,1103.6,1104.7,162029.0,1102.73,1105.35,1100.12,1108.75,1108.75,1106.4,1107.3,1120.84,1123.02,1123.02,1123.02,144000
ICICIBANK-EQ_2024-05-29_14-45-00.png,2024-05-29_14-45-00,1104.7,1107.0,1104.15,1106.9,410413.0,1102.94,1106.15,1099.72,1107.22,1107.85,1106.05,1106.68,1123.02,1120.84,1120.84,1120.84,144500
ICICIBANK-EQ_2024-05-29_14-50-00.png,2024-05-29_14-50-00,1107.0,1107.0,1102.25,1103.05,688267.0,1102.95,1106.16,1099.73,1106.4,1107.95,1105.8,1106.64,1120.84,1123.02,1123.02,1123.02,145000
ICICIBANK-EQ_2024-05-29_14-55-00.png,2024-05-29_14-55-00,1102.6,1103.5,1099.45,1100.95,640584.0,1102.81,1106.13,1099.5,1106.4,1107.0,1104.8,1105.94,1123.02,1125.21,1125.21,1125.21,145500
ICICIBANK-EQ_2024-05-29_15-00-00.png,2024-05-29_15-00-00,1101.35,1102.25,1099.75,1100.35,1081306.0,1102.67,1106.16,1099.18,1105.97,1108.9,1105.85,1107.06,1125.21,1123.02,1123.02,1123.02,150000
ICICIBANK-EQ_2024-05-29_15-05-00.png,2024-05-29_15-05-00,1100.5,1102.5,1100.0,1101.5,984747.0,1102.6,1106.13,1099.08,1106.75,1107.7,1106.25,1107.09,1123.02,1120.84,1120.84,1120.84,150500
ICICIBANK-EQ_2024-05-29_15-10-00.png,2024-05-29_15-10-00,1101.6,1102.95,1100.5,1102.4,1266502.0,1102.54,1106.04,1099.05,1107.2,1108.0,1106.0,1107.18,1120.84,1123.02,1123.02,1123.02,151000
ICICIBANK-EQ_2024-05-29_15-15-00.png,2024-05-29_15-15-00,1102.1,1102.9,1100.5,1101.85,1115814.0,1102.49,1105.98,1098.99,1107.35,1110.7,1107.35,1108.77,1123.02,1125.21,1125.21,1125.21,151500
ICICIBANK-EQ_2024-05-29_15-20-00.png,2024-05-29_15-20-00,1101.9,1105.2,1101.6,1105.05,781073.0,1102.58,1106.25,1098.91,1108.22,1109.75,1108.15,1108.81,1125.21,1123.02,1123.02,1123.02,152000
ICICIBANK-EQ_2024-05-29_15-25-00.png,2024-05-29_15-25-00,1105.1,1105.5,1103.5,1104.0,528221.0,1102.55,1106.18,1098.93,1108.68,1109.3,1107.75,1108.7,1123.02,1120.84,1120.84,1120.84,152500
ICICIBANK-EQ_2024-05-30_09-15-00.png,2024-05-30_09-15-00,1096.9,1110.6,1096.9,1108.35,804298.0,1102.78,1107.21,1098.35,1108.88,1109.5,1108.05,1108.66,1120.84,1123.02,1123.02,1123.02,91500
ICICIBANK-EQ_2024-05-30_09-20-00.png,2024-05-30_09-20-00,1108.35,1112.5,1107.75,1111.6,534302.0,1103.27,1109.17,1097.37,1108.55,1109.45,1107.9,1108.44,1123.02,1125.21,1125.21,1125.21,92000
ICICIBANK-EQ_2024-05-30_09-25-00.png,2024-05-30_09-25-00,1111.7,1112.85,1109.15,1111.95,355199.0,1103.88,1110.69,1097.08,1108.2,1109.05,1107.8,1108.38,1125.21,1123.02,1123.02,1123.02,92500
ICICIBANK-EQ_2024-05-30_09-30-00.png,2024-05-30_09-30-00,1112.35,1115.5,1112.0,1114.25,476156.0,1104.56,1112.61,1096.52,1108.32,1109.45,1105.85,1107.68,1123.02,1125.21,1125.21,1125.21,93000
ICICIBANK-EQ_2024-05-30_09-35-00.png,2024-05-30_09-35-00,1114.25,1114.8,1110.5,1110.9,169174.0,1105.05,1113.4,1096.7,1107.7,1109.35,1106.55,1108.04,1125.21,1123.02,1123.02,1123.02,93500
ICICIBANK-EQ_2024-05-30_09-40-00.png,2024-05-30_09-40-00,1110.95,1111.8,1110.05,1110.65,163254.0,1105.51,1114.04,1096.99,1108.12,1109.8,1108.0,1109.08,1123.02,1120.84,1120.84,1120.84,94000
ICICIBANK-EQ_2024-05-30_09-45-00.png,2024-05-30_09-45-00,1110.85,1112.25,1109.15,1109.4,115179.0,1105.87,1114.42,1097.33,1109.25,1110.95,1108.8,1109.72,1120.84,1123.02,1123.02,1123.02,94500
ICICIBANK-EQ_2024-05-30_09-50-00.png,2024-05-30_09-50-00,1109.4,1109.75,1108.0,1109.45,98280.0,1106.24,1114.73,1097.76,1109.57,1112.0,1108.8,1110.41,1123.02,1120.84,1120.84,1120.84,95000
ICICIBANK-EQ_2024-05-30_09-55-00.png,2024-05-30_09-55-00,1109.5,1110.0,1107.45,1108.0,156920.0,1106.46,1114.89,1098.02,1110.42,1111.0,1108.75,1109.96,1120.84,1123.02,1123.02,1123.02,95500
ICICIBANK-EQ_2024-05-30_10-00-00.png,2024-05-30_10-00-00,1108.0,1108.35,1106.4,1106.45,97735.0,1106.59,1114.93,1098.24,1110.05,1110.3,1108.2,1109.16,1123.02,1125.21,1125.21,1125.21,100000
ICICIBANK-EQ_2024-05-30_10-05-00.png,2024-05-30_10-05-00,1106.45,1107.85,1106.05,1106.35,102871.0,1106.67,1114.97,1098.37,1109.07,1110.2,1108.0,1108.95,1125.21,1123.02,1123.02,1123.02,100500
ICICIBANK-EQ_2024-05-30_10-10-00.png,2024-05-30_10-10-00,1106.35,1107.95,1105.8,1106.45,95722.0,1106.65,1114.95,1098.35,1108.8,1110.6,1108.05,1109.04,1123.02,1120.84,1120.84,1120.84,101000
ICICIBANK-EQ_2024-05-30_10-15-00.png,2024-05-30_10-15-00,1106.1,1107.0,1104.8,1105.85,93661.0,1106.79,1114.92,1098.65,1108.75,1111.0,1108.75,1109.68,1120.84,1118.65,1118.65,1118.65,101500
ICICIBANK-EQ_2024-05-30_10-20-00.png,2024-05-30_10-20-00,1105.85,1108.9,1105.85,1107.65,214643.0,1107.12,1114.78,1099.46,1109.32,1111.9,1109.32,1110.34,1118.65,1116.46,1116.46,1116.46,102000
ICICIBANK-EQ_2024-05-30_10-25-00.png,2024-05-30_10-25-00,1107.65,1107.7,1106.25,1106.75,81376.0,1107.44,1114.42,1100.47,1110.0,1111.9,1109.7,1110.66,1116.46,1118.65,1118.65,1118.65,102500
ICICIBANK-EQ_2024-05-30_10-30-00.png,2024-05-30_10-30-00,1106.7,1108.0,1106.0,1108.0,100808.0,1107.77,1114.16,1101.38,1110.53,1111.95,1110.3,1110.9,1118.65,1120.84,1120.84,1120.84,103000
ICICIBANK-EQ_2024-05-30_10-35-00.png,2024-05-30_10-35-00,1108.0,1110.7,1107.95,1108.45,151530.0,1108.07,1113.94,1102.2,1110.68,1111.2,1109.55,1110.41,1120.84,1123.02,1123.02,1123.02,103500
ICICIBANK-EQ_2024-05-30_10-40-00.png,2024-05-30_10-40-00,1108.35,1109.75,1108.15,1109.0,65483.0,1108.43,1113.52,1103.33,1110.45,1110.65,1108.7,1109.88,1123.02,1125.21,1125.21,1125.21,104000
ICICIBANK-EQ_2024-05-30_10-45-00.png,2024-05-30_10-45-00,1109.0,1109.3,1107.75,1108.75,79322.0,1108.61,1113.45,1103.77,1110.08,1111.0,1109.55,1110.2,1125.21,1127.4,1127.4,1127.4,104500
ICICIBANK-EQ_2024-05-30_10-50-00.png,2024-05-30_10-50-00,1108.75,1109.5,1108.05,1108.35,65394.0,1108.83,1113.16,1104.5,1110.12,1111.2,1109.95,1110.4,1127.4,1125.21,1125.21,1125.21,105000
ICICIBANK-EQ_2024-05-30_10-55-00.png,2024-05-30_10-55-00,1108.35,1109.45,1107.9,1108.05,62834.0,1108.82,1113.16,1104.47,1110.22,1111.95,1110.05,1111.05,1125.21,1127.4,1127.4,1127.4,105500
ICICIBANK-EQ_2024-05-30_11-00-00.png,2024-05-30_11-00-00,1108.35,1109.05,1107.8,1108.3,67870.0,1108.65,1112.79,1104.51,1111.1,1113.9,1111.1,1112.68,1127.4,1129.59,1129.59,1129.59,110000
ICICIBANK-EQ_2024-05-30_11-05-00.png,2024-05-30_11-05-00,1108.35,1109.45,1105.85,1107.05,141447.0,1108.41,1112.3,1104.51,1112.68,1114.0,1112.6,1113.26,1129.59,1127.4,1127.4,1127.4,110500
ICICIBANK-EQ_2024-05-30_11-10-00.png,2024-05-30_11-10-00,1107.05,1109.35,1106.55,1109.2,198200.0,1108.15,1110.95,1105.35,1113.22,1115.4,1113.0,1113.94,1127.4,1129.59,1129.59,1129.59,111000
ICICIBANK-EQ_2024-05-30_11-15-00.png,2024-05-30_11-15-00,1109.2,1109.8,1108.0,1109.3,106419.0,1108.07,1110.62,1105.52,1113.68,1116.8,1113.68,1115.4,1129.59,1131.78,1131.78,1131.78,111500
ICICIBANK-EQ_2024-05-30_11-20-00.png,2024-05-30_11-20-00,1109.3,1110.95,1108.8,1109.85,136963.0,1108.03,1110.43,1105.63,1115.3,1117.75,1115.3,1116.86,1131.78,1129.59,1129.59,1129.59,112000
ICICIBANK-EQ_2024-05-30_11-25-00.png,2024-05-30_11-25-00,1109.85,1112.0,1108.8,1111.0,111535.0,1108.11,1110.79,1105.43,1116.85,1117.5,1115.0,1116.74,1129.59,1127.4,1127.4,1127.4,112500
ICICIBANK-EQ_2024-05-30_11-30-00.png,2024-05-30_11-30-00,1111.0,1111.0,1108.75,1109.1,87957.0,1108.1,1110.74,1105.45,1117.22,1117.5,1116.25,1116.76,1127.4,1125.21,1125.21,1125.21,113000
ICICIBANK-EQ_2024-05-30_11-35-00.png,2024-05-30_11-35-00,1109.1,1110.3,1108.2,1109.05,57547.0,1108.15,1110.83,1105.47,1116.65,1117.0,1115.8,1116.51,1125.21,1123.02,1123.02,1123.02,113500
ICICIBANK-EQ_2024-05-30_11-40-00.png,2024-05-30_11-40-00,1109.1,1110.2,1108.0,1108.5,71058.0,1108.25,1110.81,1105.69,1116.62,1117.1,1115.1,1116.21,1123.02,1125.21,1125.21,1125.21,114000
ICICIBANK-EQ_2024-05-30_11-45-00.png,2024-05-30_11-45-00,1108.45,1110.6,1108.05,1109.05,71870.0,1108.38,1110.81,1105.96,1116.32,1116.32,1115.0,1115.54,1125.21,1123.02,1123.02,1123.02,114500
ICICIBANK-EQ_2024-05-30_11-50-00.png,2024-05-30_11-50-00,1109.1,1111.0,1109.05,1109.55,77305.0,1108.54,1110.83,1106.25,1115.47,1115.47,1111.8,1113.54,1123.02,1120.84,1120.84,1120.84,115000
ICICIBANK-EQ_2024-05-30_11-55-00.png,2024-05-30_11-55-00,1109.55,1111.9,1109.45,1110.45,54770.0,1108.77,1110.84,1106.7,1113.6,1113.7,1111.7,1112.48,1120.84,1118.65,1118.65,1118.65,115500
ICICIBANK-EQ_2024-05-30_12-00-00.png,2024-05-30_12-00-00,1110.45,1111.9,1109.7,1110.6,84580.0,1108.92,1111.07,1106.77,1112.25,1114.7,1111.55,1113.2,1118.65,1120.84,1120.84,1120.84,120000
ICICIBANK-EQ_2024-05-30_12-05-00.png,2024-05-30_12-05-00,1110.6,1111.95,1110.3,1110.75,91316.0,1109.12,1111.16,1107.07,1113.28,1117.5,1113.28,1115.46,1120.84,1123.02,1123.02,1123.02,120500
ICICIBANK-EQ_2024-05-30_12-10-00.png,2024-05-30_12-10-00,1110.75,1111.2,1109.55,1110.15,86549.0,1109.22,1111.25,1107.2,1115.28,1119.0,1115.28,1117.39,1123.02,1125.21,1125.21,1125.21,121000
ICICIBANK-EQ_2024-05-30_12-15-00.png,2024-05-30_12-15-00,1109.95,1110.65,1108.7,1110.2,135274.0,1109.31,1111.35,1107.28,1117.42,1121.0,1117.42,1119.14,1125.21,1123.02,1123.02,1123.02,121500
ICICIBANK-EQ_2024-05-30_12-20-00.png,2024-05-30_12-20-00,1110.15,1111.0,1109.55,1110.1,120987.0,1109.37,1111.42,1107.31,1118.6,1118.65,1115.6,1117.71,1123.02,1125.21,1125.21,1125.21,122000
ICICIBANK-EQ_2024-05-30_12-25-00.png,2024-05-30_12-25-00,1110.0,1111.2,1109.95,1110.45,94090.0,1109.45,1111.54,1107.36,1118.3,1118.6,1117.05,1117.74,1125.21,1123.02,1123.02,1123.02,122500
ICICIBANK-EQ_2024-05-30_12-30-00.png,2024-05-30_12-30-00,1110.45,1111.95,1110.05,1111.75,98333.0,1109.62,1111.88,1107.36,1117.65,1117.95,1116.55,1117.24,1123.02,1125.21,1125.21,1125.21,123000
ICICIBANK-EQ_2024-05-30_12-35-00.png,2024-05-30_12-35-00,1111.75,1113.9,1111.45,1113.6,199378.0,1109.9,1112.65,1107.15,1117.22,1118.2,1116.8,1117.28,1125.21,1123.02,1123.02,1123.02,123500
ICICIBANK-EQ_2024-05-30_12-40-00.png,2024-05-30_12-40-00,1113.45,1114.0,1112.6,1113.0,98354.0,1110.13,1113.11,1107.16,1117.05,1118.95,1117.0,1117.76,1123.02,1125.21,1125.21,1125.21,124000
ICICIBANK-EQ_2024-05-30_12-45-00.png,2024-05-30_12-45-00,1113.05,1115.4,1113.0,1114.3,137420.0,1110.5,1113.65,1107.35,1117.55,1118.2,1116.4,1117.53,1125.21,1123.02,1123.02,1123.02,124500
ICICIBANK-EQ_2024-05-30_12-50-00.png,2024-05-30_12-50-00,1114.3,1116.8,1114.2,1116.3,125595.0,1110.85,1114.87,1106.84,1117.75,1117.75,1115.1,1116.36,1123.02,1125.21,1125.21,1125.21,125000
ICICIBANK-EQ_2024-05-30_12-55-00.png,2024-05-30_12-55-00,1116.3,1117.75,1116.0,1117.4,156711.0,1111.26,1116.15,1106.36,1116.35,1116.35,1115.0,1115.54,1125.21,1123.02,1123.02,1123.02,125500
ICICIBANK-EQ_2024-05-30_13-00-00.png,2024-05-30_13-00-00,1117.4,1117.5,1115.0,1117.05,131790.0,1111.62,1117.1,1106.13,1115.4,1116.5,1113.6,1115.46,1123.02,1125.21,1125.21,1125.21,130000
ICICIBANK-EQ_2024-05-30_13-05-00.png,2024-05-30_13-05-00,1117.0,1117.5,1116.25,1116.3,113165.0,1111.88,1117.74,1106.03,1115.88,1116.45,1115.45,1116.1,1125.21,1127.4,1127.4,1127.4,130500
ICICIBANK-EQ_2024-05-30_13-10-00.png,2024-05-30_13-10-00,1116.5,1117.0,1115.8,1116.75,112546.0,1112.26,1118.35,1106.18,1116.25,1117.65,1115.55,1116.56,1127.4,1125.21,1125.21,1125.21,131000
ICICIBANK-EQ_2024-05-30_13-15-00.png,2024-05-30_13-15-00,1116.7,1117.1,1115.1,1115.95,90087.0,1112.61,1118.71,1106.51,1116.53,1116.9,1114.35,1115.71,1125.21,1127.4,1127.4,1127.4,131500
ICICIBANK-EQ_2024-05-30_13-20-00.png,2024-05-30_13-20-00,1115.95,1116.2,1115.0,1115.0,81149.0,1112.94,1118.8,1107.07,1115.8,1115.8,1111.0,1113.06,1127.4,1129.59,1129.59,1129.59,132000
ICICIBANK-EQ_2024-05-30_13-25-00.png,2024-05-30_13-25-00,1115.0,1115.15,1111.8,1112.2,286020.0,1113.09,1118.68,1107.5,1112.92,1115.85,1110.55,1113.11,1129.59,1131.78,1131.78,1131.78,132500
ICICIBANK-EQ_2024-05-30_13-30-00.png,2024-05-30_13-30-00,1112.2,1113.7,1111.7,1112.3,144872.0,1113.23,1118.58,1107.88,1113.03,1117.65,1111.0,1113.82,1131.78,1129.59,1129.59,1129.59,133000
ICICIBANK-EQ_2024-05-30_13-35-00.png,2024-05-30_13-35-00,1112.3,1114.7,1111.55,1114.25,189395.0,1113.42,1118.63,1108.21,1113.32,1115.0,1110.15,1112.16,1129.59,1127.4,1127.4,1127.4,133500
ICICIBANK-EQ_2024-05-30_13-40-00.png,2024-05-30_13-40-00,1114.5,1117.5,1113.8,1116.05,204774.0,1113.69,1118.85,1108.54,1111.75,1117.55,1111.45,1114.1,1127.4,1125.21,1125.21,1125.21,134000
ICICIBANK-EQ_2024-05-30_13-45-00.png,2024-05-30_13-45-00,1116.05,1119.0,1115.7,1118.8,219302.0,1114.1,1119.53,1108.66,1113.7,1117.7,1113.7,1116.11,1125.21,1127.4,1127.4,1127.4,134500
ICICIBANK-EQ_2024-05-30_13-50-00.png,2024-05-30_13-50-00,1118.8,1121.0,1118.35,1118.4,196317.0,1114.51,1119.94,1109.08,1116.12,1119.0,1115.3,1117.26,1127.4,1125.21,1125.21,1125.21,135000
ICICIBANK-EQ_2024-05-30_13-55-00.png,2024-05-30_13-55-00,1118.65,1118.65,1115.6,1117.95,116499.0,1114.9,1120.13,1109.66,1117.38,1123.95,1117.1,1120.39,1125.21,1127.4,1127.4,1127.4,135500
ICICIBANK-EQ_2024-05-30_14-00-00.png,2024-05-30_14-00-00,1117.9,1118.6,1117.05,1117.4,97719.0,1115.26,1120.09,1110.43,1120.25,1124.95,1120.25,1122.84,1127.4,1125.21,1125.21,1125.21,140000
ICICIBANK-EQ_2024-05-30_14-05-00.png,2024-05-30_14-05-00,1117.4,1117.95,1116.55,1117.05,88163.0,1115.59,1119.91,1111.27,1122.68,1124.0,1120.1,1121.99,1125.21,1127.4,1127.4,1127.4,140500
ICICIBANK-EQ_2024-05-30_14-10-00.png,2024-05-30_14-10-00,1117.1,1118.2,1116.8,1117.0,84423.0,1115.85,1119.82,1111.89,1121.93,1122.1,1119.0,1120.74,1127.4,1125.21,1125.21,1125.21,141000
ICICIBANK-EQ_2024-05-30_14-15-00.png,2024-05-30_14-15-00,1117.0,1118.95,1117.0,1118.1,121850.0,1116.08,1120.02,1112.14,1120.92,1124.55,1120.0,1122.47,1125.21,1123.02,1123.02,1123.02,141500
ICICIBANK-EQ_2024-05-30_14-20-00.png,2024-05-30_14-20-00,1118.15,1118.2,1116.4,1117.35,109800.0,1116.3,1119.99,1112.6,1122.68,1124.85,1121.2,1123.04,1123.02,1120.84,1120.84,1120.84,142000
ICICIBANK-EQ_2024-05-30_14-25-00.png,2024-05-30_14-25-00,1117.35,1117.65,1115.1,1115.35,118993.0,1116.35,1119.95,1112.74,1123.05,1123.65,1121.25,1122.35,1120.84,1118.65,1118.65,1118.65,142500
ICICIBANK-EQ_2024-05-30_14-30-00.png,2024-05-30_14-30-00,1115.4,1116.35,1115.0,1115.4,165921.0,1116.3,1119.93,1112.67,1122.25,1123.45,1120.85,1121.96,1118.65,1116.46,1116.46,1116.46,143000
ICICIBANK-EQ_2024-05-30_14-35-00.png,2024-05-30_14-35-00,1115.4,1116.5,1113.6,1116.35,207530.0,1116.25,1119.84,1112.66,1121.78,1121.78,1118.85,1120.2,1116.46,1114.27,1114.27,1114.27,143500
ICICIBANK-EQ_2024-05-30_14-40-00.png,2024-05-30_14-40-00,1116.35,1116.45,1115.45,1116.15,126860.0,1116.2,1119.78,1112.63,1120.38,1120.45,1118.05,1119.16,1114.27,1112.08,1112.08,1112.08,144000
ICICIBANK-EQ_2024-05-30_14-45-00.png,2024-05-30_14-45-00,1116.2,1117.65,1115.55,1116.85,258131.0,1116.23,1119.82,1112.65,1119.08,1119.08,1114.5,1116.78,1112.08,1114.27,1114.27,1114.27,144500
ICICIBANK-EQ_2024-05-30_14-50-00.png,2024-05-30_14-50-00,1116.8,1116.9,1114.35,1114.8,154919.0,1116.14,1119.77,1112.5,1117.05,1117.3,1115.25,1116.06,1114.27,1116.46,1116.46,1116.46,145000
ICICIBANK-EQ_2024-05-30_14-55-00.png,2024-05-30_14-55-00,1114.85,1115.4,1111.0,1111.0,215332.0,1115.89,1120.19,1111.59,1115.85,1117.75,1114.55,1116.36,1116.46,1114.27,1114.27,1114.27,145500
ICICIBANK-EQ_2024-05-30_15-00-00.png,2024-05-30_15-00-00,1111.0,1115.85,1110.55,1115.05,900512.0,1115.89,1120.19,1111.59,1116.57,1117.35,1111.25,1115.34,1114.27,1116.46,1116.46,1116.46,150000
ICICIBANK-EQ_2024-05-30_15-05-00.png,2024-05-30_15-05-00,1115.05,1117.65,1111.0,1111.6,1082796.0,1115.86,1120.27,1111.45,1116.38,1117.7,1115.3,1116.25,1116.46,1118.65,1118.65,1118.65,150500
ICICIBANK-EQ_2024-05-30_15-10-00.png,2024-05-30_15-10-00,1111.6,1115.0,1110.15,1111.9,1153360.0,1115.84,1120.32,1111.36,1116.0,1117.0,1114.1,1115.92,1118.65,1116.46,1116.46,1116.46,151000
ICICIBANK-EQ_2024-05-30_15-15-00.png,2024-05-30_15-15-00,1111.9,1117.55,1111.45,1115.5,797247.0,1115.9,1120.33,1111.48,1116.3,1116.6,1113.55,1115.34,1116.46,1118.65,1118.65,1118.65,151500
ICICIBANK-EQ_2024-05-30_15-20-00.png,2024-05-30_15-20-00,1115.5,1117.7,1114.5,1116.75,460792.0,1115.94,1120.38,1111.5,1115.6,1116.5,1114.0,1115.34,1118.65,1116.46,1116.46,1116.46,152000
ICICIBANK-EQ_2024-05-30_15-25-00.png,2024-05-30_15-25-00,1116.75,1119.0,1115.3,1118.0,290553.0,1115.9,1120.24,1111.55,1115.42,1117.9,1114.0,1115.61,1116.46,1118.65,1118.65,1118.65,152500
ICICIBANK-EQ_2024-05-31_09-15-00.png,2024-05-31_09-15-00,1117.55,1123.95,1117.1,1122.95,739303.0,1116.12,1121.4,1110.85,1115.28,1115.28,1113.05,1114.39,1118.65,1120.84,1120.84,1120.84,91500
ICICIBANK-EQ_2024-05-31_09-20-00.png,2024-05-31_09-20-00,1122.95,1124.95,1121.05,1122.4,912657.0,1116.35,1122.28,1110.42,1114.68,1114.95,1113.65,1114.56,1120.84,1123.02,1123.02,1123.02,92000
ICICIBANK-EQ_2024-05-31_09-25-00.png,2024-05-31_09-25-00,1122.4,1124.0,1120.1,1121.45,489206.0,1116.55,1122.89,1110.21,1114.82,1115.95,1114.3,1115.0,1123.02,1125.21,1125.21,1125.21,92500
ICICIBANK-EQ_2024-05-31_09-30-00.png,2024-05-31_09-30-00,1121.0,1122.1,1119.0,1120.85,309313.0,1116.74,1123.37,1110.11,1114.88,1116.3,1114.2,1114.95,1125.21,1123.02,1123.02,1123.02,93000
ICICIBANK-EQ_2024-05-31_09-35-00.png,2024-05-31_09-35-00,1120.85,1124.55,1120.0,1124.5,158169.0,1117.12,1124.6,1109.63,1114.65,1115.45,1114.0,1114.72,1123.02,1125.21,1125.21,1125.21,93500
ICICIBANK-EQ_2024-05-31_09-40-00.png,2024-05-31_09-40-00,1124.55,1124.85,1121.2,1121.55,172964.0,1117.29,1125.02,1109.55,1114.72,1115.4,1112.25,1114.1,1125.21,1127.4,1127.4,1127.4,94000
ICICIBANK-EQ_2024-05-31_09-45-00.png,2024-05-31_09-45-00,1121.75,1123.65,1121.25,1122.75,172754.0,1117.56,1125.67,1109.45,1114.38,1115.0,1113.05,1113.99,1127.4,1125.21,1125.21,1125.21,94500
ICICIBANK-EQ_2024-05-31_09-50-00.png,2024-05-31_09-50-00,1122.7,1123.45,1120.85,1120.85,77037.0,1117.83,1126.0,1109.66,1113.95,1115.4,1113.75,1114.38,1125.21,1127.4,1127.4,1127.4,95000
ICICIBANK-EQ_2024-05-31_09-55-00.png,2024-05-31_09-55-00,1121.05,1121.2,1118.85,1119.7,99388.0,1118.05,1126.17,1109.92,1114.18,1116.2,1113.85,1114.99,1127.4,1125.21,1125.21,1125.21,95500
ICICIBANK-EQ_2024-05-31_10-00-00.png,2024-05-31_10-00-00,1119.7,1120.45,1118.05,1118.45,155553.0,1118.15,1126.24,1110.06,1114.95,1120.35,1114.95,1117.95,1125.21,1127.4,1127.4,1127.4,100000
ICICIBANK-EQ_2024-05-31_10-05-00.png,2024-05-31_10-05-00,1118.5,1118.5,1114.5,1115.6,269159.0,1118.12,1126.25,1110.0,1117.9,1120.75,1117.9,1119.92,1127.4,1125.21,1125.21,1125.21,100500
ICICIBANK-EQ_2024-05-31_10-10-00.png,2024-05-31_10-10-00,1115.6,1117.3,1115.25,1116.1,35976.0,1118.09,1126.24,1109.94,1120.2,1121.1,1118.8,1120.32,1125.21,1123.02,1123.02,1123.02,101000
ICICIBANK-EQ_2024-05-31_10-15-00.png,2024-05-31_10-15-00,1116.1,1117.75,1114.55,1117.05,90023.0,1118.2,1126.22,1110.18,1120.7,1120.95,1117.5,1119.78,1123.02,1125.21,1125.21,1125.21,101500
ICICIBANK-EQ_2024-05-31_10-20-00.png,2024-05-31_10-20-00,1116.8,1117.35,1111.25,1115.95,213383.0,1118.45,1125.81,1111.08,1120.32,1121.35,1119.8,1120.5,1125.21,1123.02,1123.02,1123.02,102000
ICICIBANK-EQ_2024-05-31_10-25-00.png,2024-05-31_10-25-00,1115.95,1117.7,1115.3,1116.05,264102.0,1118.5,1125.78,1111.22,1120.43,1122.25,1120.1,1121.15,1123.02,1125.21,1125.21,1125.21,102500
ICICIBANK-EQ_2024-05-31_10-30-00.png,2024-05-31_10-30-00,1116.4,1117.0,1114.1,1116.2,138492.0,1118.73,1125.35,1112.1,1121.12,1121.45,1118.95,1120.49,1125.21,1123.02,1123.02,1123.02,103000
ICICIBANK-EQ_2024-05-31_10-35-00.png,2024-05-31_10-35-00,1116.2,1116.6,1113.55,1115.0,121535.0,1118.88,1124.96,1112.81,1120.78,1120.8,1118.45,1120.05,1123.02,1125.21,1125.21,1125.21,103500
ICICIBANK-EQ_2024-05-31_10-40-00.png,2024-05-31_10-40-00,1114.85,1116.5,1114.0,1116.0,77759.0,1118.91,1124.93,1112.89,1120.47,1122.3,1119.55,1121.09,1125.21,1123.02,1123.02,1123.02,104000
ICICIBANK-EQ_2024-05-31_10-45-00.png,2024-05-31_10-45-00,1115.9,1117.9,1114.0,1114.65,51870.0,1118.8,1125.05,1112.56,1121.25,1122.4,1118.05,1120.51,1123.02,1120.84,1120.84,1120.84,104500
ICICIBANK-EQ_2024-05-31_10-50-00.png,2024-05-31_10-50-00,1114.65,1115.15,1113.05,1114.7,62651.0,1118.64,1125.14,1112.13,1120.8,1120.8,1118.6,1119.81,1120.84,1118.65,1118.65,1118.65,105000
ICICIBANK-EQ_2024-05-31_10-55-00.png,2024-05-31_10-55-00,1114.7,1114.95,1113.65,1114.95,34636.0,1118.24,1124.61,1111.87,1120.12,1120.85,1118.2,1119.92,1118.65,1120.84,1120.84,1120.84,105500
ICICIBANK-EQ_2024-05-31_11-00-00.png,2024-05-31_11-00-00,1114.95,1115.95,1114.3,1114.8,29558.0,1117.86,1124.09,1111.63,1120.32,1120.32,1117.85,1119.49,1120.84,1118.65,1118.65,1118.65,110000
ICICIBANK-EQ_2024-05-31_11-05-00.png,2024-05-31_11-05-00,1114.8,1116.3,1114.2,1114.5,94499.0,1117.51,1123.67,1111.35,1119.9,1120.0,1118.8,1119.4,1118.65,1120.84,1120.84,1120.84,110500
ICICIBANK-EQ_2024-05-31_11-10-00.png,2024-05-31_11-10-00,1114.45,1115.45,1114.0,1115.0,39231.0,1117.22,1123.27,1111.17,1119.4,1119.8,1117.75,1119.1,1120.84,1118.65,1118.65,1118.65,111000
ICICIBANK-EQ_2024-05-31_11-15-00.png,2024-05-31_11-15-00,1115.0,1115.4,1112.25,1113.75,82532.0,1116.68,1121.85,1111.51,1119.43,1119.55,1118.3,1119.04,1118.65,1116.46,1116.46,1116.46,111500
ICICIBANK-EQ_2024-05-31_11-20-00.png,2024-05-31_11-20-00,1113.7,1115.0,1113.05,1114.2,36635.0,1116.31,1121.05,1111.57,1119.15,1121.35,1117.55,1119.94,1116.46,1114.27,1114.27,1114.27,112000
ICICIBANK-EQ_2024-05-31_11-25-00.png,2024-05-31_11-25-00,1114.05,1115.4,1113.75,1114.3,40698.0,1115.89,1119.61,1112.17,1120.42,1122.1,1119.7,1121.2,1114.27,1116.46,1116.46,1116.46,112500
ICICIBANK-EQ_2024-05-31_11-30-00.png,2024-05-31_11-30-00,1113.95,1116.2,1113.85,1115.95,85461.0,1115.64,1118.55,1112.74,1121.5,1122.75,1120.15,1121.76,1116.46,1118.65,1118.65,1118.65,113000
ICICIBANK-EQ_2024-05-31_11-35-00.png,2024-05-31_11-35-00,1115.95,1120.35,1115.65,1119.85,320347.0,1115.65,1118.6,1112.71,1122.08,1123.35,1121.1,1122.42,1118.65,1116.46,1116.46,1116.46,113500
ICICIBANK-EQ_2024-05-31_11-40-00.png,2024-05-31_11-40-00,1119.85,1120.75,1118.55,1120.55,198648.0,1115.76,1119.23,1112.29,1122.62,1123.75,1121.85,1123.04,1116.46,1114.27,1114.27,1114.27,114000
ICICIBANK-EQ_2024-05-31_11-45-00.png,2024-05-31_11-45-00,1120.55,1121.1,1118.8,1120.85,220084.0,1116.02,1120.17,1111.87,1123.28,1124.85,1122.85,1123.88,1114.27,1116.46,1116.46,1116.46,114500
ICICIBANK-EQ_2024-05-31_11-50-00.png,2024-05-31_11-50-00,1120.85,1120.95,1117.5,1119.8,188450.0,1116.21,1120.68,1111.73,1123.9,1124.95,1122.1,1123.94,1116.46,1118.65,1118.65,1118.65,115000
ICICIBANK-EQ_2024-05-31_11-55-00.png,2024-05-31_11-55-00,1119.95,1121.35,1119.8,1120.9,332882.0,1116.4,1121.34,1111.46,1124.35,1124.95,1123.1,1124.1,1118.65,1120.84,1120.84,1120.84,115500
ICICIBANK-EQ_2024-05-31_12-00-00.png,2024-05-31_12-00-00,1120.9,1122.25,1120.1,1121.35,148105.0,1116.67,1122.07,1111.26,1124.18,1126.4,1122.35,1124.58,1120.84,1118.65,1118.65,1118.65,120000
ICICIBANK-EQ_2024-05-31_12-05-00.png,2024-05-31_12-05-00,1121.35,1121.45,1118.95,1120.2,126491.0,1116.88,1122.49,1111.26,1124.78,1126.2,1123.9,1125.1,1118.65,1116.46,1116.46,1116.46,120500
ICICIBANK-EQ_2024-05-31_12-10-00.png,2024-05-31_12-10-00,1120.2,1120.8,1118.45,1120.75,117634.0,1117.1,1122.97,1111.24,1125.15,1127.15,1124.2,1125.45,1116.46,1114.27,1114.27,1114.27,121000
ICICIBANK-EQ_2024-05-31_12-15-00.png,2024-05-31_12-15-00,1120.75,1122.3,1119.55,1121.75,178899.0,1117.44,1123.57,1111.31,1125.22,1127.8,1123.85,1126.2,1114.27,1112.08,1112.08,1112.08,121500
ICICIBANK-EQ_2024-05-31_12-20-00.png,2024-05-31_12-20-00,1121.75,1122.4,1118.05,1119.85,131900.0,1117.63,1123.81,1111.45,1126.58,1130.2,1126.3,1128.19,1112.08,1114.27,1114.27,1114.27,122000
ICICIBANK-EQ_2024-05-31_12-25-00.png,2024-05-31_12-25-00,1119.9,1120.4,1118.6,1120.35,61815.0,1117.92,1124.04,1111.79,1128.12,1130.6,1127.25,1129.14,1114.27,1116.46,1116.46,1116.46,122500
ICICIBANK-EQ_2024-05-31_12-30-00.png,2024-05-31_12-30-00,1120.4,1120.85,1118.2,1120.25,193272.0,1118.2,1124.21,1112.18,1129.35,1130.1,1126.0,1128.6,1116.46,1118.65,1118.65,1118.65,123000
ICICIBANK-EQ_2024-05-31_12-35-00.png,2024-05-31_12-35-00,1120.3,1120.3,1117.85,1119.5,115731.0,1118.42,1124.26,1112.58,1129.15,1129.15,1124.05,1126.38,1118.65,1120.84,1120.84,1120.84,123500
ICICIBANK-EQ_2024-05-31_12-40-00.png,2024-05-31_12-40-00,1119.5,1120.0,1118.8,1119.3,40563.0,1118.65,1124.24,1113.05,1126.47,1126.47,1120.1,1122.56,1120.84,1123.02,1123.02,1123.02,124000
ICICIBANK-EQ_2024-05-31_12-45-00.png,2024-05-31_12-45-00,1119.65,1119.8,1117.75,1119.2,68765.0,1118.88,1124.13,1113.64,1122.6,1122.6,1118.55,1120.24,1123.02,1125.21,1125.21,1125.21,124500
ICICIBANK-EQ_2024-05-31_12-50-00.png,2024-05-31_12-50-00,1119.2,1119.55,1118.3,1119.1,55677.0,1119.09,1124.0,1114.17,1120.03,1120.8,1118.45,1119.45,1125.21,1127.4,1127.4,1127.4,125000
ICICIBANK-EQ_2024-05-31_12-55-00.png,2024-05-31_12-55-00,1119.55,1121.35,1117.55,1121.3,184090.0,1119.46,1123.78,1115.15,1119.28,1119.45,1116.2,1118.16,1127.4,1125.21,1125.21,1125.21,125500
ICICIBANK-EQ_2024-05-31_13-00-00.png,2024-05-31_13-00-00,1121.3,1122.1,1119.7,1121.7,171331.0,1119.84,1123.47,1116.21,1118.5,1120.95,1117.2,1118.45,1125.21,1127.4,1127.4,1127.4,130000
ICICIBANK-EQ_2024-05-31_13-05-00.png,2024-05-31_13-05-00,1121.7,1122.75,1120.15,1122.45,250825.0,1120.25,1122.98,1117.51,1117.82,1120.15,1117.25,1118.59,1127.4,1129.59,1129.59,1129.59,130500
ICICIBANK-EQ_2024-05-31_13-10-00.png,2024-05-31_13-10-00,1122.35,1123.35,1121.1,1122.9,79459.0,1120.59,1122.73,1118.46,1118.47,1119.4,1116.35,1117.94,1129.59,1127.4,1127.4,1127.4,131000
ICICIBANK-EQ_2024-05-31_13-15-00.png,2024-05-31_13-15-00,1122.9,1123.75,1121.85,1123.65,85298.0,1120.79,1123.29,1118.28,1118.0,1119.85,1116.25,1117.75,1127.4,1129.59,1129.59,1129.59,131500
ICICIBANK-EQ_2024-05-31_13-20-00.png,2024-05-31_13-20-00,1123.65,1124.85,1122.85,1124.15,148784.0,1120.96,1123.88,1118.05,1117.45,1119.5,1116.95,1118.19,1129.59,1131.78,1131.78,1131.78,132000
ICICIBANK-EQ_2024-05-31_13-25-00.png,2024-05-31_13-25-00,1124.2,1124.95,1122.1,1124.5,204137.0,1121.15,1124.46,1117.83,1118.15,1121.7,1117.0,1119.04,1131.78,1129.59,1129.59,1129.59,132500
ICICIBANK-EQ_2024-05-31_13-30-00.png,2024-05-31_13-30-00,1124.65,1124.95,1123.1,1123.7,115376.0,1121.34,1124.78,1117.91,1118.72,1120.15,1116.75,1118.76,1129.59,1131.78,1131.78,1131.78,133000
ICICIBANK-EQ_2024-05-31_13-35-00.png,2024-05-31_13-35-00,1123.75,1126.4,1122.35,1125.8,196550.0,1121.59,1125.55,1117.62,1119.08,1119.85,1115.3,1117.99,1131.78,1129.59,1129.59,1129.59,133500
ICICIBANK-EQ_2024-05-31_13-40-00.png,2024-05-31_13-40-00,1125.8,1126.2,1123.9,1124.5,134156.0,1121.74,1125.91,1117.58,1118.4,1126.15,1118.3,1121.34,1129.59,1127.4,1127.4,1127.4,134000
ICICIBANK-EQ_2024-05-31_13-45-00.png,2024-05-31_13-45-00,1124.65,1127.15,1124.2,1125.8,269020.0,1122.03,1126.5,1117.55,1120.45,1127.95,1120.45,1124.96,1127.4,1125.21,1125.21,1125.21,134500
ICICIBANK-EQ_2024-05-31_13-50-00.png,2024-05-31_13-50-00,1125.75,1127.8,1123.85,1127.4,476757.0,1122.36,1127.39,1117.33,1124.82,1127.85,1119.55,1123.97,1125.21,1123.02,1123.02,1123.02,135000
ICICIBANK-EQ_2024-05-31_13-55-00.png,2024-05-31_13-55-00,1127.5,1130.2,1126.3,1128.75,386366.0,1122.71,1128.48,1116.94,1124.25,1173.0,1124.25,1163.29,1123.02,1125.21,1125.21,1125.21,135500
ICICIBANK-EQ_2024-05-31_14-00-00.png,2024-05-31_14-00-00,1128.75,1130.6,1127.25,1129.95,329572.0,1123.21,1129.66,1116.77,1164.05,1164.05,1145.15,1152.75,1125.21,1123.02,1123.02,1123.02,140000
ICICIBANK-EQ_2024-05-31_14-05-00.png,2024-05-31_14-05-00,1129.95,1130.1,1126.0,1128.35,505520.0,1123.61,1130.3,1116.93,1152.62,1152.62,1144.05,1147.06,1123.02,1120.84,1120.84,1120.84,140500
ICICIBANK-EQ_2024-05-31_14-10-00.png,2024-05-31_14-10-00,1128.5,1128.5,1124.05,1124.45,297850.0,1123.82,1130.32,1117.32,1146.7,1149.5,1140.25,1144.68,1120.84,1118.65,1118.65,1118.65,141000
ICICIBANK-EQ_2024-05-31_14-15-00.png,2024-05-31_14-15-00,1124.45,1124.95,1120.1,1120.75,265903.0,1123.88,1130.23,1117.54,1144.47,1146.4,1142.15,1144.22,1118.65,1120.84,1120.84,1120.84,141500
ICICIBANK-EQ_2024-05-31_14-20-00.png,2024-05-31_14-20-00,1120.75,1122.35,1118.55,1119.3,348958.0,1123.88,1130.23,1117.54,1144.18,1145.85,1136.3,1141.02,1120.84,1118.65,1118.65,1118.65,142000
ICICIBANK-EQ_2024-05-31_14-25-00.png,2024-05-31_14-25-00,1119.3,1120.8,1118.45,1119.25,329375.0,1123.89,1130.23,1117.55,1140.97,1142.5,1136.4,1139.04,1118.65,1120.84,1120.84,1120.84,142500
ICICIBANK-EQ_2024-05-31_14-30-00.png,2024-05-31_14-30-00,1119.05,1119.45,1116.2,1117.95,299300.0,1123.83,1130.37,1117.29,1138.62,1143.3,1137.65,1140.91,1120.84,1118.65,1118.65,1118.65,143000
ICICIBANK-EQ_2024-05-31_14-35-00.png,2024-05-31_14-35-00,1117.9,1120.95,1117.2,1117.75,385920.0,1123.65,1130.66,1116.65,1141.35,1145.95,1141.15,1142.9,1118.65,1120.84,1120.84,1120.84,143500
ICICIBANK-EQ_2024-05-31_14-40-00.png,2024-05-31_14-40-00,1117.75,1120.15,1117.25,1119.2,380999.0,1123.53,1130.77,1116.29,1142.25,1143.0,1138.3,1140.79,1120.84,1118.65,1118.65,1118.65,144000
ICICIBANK-EQ_2024-05-31_14-45-00.png,2024-05-31_14-45-00,1119.2,1119.4,1116.35,1116.8,325408.0,1123.25,1131.08,1115.41,1140.92,1141.2,1138.0,1139.82,1118.65,1116.46,1116.46,1116.46,144500
ICICIBANK-EQ_2024-05-31_14-50-00.png,2024-05-31_14-50-00,1116.75,1119.85,1116.25,1118.15,321790.0,1123.01,1131.17,1114.85,1140.05,1142.95,1140.05,1141.61,1116.46,1118.65,1118.65,1118.65,145000
ICICIBANK-EQ_2024-05-31_14-55-00.png,2024-05-31_14-55-00,1118.15,1119.5,1116.95,1118.15,213859.0,1122.73,1131.17,1114.3,1141.68,1143.0,1139.05,1141.1,1118.65,1120.84,1120.84,1120.84,145500
ICICIBANK-EQ_2024-05-31_15-00-00.png,2024-05-31_15-00-00,1118.15,1121.7,1117.0,1119.3,2011555.0,1122.49,1131.03,1113.95,1141.18,1141.18,1138.8,1139.92,1120.84,1123.02,1123.02,1123.02,150000
ICICIBANK-EQ_2024-05-31_15-05-00.png,2024-05-31_15-05-00,1119.45,1120.15,1116.75,1118.7,1870210.0,1122.2,1130.85,1113.55,1139.95,1143.25,1137.9,1141.08,1123.02,1120.84,1120.84,1120.84,150500
ICICIBANK-EQ_2024-05-31_15-10-00.png,2024-05-31_15-10-00,1118.7,1119.85,1115.3,1118.1,2066508.0,1121.92,1130.72,1113.12,1141.58,1147.5,1141.58,1144.88,1120.84,1118.65,1118.65,1118.65,151000
ICICIBANK-EQ_2024-05-31_15-15-00.png,2024-05-31_15-15-00,1118.45,1126.15,1118.3,1122.45,2344951.0,1121.75,1130.37,1113.14,1144.93,1147.5,1144.2,1145.88,1118.65,1116.46,1116.46,1116.46,151500
ICICIBANK-EQ_2024-05-31_15-20-00.png,2024-05-31_15-20-00,1122.45,1127.95,1122.25,1127.2,1943319.0,1121.89,1130.77,1113.01,1145.9,1147.0,1145.15,1146.0,1116.46,1118.65,1118.65,1118.65,152000
ICICIBANK-EQ_2024-05-31_15-25-00.png,2024-05-31_15-25-00,1126.65,1127.85,1119.55,1121.85,1634432.0,1121.69,1130.38,1113.0,1145.92,1148.0,1144.85,1146.14,1118.65,1120.84,1120.84,1120.84,152500
ICICIBANK-EQ_2024-06-03_09-15-00.png,2024-06-03_09-15-00,1170.05,1173.0,1152.05,1158.05,3716864.0,1123.22,1141.58,1104.86,1145.85,1147.0,1143.75,1145.66,1120.84,1118.65,1118.65,1118.65,91500
ICICIBANK-EQ_2024-06-03_09-20-00.png,2024-06-03_09-20-00,1158.05,1160.6,1145.15,1147.2,1305258.0,1124.14,1145.31,1102.98,1145.95,1149.0,1145.95,1147.71,1118.65,1116.46,1116.46,1116.46,92000
ICICIBANK-EQ_2024-06-03_09-25-00.png,2024-06-03_09-25-00,1147.2,1150.8,1144.05,1146.2,1172532.0,1124.96,1148.21,1101.71,1147.8,1151.0,1147.8,1149.66,1116.46,1118.65,1118.65,1118.65,92500
ICICIBANK-EQ_2024-06-03_09-30-00.png,2024-06-03_09-30-00,1145.85,1149.5,1140.25,1143.1,481166.0,1125.7,1150.29,1101.1,1149.35,1150.85,1149.0,1149.94,1118.65,1116.46,1116.46,1116.46,93000
ICICIBANK-EQ_2024-06-03_09-35-00.png,2024-06-03_09-35-00,1143.1,1146.4,1142.15,1145.25,252580.0,1126.74,1152.83,1100.64,1149.95,1152.5,1149.35,1151.06,1116.46,1118.65,1118.65,1118.65,93500
ICICIBANK-EQ_2024-06-03_09-40-00.png,2024-06-03_09-40-00,1145.25,1145.85,1136.3,1136.7,609470.0,1127.53,1153.83,1101.24,1151.2,1153.45,1151.1,1152.41,1118.65,1116.46,1116.46,1116.46,94000
ICICIBANK-EQ_2024-06-03_09-45-00.png,2024-06-03_09-45-00,1137.1,1142.5,1136.4,1140.15,476963.0,1128.58,1155.15,1102.0,1152.55,1158.45,1152.1,1155.12,1116.46,1114.27,1114.27,1114.27,94500
ICICIBANK-EQ_2024-06-03_09-50-00.png,2024-06-03_09-50-00,1140.15,1143.3,1137.65,1142.55,341553.0,1129.74,1156.63,1102.85,1154.97,1158.55,1154.97,1157.54,1114.27,1112.08,1112.08,1112.08,95000
ICICIBANK-EQ_2024-06-03_09-55-00.png,2024-06-03_09-55-00,1142.15,1145.95,1141.15,1142.35,355155.0,1130.96,1157.81,1104.11,1157.85,1158.65,1156.2,1157.36,1112.08,1114.27,1114.27,1114.27,95500
ICICIBANK-EQ_2024-06-03_10-00-00.png,2024-06-03_10-00-00,1142.35,1143.0,1138.3,1139.5,351203.0,1132.05,1158.41,1105.69,1157.3,1157.3,1153.65,1155.6,1114.27,1116.46,1116.46,1116.46,100000
ICICIBANK-EQ_2024-06-03_10-05-00.png,2024-06-03_10-05-00,1139.5,1141.2,1138.0,1140.6,424750.0,1133.12,1159.01,1107.22,1155.93,1156.45,1154.25,1155.5,1116.46,1114.27,1114.27,1114.27,100500
ICICIBANK-EQ_2024-06-03_10-10-00.png,2024-06-03_10-10-00,1140.6,1142.95,1140.15,1142.75,96886.0,1134.42,1159.46,1109.37,1155.65,1159.45,1155.65,1157.66,1114.27,1116.46,1116.46,1116.46,101000
ICICIBANK-EQ_2024-06-03_10-15-00.png,2024-06-03_10-15-00,1142.65,1143.0,1139.05,1139.7,110107.0,1135.49,1159.42,1111.57,1157.6,1159.5,1156.8,1158.56,1116.46,1118.65,1118.65,1118.65,101500
ICICIBANK-EQ_2024-06-03_10-20-00.png,2024-06-03_10-20-00,1139.7,1141.0,1138.8,1140.2,102897.0,1136.6,1159.15,1114.04,1158.97,1160.9,1157.35,1159.39,1118.65,1116.46,1116.46,1116.46,102000
ICICIBANK-EQ_2024-06-03_10-25-00.png,2024-06-03_10-25-00,1140.2,1143.25,1137.9,1142.95,167166.0,1137.78,1158.95,1116.61,1159.65,1161.3,1157.35,1159.55,1116.46,1114.27,1114.27,1114.27,102500
ICICIBANK-EQ_2024-06-03_10-30-00.png,2024-06-03_10-30-00,1142.95,1147.5,1142.15,1146.9,172967.0,1139.19,1158.7,1119.68,1159.78,1161.0,1158.3,1159.46,1114.27,1116.46,1116.46,1116.46,103000
ICICIBANK-EQ_2024-06-03_10-35-00.png,2024-06-03_10-35-00,1146.75,1147.5,1144.2,1145.05,72937.0,1140.54,1157.47,1123.6,1159.28,1160.1,1155.05,1158.24,1116.46,1114.27,1114.27,1114.27,103500
ICICIBANK-EQ_2024-06-03_10-40-00.png,2024-06-03_10-40-00,1145.25,1147.0,1145.15,1146.6,73801.0,1141.74,1156.56,1126.93,1158.9,1158.9,1155.4,1157.26,1114.27,1112.08,1112.08,1112.08,104000
ICICIBANK-EQ_2024-06-03_10-45-00.png,2024-06-03_10-45-00,1146.55,1148.0,1144.85,1145.15,103649.0,1142.64,1155.83,1129.45,1157.58,1158.45,1156.6,1157.41,1112.08,1109.89,1109.89,1109.89,104500
ICICIBANK-EQ_2024-06-03_10-50-00.png,2024-06-03_10-50-00,1145.15,1147.0,1143.75,1146.75,75319.0,1143.88,1152.83,1134.94,1157.3,1158.0,1155.2,1156.59,1109.89,1107.7,1107.7,1107.7,105000
ICICIBANK-EQ_2024-06-03_10-55-00.png,2024-06-03_10-55-00,1146.75,1149.0,1146.25,1148.85,189320.0,1143.42,1149.91,1136.94,1156.57,1156.95,1154.0,1155.23,1107.7,1105.51,1105.51,1105.51,105500
ICICIBANK-EQ_2024-06-03_11-00-00.png,2024-06-03_11-00-00,1149.0,1151.0,1148.95,1149.7,134291.0,1143.55,1150.43,1136.67,1154.97,1154.97,1151.85,1153.29,1105.51,1107.7,1107.7,1107.7,110000
ICICIBANK-EQ_2024-06-03_11-05-00.png,2024-06-03_11-05-00,1149.7,1150.85,1149.0,1150.2,66429.0,1143.75,1151.16,1136.34,1153.4,1153.4,1150.1,1151.59,1107.7,1109.89,1109.89,1109.89,110500
ICICIBANK-EQ_2024-06-03_11-10-00.png,2024-06-03_11-10-00,1150.2,1152.5,1149.35,1152.2,58762.0,1144.2,1152.51,1135.9,1151.53,1154.1,1149.5,1151.49,1109.89,1112.08,1112.08,1112.08,111000
ICICIBANK-EQ_2024-06-03_11-15-00.png,2024-06-03_11-15-00,1152.35,1153.45,1151.1,1152.75,386576.0,1144.58,1153.72,1135.44,1151.18,1154.4,1151.18,1153.1,1112.08,1109.89,1109.89,1109.89,111500
ICICIBANK-EQ_2024-06-03_11-20-00.png,2024-06-03_11-20-00,1152.25,1158.45,1152.1,1157.7,626490.0,1145.63,1155.73,1135.53,1153.25,1157.35,1153.0,1155.46,1109.89,1107.7,1107.7,1107.7,112000
ICICIBANK-EQ_2024-06-03_11-25-00.png,2024-06-03_11-25-00,1157.7,1158.55,1155.9,1158.0,396329.0,1146.52,1157.69,1135.36,1155.75,1158.0,1155.75,1157.18,1107.7,1105.51,1105.51,1105.51,112500
ICICIBANK-EQ_2024-06-03_11-30-00.png,2024-06-03_11-30-00,1158.05,1158.65,1156.2,1156.55,254677.0,1147.22,1159.07,1135.37,1157.32,1157.55,1155.55,1156.65,1105.51,1103.32,1103.32,1103.32,113000
ICICIBANK-EQ_2024-06-03_11-35-00.png,2024-06-03_11-35-00,1156.7,1156.9,1153.65,1155.15,228105.0,1147.86,1159.98,1135.74,1156.75,1156.8,1155.55,1156.11,1103.32,1101.13,1101.13,1101.13,113500
ICICIBANK-EQ_2024-06-03_11-40-00.png,2024-06-03_11-40-00,1155.3,1156.45,1154.25,1156.0,142191.0,1148.69,1160.66,1136.72,1156.05,1156.15,1152.05,1154.3,1101.13,1103.32,1103.32,1103.32,114000
ICICIBANK-EQ_2024-06-03_11-45-00.png,2024-06-03_11-45-00,1156.1,1159.45,1156.0,1159.1,112184.0,1149.61,1161.81,1137.42,1154.5,1155.2,1151.15,1153.56,1103.32,1105.51,1105.51,1105.51,114500
ICICIBANK-EQ_2024-06-03_11-50-00.png,2024-06-03_11-50-00,1159.15,1159.5,1156.8,1158.8,128126.0,1150.42,1162.82,1138.01,1153.95,1155.8,1153.95,1155.0,1105.51,1103.32,1103.32,1103.32,115000
ICICIBANK-EQ_2024-06-03_11-55-00.png,2024-06-03_11-55-00,1158.8,1160.9,1157.35,1160.5,455836.0,1151.46,1163.56,1139.35,1155.05,1156.0,1153.7,1154.85,1103.32,1105.51,1105.51,1105.51,115500
ICICIBANK-EQ_2024-06-03_12-00-00.png,2024-06-03_12-00-00,1160.65,1161.3,1157.35,1158.9,341890.0,1152.39,1163.7,1141.08,1154.85,1154.85,1150.1,1152.41,1105.51,1107.7,1107.7,1107.7,120000
ICICIBANK-EQ_2024-06-03_12-05-00.png,2024-06-03_12-05-00,1158.95,1161.0,1158.3,1159.6,210651.0,1153.22,1164.05,1142.4,1152.35,1152.35,1145.15,1149.72,1107.7,1105.51,1105.51,1105.51,120500
ICICIBANK-EQ_2024-06-03_12-10-00.png,2024-06-03_12-10-00,1159.8,1160.1,1155.05,1158.0,268490.0,1153.78,1164.37,1143.18,1150.95,1152.65,1150.2,1151.7,1105.51,1107.7,1107.7,1107.7,121000
ICICIBANK-EQ_2024-06-03_12-15-00.png,2024-06-03_12-15-00,1157.95,1158.5,1155.4,1157.2,185267.0,1154.38,1164.24,1144.53,1151.97,1152.4,1148.4,1150.74,1107.7,1109.89,1109.89,1109.89,121500
ICICIBANK-EQ_2024-06-03_12-20-00.png,2024-06-03_12-20-00,1157.35,1158.45,1156.6,1157.25,95428.0,1154.92,1164.13,1145.7,1151.08,1151.08,1147.2,1148.97,1109.89,1107.7,1107.7,1107.7,122000
ICICIBANK-EQ_2024-06-03_12-25-00.png,2024-06-03_12-25-00,1157.35,1158.0,1155.2,1155.8,89340.0,1155.45,1163.44,1147.46,1149.1,1149.1,1146.35,1147.7,1107.7,1109.89,1109.89,1109.89,122500
ICICIBANK-EQ_2024-06-03_12-30-00.png,2024-06-03_12-30-00,1155.9,1156.95,1154.0,1154.05,83522.0,1155.82,1162.72,1148.91,1147.88,1148.8,1146.0,1147.43,1109.89,1112.08,1112.08,1112.08,123000
ICICIBANK-EQ_2024-06-03_12-35-00.png,2024-06-03_12-35-00,1154.0,1154.5,1151.85,1152.8,153619.0,1156.01,1162.28,1149.75,1147.45,1147.95,1145.5,1146.82,1112.08,1109.89,1109.89,1109.89,123500
ICICIBANK-EQ_2024-06-03_12-40-00.png,2024-06-03_12-40-00,1152.8,1153.2,1150.1,1150.25,247572.0,1156.04,1162.19,1149.89,1146.92,1148.0,1145.5,1146.84,1109.89,1112.08,1112.08,1112.08,124000
ICICIBANK-EQ_2024-06-03_12-45-00.png,2024-06-03_12-45-00,1150.3,1154.1,1149.5,1152.05,152415.0,1156.13,1161.96,1150.3,1146.92,1148.4,1146.5,1147.31,1112.08,1109.89,1109.89,1109.89,124500
ICICIBANK-EQ_2024-06-03_12-50-00.png,2024-06-03_12-50-00,1152.1,1154.4,1151.5,1154.4,144633.0,1156.24,1161.84,1150.65,1147.18,1150.0,1146.15,1147.75,1109.89,1112.08,1112.08,1112.08,125000
ICICIBANK-EQ_2024-06-03_12-55-00.png,2024-06-03_12-55-00,1154.4,1157.35,1153.0,1157.1,156783.0,1156.46,1161.82,1151.1,1147.43,1149.2,1145.8,1147.9,1112.08,1109.89,1109.89,1109.89,125500
ICICIBANK-EQ_2024-06-03_13-00-00.png,2024-06-03_13-00-00,1157.2,1158.0,1156.05,1157.45,188181.0,1156.45,1161.79,1151.1,1148.3,1151.6,1148.3,1150.18,1109.89,1107.7,1107.7,1107.7,130000
ICICIBANK-EQ_2024-06-03_13-05-00.png,2024-06-03_13-05-00,1157.25,1157.55,1155.55,1156.25,165397.0,1156.36,1161.66,1151.06,1150.2,1152.3,1150.05,1151.3,1107.7,1105.51,1105.51,1105.51,130500
ICICIBANK-EQ_2024-06-03_13-10-00.png,2024-06-03_13-10-00,1156.2,1156.8,1155.55,1155.9,119157.0,1156.33,1161.63,1151.03,1151.43,1152.95,1151.35,1152.21,1105.51,1107.7,1107.7,1107.7,131000
ICICIBANK-EQ_2024-06-03_13-15-00.png,2024-06-03_13-15-00,1155.9,1156.15,1152.05,1153.1,142928.0,1156.22,1161.7,1150.75,1152.28,1153.45,1151.65,1152.53,1107.7,1105.51,1105.51,1105.51,131500
ICICIBANK-EQ_2024-06-03_13-20-00.png,2024-06-03_13-20-00,1153.15,1155.2,1151.15,1154.75,168004.0,1156.16,1161.67,1150.65,1152.5,1154.45,1151.6,1153.1,1105.51,1107.7,1107.7,1107.7,132000
ICICIBANK-EQ_2024-06-03_13-25-00.png,2024-06-03_13-25-00,1154.75,1155.8,1154.1,1155.35,175109.0,1155.97,1161.32,1150.63,1153.18,1158.85,1153.18,1155.82,1107.7,1105.51,1105.51,1105.51,132500
ICICIBANK-EQ_2024-06-03_13-30-00.png,2024-06-03_13-30-00,1155.2,1156.0,1153.7,1154.5,140342.0,1155.76,1160.97,1150.55,1155.47,1159.3,1155.15,1157.49,1105.51,1107.7,1107.7,1107.7,133000
ICICIBANK-EQ_2024-06-03_13-35-00.png,2024-06-03_13-35-00,1154.45,1154.85,1150.1,1150.25,346977.0,1155.25,1160.51,1149.99,1157.75,1160.0,1157.75,1159.12,1107.7,1109.89,1109.89,1109.89,133500
ICICIBANK-EQ_2024-06-03_13-40-00.png,2024-06-03_13-40-00,1150.6,1151.85,1145.15,1151.3,465632.0,1154.87,1160.12,1149.62,1159.15,1164.4,1158.8,1161.54,1109.89,1112.08,1112.08,1112.08,134000
ICICIBANK-EQ_2024-06-03_13-45-00.png,2024-06-03_13-45-00,1151.55,1152.65,1150.2,1152.4,124403.0,1154.51,1159.36,1149.65,1161.47,1164.5,1160.85,1163.21,1112.08,1109.89,1109.89,1109.89,134500
ICICIBANK-EQ_2024-06-03_13-50-00.png,2024-06-03_13-50-00,1152.2,1152.4,1148.4,1149.95,174033.0,1154.1,1159.07,1149.14,1163.75,1165.0,1161.85,1163.9,1109.89,1107.7,1107.7,1107.7,135000
ICICIBANK-EQ_2024-06-03_13-55-00.png,2024-06-03_13-55-00,1150.0,1150.5,1147.2,1148.2,169959.0,1153.66,1159.05,1148.26,1164.38,1164.38,1141.75,1153.36,1107.7,1105.51,1105.51,1105.51,135500
ICICIBANK-EQ_2024-06-03_14-00-00.png,2024-06-03_14-00-00,1148.25,1148.7,1146.35,1147.5,221390.0,1153.17,1158.95,1147.39,1156.15,1158.7,1141.25,1149.41,1105.51,1103.32,1103.32,1103.32,140000
ICICIBANK-EQ_2024-06-03_14-05-00.png,2024-06-03_14-05-00,1147.5,1148.8,1146.0,1147.4,99662.0,1152.75,1158.93,1146.57,1148.85,1148.85,1123.95,1133.99,1103.32,1105.51,1105.51,1105.51,140500
ICICIBANK-EQ_2024-06-03_14-10-00.png,2024-06-03_14-10-00,1147.35,1147.95,1145.5,1146.5,135794.0,1152.37,1159.11,1145.63,1133.62,1147.25,1122.85,1134.51,1105.51,1103.32,1103.32,1103.32,141000
ICICIBANK-EQ_2024-06-03_14-15-00.png,2024-06-03_14-15-00,1146.55,1148.0,1145.5,1147.3,117828.0,1152.1,1159.2,1144.99,1133.97,1152.0,1133.97,1144.82,1103.32,1105.51,1105.51,1105.51,141500
ICICIBANK-EQ_2024-06-03_14-20-00.png,2024-06-03_14-20-00,1147.3,1148.4,1146.5,1147.05,109333.0,1151.94,1159.35,1144.52,1144.28,1144.85,1127.25,1137.9,1105.51,1103.32,1103.32,1103.32,142000
ICICIBANK-EQ_2024-06-03_14-25-00.png,2024-06-03_14-25-00,1147.4,1150.0,1146.15,1147.45,219810.0,1151.71,1159.39,1144.02,1139.75,1140.35,1134.1,1136.95,1103.32,1105.51,1105.51,1105.51,142500
ICICIBANK-EQ_2024-06-03_14-30-00.png,2024-06-03_14-30-00,1147.45,1149.2,1145.8,1149.15,136445.0,1151.44,1159.1,1143.79,1136.68,1140.0,1133.1,1136.94,1105.51,1107.7,1107.7,1107.7,143000
ICICIBANK-EQ_2024-06-03_14-35-00.png,2024-06-03_14-35-00,1149.2,1151.6,1148.7,1151.2,253957.0,1151.15,1158.33,1143.97,1137.32,1146.0,1131.45,1136.25,1107.7,1109.89,1109.89,1109.89,143500
ICICIBANK-EQ_2024-06-03_14-40-00.png,2024-06-03_14-40-00,1151.15,1152.3,1150.05,1151.7,194603.0,1150.86,1157.41,1144.31,1133.78,1133.78,1124.0,1128.89,1109.89,1107.7,1107.7,1107.7,144000
ICICIBANK-EQ_2024-06-03_14-45-00.png,2024-06-03_14-45-00,1151.8,1152.95,1151.35,1152.75,169830.0,1150.68,1156.8,1144.57,1129.88,1129.88,1124.0,1127.55,1107.7,1109.89,1109.89,1109.89,144500
ICICIBANK-EQ_2024-06-03_14-50-00.png,2024-06-03_14-50-00,1152.8,1153.45,1151.65,1152.2,187349.0,1150.5,1156.16,1144.84,1128.32,1131.45,1126.35,1128.73,1109.89,1112.08,1112.08,1112.08,145000
ICICIBANK-EQ_2024-06-03_14-55-00.png,2024-06-03_14-55-00,1152.2,1154.45,1151.6,1154.15,313713.0,1150.55,1156.33,1144.78,1128.55,1129.65,1125.25,1127.58,1112.08,1114.27,1114.27,1114.27,145500
ICICIBANK-EQ_2024-06-03_15-00-00.png,2024-06-03_15-00-00,1154.1,1158.85,1153.5,1156.85,1175241.0,1150.66,1156.82,1144.5,1127.7,1131.45,1116.05,1126.2,1114.27,1116.46,1116.46,1116.46,150000
ICICIBANK-EQ_2024-06-03_15-05-00.png,2024-06-03_15-05-00,1156.85,1159.3,1155.15,1158.65,928735.0,1150.82,1157.65,1143.99,1128.65,1131.55,1121.75,1127.09,1116.46,1118.65,1118.65,1118.65,150500
ICICIBANK-EQ_2024-06-03_15-10-00.png,2024-06-03_15-10-00,1159.05,1160.0,1158.2,1159.25,670730.0,1151.06,1158.71,1143.41,1127.53,1127.53,1119.8,1122.94,1118.65,1116.46,1116.46,1116.46,151000
ICICIBANK-EQ_2024-06-03_15-15-00.png,2024-06-03_15-15-00,1159.25,1164.4,1158.8,1163.7,918766.0,1151.73,1161.23,1142.24,1123.22,1125.1,1120.0,1122.57,1116.46,1118.65,1118.65,1118.65,151500
ICICIBANK-EQ_2024-06-03_15-20-00.png,2024-06-03_15-20-00,1163.65,1164.5,1160.85,1163.85,763624.0,1152.36,1163.28,1141.44,1122.6,1127.5,1113.6,1120.16,1118.65,1120.84,1120.84,1120.84,152000
ICICIBANK-EQ_2024-06-03_15-25-00.png,2024-06-03_15-25-00,1163.85,1165.0,1161.85,1164.9,441536.0,1152.99,1165.27,1140.7,1119.78,1121.0,1112.35,1117.46,1120.84,1118.65,1118.65,1118.65,152500
ICICIBANK-EQ_2024-06-04_09-15-00.png,2024-06-04_09-15-00,1157.75,1159.4,1141.75,1154.55,1755087.0,1153.21,1165.43,1141.0,1118.25,1122.0,1116.45,1118.88,1118.65,1120.84,1120.84,1120.84,91500
ICICIBANK-EQ_2024-06-04_09-20-00.png,2024-06-04_09-20-00,1154.4,1158.7,1141.25,1143.3,1333032.0,1152.97,1165.79,1140.15,1118.53,1118.53,1106.4,1113.12,1120.84,1123.02,1123.02,1123.02,92000
ICICIBANK-EQ_2024-06-04_09-25-00.png,2024-06-04_09-25-00,1143.3,1144.75,1123.95,1123.95,698238.0,1151.79,1169.94,1133.64,1114.53,1115.7,1105.05,1109.66,1123.02,1125.21,1125.21,1125.21,92500
ICICIBANK-EQ_2024-06-04_09-30-00.png,2024-06-04_09-30-00,1124.2,1147.25,1122.85,1143.75,1338294.0,1151.61,1170.02,1133.2,1108.95,1113.45,1087.1,1104.76,1125.21,1123.02,1123.02,1123.02,93000
ICICIBANK-EQ_2024-06-04_09-35-00.png,2024-06-04_09-35-00,1143.5,1152.0,1138.75,1145.05,1240199.0,1151.54,1170.04,1133.03,1109.25,1122.2,1094.45,1106.42,1123.02,1125.21,1125.21,1125.21,93500
ICICIBANK-EQ_2024-06-04_09-40-00.png,2024-06-04_09-40-00,1144.5,1144.85,1127.25,1135.0,819935.0,1150.92,1170.79,1131.06,1104.53,1114.85,1089.7,1103.46,1125.21,1127.4,1127.4,1127.4,94000
ICICIBANK-EQ_2024-06-04_09-45-00.png,2024-06-04_09-45-00,1134.7,1140.35,1134.1,1138.65,419827.0,1150.5,1171.06,1129.95,1104.65,1122.0,1104.65,1115.72,1127.4,1129.59,1129.59,1129.59,94500
ICICIBANK-EQ_2024-06-04_09-50-00.png,2024-06-04_09-50-00,1138.6,1140.0,1133.1,1136.05,347031.0,1149.93,1171.45,1128.41,1115.53,1121.2,1109.0,1116.29,1129.59,1131.78,1131.78,1131.78,95000
ICICIBANK-EQ_2024-06-04_09-55-00.png,2024-06-04_09-55-00,1135.95,1146.0,1131.45,1131.6,764403.0,1149.06,1172.09,1126.02,1117.47,1117.47,1107.0,1112.64,1131.78,1133.97,1133.97,1133.97,95500
ICICIBANK-EQ_2024-06-04_10-00-00.png,2024-06-04_10-00-00,1131.5,1131.8,1124.0,1128.25,598023.0,1147.91,1172.71,1123.11,1113.32,1113.32,1103.55,1108.12,1133.97,1131.78,1131.78,1131.78,100000
ICICIBANK-EQ_2024-06-04_10-05-00.png,2024-06-04_10-05-00,1128.5,1129.55,1124.0,1128.15,436405.0,1146.73,1172.97,1120.49,1109.47,1109.47,1096.0,1102.69,1131.78,1129.59,1129.59,1129.59,100500
ICICIBANK-EQ_2024-06-04_10-10-00.png,2024-06-04_10-10-00,1128.15,1131.45,1126.35,1128.95,250416.0,1145.54,1172.77,1118.31,1102.97,1102.97,1096.0,1098.25,1129.59,1127.4,1127.4,1127.4,101000
ICICIBANK-EQ_2024-06-04_10-15-00.png,2024-06-04_10-15-00,1129.5,1129.65,1125.25,1125.9,269036.0,1144.22,1172.61,1115.84,1098.5,1101.95,1090.15,1096.18,1127.4,1125.21,1125.21,1125.21,101500
ICICIBANK-EQ_2024-06-04_10-20-00.png,2024-06-04_10-20-00,1125.9,1131.45,1116.05,1131.4,1230251.0,1143.09,1171.62,1114.55,1096.3,1096.3,1084.35,1088.82,1125.21,1127.4,1127.4,1127.4,102000
ICICIBANK-EQ_2024-06-04_10-25-00.png,2024-06-04_10-25-00,1131.45,1131.55,1121.75,1123.6,418391.0,1141.42,1170.46,1112.39,1088.97,1088.97,1063.8,1078.14,1127.4,1129.59,1129.59,1129.59,102500
ICICIBANK-EQ_2024-06-04_10-30-00.png,2024-06-04_10-30-00,1123.55,1125.5,1119.8,1122.9,376600.0,1139.64,1168.61,1110.67,1081.85,1084.0,1072.0,1076.84,1129.59,1131.78,1131.78,1131.78,103000
ICICIBANK-EQ_2024-06-04_10-35-00.png,2024-06-04_10-35-00,1122.55,1125.1,1120.0,1122.65,435710.0,1137.81,1166.18,1109.44,1075.68,1077.95,1055.25,1069.44,1131.78,1129.59,1129.59,1129.59,103500
ICICIBANK-EQ_2024-06-04_10-40-00.png,2024-06-04_10-40-00,1122.65,1127.5,1113.6,1116.9,549668.0,1135.47,1162.53,1108.4,1072.28,1082.65,1071.7,1076.3,1129.59,1127.4,1127.4,1127.4,104000
ICICIBANK-EQ_2024-06-04_10-45-00.png,2024-06-04_10-45-00,1116.45,1121.0,1112.35,1120.05,383313.0,1133.28,1157.63,1108.93,1075.43,1080.65,1069.4,1075.01,1127.4,1129.59,1129.59,1129.59,104500
ICICIBANK-EQ_2024-06-04_10-50-00.png,2024-06-04_10-50-00,1120.0,1122.0,1116.45,1117.05,139394.0,1130.88,1151.22,1110.55,1075.0,1075.0,1061.55,1067.32,1129.59,1131.78,1131.78,1131.78,105000
ICICIBANK-EQ_2024-06-04_10-55-00.png,2024-06-04_10-55-00,1116.5,1117.05,1106.4,1112.55,752205.0,1128.79,1147.44,1110.13,1066.88,1072.75,1053.55,1064.66,1131.78,1133.97,1133.97,1133.97,105500
ICICIBANK-EQ_2024-06-04_11-00-00.png,2024-06-04_11-00-00,1112.55,1115.7,1105.05,1105.35,295535.0,1126.89,1146.99,1106.78,1066.18,1077.0,1062.55,1068.75,1133.97,1136.16,1136.16,1136.16,110000
ICICIBANK-EQ_2024-06-04_11-05-00.png,2024-06-04_11-05-00,1105.65,1113.45,1087.1,1112.85,545423.0,1126.33,1147.37,1105.3,1067.72,1085.65,1066.2,1075.76,1136.16,1133.97,1133.97,1133.97,110500
ICICIBANK-EQ_2024-06-04_11-10-00.png,2024-06-04_11-10-00,1113.1,1122.2,1094.45,1095.95,840372.0,1123.94,1147.37,1100.51,1075.6,1088.8,1072.4,1082.16,1133.97,1131.78,1131.78,1131.78,111000
ICICIBANK-EQ_2024-06-04_11-15-00.png,2024-06-04_11-15-00,1095.9,1114.85,1089.7,1113.4,579125.0,1122.36,1143.99,1100.73,1083.72,1087.5,1070.1,1081.24,1131.78,1129.59,1129.59,1129.59,111500
ICICIBANK-EQ_2024-06-04_11-20-00.png,2024-06-04_11-20-00,1113.0,1122.0,1109.85,1118.05,748587.0,1121.51,1142.37,1100.65,1083.68,1086.0,1070.0,1078.68,1129.59,1127.4,1127.4,1127.4,112000
ICICIBANK-EQ_2024-06-04_11-25-00.png,2024-06-04_11-25-00,1118.05,1121.2,1109.0,1116.9,269451.0,1120.42,1139.74,1101.11,1079.35,1079.55,1065.15,1072.25,1127.4,1129.59,1129.59,1129.59,112500
ICICIBANK-EQ_2024-06-04_11-30-00.png,2024-06-04_11-30-00,1116.9,1116.9,1107.0,1109.75,353657.0,1119.11,1137.5,1100.72,1072.15,1075.9,1068.45,1072.24,1129.59,1131.78,1131.78,1131.78,113000
ICICIBANK-EQ_2024-06-04_11-35-00.png,2024-06-04_11-35-00,1109.7,1110.0,1103.55,1109.25,518104.0,1117.99,1135.9,1100.09,1072.3,1084.65,1072.3,1078.89,1131.78,1133.97,1133.97,1133.97,113500
ICICIBANK-EQ_2024-06-04_11-40-00.png,2024-06-04_11-40-00,1108.8,1108.8,1096.0,1097.15,562755.0,1116.44,1135.92,1096.95,1078.88,1085.75,1078.35,1082.16,1133.97,1136.16,1136.16,1136.16,114000
ICICIBANK-EQ_2024-06-04_11-45-00.png,2024-06-04_11-45-00,1097.15,1100.0,1096.0,1099.85,294530.0,1115.02,1135.03,1095.01,1082.28,1092.9,1078.5,1084.92,1136.16,1138.35,1138.35,1138.35,114500
ICICIBANK-EQ_2024-06-04_11-50-00.png,2024-06-04_11-50-00,1099.85,1101.95,1090.15,1092.75,318492.0,1113.21,1134.43,1092.0,1084.15,1092.1,1081.25,1086.5,1138.35,1140.54,1140.54,1140.54,115000
ICICIBANK-EQ_2024-06-04_11-55-00.png,2024-06-04_11-55-00,1092.4,1093.0,1084.35,1085.55,190282.0,1111.2,1134.86,1087.53,1086.32,1086.6,1074.45,1082.4,1140.54,1138.35,1138.35,1138.35,115500
ICICIBANK-EQ_2024-06-04_12-00-00.png,2024-06-04_12-00-00,1085.05,1085.05,1063.8,1078.65,610761.0,1108.56,1134.4,1082.71,1084.28,1088.05,1078.25,1082.71,1138.35,1140.54,1140.54,1140.54,120000
ICICIBANK-EQ_2024-06-04_12-05-00.png,2024-06-04_12-05-00,1079.25,1084.0,1072.0,1072.1,201815.0,1105.98,1135.52,1076.45,1082.28,1082.28,1068.05,1075.55,1140.54,1142.73,1142.73,1142.73,120500
ICICIBANK-EQ_2024-06-04_12-10-00.png,2024-06-04_12-10-00,1072.85,1077.95,1055.25,1071.7,412198.0,1103.42,1135.54,1071.3,1076.38,1086.35,1070.95,1078.7,1142.73,1140.54,1140.54,1140.54,121000
ICICIBANK-EQ_2024-06-04_12-15-00.png,2024-06-04_12-15-00,1071.7,1082.65,1071.7,1079.15,244993.0,1101.25,1133.78,1068.72,1078.75,1099.0,1078.75,1091.0,1140.54,1142.73,1142.73,1142.73,121500
ICICIBANK-EQ_2024-06-04_12-20-00.png,2024-06-04_12-20-00,1078.8,1080.65,1069.4,1071.2,201718.0,1098.96,1133.23,1064.69,1090.7,1099.0,1084.05,1092.61,1142.73,1140.54,1140.54,1140.54,122000
ICICIBANK-EQ_2024-06-04_12-25-00.png,2024-06-04_12-25-00,1071.2,1074.0,1061.55,1062.55,500278.0,1096.09,1132.49,1059.68,1093.7,1093.7,1076.5,1083.79,1140.54,1142.73,1142.73,1142.73,122500
ICICIBANK-EQ_2024-06-04_12-30-00.png,2024-06-04_12-30-00,1062.9,1072.75,1053.55,1069.45,468860.0,1093.71,1130.56,1056.85,1084.18,1084.18,1066.6,1076.11,1142.73,1144.92,1144.92,1144.92,123000
ICICIBANK-EQ_2024-06-04_12-35-00.png,2024-06-04_12-35-00,1069.45,1077.0,1062.55,1066.0,359912.0,1091.38,1129.09,1053.67,1078.43,1087.35,1074.8,1081.78,1144.92,1142.73,1142.73,1142.73,123500
ICICIBANK-EQ_2024-06-04_12-40-00.png,2024-06-04_12-40-00,1066.3,1085.65,1066.2,1084.9,209966.0,1090.36,1127.58,1053.13,1082.47,1086.45,1078.9,1083.61,1142.73,1144.92,1144.92,1144.92,124000
ICICIBANK-EQ_2024-06-04_12-45-00.png,2024-06-04_12-45-00,1085.0,1088.8,1072.4,1082.45,370344.0,1088.84,1124.65,1053.02,1084.55,1084.55,1074.9,1080.81,1144.92,1147.11,1147.11,1147.11,124500
ICICIBANK-EQ_2024-06-04_12-50-00.png,2024-06-04_12-50-00,1082.45,1087.5,1070.1,1084.9,607185.0,1088.29,1123.98,1052.59,1082.5,1082.5,1068.1,1076.29,1147.11,1149.3,1149.3,1149.3,125000
ICICIBANK-EQ_2024-06-04_12-55-00.png,2024-06-04_12-55-00,1084.95,1086.0,1070.0,1073.75,909364.0,1086.3,1120.49,1052.11,1077.28,1081.6,1067.05,1075.06,1149.3,1147.11,1147.11,1147.11,125500
ICICIBANK-EQ_2024-06-04_13-00-00.png,2024-06-04_13-00-00,1073.75,1079.55,1065.15,1070.55,719175.0,1083.93,1115.32,1052.54,1075.8,1086.2,1074.35,1081.02,1147.11,1144.92,1144.92,1144.92,130000
ICICIBANK-EQ_2024-06-04_13-05-00.png,2024-06-04_13-05-00,1070.9,1075.9,1068.45,1073.7,483222.0,1081.77,1109.32,1054.22,1081.78,1090.0,1076.9,1083.5,1144.92,1147.11,1147.11,1147.11,130500
ICICIBANK-EQ_2024-06-04_13-10-00.png,2024-06-04_13-10-00,1073.7,1084.65,1073.15,1084.05,375155.0,1080.48,1104.74,1056.23,1083.55,1084.7,1073.35,1079.34,1147.11,1144.92,1144.92,1144.92,131000
ICICIBANK-EQ_2024-06-04_13-15-00.png,2024-06-04_13-15-00,1083.95,1085.75,1078.35,1080.6,275443.0,1079.05,1099.18,1058.92,1079.65,1080.85,1071.3,1075.18,1144.92,1147.11,1147.11,1147.11,131500
ICICIBANK-EQ_2024-06-04_13-20-00.png,2024-06-04_13-20-00,1080.6,1092.9,1078.5,1087.7,330635.0,1078.58,1097.32,1059.84,1074.28,1079.9,1070.05,1072.94,1147.11,1144.92,1144.92,1144.92,132000
ICICIBANK-EQ_2024-06-04_13-25-00.png,2024-06-04_13-25-00,1087.15,1092.1,1081.25,1085.5,938681.0,1077.86,1094.1,1061.62,1070.9,1074.05,1061.85,1068.58,1144.92,1142.73,1142.73,1142.73,132500
ICICIBANK-EQ_2024-06-04_13-30-00.png,2024-06-04_13-30-00,1085.1,1086.6,1074.45,1083.45,998445.0,1077.4,1092.32,1062.47,1069.2,1074.0,1063.0,1069.04,1142.73,1140.54,1140.54,1140.54,133000
ICICIBANK-EQ_2024-06-04_13-35-00.png,2024-06-04_13-35-00,1083.45,1088.05,1078.25,1081.1,497604.0,1077.17,1091.72,1062.63,1069.58,1077.05,1069.25,1072.97,1140.54,1138.35,1138.35,1138.35,133500
ICICIBANK-EQ_2024-06-04_13-40-00.png,2024-06-04_13-40-00,1081.1,1081.4,1068.05,1071.65,575332.0,1076.82,1091.55,1062.09,1072.8,1076.7,1068.85,1073.35,1138.35,1140.54,1140.54,1140.54,134000
ICICIBANK-EQ_2024-06-04_13-45-00.png,2024-06-04_13-45-00,1072.0,1086.35,1070.95,1085.5,657000.0,1077.49,1092.53,1062.45,1073.93,1076.65,1067.05,1073.28,1140.54,1138.35,1138.35,1138.35,134500
ICICIBANK-EQ_2024-06-04_13-50-00.png,2024-06-04_13-50-00,1084.9,1099.0,1083.6,1096.5,859937.0,1078.73,1095.73,1061.74,1074.7,1104.55,1070.8,1081.86,1138.35,1136.16,1136.16,1136.16,135000
ICICIBANK-EQ_2024-06-04_13-55-00.png,2024-06-04_13-55-00,1097.0,1099.0,1084.05,1090.4,720830.0,1079.29,1097.07,1061.52,1076.05,1086.0,1061.6,1073.76,1136.16,1138.35,1138.35,1138.35,135500
ICICIBANK-EQ_2024-06-04_14-00-00.png,2024-06-04_14-00-00,1089.9,1090.3,1076.5,1078.45,491044.0,1079.66,1097.03,1062.28,1073.72,1073.72,1061.2,1066.7,1138.35,1136.16,1136.16,1136.16,140000
ICICIBANK-EQ_2024-06-04_14-05-00.png,2024-06-04_14-05-00,1077.95,1081.0,1066.6,1078.9,428279.0,1080.47,1095.89,1065.06,1066.45,1072.85,1066.45,1069.89,1136.16,1138.35,1138.35,1138.35,140500
ICICIBANK-EQ_2024-06-04_14-10-00.png,2024-06-04_14-10-00,1078.9,1087.35,1074.8,1086.05,217460.0,1081.3,1095.99,1066.62,1069.7,1075.35,1068.75,1071.26,1138.35,1140.54,1140.54,1140.54,141000
ICICIBANK-EQ_2024-06-04_14-15-00.png,2024-06-04_14-15-00,1085.8,1086.45,1078.9,1083.3,217375.0,1082.17,1094.97,1069.37,1070.47,1072.85,1063.05,1067.95,1140.54,1142.73,1142.73,1142.73,141500
ICICIBANK-EQ_2024-06-04_14-20-00.png,2024-06-04_14-20-00,1083.25,1083.35,1074.9,1081.75,117265.0,1082.01,1094.75,1069.27,1067.95,1068.0,1061.95,1064.66,1142.73,1144.92,1144.92,1144.92,142000
ICICIBANK-EQ_2024-06-04_14-25-00.png,2024-06-04_14-25-00,1081.45,1082.5,1068.1,1073.1,241073.0,1081.54,1094.89,1068.2,1064.35,1065.5,1060.45,1063.01,1144.92,1142.73,1142.73,1142.73,142500
ICICIBANK-EQ_2024-06-04_14-30-00.png,2024-06-04_14-30-00,1073.1,1081.6,1067.05,1078.5,367104.0,1081.22,1094.54,1067.91,1063.05,1063.05,1055.15,1059.29,1142.73,1140.54,1140.54,1140.54,143000
ICICIBANK-EQ_2024-06-04_14-35-00.png,2024-06-04_14-35-00,1078.5,1086.2,1074.35,1085.05,797176.0,1081.79,1094.72,1068.86,1060.05,1060.3,1051.05,1055.82,1140.54,1138.35,1138.35,1138.35,143500
ICICIBANK-EQ_2024-06-04_14-40-00.png,2024-06-04_14-40-00,1084.75,1090.0,1076.9,1082.35,726873.0,1082.38,1094.18,1070.58,1055.97,1056.15,1051.1,1054.0,1138.35,1140.54,1140.54,1140.54,144000
ICICIBANK-EQ_2024-06-04_14-45-00.png,2024-06-04_14-45-00,1082.85,1084.7,1073.35,1076.45,351728.0,1082.52,1093.95,1071.09,1054.38,1062.25,1053.05,1058.08,1140.54,1142.73,1142.73,1142.73,144500
ICICIBANK-EQ_2024-06-04_14-50-00.png,2024-06-04_14-50-00,1075.9,1080.85,1071.3,1072.65,411008.0,1081.95,1094.17,1069.73,1058.5,1065.1,1058.5,1062.71,1142.73,1144.92,1144.92,1144.92,145000
ICICIBANK-EQ_2024-06-04_14-55-00.png,2024-06-04_14-55-00,1071.75,1079.9,1070.05,1070.05,607046.0,1081.42,1094.74,1068.1,1062.78,1065.95,1060.95,1063.16,1144.92,1147.11,1147.11,1147.11,145500
ICICIBANK-EQ_2024-06-04_15-00-00.png,2024-06-04_15-00-00,1070.5,1074.05,1061.85,1067.9,1174631.0,1080.43,1094.7,1066.16,1062.88,1062.88,1056.15,1059.89,1147.11,1144.92,1144.92,1144.92,150000
ICICIBANK-EQ_2024-06-04_15-05-00.png,2024-06-04_15-05-00,1067.9,1074.0,1063.0,1071.25,981989.0,1079.72,1094.34,1065.1,1060.6,1060.6,1054.6,1057.45,1144.92,1147.11,1147.11,1147.11,150500
ICICIBANK-EQ_2024-06-04_15-10-00.png,2024-06-04_15-10-00,1071.25,1077.05,1069.25,1074.35,1028652.0,1079.26,1093.96,1064.56,1057.6,1062.85,1055.85,1059.1,1147.11,1144.92,1144.92,1144.92,151000
ICICIBANK-EQ_2024-06-04_15-15-00.png,2024-06-04_15-15-00,1074.7,1076.7,1068.85,1073.15,876759.0,1078.86,1093.78,1063.95,1058.85,1066.0,1058.85,1062.69,1144.92,1142.73,1142.73,1142.73,151500
ICICIBANK-EQ_2024-06-04_15-20-00.png,2024-06-04_15-20-00,1073.3,1076.65,1067.05,1076.1,845183.0,1079.09,1093.68,1064.49,1062.38,1063.7,1060.0,1062.34,1142.73,1140.54,1140.54,1140.54,152000
ICICIBANK-EQ_2024-06-04_15-25-00.png,2024-06-04_15-25-00,1076.1,1104.55,1070.8,1076.0,657103.0,1078.61,1092.94,1064.28,1062.82,1068.25,1061.85,1065.2,1140.54,1142.73,1142.73,1142.73,152500
ICICIBANK-EQ_2024-06-05_09-15-00.png,2024-06-05_09-15-00,1084.9,1086.0,1061.6,1062.55,1506923.0,1076.92,1090.34,1063.49,1065.35,1068.7,1065.3,1066.92,1142.73,1144.92,1144.92,1144.92,91500
ICICIBANK-EQ_2024-06-05_09-20-00.png,2024-06-05_09-20-00,1062.55,1072.7,1061.2,1070.35,602756.0,1075.91,1088.03,1063.8,1066.85,1071.85,1063.5,1068.05,1144.92,1142.73,1142.73,1142.73,92000
ICICIBANK-EQ_2024-06-05_09-25-00.png,2024-06-05_09-25-00,1070.35,1072.85,1067.3,1069.05,1168485.0,1075.44,1087.87,1063.02,1068.43,1077.0,1068.43,1073.85,1142.73,1144.92,1144.92,1144.92,92500
ICICIBANK-EQ_2024-06-05_09-30-00.png,2024-06-05_09-30-00,1069.05,1075.35,1068.75,1071.9,842078.0,1075.09,1087.5,1062.68,1073.78,1079.65,1073.78,1077.68,1144.92,1142.73,1142.73,1142.73,93000
ICICIBANK-EQ_2024-06-05_09-35-00.png,2024-06-05_09-35-00,1072.3,1072.85,1063.05,1063.6,1236334.0,1073.97,1086.27,1061.67,1078.03,1088.2,1078.03,1083.79,1142.73,1144.92,1144.92,1144.92,93500
ICICIBANK-EQ_2024-06-05_09-40-00.png,2024-06-05_09-40-00,1063.75,1068.0,1061.95,1064.95,762680.0,1073.05,1085.16,1060.95,1083.8,1088.95,1083.8,1087.03,1144.92,1147.11,1147.11,1147.11,94000
ICICIBANK-EQ_2024-06-05_09-45-00.png,2024-06-05_09-45-00,1064.7,1065.5,1060.45,1061.4,555411.0,1072.04,1084.48,1059.59,1087.18,1087.18,1080.15,1083.75,1147.11,1144.92,1144.92,1144.92,94500
ICICIBANK-EQ_2024-06-05_09-50-00.png,2024-06-05_09-50-00,1061.4,1061.9,1055.15,1058.7,1437075.0,1071.32,1085.09,1057.54,1084.0,1089.0,1081.75,1085.38,1144.92,1142.73,1142.73,1142.73,95000
ICICIBANK-EQ_2024-06-05_09-55-00.png,2024-06-05_09-55-00,1058.7,1060.3,1051.05,1053.25,1456575.0,1070.05,1085.57,1054.53,1085.38,1090.6,1085.05,1088.06,1142.73,1140.54,1140.54,1140.54,95500
ICICIBANK-EQ_2024-06-05_10-00-00.png,2024-06-05_10-00-00,1053.75,1056.15,1051.1,1055.0,879513.0,1068.55,1083.77,1053.33,1088.3,1088.6,1083.5,1085.91,1140.54,1142.73,1142.73,1142.73,100000
ICICIBANK-EQ_2024-06-05_10-05-00.png,2024-06-05_10-05-00,1055.0,1062.25,1053.05,1062.0,427626.0,1067.53,1081.55,1053.52,1085.78,1088.6,1083.9,1085.6,1142.73,1140.54,1140.54,1140.54,100500
ICICIBANK-EQ_2024-06-05_10-10-00.png,2024-06-05_10-10-00,1062.05,1065.1,1060.2,1063.5,331308.0,1066.88,1080.35,1053.42,1084.95,1085.5,1078.5,1082.15,1140.54,1142.73,1142.73,1142.73,101000
ICICIBANK-EQ_2024-06-05_10-15-00.png,2024-06-05_10-15-00,1063.6,1065.95,1060.95,1062.15,241896.0,1066.36,1079.7,1053.02,1082.3,1083.1,1073.95,1077.77,1142.73,1140.54,1140.54,1140.54,101500
ICICIBANK-EQ_2024-06-05_10-20-00.png,2024-06-05_10-20-00,1062.2,1062.2,1056.15,1059.0,548445.0,1065.81,1079.41,1052.2,1077.03,1078.8,1074.25,1076.18,1140.54,1142.73,1142.73,1142.73,102000
ICICIBANK-EQ_2024-06-05_10-25-00.png,2024-06-05_10-25-00,1059.5,1060.0,1054.6,1055.7,662263.0,1065.2,1079.48,1050.91,1075.82,1082.45,1075.82,1079.32,1142.73,1140.54,1140.54,1140.54,102500
ICICIBANK-EQ_2024-06-05_10-30-00.png,2024-06-05_10-30-00,1055.95,1062.85,1055.85,1061.75,361775.0,1064.72,1078.79,1050.65,1079.22,1082.15,1078.3,1080.31,1140.54,1142.73,1142.73,1142.73,103000
ICICIBANK-EQ_2024-06-05_10-35-00.png,2024-06-05_10-35-00,1061.9,1066.0,1060.0,1062.85,242806.0,1064.15,1077.48,1050.81,1080.4,1080.85,1077.5,1079.44,1142.73,1144.92,1144.92,1144.92,103500
ICICIBANK-EQ_2024-06-05_10-40-00.png,2024-06-05_10-40-00,1062.75,1063.7,1060.0,1062.9,165225.0,1063.64,1076.28,1050.99,1079.7,1085.0,1079.7,1082.54,1144.92,1142.73,1142.73,1142.73,104000
ICICIBANK-EQ_2024-06-05_10-45-00.png,2024-06-05_10-45-00,1062.7,1068.25,1061.85,1068.0,139845.0,1063.23,1074.66,1051.8,1082.55,1085.4,1082.55,1084.31,1142.73,1144.92,1144.92,1144.92,104500
ICICIBANK-EQ_2024-06-05_10-50-00.png,2024-06-05_10-50-00,1067.95,1068.7,1065.3,1065.75,163692.0,1062.72,1072.54,1052.9,1084.45,1085.15,1082.1,1083.96,1144.92,1147.11,1147.11,1147.11,105000
ICICIBANK-EQ_2024-06-05_10-55-00.png,2024-06-05_10-55-00,1065.95,1071.85,1063.5,1070.9,202374.0,1063.14,1073.61,1052.66,1084.3,1090.95,1084.3,1087.5,1147.11,1149.3,1149.3,1149.3,105500
ICICIBANK-EQ_2024-06-05_11-00-00.png,2024-06-05_11-00-00,1070.9,1077.0,1070.85,1076.65,401652.0,1063.45,1075.15,1051.75,1087.35,1090.75,1087.2,1089.18,1149.3,1147.11,1147.11,1147.11,110000
ICICIBANK-EQ_2024-06-05_11-05-00.png,2024-06-05_11-05-00,1076.4,1079.65,1075.0,1079.65,244227.0,1063.98,1077.56,1050.4,1089.38,1089.38,1084.05,1087.1,1147.11,1144.92,1144.92,1144.92,110500
ICICIBANK-EQ_2024-06-05_11-10-00.png,2024-06-05_11-10-00,1079.4,1088.2,1079.35,1088.2,674579.0,1064.8,1081.88,1047.71,1087.68,1088.65,1081.5,1084.66,1144.92,1147.11,1147.11,1147.11,111000
ICICIBANK-EQ_2024-06-05_11-15-00.png,2024-06-05_11-15-00,1088.15,1088.95,1084.8,1086.2,297570.0,1065.92,1085.49,1046.36,1084.25,1089.0,1081.3,1085.34,1147.11,1149.3,1149.3,1149.3,111500
ICICIBANK-EQ_2024-06-05_11-20-00.png,2024-06-05_11-20-00,1086.3,1086.85,1080.15,1081.7,163251.0,1066.76,1087.54,1045.98,1085.53,1095.3,1085.53,1091.72,1149.3,1151.49,1151.49,1151.49,112000
ICICIBANK-EQ_2024-06-05_11-25-00.png,2024-06-05_11-25-00,1081.75,1089.0,1081.75,1089.0,179031.0,1068.14,1090.99,1045.3,1091.97,1097.5,1091.4,1094.92,1151.49,1149.3,1149.3,1149.3,112500
ICICIBANK-EQ_2024-06-05_11-30-00.png,2024-06-05_11-30-00,1088.95,1090.6,1085.05,1087.65,157012.0,1069.59,1093.56,1045.62,1095.4,1097.45,1093.05,1095.68,1149.3,1151.49,1151.49,1151.49,113000
ICICIBANK-EQ_2024-06-05_11-35-00.png,2024-06-05_11-35-00,1087.65,1088.6,1083.5,1083.9,121272.0,1071.12,1094.6,1047.64,1096.1,1099.0,1093.0,1095.7,1151.49,1153.67,1153.67,1153.67,113500
ICICIBANK-EQ_2024-06-05_11-40-00.png,2024-06-05_11-40-00,1084.3,1088.6,1083.9,1085.6,117595.0,1072.65,1095.7,1049.61,1095.4,1095.4,1091.5,1093.6,1153.67,1155.86,1155.86,1155.86,114000
ICICIBANK-EQ_2024-06-05_11-45-00.png,2024-06-05_11-45-00,1085.5,1085.5,1078.5,1079.1,370985.0,1073.51,1096.15,1050.86,1093.85,1096.7,1093.0,1094.47,1155.86,1153.67,1153.67,1153.67,114500
ICICIBANK-EQ_2024-06-05_11-50-00.png,2024-06-05_11-50-00,1079.1,1083.1,1073.95,1074.95,318208.0,1074.08,1096.23,1051.93,1094.1,1096.9,1093.2,1095.34,1153.67,1151.49,1151.49,1151.49,115000
ICICIBANK-EQ_2024-06-05_11-55-00.png,2024-06-05_11-55-00,1074.6,1078.8,1074.25,1077.05,263301.0,1074.83,1096.28,1053.37,1095.62,1098.05,1094.2,1096.4,1151.49,1153.67,1153.67,1153.67,115500
ICICIBANK-EQ_2024-06-05_12-00-00.png,2024-06-05_12-00-00,1077.05,1082.45,1076.4,1081.4,152483.0,1075.95,1096.23,1055.66,1096.68,1099.95,1095.8,1097.7,1153.67,1155.86,1155.86,1155.86,120000
ICICIBANK-EQ_2024-06-05_12-05-00.png,2024-06-05_12-05-00,1081.55,1082.15,1078.3,1079.25,134906.0,1077.12,1095.05,1059.19,1097.53,1099.05,1093.4,1096.41,1155.86,1158.05,1158.05,1158.05,120500
ICICIBANK-EQ_2024-06-05_12-10-00.png,2024-06-05_12-10-00,1079.3,1080.85,1077.5,1080.1,185053.0,1078.04,1094.48,1061.6,1096.6,1096.6,1090.5,1094.11,1158.05,1160.24,1160.24,1160.24,121000
ICICIBANK-EQ_2024-06-05_12-15-00.png,2024-06-05_12-15-00,1080.1,1085.0,1080.05,1085.0,182240.0,1079.15,1094.2,1064.09,1094.85,1097.4,1093.1,1095.46,1160.24,1158.05,1158.05,1158.05,121500
ICICIBANK-EQ_2024-06-05_12-20-00.png,2024-06-05_12-20-00,1085.0,1085.4,1082.95,1083.9,114562.0,1080.2,1093.28,1067.12,1095.68,1097.95,1094.65,1096.39,1158.05,1155.86,1155.86,1155.86,122000
ICICIBANK-EQ_2024-06-05_12-25-00.png,2024-06-05_12-25-00,1083.9,1085.15,1082.1,1084.7,103150.0,1081.03,1092.91,1069.15,1096.47,1099.35,1094.85,1097.2,1155.86,1158.05,1158.05,1158.05,122500
ICICIBANK-EQ_2024-06-05_12-30-00.png,2024-06-05_12-30-00,1084.7,1090.95,1084.35,1090.0,673805.0,1082.25,1092.38,1072.11,1097.3,1102.65,1097.3,1100.3,1158.05,1160.24,1160.24,1160.24,123000
ICICIBANK-EQ_2024-06-05_12-35-00.png,2024-06-05_12-35-00,1090.05,1090.75,1087.2,1088.7,248976.0,1083.14,1092.14,1074.13,1100.5,1106.5,1100.5,1103.28,1160.24,1162.43,1162.43,1162.43,123500
ICICIBANK-EQ_2024-06-05_12-40-00.png,2024-06-05_12-40-00,1088.7,1089.0,1084.05,1086.65,246901.0,1083.64,1092.22,1075.05,1102.88,1104.3,1100.0,1102.55,1162.43,1164.62,1164.62,1164.62,124000
ICICIBANK-EQ_2024-06-05_12-45-00.png,2024-06-05_12-45-00,1086.65,1088.65,1081.5,1081.85,333697.0,1083.75,1092.17,1075.32,1102.95,1107.7,1101.05,1104.66,1164.62,1162.43,1162.43,1162.43,124500
ICICIBANK-EQ_2024-06-05_12-50-00.png,2024-06-05_12-50-00,1082.25,1089.0,1081.3,1088.8,162859.0,1083.78,1092.27,1075.28,1104.95,1112.95,1104.95,1109.06,1162.43,1160.24,1160.24,1160.24,125000
ICICIBANK-EQ_2024-06-05_12-55-00.png,2024-06-05_12-55-00,1088.9,1095.3,1087.65,1095.05,592114.0,1084.22,1094.06,1074.37,1108.82,1115.3,1108.82,1112.21,1160.24,1162.43,1162.43,1162.43,125500
ICICIBANK-EQ_2024-06-05_13-00-00.png,2024-06-05_13-00-00,1095.1,1097.5,1091.4,1095.7,574497.0,1084.92,1095.93,1073.9,1112.15,1123.05,1112.15,1118.31,1162.43,1164.62,1164.62,1164.62,130000
ICICIBANK-EQ_2024-06-05_13-05-00.png,2024-06-05_13-05-00,1095.75,1097.45,1093.05,1096.45,246172.0,1085.29,1097.34,1073.24,1118.53,1123.2,1117.35,1120.56,1164.62,1162.43,1162.43,1162.43,130500
ICICIBANK-EQ_2024-06-05_13-10-00.png,2024-06-05_13-10-00,1096.8,1099.0,1093.0,1094.0,263429.0,1085.61,1098.24,1072.98,1120.85,1122.3,1118.65,1120.41,1162.43,1160.24,1160.24,1160.24,131000
ICICIBANK-EQ_2024-06-05_13-15-00.png,2024-06-05_13-15-00,1094.35,1095.2,1091.5,1093.35,186768.0,1086.08,1099.14,1073.02,1120.35,1123.25,1111.0,1118.36,1160.24,1158.05,1158.05,1158.05,131500
ICICIBANK-EQ_2024-06-05_13-20-00.png,2024-06-05_13-20-00,1093.35,1096.7,1093.0,1094.85,414588.0,1086.54,1100.18,1072.91,1119.6,1119.6,1107.75,1113.18,1158.05,1155.86,1155.86,1155.86,132000
ICICIBANK-EQ_2024-06-05_13-25-00.png,2024-06-05_13-25-00,1094.9,1096.9,1093.2,1096.35,359252.0,1087.4,1101.24,1073.57,1113.53,1113.9,1107.75,1110.08,1155.86,1153.67,1153.67,1153.67,132500
ICICIBANK-EQ_2024-06-05_13-30-00.png,2024-06-05_13-30-00,1096.7,1098.05,1094.2,1096.65,441661.0,1088.49,1101.59,1075.39,1109.32,1112.4,1107.75,1110.08,1153.67,1151.49,1151.49,1151.49,133000
ICICIBANK-EQ_2024-06-05_13-35-00.png,2024-06-05_13-35-00,1096.65,1099.95,1095.8,1098.4,389155.0,1089.56,1102.21,1076.91,1110.08,1113.6,1106.7,1110.3,1151.49,1149.3,1149.3,1149.3,133500
ICICIBANK-EQ_2024-06-05_13-40-00.png,2024-06-05_13-40-00,1098.35,1099.05,1093.4,1094.85,357531.0,1090.23,1102.48,1077.98,1110.45,1110.45,1106.05,1108.24,1149.3,1147.11,1147.11,1147.11,134000
ICICIBANK-EQ_2024-06-05_13-45-00.png,2024-06-05_13-45-00,1094.85,1096.25,1090.5,1094.85,264571.0,1091.01,1102.26,1079.76,1108.3,1109.6,1102.0,1105.58,1147.11,1144.92,1144.92,1144.92,134500
ICICIBANK-EQ_2024-06-05_13-50-00.png,2024-06-05_13-50-00,1094.85,1097.4,1093.1,1096.5,281018.0,1091.83,1102.08,1081.58,1105.35,1105.35,1099.6,1102.44,1144.92,1142.73,1142.73,1142.73,135000
ICICIBANK-EQ_2024-06-05_13-55-00.png,2024-06-05_13-55-00,1096.5,1097.95,1094.65,1096.45,308312.0,1092.4,1102.32,1082.49,1103.2,1117.0,1103.2,1112.64,1142.73,1144.92,1144.92,1144.92,135500
ICICIBANK-EQ_2024-06-05_14-00-00.png,2024-06-05_14-00-00,1096.4,1099.35,1094.85,1098.2,510614.0,1093.12,1102.5,1083.74,1114.32,1114.32,1109.15,1111.4,1144.92,1142.73,1142.73,1142.73,140000
ICICIBANK-EQ_2024-06-05_14-05-00.png,2024-06-05_14-05-00,1098.5,1102.65,1097.55,1102.5,768606.0,1094.01,1103.4,1084.61,1111.8,1113.2,1106.3,1110.12,1142.73,1140.54,1140.54,1140.54,140500
ICICIBANK-EQ_2024-06-05_14-10-00.png,2024-06-05_14-10-00,1102.5,1106.5,1100.85,1103.25,1516402.0,1094.67,1104.72,1084.62,1110.5,1110.5,1105.8,1108.6,1140.54,1142.73,1142.73,1142.73,141000
ICICIBANK-EQ_2024-06-05_14-15-00.png,2024-06-05_14-15-00,1103.45,1104.3,1100.0,1102.45,616437.0,1095.36,1105.57,1085.14,1109.3,1112.0,1108.5,1109.82,1142.73,1144.92,1144.92,1144.92,141500
ICICIBANK-EQ_2024-06-05_14-20-00.png,2024-06-05_14-20-00,1102.75,1107.7,1101.05,1107.15,653279.0,1096.38,1107.02,1085.74,1109.4,1109.5,1106.0,1107.78,1144.92,1147.11,1147.11,1147.11,142000
ICICIBANK-EQ_2024-06-05_14-25-00.png,2024-06-05_14-25-00,1107.1,1112.95,1105.65,1110.55,1099538.0,1097.82,1107.93,1087.7,1107.8,1108.05,1102.8,1105.24,1147.11,1144.92,1144.92,1144.92,142500
ICICIBANK-EQ_2024-06-05_14-30-00.png,2024-06-05_14-30-00,1110.6,1115.3,1109.25,1113.7,977138.0,1099.06,1110.54,1087.58,1105.05,1107.55,1103.65,1105.2,1144.92,1142.73,1142.73,1142.73,143000
ICICIBANK-EQ_2024-06-05_14-35-00.png,2024-06-05_14-35-00,1114.05,1123.05,1113.15,1123.0,1333131.0,1100.46,1115.98,1084.94,1104.8,1107.45,1104.35,1105.7,1142.73,1144.92,1144.92,1144.92,143500
ICICIBANK-EQ_2024-06-05_14-40-00.png,2024-06-05_14-40-00,1122.95,1123.2,1117.35,1118.75,477037.0,1101.61,1118.96,1084.27,1105.5,1109.8,1105.0,1107.54,1144.92,1142.73,1142.73,1142.73,144000
ICICIBANK-EQ_2024-06-05_14-45-00.png,2024-06-05_14-45-00,1118.75,1122.3,1118.65,1121.95,584457.0,1102.89,1122.26,1083.51,1107.68,1109.85,1107.2,1108.56,1142.73,1144.92,1144.92,1144.92,144500
ICICIBANK-EQ_2024-06-05_14-50-00.png,2024-06-05_14-50-00,1121.9,1123.25,1111.0,1117.3,621602.0,1104.05,1123.97,1084.13,1108.6,1108.6,1105.05,1106.97,1144.92,1147.11,1147.11,1147.11,145000
ICICIBANK-EQ_2024-06-05_14-55-00.png,2024-06-05_14-55-00,1117.1,1117.9,1107.75,1109.95,1202117.0,1104.88,1124.3,1085.46,1107.4,1111.85,1106.05,1109.14,1147.11,1149.3,1149.3,1149.3,145500
ICICIBANK-EQ_2024-06-05_15-00-00.png,2024-06-05_15-00-00,1110.0,1113.9,1107.75,1108.65,1766637.0,1105.57,1124.47,1086.68,1109.32,1114.95,1109.32,1113.25,1149.3,1151.49,1151.49,1151.49,150000
ICICIBANK-EQ_2024-06-05_15-05-00.png,2024-06-05_15-05-00,1108.65,1112.4,1107.75,1111.5,1188709.0,1106.33,1124.88,1087.78,1113.1,1114.8,1113.0,1114.14,1151.49,1153.67,1153.67,1153.67,150500
ICICIBANK-EQ_2024-06-05_15-10-00.png,2024-06-05_15-10-00,1111.7,1113.6,1106.7,1109.2,1361635.0,1106.96,1124.97,1088.95,1114.38,1114.6,1112.0,1113.6,1153.67,1151.49,1151.49,1151.49,151000
ICICIBANK-EQ_2024-06-05_15-15-00.png,2024-06-05_15-15-00,1109.25,1110.3,1106.05,1107.35,945476.0,1107.41,1124.96,1089.85,1113.9,1116.5,1113.05,1114.75,1151.49,1149.3,1149.3,1149.3,151500
ICICIBANK-EQ_2024-06-05_15-20-00.png,2024-06-05_15-20-00,1107.25,1109.6,1102.0,1103.45,1299727.0,1107.83,1124.49,1091.18,1114.72,1116.8,1109.65,1113.66,1149.3,1147.11,1147.11,1147.11,152000
ICICIBANK-EQ_2024-06-05_15-25-00.png,2024-06-05_15-25-00,1103.45,1103.75,1099.6,1102.95,651001.0,1108.24,1123.93,1092.55,1114.1,1114.95,1112.1,1113.5,1147.11,1144.92,1144.92,1144.92,152500
ICICIBANK-EQ_2024-06-06_09-15-00.png,2024-06-06_09-15-00,1117.0,1117.0,1104.9,1111.65,960845.0,1109.0,1123.74,1094.25,1113.47,1114.75,1111.9,1113.34,1144.92,1142.73,1142.73,1142.73,91500
ICICIBANK-EQ_2024-06-06_09-20-00.png,2024-06-06_09-20-00,1111.55,1112.85,1109.15,1112.05,625088.0,1109.78,1123.33,1096.23,1113.35,1114.45,1111.55,1113.04,1142.73,1140.54,1140.54,1140.54,92000
ICICIBANK-EQ_2024-06-06_09-25-00.png,2024-06-06_09-25-00,1112.0,1113.2,1106.3,1109.0,546380.0,1110.32,1122.74,1097.9,1113.08,1116.0,1113.08,1114.99,1140.54,1138.35,1138.35,1138.35,92500
